episode,controller,seed,traffic_scenario,realized_scenario,avg_waiting_time,max_waiting_time,avg_queue,max_queue,throughput,episode_reward,departed,unfinished,pending,max_pending,collisions,teleports,duration,reward_queue,reward_waiting,reward_max_waiting,reward_switching,phase_changes,forced_changes,scheduled,not_inserted,route_sha256
1,dqn,134,random,heavy,30.073275862068964,95.0,23.256666666666668,57,167,-150.72642520928287,232,65,0,2,0,0,300.0,-21.803125193342566,-11.548300039572496,-62.37499997636769,-55.0,55,1,232,0,b0682668f42f500aab9e14c92a5db24bf41a07dc64f61bdc53742cf5bc9665e3
2,dqn,129,random,left_heavy,42.76384839650146,112.0,48.89833333333333,104,178,-211.78943387125125,343,165,16,20,0,0,300.0,-45.757812861236744,-36.982662571914965,-74.04895843809936,-55.0,55,1,359,16,4073a805572b0b716bbf6c1b4450a7fa0f76d1fbf10053b5b89a7708e052f884
3,dqn,798,random,ew_heavy,21.711656441717793,76.5,11.796666666666667,25,143,-119.5178043265368,163,20,0,1,0,0,300.0,-11.059375202748924,-4.548012497765741,-48.9104166260222,-55.0,55,0,163,0,29c7427026772cee900c4a8db273955ffad288a3575959829cf4b9ff2db78d9b
4,dqn,500,random,left_heavy,37.43438914027149,136.0,27.58,65,144,-172.65797529055337,221,77,6,8,0,0,300.0,-25.856250245007686,-19.551725056139546,-70.2499999894062,-57.0,57,0,227,6,960b4f8a37cb30f594872518b915d2fb88deaa3f72f1f908eb3f62285d674c15
5,dqn,591,random,balanced,33.089473684210525,89.0,20.956666666666667,67,135,-140.39927528729234,190,55,0,2,0,0,300.0,-19.59062522451859,-12.324274976975712,-53.48437508579809,-55.0,55,1,190,0,e84ee16807ff7b35ab28cb371015d08f8d4773b76a2d47e92baa58b30e7852b0
6,dqn,602,random,ns_heavy,59.38636363636363,166.0,52.26,129,122,-238.34445830108464,264,142,0,2,0,0,300.0,-46.959374992293306,-41.96737495413757,-93.41770835465286,-56.0,56,1,264,0,c0f401ab8b142d995def02c7ea1d8fa2f258092bf9f89c64bb00a105dd2a6fce
7,dqn,713,random,ew_heavy,36.55681818181818,103.5,26.808333333333334,62,134,-161.89993777178816,220,86,0,2,0,0,300.0,-25.1328127537854,-15.99525001779329,-64.77187500020955,-56.0,56,0,220,0,cf06810f86bbfbf5d1fa75f3976f9dd809fd849b3398207e31c95efd63b068f0
8,dqn,29,random,low,34.99441340782123,99.5,20.88,58,125,-147.1322625917309,179,54,0,1,0,0,300.0,-19.575000173645094,-11.694762517690831,-59.86249990039505,-56.0,56,1,179,0,99f2846174037385b882a4c714e8234606c6ee9e277f5812400eb4ce8dda25be
9,dqn,486,random,ew_heavy,43.33712121212121,117.5,38.13666666666666,93,134,-190.600020945329,264,130,0,3,0,0,300.0,-35.57656260463409,-27.587000036519747,-69.43645830417518,-58.0,58,0,264,0,c48174d291d4179fa2478861367ed6d97846c57069e05b161ba92a842ac12403
10,dqn,148,random,balanced,38.99579831932773,130.0,30.936666666666667,80,162,-192.0264792697905,238,76,0,1,0,0,300.0,-29.003125295159407,-21.55668746558295,-84.46666650904808,-57.0,57,1,238,0,c7c282b923a371314d119956770922f3bf09aeabf5f788ce7b2f6677b27ee084
11,dqn,402,random,heavy,46.55,156.0,38.791666666666664,78,138,-216.9562753212399,250,112,0,2,0,0,300.0,-36.27812540414743,-30.593774995113943,-94.08437492197845,-56.0,56,0,250,0,b4d3738f6a03ae53104a3ed6b4190a7681bbaf9751c2281a04491b807446e099
12,dqn,929,random,ns_heavy,44.41428571428571,129.5,36.27166666666667,93,149,-188.2926793140978,245,96,0,1,0,0,300.0,-33.9906251472421,-25.263512493522285,-73.03854167333338,-56.0,56,0,245,0,d48f50c6fa3bb045ccec665368436929f18911df8bf3875923baf3765bb1fb0b
13,dqn,548,random,ew_heavy,47.25,123.5,39.375,88,141,-187.67668734422833,250,109,0,2,0,0,300.0,-36.91406240488868,-27.600124961016267,-66.16249997832347,-57.0,57,0,250,0,646ac64f80e222ddf12fcb6ab91e240994180b91884f1d6cfea08cfe1560475a
14,dqn,71,random,low,39.42194092827004,128.5,31.145,63,156,-190.52957121392984,237,81,0,2,0,0,300.0,-29.198437835322693,-22.07280001724866,-84.25833336135838,-55.0,55,0,237,0,45e0571bb397399fef20c12c794c542cfa4cbd2a2584c89c5ef23b9a49245c1f
15,dqn,543,random,heavy,39.95106382978724,120.0,31.295,82,149,-176.78879168262947,235,86,0,2,0,0,300.0,-29.339062593411654,-21.042437495954797,-71.40729159326293,-55.0,55,1,235,0,c3cd059b242498ca61648937ede582f3b51e75a788a2239a9d29b628b8ed7181
16,dqn,130,random,heavy,37.97409326424871,107.0,24.43,59,136,-155.95602516280061,193,57,0,1,0,0,300.0,-22.903125205775723,-13.959150017909998,-62.09374993911479,-57.0,57,0,193,0,51b1e36fbfc2726b213e586673a5fe48716b975b8cacc99f3a3b6e9d70bcd7e8
17,dqn,755,random,ew_heavy,40.547872340425535,124.5,38.115,80,158,-190.37977507423554,282,124,0,1,0,0,300.0,-35.58125013613608,-25.27040000438646,-72.52812493371312,-57.0,57,0,282,0,f88efc6a728ad30457ebce74b3b137f6c823d28eb0bd9b2c06b5f5d2ab811e56
18,dqn,949,random,ew_heavy,36.75,126.5,20.58,44,119,-164.22958346594163,168,49,0,1,0,0,300.0,-19.293750239768997,-11.918124976200486,-78.0177082499722,-55.0,55,0,168,0,703ee376114a7c7abb2160b06a8f3610e50c4e634b04efdb1afbe22a2df83452
19,dqn,980,random,ns_heavy,30.475206611570247,109.0,24.583333333333332,61,144,-163.33338767304588,242,98,0,2,0,0,300.0,-23.046875292202458,-16.808387490716264,-66.47812489012722,-57.0,57,1,242,0,4c9d7e87285867d6a9a753d82b13571ed5d80ee70085b3d88a02794fa5926c2f
20,dqn,622,random,ew_heavy,35.42537313432836,100.0,23.735,63,124,-161.47410860921738,201,77,0,2,0,0,300.0,-22.251562671386637,-15.895462507461342,-68.32708343036938,-55.0,55,1,201,0,f857ae1374219d6abf0d7e86b50ef163a7afebca8ea1020202c6825d749e6b7a
21,dqn,869,random,left_heavy,44.20809248554913,162.0,25.495,50,100,-192.71476687011454,173,73,28,31,0,0,300.0,-23.90156272344757,-24.177787545115287,-90.6354166015517,-54.0,54,2,201,28,669dde01be600da2425b46495eb40602bb99322cb610fc14830cbdf8a0934380
22,dqn,369,random,heavy,24.341614906832298,81.0,13.063333333333333,30,140,-123.7154294245215,161,21,0,1,0,0,300.0,-12.246875243494287,-4.830012498753059,-50.63854168227408,-56.0,56,0,161,0,67eeecdae59adbe12f4e9de7e3fac91ea4c1f6e9cd0b93d317efbd7baf1d2122
23,dqn,146,random,low,32.96120689655172,123.0,25.49,53,171,-160.67110429169404,232,61,0,2,0,0,300.0,-23.89687514398247,-15.257562479593615,-67.51666666811798,-54.0,54,0,232,0,ffaf29ca8651762fd31032234c7453e37d15f731ff060ae8251ffd308b6fc2bd
24,dqn,512,random,ew_heavy,36.34591194968554,135.0,19.263333333333332,44,107,-183.83931675017877,159,52,0,1,0,0,300.0,-18.053124999045394,-17.26640000403932,-92.51979174709413,-56.0,56,1,159,0,c87a2bd55d730bda380661d0caad3f9440fc83abab40eb683676cdceea05e066
25,dqn,444,random,heavy,46.9800796812749,160.0,39.306666666666665,82,142,-198.81780441852973,251,109,0,2,0,0,300.0,-36.550000178976916,-31.066762535858285,-77.2010417036945,-54.0,54,0,251,0,ce33ce1144962693e1a066ec106f97caacb2d22b88aec8cddcb42b2b68d12425
26,dqn,663,random,low,24.484848484848484,97.0,13.466666666666667,28,135,-130.6437961100448,165,30,0,1,0,0,300.0,-12.625000303727575,-5.679212512433147,-57.33958329388406,-55.0,55,0,165,0,3b5ee66c7f41b9833dc6deced150cab7482bfe1f5c66c422adf9764a1378d989
27,dqn,995,random,heavy,48.79315960912052,130.5,49.931666666666665,127,163,-218.16730863465506,307,144,0,2,0,0,300.0,-46.63281273259781,-37.94803752300353,-78.58645837905351,-55.0,55,1,307,0,e4e5d3ec01a2cc85e504a9a5cb38abf5ccc927c9b955358cfad846cbd1e1660c
28,dqn,276,random,left_heavy,43.641552511415526,111.5,31.858333333333334,66,129,-198.26502930435893,219,90,27,32,0,0,300.0,-29.8671875448199,-29.74367502883617,-82.65416673070285,-56.0,56,1,246,27,b79a9852ce8f7681442923caf49deec4cce464cd351db464d562b99c28338fc2
29,dqn,856,random,ew_heavy,31.315217391304348,91.5,24.008333333333333,59,158,-146.129933667303,230,72,0,1,0,0,300.0,-22.507812885101885,-11.754412495348516,-55.867708286852576,-56.0,56,1,230,0,99abb64332df91843ef6542d2437b4676f52bc387d1c4cc5767060e30099c22e
30,dqn,138,random,left_heavy,43.0354609929078,173.5,40.458333333333336,91,157,-211.61082938481414,282,125,17,20,0,0,300.0,-37.92968763236422,-32.595724978882934,-85.08541677356698,-56.0,56,2,299,17,6ad1b02ff207613328c9aaf805a780899669394701afd47bf9ea255c00b3ed04
31,dqn,348,random,ns_heavy,37.38709677419355,101.5,30.906666666666666,74,166,-168.48575029803402,248,82,0,2,0,0,300.0,-28.975000313832425,-19.282624986972227,-66.22812499722932,-54.0,54,1,248,0,9cdf569300831fb0b864fbc86a5106a8196701740ad1c54da344573fa4019309
32,dqn,789,random,left_heavy,34.49707602339181,103.0,19.666666666666668,51,108,-142.84711668704693,171,63,24,27,0,0,300.0,-18.437500075204298,-12.121075012432991,-58.288541599409655,-54.0,54,0,195,24,5296a343a29010c66e5e67446e63eaaa98fd13c130f2c888a8271ae188733afa
33,dqn,248,random,left_heavy,45.17948717948718,155.0,35.24166666666667,77,133,-214.833270780903,234,101,39,45,0,0,300.0,-33.03906238696072,-33.66712498564521,-93.12708340829704,-55.0,55,2,273,39,dd141f976319bd4b73fdf4247f113202e4aed763f9f0bacc7eea9039af219c68
34,dqn,671,random,ns_heavy,43.30394736842105,125.5,54.85166666666667,156,178,-222.7590711309968,380,202,0,4,0,0,300.0,-51.334375249105506,-38.26948753394315,-77.15520834794734,-56.0,56,0,380,0,706760fa2a1a3430f5af21515449a679c7fee18faac867d400ea146afa62a83a
35,dqn,459,random,ew_heavy,25.398809523809526,117.5,14.223333333333333,31,143,-146.57465841045405,168,25,0,1,0,0,300.0,-13.3343751168577,-7.028824991842701,-74.21145830175374,-52.0,52,2,168,0,161e122cd36b185b56f0146f7cdf92e4569f652ce1e043dc29fc6059bc396ed5
36,dqn,513,random,low,26.318181818181817,86.5,13.51,33,134,-124.16752523645623,154,20,0,1,0,0,300.0,-12.665625291527249,-6.161274999457968,-51.34062494547106,-54.0,54,1,154,0,263f5dd8ac9e55331685168619f5fd1242f50500941a0f59160f9dbdd7a0b138
37,dqn,942,random,low,45.705533596837945,126.5,38.545,93,125,-206.96633746905638,253,128,0,2,0,0,300.0,-35.57812500221189,-33.91008749289832,-81.47812497394625,-56.0,56,1,253,0,40e5f3b5b2da6bdbe673b51b6a8fadaecc4c3e4bde8404e96009198830cad1b0
38,dqn,817,random,heavy,38.08733624454148,126.5,29.073333333333334,66,157,-176.74382117452836,229,72,0,2,0,0,300.0,-27.256250318838283,-18.02611249805705,-79.46145835763309,-52.0,52,0,229,0,1e81a63a7ec4ff91033d324721fc6ecdc883aa158673ee3d508d88097636ed38
39,dqn,840,random,ns_heavy,35.25581395348837,96.0,30.321666666666665,81,161,-157.24687099267976,258,97,0,2,0,0,300.0,-28.426562695298344,-17.91822504331139,-57.90208325407002,-53.0,53,0,258,0,6b5270acb9debb55a651c9b7322a7719bee806ec6113f98c4d5d2be473117da1
40,dqn,550,random,low,46.04403409090909,122.5,54.026666666666664,111,164,-223.95821675896576,352,188,0,4,0,0,300.0,-50.22500014840625,-41.09779998677178,-79.63541662378702,-53.0,53,1,352,0,f661b6c7bd5af3949de1e6128f2f7a19958ba666b968fd18b00094fa9d753041
41,dqn,983,random,ew_heavy,28.817708333333332,75.5,18.44333333333333,41,149,-133.30206273483998,192,43,0,1,0,0,300.0,-17.290625276742503,-8.542687492905682,-56.46874996519182,-51.0,51,0,192,0,9e5fe2c537204719497dc9ab75dbe21de53c4412e56aa0b0729522739bc96801
42,dqn,981,random,left_heavy,33.18103448275862,118.0,19.251666666666665,52,130,-167.2879084282271,174,44,17,21,0,0,300.0,-18.048437519930303,-16.065512502793716,-78.17395840550307,-55.0,55,1,191,17,6798af32a234420cbb9ebec20d1ada5ede8ec844dda82686185023b836b53de5
43,dqn,136,random,low,22.910493827160494,71.0,12.371666666666666,31,128,-117.33669174680824,162,34,0,1,0,0,300.0,-11.598437722190283,-5.209087501483735,-45.529166523134336,-55.0,55,2,162,0,cc4738d817001dfa102fdb5abbf4140f22640a43309ace22e0c91454a3b7006b
44,dqn,205,random,left_heavy,41.217021276595744,144.0,32.29,69,152,-188.39756301332434,235,83,19,23,0,0,300.0,-30.271875392878428,-24.653812504566293,-77.47187511587981,-56.0,56,2,254,19,89af6512ac5f388c5f51946375b1edc3904205886e6b5fc65b8893d1fc3de4ac
45,dqn,309,random,left_heavy,38.375457875457876,125.0,34.92333333333333,76,146,-190.3339585227288,273,127,24,29,0,0,300.0,-32.74062515841797,-26.20999999550184,-76.38333336880896,-55.0,55,1,297,24,88339736b9ea1f5fa3f386b80ee16586d4a1c8c64218327abb682118630a3a28
46,dqn,554,random,left_heavy,42.17330677290837,139.0,35.29,94,148,-211.6939878428464,251,103,24,29,0,0,300.0,-33.014062757836655,-34.16117497541637,-89.51875010959338,-55.0,55,1,275,24,1357acea26deba285d711896a9b91cedb2815e1276744ee5a2d0c94f1f8b40af
47,dqn,824,random,low,21.26277372262774,75.0,9.711666666666666,26,115,-111.96719592838119,137,22,0,1,0,0,300.0,-9.104687639512122,-3.191674995404174,-44.670833293464966,-55.0,55,0,137,0,1e666f71c49f4fccb3c6f865600811d72623c1fb13fd0f714655ae4365d97dfe
48,dqn,484,random,low,40.748366013071895,101.5,41.56333333333333,86,168,-195.04988760409393,306,138,0,2,0,0,300.0,-38.965625061653554,-28.81863749715485,-72.26562504528556,-55.0,55,1,306,0,66a06c324a08c2d91bd4e7d9150bcb3a6c8c0593a0d0672f70e79872c7f0df23
49,dqn,984,random,ns_heavy,30.246192893401016,100.5,19.861666666666668,44,162,-146.3651043998697,197,35,0,2,0,0,300.0,-18.62031278864015,-9.156249994893013,-62.58854161633644,-56.0,56,1,197,0,aa30cee95ab1113825f528e4c46d3267c9ad7a4914cbece5481a597fe27290a1
50,dqn,354,random,heavy,36.57172131147541,137.0,29.745,91,125,-193.2907624764259,244,119,0,2,0,0,300.0,-27.885937525774352,-24.607950015262016,-84.7968749353895,-56.0,56,0,244,0,b8276afebc9d656a9aa59d2fb010a09cbab1acd37d182a783ae154a5d078d94f
51,dqn,929,random,ns_heavy,34.86734693877551,118.0,28.475,55,166,-176.24836683586835,245,79,0,1,0,0,300.0,-26.695312856230885,-16.414512494803787,-76.1385414848337,-57.0,57,0,245,0,d48f50c6fa3bb045ccec665368436929f18911df8bf3875923baf3765bb1fb0b
52,dqn,592,random,ew_heavy,37.53664921465968,137.5,23.898333333333333,58,126,-180.76019184108657,191,65,0,1,0,0,300.0,-22.40468760044314,-16.71383753154732,-85.64166670909617,-56.0,56,1,191,0,fc5990c7c3974eef8c10891ffc49d85cc2a8a12c0570c07a57dc7a3a8fd8ca97
53,dqn,721,random,left_heavy,50.3141592920354,174.0,56.86333333333334,97,169,-253.8361710833702,339,170,20,24,0,0,300.0,-53.30937527981587,-50.605962520798336,-92.92083328275476,-57.0,57,2,359,20,cc3ad764ddbdb9880659e92504901bb49d126eb571502690c8927b572619fc2e
54,dqn,236,random,left_heavy,46.70358306188925,145.0,47.795,88,160,-228.80704620883373,307,147,24,28,0,0,300.0,-44.80781279865187,-41.45027501340947,-85.54895839677192,-57.0,57,1,331,24,ab1aab22b4ed6b318dca00230a5c2e9db3f1c33ba46a968d3113c4e276bc7bed
55,dqn,593,random,low,41.644295302013425,156.5,41.36833333333333,87,164,-215.58802084498967,298,134,0,3,0,0,300.0,-38.78281262598466,-33.90000001261868,-86.9052082063863,-56.0,56,1,298,0,5594f84589d71dac0c130c4b6919abc1a82f72418dbd05032751bd1a82c1b1d1
56,dqn,803,random,low,41.725,127.5,30.598333333333333,80,137,-184.4297212959988,220,83,0,2,0,0,300.0,-28.685937890200876,-19.157325035126263,-79.58645837067161,-57.0,57,0,220,0,e1fdabb92f5978647a9b43b726f84003aca81e21a1947469dac88f7f7953d5bd
57,dqn,887,random,low,24.757462686567163,93.0,11.058333333333334,26,109,-119.45811677508907,134,25,0,1,0,0,300.0,-10.367187724681571,-4.033637508576795,-49.05729154183064,-56.0,56,1,134,0,9087c2372ee15534ced63c71443cb1f742e1470de67ee652784e2e8367b58c2d
58,dqn,868,random,ew_heavy,36.13991769547325,134.0,29.273333333333333,62,159,-182.85676257932724,243,84,0,3,0,0,300.0,-27.443750194390304,-20.056762525962412,-78.35624985897448,-57.0,57,3,243,0,356cce90109d948bb459a63296dc214759cde4e9e49cb41bd94a80c455c5f097
59,dqn,968,random,ew_heavy,30.987179487179485,92.0,24.17,79,152,-146.68720016621884,234,82,0,1,0,0,300.0,-22.65937522344757,-11.92157496156069,-55.10624998121057,-57.0,57,1,234,0,949a492d2d25197834713041ce2c0e9f66ccb4d0514bb39bb6dc94cbcbe5a88e
60,dqn,129,random,left_heavy,43.258720930232556,131.0,49.608333333333334,109,172,-225.5232127237378,344,172,15,21,0,0,300.0,-46.50781257159542,-40.65290003905604,-83.36250011308584,-55.0,55,1,359,15,4073a805572b0b716bbf6c1b4450a7fa0f76d1fbf10053b5b89a7708e052f884
61,dqn,779,random,heavy,45.58267716535433,140.0,38.593333333333334,101,134,-207.56561271436712,254,120,0,1,0,0,300.0,-36.181250157766044,-34.63123746214186,-81.75312509445939,-55.0,55,1,254,0,e010864651df7ae38e15ff2883f3fce19930afd969c026375cd08e8f413b0a46
62,dqn,468,random,balanced,38.867298578199055,98.0,27.336666666666666,59,128,-175.58935841921266,211,83,0,2,0,0,300.0,-25.62812522088643,-19.377900007679276,-73.58333319064695,-57.0,57,1,211,0,9c0f95dd614d5538632b989e79bc5ec7771e4bb0a661e877ce54e12fd5d54086
63,dqn,686,random,low,23.91958041958042,106.5,11.401666666666667,32,118,-125.396433442823,143,25,0,1,0,0,300.0,-10.68906264367979,-5.245912493198558,-52.46145830594469,-57.0,57,0,143,0,722cede8ed78161b2108e950f8b41e8b1fe1c9c949e85301c4d9e3622da2b298
64,dqn,278,random,left_heavy,32.626288659793815,162.5,21.101666666666667,50,128,-177.36004174014886,194,66,24,28,0,0,300.0,-19.782812588033266,-17.969937477524947,-83.60729167459067,-56.0,56,1,218,24,0d9df87051d510fd201a55b836b7b5742bd34e671f50d1b252889259466bcfb0
65,dqn,15,random,low,33.878865979381445,98.0,21.908333333333335,48,132,-163.02467507599002,194,62,0,2,0,0,300.0,-20.539062666124664,-15.754362501297877,-70.7312499085674,-56.0,56,1,194,0,cabf4192916bc2404dd1bb5fe3e23be13423c7bb57f8c58240deccb4a48ae5d2
66,dqn,84,random,left_heavy,42.08361774744027,121.0,41.10166666666667,100,151,-201.92893771500164,293,142,0,3,0,0,300.0,-38.53281269792933,-32.161750029528775,-76.23437498754356,-55.0,55,1,293,0,bb30c30c3d85602e55b3964bfc5189f88f1a0db34181038425309aadbf94f8ab
67,dqn,973,random,ns_heavy,32.68994413407821,86.5,19.505,56,120,-137.6516209028173,179,59,0,2,0,0,300.0,-18.28593761951197,-11.007350016383132,-50.35833326692227,-58.0,58,0,179,0,6b170c37addbd337fa90e669cedaad91e4a221756d921c59f102ca2b7d3912d7
68,dqn,896,random,left_heavy,43.058098591549296,185.5,40.765,71,170,-232.40537092394294,284,114,13,17,0,0,300.0,-38.21718766714912,-37.50172496845115,-99.68645828834269,-57.0,57,1,297,13,7f4c4c5662e7293d786a0f1992f6a7b171c963ab4b60886e9738179fb962b533
69,dqn,304,random,heavy,43.87924528301887,163.5,38.76,98,149,-214.3399420093549,265,116,0,2,0,0,300.0,-36.315625341725536,-28.06702498991871,-91.9572916777106,-58.0,58,1,265,0,c7e37714438630ea82d223a5efff6d5576298d80c5476e1fb6c5162b24295574
70,dqn,430,random,balanced,37.51268115942029,110.0,34.51166666666666,76,142,-187.61656690207656,276,134,0,2,0,0,300.0,-32.354687794693746,-26.663962428275397,-72.59791667910758,-56.0,56,0,276,0,4eb5dde2aa37490fe197326854941b580f997feda81622c6997cc3e8fe1aff00
71,dqn,241,random,ew_heavy,27.843589743589742,110.0,18.098333333333333,41,153,-137.9484125777606,195,42,0,1,0,0,300.0,-16.967187653295696,-7.8124749860951885,-57.16874993836973,-56.0,56,1,195,0,7d00af43e066c39c7b77407c6709160b84da65ea09c5731bcb6911c0b85aadaa
72,dqn,148,random,balanced,34.61764705882353,115.5,27.463333333333335,61,164,-175.82802937686293,238,74,0,1,0,0,300.0,-25.746875254553743,-16.426987484738497,-75.6541666375706,-58.0,58,0,238,0,c7c282b923a371314d119956770922f3bf09aeabf5f788ce7b2f6677b27ee084
73,dqn,858,random,balanced,36.90524193548387,105.5,30.508333333333333,88,145,-168.6498000686442,248,103,0,3,0,0,300.0,-28.60156261024531,-18.535737436675838,-63.5125000217231,-58.0,58,0,248,0,f19cf88596ebefd71b3fa3ca381468cead43ba81f08bc25a5deb61e75d99071a
74,dqn,674,random,heavy,31.97972972972973,74.0,23.665,62,146,-146.51677089878143,222,76,0,1,0,0,300.0,-22.185937645612285,-13.125625016235421,-54.205208236933686,-57.0,57,2,222,0,4c23ae76a065fcf0bf936614d6710c1d1aef5ed93d892d7c9239ab316de91cf8
75,dqn,77,random,balanced,28.226114649681527,82.0,14.771666666666667,36,137,-127.47189611441289,157,20,0,2,0,0,300.0,-13.848437689943239,-6.605749995799855,-50.01770842866972,-57.0,57,2,157,0,66769b7d63048d7023c157e0e9dd6c3c726a13196b688d44967bb0ff52f5df1b
76,dqn,203,random,ns_heavy,18.636363636363637,78.5,7.516666666666667,22,107,-106.18169999457102,121,14,0,1,0,0,300.0,-7.046875105355866,-2.603574998529075,-39.53124989068601,-57.0,57,0,121,0,de2b586f7a33898c22f2d8e2a23f3d0ad4e3154d85a8b586de1d61e68fb65cab
77,dqn,564,random,balanced,24.093333333333334,109.0,12.046666666666667,26,123,-140.8161418529365,150,27,0,1,0,0,300.0,-11.293750168406405,-6.221349989590089,-66.30104169494007,-57.0,57,1,150,0,06eade63226478225f88ab734704adbbe38cefa93b4da25ab48eef3d669e5629
78,dqn,902,random,heavy,41.13003663003663,147.5,37.428333333333335,87,147,-195.03765842392397,273,126,0,3,0,0,300.0,-35.08906268526334,-27.452762399374482,-74.49583333928604,-58.0,58,1,273,0,d6063d8d48db635f9e3286ca11dc3118e63efcd3402768812edf6116692d88ed
79,dqn,996,random,heavy,21.879032258064516,109.5,9.043333333333333,21,103,-114.39685440477407,124,21,0,2,0,0,300.0,-8.478125217487104,-3.9364375038487207,-45.982291683438234,-56.0,56,0,124,0,7921e447759d82336acc8bc60f86ecd3fff556377707fa09e1fd89f6153c6a3b
80,dqn,218,random,left_heavy,41.07370517928287,164.5,34.36666666666667,65,137,-215.8808504424968,251,114,31,33,0,0,300.0,-32.218750240746886,-31.3277250068939,-94.33437519485597,-58.0,58,1,282,31,b70dcca95b497f9fe78bdc166fbb1422602666c89c66af6d550332f47763bbea
81,dqn,612,random,heavy,36.883495145631066,100.0,25.326666666666668,54,138,-165.85025419948872,206,68,0,1,0,0,300.0,-23.743750221678056,-17.721087530974916,-68.38541644683573,-56.0,56,0,206,0,e1913591c423689a644dc04aa0e493b241159eb256d9ff7e66338b3f81d74bbe
82,dqn,34,random,balanced,35.996138996138995,106.0,31.076666666666668,75,162,-172.91362530584806,259,97,0,2,0,0,300.0,-29.134375217952766,-18.86050003031632,-66.91875005757902,-58.0,58,2,259,0,f73a663e2568ed240bf11c9ed11b57ff90ac2b8da4d5ab4fbd9aafab6d5a041d
83,dqn,175,random,heavy,21.82456140350877,81.0,8.293333333333333,22,96,-113.2501251574729,114,18,0,1,0,0,300.0,-7.77500016160775,-3.0532499962144346,-45.421874999650754,-57.0,57,1,114,0,8b910dd9aaa89868477918101f722d7353587fbf6e11ca2a2739f75059e27c74
84,dqn,201,random,ns_heavy,43.91897233201581,143.0,37.038333333333334,103,147,-190.62415439913534,253,106,0,1,0,0,300.0,-34.723437820444815,-24.97467501786087,-74.92604156082962,-56.0,56,1,253,0,9acbc1a5e96c89711f386c6aba97838974e137960f15e42c74a6dda9ed0ed9e5
85,dqn,443,random,ns_heavy,42.339285714285715,146.0,35.565,76,153,-202.30997936953725,252,99,0,2,0,0,300.0,-33.34218775492627,-25.91987500796022,-86.04791660665069,-57.0,57,1,252,0,c8955f5755f69e186fb434f293e477ad1d828e56827deecf501aa36b834ad1e1
86,dqn,346,random,left_heavy,27.02836879432624,112.5,12.706666666666667,32,106,-145.44665442231135,141,35,27,30,0,0,300.0,-11.912500210455619,-9.00811248376049,-68.52604172809515,-56.0,56,0,168,27,d010d9068ba7675b06e78b1f8b0f6ea26ce5090ccf77b21d48e39e5e4baf3278
87,dqn,727,random,balanced,35.264102564102565,133.0,22.921666666666667,50,126,-179.43191680439708,195,69,0,2,0,0,300.0,-21.489062646520324,-16.069937510992897,-84.87291664688382,-57.0,57,1,195,0,a1ca146bf4a66843d8c7fcfa7a463c9b68010a599153c25ad52c8095269ddba0
88,dqn,469,random,balanced,37.70916334661354,134.0,31.55,70,145,-192.19356676254895,251,106,0,3,0,0,300.0,-29.57812519930303,-23.136275013033437,-82.47916655021254,-57.0,57,0,251,0,26e7585b4bc1e77a17851f4eb31aafe400dd998867a330b5cdedd7e58afc74b8
89,dqn,340,random,balanced,37.75806451612903,119.5,39.016666666666666,85,167,-199.24242093157733,310,143,0,2,0,0,300.0,-36.57812526694033,-26.862212485165927,-78.80208317947108,-57.0,57,0,310,0,17f78fdc0f18b48fc2ad64e0f6f3db1ee51523cb0086bec6caddbea13d72e9af
90,dqn,907,random,ew_heavy,47.6025,134.0,31.738333333333333,79,103,-179.723912527407,200,97,2,3,0,0,300.0,-28.532812568708323,-23.616100038955484,-68.57499991974328,-59.0,59,0,202,2,8de14533f704205927892ebd114557e133f2c4f3df4d1ea88a7beee6816926ae
91,dqn,626,random,heavy,35.947867298578196,109.5,25.283333333333335,71,130,-172.8600336974014,211,81,0,2,0,0,300.0,-23.58437536447309,-18.117324960952832,-73.15833337197546,-58.0,58,1,211,0,4d9a8962b3f07156427c2eb26335926f2f64fc447a49b232d8cf0857583dfc59
92,dqn,698,random,heavy,34.526315789473685,161.5,28.428333333333335,60,158,-189.1073668981968,247,89,0,1,0,0,300.0,-26.65156279457733,-19.167262478714836,-87.28854162490461,-56.0,56,0,247,0,a4f585fc8b143a4a892a344bfae299896492848eeb76e9ac75eb0096e0f3012c
93,dqn,746,random,left_heavy,35.05555555555556,137.0,26.3,58,133,-199.66296682858737,225,92,13,16,0,0,300.0,-24.65625017695129,-23.868174978791657,-94.13854167284444,-57.0,57,1,238,13,e5bd9d95d3e7469e395e7d2fc9feb2bc27d7ac0d145e7ac1eb90be4f6cf6aee8
94,dqn,340,random,balanced,35.270967741935486,119.5,36.446666666666665,90,184,-185.6026670336381,310,126,0,2,0,0,300.0,-34.16875031159725,-23.11724998193167,-71.31666674010921,-57.0,57,2,310,0,17f78fdc0f18b48fc2ad64e0f6f3db1ee51523cb0086bec6caddbea13d72e9af
95,dqn,892,random,left_heavy,38.21287128712871,143.0,25.735,61,127,-181.09107529194225,202,75,18,19,0,0,300.0,-24.126562780467793,-20.01138744756245,-79.95312506391201,-57.0,57,0,220,18,458ee46421dce99d0fd95fa0887853ec04c3beb3d94cc193ebce0878abbf08be
96,dqn,17,random,heavy,20.79391891891892,98.5,10.258333333333333,24,129,-123.65138767070093,148,19,0,1,0,0,300.0,-9.617187693016604,-3.690450004110606,-52.34374997357372,-58.0,58,1,148,0,2eff2af0c12cfb2480e3d6c0691b366ff4fdb48e75c2b144f5d01e7863a95103
97,dqn,307,random,low,37.88612099644128,154.0,35.486666666666665,77,162,-210.29464615583785,281,119,0,3,0,0,300.0,-33.26875033543911,-26.45506249629325,-92.57083332410548,-58.0,58,1,281,0,0a54e8692d4f2c8b5a14492a137ba29b7781ec15194fd66d370936631ed9ff26
98,dqn,160,random,balanced,30.953389830508474,163.0,24.35,70,167,-171.21585435092345,236,69,0,2,0,0,300.0,-22.82812517392449,-13.061687524527224,-78.32604165247176,-57.0,57,2,236,0,51e3bd85434342ab1179601518c8b42cc512ff84b9ca7df5668244de04e5dc70
99,dqn,5,random,heavy,29.473170731707317,78.5,20.14,55,147,-136.72048347756134,205,58,0,1,0,0,300.0,-18.881250216742046,-9.596524994455832,-51.24270826636348,-57.0,57,0,205,0,b2c9ae499438344992acf07f480e0c9688c1b91c7e9b81434eae4b69aa2b0e70
100,dqn,997,random,heavy,39.42430278884462,113.5,32.985,73,158,-176.5637877727925,251,93,0,2,0,0,300.0,-30.923437873017974,-20.724725026411033,-66.91562487336341,-58.0,58,0,251,0,9a74709f70efeccb3b8b5b3a52741f1be3ffcf2b538df76a21a2a8664ff6fc0e
101,dqn,90,random,left_heavy,39.44897959183673,136.5,32.218333333333334,77,154,-182.70651705177798,245,91,9,13,0,0,300.0,-30.034375313436612,-24.714850015461696,-70.95729172287975,-57.0,57,0,254,9,a7357987d92ad33e724353d910c64a0ced030052beb1af5e01c2cdc43e4e0cb2
102,dqn,460,random,ns_heavy,42.39247311827957,133.0,39.425,79,165,-202.7418294688664,279,114,0,2,0,0,300.0,-36.96093761129305,-26.39235006726593,-83.3885417903075,-56.0,56,1,279,0,193042abca6c4ac65f7cd67cd4f8404afef5a8c7e3cf64485d2ff78581240b2b
103,dqn,820,random,left_heavy,37.19094488188976,128.5,31.49,68,141,-190.29760010560503,254,113,5,8,0,0,300.0,-29.52187510742806,-24.322599992006868,-79.45312500617001,-57.0,57,2,259,5,58729fb25cb5dbec7e672c7aa8124a38cee0b67ec6018e9763b9894cbe1a67f1
104,dqn,692,random,left_heavy,40.41705069124424,181.5,29.24,56,148,-206.38760840088432,217,69,24,26,0,0,300.0,-27.412500010919757,-24.55115000588193,-97.42395838408265,-57.0,57,1,241,24,e37c63fab631e088496002e258c7891c9491d004e710b06de2a1976dab80104b
105,dqn,857,random,low,32.06018518518518,112.0,23.083333333333332,69,149,-163.0722378532759,216,67,0,2,0,0,300.0,-21.640625296742655,-15.75036249690529,-67.68125005962793,-58.0,58,1,216,0,6a2edb5df814ece24a2e2c271be596928aeb7e99e7547466c5fa893114fdf20f
106,dqn,55,random,low,33.622727272727275,108.5,24.656666666666666,63,133,-163.7467710811871,220,87,0,2,0,0,300.0,-23.115625295671634,-14.72906253260954,-67.90208325290587,-58.0,58,2,220,0,0723c88980d3191aef6ebeb946599b70cd3ed4610b86fee7c46d1423d6df8a19
107,dqn,498,random,ew_heavy,37.46756756756757,90.5,23.105,47,109,-156.79413348527086,185,76,0,1,0,0,300.0,-21.660937736509368,-14.668612517043226,-64.46458323171828,-56.0,56,1,185,0,79136ab87b1bdd037372a28e094bfc2fd7b5d4d80c2029386fbad40cdcd7f32f
108,dqn,35,random,balanced,35.55113636363637,151.0,31.288333333333334,67,153,-199.7806084506846,264,111,0,5,0,0,300.0,-29.332812629756518,-23.745712506508422,-90.70208331441972,-56.0,56,0,264,0,c2a69d0e23f3672edef98435f069eddc1ea53385135fbd05b904f9ee8ddef9fe
109,dqn,192,random,heavy,38.724043715846996,133.5,23.621666666666666,64,116,-169.1939541578584,183,67,0,2,0,0,300.0,-22.145312727196142,-15.27572496163775,-74.7729164690245,-57.0,57,2,183,0,5b8aaa9bfb59d24a509c5e250e86f7980d8fff57c472d3c2e7cc7fa7483f7e4a
110,dqn,846,random,ew_heavy,29.058091286307054,149.0,23.345,57,175,-178.8472001131523,241,66,0,2,0,0,300.0,-21.885937700397335,-14.808137476247795,-85.15312493650708,-57.0,57,1,241,0,de5efe7b7852357e61af0db426c0e1138cd01d3bf9557262a72a6b829df2f245
111,dqn,74,random,ns_heavy,39.50185873605948,141.0,35.42,83,154,-196.44445873338927,269,115,0,2,0,0,300.0,-33.206250280491076,-26.386125027278453,-78.85208342561964,-58.0,58,1,269,0,13245a4a5cb764bac20b41e67b49689868dc3ec8a485914c79c7a94b2e44941a
112,dqn,588,random,balanced,41.90974729241877,139.5,38.696666666666665,87,152,-207.60030439088945,277,125,0,2,0,0,300.0,-35.82187531341333,-29.86488744744929,-84.91354163002688,-57.0,57,1,277,0,d057c0363e435dfa4098e38fddcaf1ffa0ea589e700f050de5781227fcafa676
113,dqn,21,random,ns_heavy,33.54979253112033,108.5,26.951666666666668,69,148,-162.8242629408539,241,93,0,2,0,0,300.0,-25.267187882214785,-14.15394999360943,-66.4031250650296,-57.0,57,0,241,0,3660173dc164fa1364ff5e75c68a5eaa7401d80a3012b56f10f7425f8b254d13
114,dqn,309,random,left_heavy,40.33394833948339,137.0,36.44,86,144,-187.51644185304252,271,127,26,27,0,0,300.0,-34.16250016994309,-28.806025048509035,-67.54791663459036,-57.0,57,0,297,26,88339736b9ea1f5fa3f386b80ee16586d4a1c8c64218327abb682118630a3a28
115,dqn,933,random,heavy,32.628571428571426,128.0,26.648333333333333,54,146,-177.26973782094802,245,99,0,1,0,0,300.0,-24.98281278379727,-16.693175047744447,-77.5937499894062,-58.0,58,0,245,0,3ee66c6171dc292133fb6e0d11328d6cd4530cd132db67cbac01f136fbb19544
116,dqn,318,random,balanced,40.09288537549407,119.0,33.81166666666667,87,137,-175.3497295623346,253,116,0,2,0,0,300.0,-31.69843782496173,-23.218999985063427,-62.43229175230954,-58.0,58,1,253,0,bad8acf6ae8bf1d2e297303d4d97064ec72a24903ba76ed52b74cf34cd8221e0
117,dqn,310,random,balanced,31.98780487804878,112.5,26.23,60,159,-165.77386706169204,246,87,0,2,0,0,300.0,-24.590625364216976,-14.563450006749195,-68.61979169072583,-58.0,58,1,246,0,f803b4d8e2fbee5de013592bc65d2078d82f9417226b5b9881ac4b6622261454
118,dqn,90,random,left_heavy,38.60441767068273,111.5,32.04333333333334,84,150,-188.04197119673768,249,99,5,9,0,0,300.0,-29.99843792745378,-27.56957487688924,-73.4739583923947,-57.0,57,1,254,5,a7357987d92ad33e724353d910c64a0ced030052beb1af5e01c2cdc43e4e0cb2
119,dqn,775,random,low,34.37313432835821,78.0,23.03,51,142,-142.18975443564202,201,59,0,1,0,0,300.0,-21.590625352575444,-11.20433747567076,-51.394791607395746,-58.0,58,0,201,0,fda729e9d350a3e1cb91c3eb6c70494f06bd9f505a6e1bce176f9d607838d3d4
120,dqn,173,random,heavy,23.40251572327044,94.0,12.403333333333334,33,128,-123.62406681420899,159,31,0,1,0,0,300.0,-11.628125245217234,-4.629274997172616,-50.36666657181922,-57.0,57,0,159,0,7dc3ffcd3a8d567717b3b6ab32734053f9883ba43aae2000adf1142813bad26f
121,dqn,499,random,heavy,19.14566929133858,102.0,8.108333333333333,20,113,-114.92583762158533,127,14,0,1,0,0,300.0,-7.601562639232725,-2.70552500374979,-47.618749978602864,-57.0,57,0,127,0,cd1e7bbcc53fe9e3f603ec53fb8eb51ebd71e311233ca9a526d86014ed6d8393
122,dqn,25,random,left_heavy,24.065217391304348,94.0,11.078333333333333,25,93,-132.59759175641673,138,45,7,13,0,0,300.0,-10.385937652434222,-7.907487494328235,-57.3041666096542,-57.0,57,1,145,7,84dc4fa978fb8a57a33a4a357f4325abdabb70a377b1d153487e8df969b336f0
123,dqn,23,random,balanced,26.595092024539877,67.5,14.45,35,114,-123.46343760224484,163,49,0,2,0,0,300.0,-13.54687510873191,-6.385312501312727,-47.53124999220017,-56.0,56,0,163,0,1608d8f38f55535d34068019ac898235e284684453ca4ae0e3780ced5f2056c0
124,dqn,840,random,ns_heavy,31.95736434108527,129.5,27.483333333333334,57,165,-176.96817936519733,258,93,0,2,0,0,300.0,-25.76562529336661,-17.34838751020943,-77.85416656162124,-56.0,56,0,258,0,6b5270acb9debb55a651c9b7322a7719bee806ec6113f98c4d5d2be473117da1
125,dqn,8,random,heavy,41.21661721068249,129.0,46.303333333333335,89,160,-214.626896018588,337,177,1,9,0,0,300.0,-43.37343770277221,-34.87637491403801,-79.37708340177778,-57.0,57,1,338,1,7a60d19897b4203e62b38884cb3877f32c58f148fbbf3e5ef01cbf3bffa2af01
126,dqn,467,random,ns_heavy,34.10445205479452,109.0,33.195,64,165,-179.09471279892014,292,127,0,4,0,0,300.0,-31.12031287595164,-22.35565000757925,-67.61874991538934,-58.0,58,1,292,0,ad5f44e4c629ee111562b372b616843bcc4d712b94d93fae8ab0dc377998f549
127,dqn,428,random,ns_heavy,24.925213675213676,93.0,19.441666666666666,49,174,-134.08813367461192,234,60,0,2,0,0,300.0,-18.226562752388418,-7.987612509083558,-51.87395841313992,-56.0,56,0,234,0,4e1aa7a9398388ce4346c2ea3aa1e918bfc2fc9ff04596a440d70f5572e095b5
128,dqn,128,random,heavy,29.25,127.5,17.16,46,134,-149.08416674296095,176,42,0,2,0,0,300.0,-16.087500142864883,-8.958125017100974,-67.0385415829951,-57.0,57,1,176,0,540677b01e0e4491cc42e9cf82f1a636feb5f11cbeb4cde73325df938d3348dc
129,dqn,645,random,balanced,29.25,94.0,19.11,51,142,-143.28927530755098,196,54,0,2,0,0,300.0,-17.915625334600918,-9.295525003101647,-59.07812496984843,-57.0,57,0,196,0,d435db909a3c194e3acf2061fde2d954724331287d21becff06636ee5bf1a437
130,dqn,740,random,ns_heavy,42.840225563909776,103.0,37.985,77,148,-195.34170863011155,266,118,0,2,0,0,300.0,-35.59531293332111,-27.45681248630644,-74.28958321048412,-58.0,58,0,266,0,c82443eb8126937a9367e3677f313989fe4e4f90bd14a4cc52d948e7e373cd10
131,dqn,986,random,left_heavy,40.20646766169154,138.0,26.94,64,119,-185.14180838234384,201,82,28,30,0,0,300.0,-25.25625020172447,-20.620974923010365,-82.26458325760905,-57.0,57,0,229,28,9bee9e8edc7785ff279494e906b82071767ae7cf07b8ed2cfd23f55bc6c5564f
132,dqn,196,random,ns_heavy,40.73863636363637,161.5,29.875,59,146,-196.42717108076016,220,74,0,2,0,0,300.0,-28.007812658092007,-21.326650026292185,-89.09270839637611,-58.0,58,0,220,0,d41271d20ccf3a4565f86cdede223ff61283fe46c047df61ab53cc5cf2b05f06
133,dqn,924,random,heavy,30.214634146341464,112.0,20.64666666666667,42,140,-147.3132129183017,205,65,0,2,0,0,300.0,-19.356250391108915,-10.650712512268363,-61.306250014924444,-56.0,56,0,205,0,9b6eec27a26b21ccef0496efbd61cc72fe29078df874dd406cf43736a66bc0f7
134,dqn,62,random,ew_heavy,37.46761133603239,123.0,30.848333333333333,73,157,-181.0073462437081,247,90,0,2,0,0,300.0,-28.920312923612073,-18.23495001205593,-76.85208330804016,-57.0,57,1,247,0,0ef21fd0c5cce26e0980f2078b34877e4c4d0f030a8f750fff7277e39d20faad
135,dqn,142,random,balanced,29.210416666666667,71.0,23.368333333333332,73,155,-135.709975408463,240,85,0,1,0,0,300.0,-21.859375453554094,-10.234975015468082,-47.61562493944075,-56.0,56,0,240,0,681688fae9f3a326d2da3e32821f04c201ccf5711d55c0c2b9de444965c04eda
136,dqn,599,random,low,38.267361111111114,133.5,36.736666666666665,94,158,-195.6885795672417,288,130,0,2,0,0,300.0,-34.44062543369364,-25.83128748973758,-78.41666664381046,-57.0,57,0,288,0,98db2c5f065a8c39fdb27fe79f003805a6ebf04c5ac4c93f7bbc4731d248004c
137,dqn,868,random,ew_heavy,36.117283950617285,143.5,29.255,61,152,-185.71447930868658,243,91,0,2,0,0,300.0,-27.42656270356383,-23.458750002197487,-76.8291666029254,-58.0,58,0,243,0,356cce90109d948bb459a63296dc214759cde4e9e49cb41bd94a80c455c5f097
138,dqn,896,random,left_heavy,43.86472602739726,133.0,42.70166666666667,82,156,-220.9678293486082,292,136,5,12,0,0,300.0,-39.885937651386485,-33.98709999743878,-90.09479169978295,-57.0,57,0,297,5,7f4c4c5662e7293d786a0f1992f6a7b171c963ab4b60886e9738179fb962b533
139,dqn,740,random,ns_heavy,43.23872180451128,131.5,38.33833333333333,78,152,-203.37403357846205,266,114,0,2,0,0,300.0,-35.94218780333176,-28.954762533330353,-80.47708324179985,-58.0,58,1,266,0,c82443eb8126937a9367e3677f313989fe4e4f90bd14a4cc52d948e7e373cd10
140,dqn,27,random,balanced,27.31,147.0,13.655,39,114,-160.8609958977939,150,36,0,2,0,0,300.0,-12.801562598906457,-8.901100005492477,-82.15833329339512,-57.0,57,0,150,0,a9a05237e06fb7cb66d68183c611db1ccf094499796dc643e9bc16acce24fdeb
141,dqn,418,random,left_heavy,33.89647577092511,98.0,25.66,63,143,-160.81045453787817,227,84,28,33,0,0,300.0,-24.05625033355318,-15.278162497463931,-64.476041706861,-57.0,57,0,255,28,4e09c798d6527f1d560e9828eb0d30c88179c1ad637cd6d038f651b13a88effb
142,dqn,806,random,ew_heavy,36.87096774193548,101.5,22.86,53,127,-162.21008773100993,186,59,0,1,0,0,300.0,-21.431250388850458,-14.097587453894816,-68.68124988826457,-58.0,58,0,186,0,d2f13b4789d60de89a1c7f60fdadf839877afbf85dc12f81cf7290305d7f2b91
143,dqn,528,random,balanced,32.29908675799087,89.5,23.578333333333333,63,135,-152.07442526439183,219,84,0,2,0,0,300.0,-22.104687790037133,-12.500987501479537,-58.46874997287523,-59.0,59,0,219,0,a003bd08af6f7d5da229367724204451196b57275ca89263b077eaad1149ee9e
144,dqn,191,random,balanced,38.81443298969072,108.0,25.1,66,130,-160.21253741006726,194,64,0,1,0,0,300.0,-23.531249976716936,-17.02191248976523,-62.659374943585135,-57.0,57,0,194,0,4d0957c9651ff85b55a9c15aa51319839b175dd0c513bf4017ab2d2aa6034de8
145,dqn,681,random,heavy,35.52669039145908,109.5,33.276666666666664,83,163,-184.74396267984264,281,118,0,2,0,0,300.0,-31.196875259978697,-22.131462471063415,-74.41562494880054,-57.0,57,1,281,0,7073a83ca3e81583365212ad77efc76705c7542c5913d63b0e2b373df35c2e36
146,dqn,93,random,low,33.95067264573991,91.5,25.236666666666668,58,146,-155.14847100512918,223,77,0,1,0,0,300.0,-23.6593752685003,-14.77138750602826,-58.71770823060069,-58.0,58,0,223,0,152d984021e1f7a679e1f66cf6f9b93abbb37cbd083936665e22d314a126b479
147,dqn,698,random,heavy,31.562753036437247,88.5,25.986666666666668,60,155,-155.89240023936216,247,92,0,2,0,0,300.0,-24.362500285264105,-15.57364999374912,-58.95624996034894,-57.0,57,0,247,0,a4f585fc8b143a4a892a344bfae299896492848eeb76e9ac75eb0096e0f3012c
148,dqn,18,random,low,37.5045045045045,121.0,27.753333333333334,59,136,-188.36710850758024,222,86,0,2,0,0,300.0,-26.018750119837932,-19.196274982798062,-87.15208340494428,-56.0,56,0,222,0,315cacc99785eb771aa3614df21b696f38eb706b497a3acae6a15bad25b9cf34
149,dqn,361,random,heavy,32.32620320855615,104.0,20.15,51,134,-149.62955843212762,187,53,0,1,0,0,300.0,-18.890625194762833,-10.380600023527947,-62.358333213836886,-58.0,58,0,187,0,d65373eeffc54ea15b0f372d7d24e77e208e3a7a255b8c099f01340f811064b7
150,dqn,293,random,balanced,28.683189655172413,95.5,22.18166666666667,54,155,-144.15647944871517,232,77,0,2,0,0,300.0,-20.795312855392694,-10.481999998034002,-54.87916659528855,-58.0,58,0,232,0,3fe793f3c4d14e54ec4a366477322f692c6164bb900a707308554e26065eb495
151,dqn,940,random,left_heavy,39.79515418502203,139.0,30.116666666666667,76,148,-179.61110877794488,227,79,5,6,0,0,300.0,-28.2343752712477,-22.74340005686318,-71.63333344983403,-57.0,57,1,232,5,356e2795385ec654d3d4d42251b47e2b1417ae61d03cf7b18e0f560ddf8969e7
152,dqn,728,random,heavy,29.909448818897637,96.5,25.323333333333334,53,157,-160.6995417650505,254,97,0,2,0,0,300.0,-23.740625130129047,-15.43912500098304,-63.51979163393844,-58.0,58,0,254,0,43ea3f1b84773fcee4de73cff87914fcf5899870b85b9e76d2e739cca3aa2dbd
153,dqn,656,random,balanced,29.094736842105263,127.5,27.643333333333334,61,155,-170.34437523073058,285,130,1,10,0,0,300.0,-25.915625289198942,-17.71312501433785,-68.71562492719386,-58.0,58,0,286,1,9b194753479a72f895b66521387ec901f19dba31ab1e51a6b4ce9254117bf0b5
154,dqn,494,random,left_heavy,39.743852459016395,156.5,32.32833333333333,64,157,-209.72870453075296,244,87,30,33,0,0,300.0,-30.30781286326237,-28.044850025449716,-94.37604164204095,-57.0,57,0,274,30,d953443971e0b83c2ea4b3676022b1cc7b7c080cacf65c23e2cf759af2d29966
155,dqn,287,random,low,36.484162895927604,115.0,26.876666666666665,67,136,-170.09148790527328,221,85,0,2,0,0,300.0,-25.19687536661513,-17.500862496352784,-70.39375004230533,-57.0,57,0,221,0,1e498703ed468e425a3fddc465a7c807aa95864943e952eb9cef5e7b2f38f21c
156,dqn,853,random,balanced,26.082706766917294,83.5,11.563333333333333,30,104,-129.68297921332336,133,29,0,1,0,0,300.0,-10.840625184122473,-5.38193750394785,-56.460416525253095,-57.0,57,0,133,0,312df65e0593a2a4d5e9a53d43fed692d50c8c032db4e3f34a0ba395734f2cd8
157,dqn,947,random,balanced,30.290262172284645,98.0,26.958333333333332,58,166,-149.90545874363525,267,101,0,2,0,0,300.0,-25.273437945987098,-13.692437495289047,-54.9395833023591,-56.0,56,0,267,0,46f9ece1e808445f0e18151a4ceba80ce551c6d0750b851f9ba7d306adfaa295
158,dqn,218,random,left_heavy,39.330708661417326,161.5,33.305,66,136,-197.9352793369348,254,118,28,30,0,0,300.0,-31.223437752458267,-28.22955001396113,-81.48229157051537,-57.0,57,0,282,28,b70dcca95b497f9fe78bdc166fbb1422602666c89c66af6d550332f47763bbea
159,dqn,245,random,low,22.306338028169016,78.5,10.558333333333334,22,121,-119.32252513433123,142,21,0,1,0,0,300.0,-9.898437692318112,-3.811587492840044,-49.61249994917307,-56.0,56,0,142,0,120f6b96eacedd0e49f0f91f6aa6413a0c10d10fc97cdd0ffdee2b36a644ac4a
160,dqn,316,random,balanced,33.234146341463415,132.5,22.71,48,126,-169.27862949555058,205,79,0,2,0,0,300.0,-21.29062523180619,-14.23696250715075,-76.75104175659362,-57.0,57,0,205,0,030155cd5e5f36be8c5ed20b1b9ec8cec81b4b0c98c0d021f324e62adf3b4ad8
161,dqn,478,random,ns_heavy,24.201117318435752,56.5,14.44,38,138,-111.30139177379381,179,41,0,1,0,0,300.0,-13.537500171456486,-5.487849989260578,-37.27604161307681,-55.0,55,1,179,0,dfa7fa02fc82a2fe0de5e00deef8c87e7516c1273d00579ebfd98af746207585
162,dqn,259,random,ns_heavy,30.700413223140497,108.0,24.765,55,169,-159.42468350565548,242,73,0,2,0,0,300.0,-23.217187752830796,-12.189787477706707,-67.01770827511791,-57.0,57,0,242,0,ca712b2d44cdad24bc0eb22134c2c6c692974c2013c55815b530c2908f1b9a22
163,dqn,405,random,ew_heavy,32.743445692883896,96.5,29.141666666666666,58,168,-168.30326697813734,267,99,0,2,0,0,300.0,-27.320312812691554,-17.472537502543133,-66.51041666290257,-57.0,57,0,267,0,acfd59da888e23b557ddb49451f693fc6e5a794ba47049daf4143e2c2e910d57
164,dqn,979,random,low,28.379227053140095,78.0,19.581666666666667,44,164,-136.21644587683699,207,43,0,2,0,0,300.0,-18.357812684960663,-8.687799988400368,-53.17083320347592,-56.0,56,1,207,0,602e7c1cec9051e7be11c844781794916887ad52463311b80e61d2b68f1b0378
165,dqn,368,random,low,29.600858369098713,61.5,22.99,48,179,-132.9341004571455,233,54,0,2,0,0,300.0,-21.553125399397686,-9.07472499625728,-45.30625006149057,-57.0,57,1,233,0,8b63f4cc417aa31d21f6150ad5edad2faad6f74e19572680a013d989f9580eac
166,dqn,942,random,low,35.901185770750985,122.5,30.276666666666667,69,133,-177.62376245545812,253,120,0,2,0,0,300.0,-28.38437501026783,-23.33313753215262,-67.90624991303775,-58.0,58,0,253,0,40e5f3b5b2da6bdbe673b51b6a8fadaecc4c3e4bde8404e96009198830cad1b0
167,dqn,504,random,low,35.798701298701296,138.5,27.565,63,140,-176.80065443152787,231,91,0,2,0,0,300.0,-25.842187774484046,-17.63242501015994,-75.32604164688382,-58.0,58,0,231,0,841ead57d2fd8680e6608855215f58601ae4809db6008e3900aaf5f4f0b013cb
168,dqn,341,random,low,34.847417840375584,136.5,24.741666666666667,67,132,-167.90060436076095,213,81,0,1,0,0,300.0,-23.19531268242281,-14.785499986517976,-72.91979169182014,-57.0,57,0,213,0,b46203be370e6f3fcdb6840c6a110573e10331cf4037ff85924fa9e67ae35949
169,dqn,936,random,heavy,36.41050583657587,131.0,31.191666666666666,61,160,-179.15821270114895,257,97,0,1,0,0,300.0,-29.242187806637958,-19.60977497923814,-74.30624991527293,-56.0,56,0,257,0,edacc4545fa970a97c2ca37ead33660d2dee923af26469c1dd4769f22faaa98c
170,dqn,437,random,left_heavy,30.246543778801843,148.0,21.883333333333333,52,144,-181.84268368887066,217,73,16,19,0,0,300.0,-20.515625308617018,-17.55309998723023,-86.77395839302335,-57.0,57,0,233,16,1903fc03bbd55c90fbf33e4d191d36eabd68c4b936cefe4faa5497c70225c7ea
171,dqn,774,random,left_heavy,38.261044176706825,123.5,31.763333333333332,60,145,-188.70295445804436,249,104,22,26,0,0,300.0,-29.778125224169344,-25.49253751229917,-76.4322917215759,-57.0,57,1,271,22,4d932ddd0d7daa70f32d8a716fd9ad7d1cb03317207a0baa0f1685482b64ad0e
172,dqn,315,random,left_heavy,40.919172932330824,157.0,36.28666666666667,78,147,-198.19826292686767,266,119,40,42,0,0,300.0,-34.018750436836854,-28.223262463558054,-78.95625002647284,-57.0,57,0,306,40,df55f184347ce5cf41c31c106d67c9bfc4f8d6bf11a2427649c16469c284653f
173,dqn,1000,random,ns_heavy,28.9,109.0,18.785,43,150,-152.33810839159196,195,45,0,1,0,0,300.0,-17.61093765439,-10.515712519267252,-67.2114582179347,-57.0,57,1,195,0,88951c0d0fef6faabbb315922b74fac28fe21356c885d8337e944ab576213592
174,dqn,747,random,balanced,39.241573033707866,138.0,34.925,75,153,-197.51763769064783,267,114,0,2,0,0,300.0,-32.74218771082815,-24.43169995851568,-84.343750021304,-56.0,56,0,267,0,74804a03a548692a8ddd1973242a28705a0ba63383f6ecc59deb8eab0d2f0c21
175,dqn,878,random,low,24.782258064516128,88.5,15.365,33,131,-126.02335854041088,186,55,0,1,0,0,300.0,-14.404687756323256,-6.879087502171027,-49.739583281916566,-55.0,55,0,186,0,951cdc69d092f84fa4a17b5426485286bd1a9875f45ad7a180a7f27a41c6cccc
176,dqn,41,random,left_heavy,41.19391634980989,133.5,36.11833333333333,82,142,-206.4507256886885,263,121,23,26,0,0,300.0,-33.86093795392662,-32.27103753245538,-83.31875020230655,-57.0,57,0,286,23,3ff86ecc65355b3fd986c570ea66b9dbf6bdcdbc1240e12a29baeeb3742ad7fb
177,dqn,108,random,balanced,22.311046511627907,98.5,12.791666666666666,32,142,-126.88533350241123,172,30,0,1,0,0,300.0,-11.992187681025825,-5.716062493834035,-53.17708332755137,-56.0,56,0,172,0,d48eee2da03c83692acaa5634d1638552c409350aaa30fee8ce63f224f1e7882
178,dqn,68,random,ew_heavy,41.909937888198755,136.0,44.983333333333334,109,168,-215.19576277353775,322,154,0,2,0,0,300.0,-42.17187531723175,-32.052012427737665,-84.97187502856832,-56.0,56,0,322,0,983c67d6219671bc2be21c849a1a434e76217e9755f8a71a421690e4c9f2613f
179,dqn,532,random,heavy,18.45967741935484,74.5,11.445,43,146,-108.1781960600616,186,40,0,2,0,0,300.0,-10.729687717044726,-3.583925001030002,-36.86458334198687,-57.0,57,1,186,0,2ce481a1553a1a1f21860e92aac187d5e48ed020eb25035556fd7685e589ee83
180,dqn,405,random,ew_heavy,31.60674157303371,118.5,28.13,74,173,-177.04899632239315,267,94,0,2,0,0,300.0,-26.371875451761298,-16.412537513837012,-76.2645833567949,-58.0,58,0,267,0,acfd59da888e23b557ddb49451f693fc6e5a794ba47049daf4143e2c2e910d57
181,dqn,980,random,ns_heavy,32.15495867768595,148.0,25.938333333333333,61,145,-177.86953373390062,242,97,0,3,0,0,300.0,-24.317187858512625,-18.706512475472845,-78.84583339991514,-56.0,56,0,242,0,4c9d7e87285867d6a9a753d82b13571ed5d80ee70085b3d88a02794fa5926c2f
182,dqn,246,random,heavy,33.063265306122446,96.5,27.001666666666665,55,171,-157.79024624816824,245,74,0,2,0,0,300.0,-25.31406283401884,-14.895974985363145,-60.580208428786136,-57.0,57,1,245,0,0edb39eaecba8a3e968a497d4aca48e27ccb27ad027625120ab91064aab9c11a
183,dqn,169,random,low,25.39090909090909,81.5,18.62,41,144,-131.90012524799104,220,76,0,2,0,0,300.0,-17.456250302842818,-9.900125004333672,-48.54374994081445,-56.0,56,0,220,0,d0120c29dc130ed69463a778245f8dddd3a164056a7a47a6af881fd0c6015204
184,dqn,846,random,ew_heavy,31.1597510373444,117.0,25.031666666666666,57,160,-157.55707532043522,241,81,0,1,0,0,300.0,-23.46718788857106,-14.549262525904492,-62.5406249059597,-57.0,57,0,241,0,de5efe7b7852357e61af0db426c0e1138cd01d3bf9557262a72a6b829df2f245
185,dqn,303,random,ew_heavy,39.64173228346457,126.5,33.56666666666667,67,140,-193.93894193221993,254,114,3,7,0,0,300.0,-31.46875017962884,-28.122275019466908,-78.3479167331243,-56.0,56,0,257,3,3f41e4efd3ac0e3a16caad8cffbb7249ef1f9cacc1ea846f14b2918f6b486cc8
186,dqn,742,random,ew_heavy,34.701149425287355,176.0,30.19,63,169,-189.13568779115818,261,92,0,2,0,0,300.0,-28.303125262842514,-19.035687492343282,-84.79687503597233,-57.0,57,0,261,0,dc1973aeb5b3466721b831c86161b6e3ecf2e13f29e06416338401c22efb7abc
187,dqn,290,random,ns_heavy,17.787581699346404,80.0,9.071666666666667,26,131,-109.07902099541461,153,22,0,3,0,0,300.0,-8.504687670152634,-2.6972499998526467,-43.87708332540933,-54.0,54,0,153,0,4d67d5c5bee4554007fffd3cfd40273452e352b5fe7b61c46278e71639dc2644
188,dqn,546,random,ns_heavy,27.46818181818182,63.5,20.143333333333334,55,166,-130.03902114176736,220,54,0,1,0,0,300.0,-18.884375330992043,-8.649437519079948,-45.50520829169545,-57.0,57,0,220,0,3d67ec0cd17ba769454cdafa6a62d5b6bd58256b6f7748f96903e4ef50a4750b
189,dqn,82,random,heavy,38.48501872659176,144.5,34.251666666666665,71,155,-209.89410416477116,267,112,0,2,0,0,300.0,-32.110937619931065,-27.56337499267176,-94.21979155216832,-56.0,56,0,267,0,9e9d6a62a14fb39d95eda5ef31855973b349186e1baa48b575a989ff4f556812
190,dqn,662,random,ew_heavy,34.74864864864865,110.5,21.428333333333335,44,134,-150.3919294595682,185,51,0,1,0,0,300.0,-20.089062732993625,-12.58307501561576,-61.719791710958816,-56.0,56,0,185,0,20d27d2d394a1656e81171e26e81613738a8e83f13b973f3ee244f9b5ac91a17
191,dqn,916,random,heavy,32.712732919254655,142.5,35.111666666666665,81,168,-183.25812542574639,322,154,0,2,0,0,300.0,-32.91718784079421,-22.26281253244887,-70.07812505250331,-58.0,58,0,322,0,7a4cd91e9bef916f0e0c850d00c06b926aba1575395b45331d8e240d0df87c34
192,dqn,693,random,heavy,30.42093023255814,131.0,21.801666666666666,53,154,-159.1918501894019,215,61,0,2,0,0,300.0,-20.439062737394124,-12.60278747002885,-69.14999998197891,-57.0,57,0,215,0,33b98272e1ac1b8d3769a606e592b12777cf35e0537f326e6aff8bc234ac86bc
193,dqn,879,random,ns_heavy,31.5125,140.0,29.411666666666665,67,159,-166.87310451710442,280,121,0,4,0,0,300.0,-27.573437722981907,-17.761125020206244,-66.53854177391622,-55.0,55,0,280,0,d9cb4b363eda9d452fde08e51c6f016f2c03be577505eb70a06b22cc2cf37da0
194,dqn,782,random,balanced,29.46551724137931,131.0,22.786666666666665,46,147,-159.84024610218336,232,85,0,2,0,0,300.0,-21.362500282470137,-13.478787468971865,-69.9989583507413,-55.0,55,0,232,0,2f70f7d3e93bcbbf7d209f50c74cbb24789ab97696e462fdf2711e75ca027f3e
195,dqn,567,random,ns_heavy,30.08133971291866,96.0,20.956666666666667,45,147,-140.1337836666069,209,62,0,2,0,0,300.0,-19.646875310572796,-11.228574996538372,-54.25833335949574,-55.0,55,0,209,0,9f6e80a62d52a27d583f5c8d8cb912e4ef0acdfbe41f516aab6fd0fb70ce2383
196,dqn,928,random,balanced,25.469483568075116,113.0,18.083333333333332,50,143,-147.60626265406685,213,70,0,2,0,0,300.0,-16.953125231550075,-9.115637503332255,-64.53749991918448,-57.0,57,0,213,0,e371d07746a4fb9794d37e4ec1dede610eb54e0d2a1c2b07b07ba116767d7a4d
197,dqn,480,random,heavy,33.922,120.0,28.268333333333334,65,153,-182.59124205887287,250,97,0,2,0,0,300.0,-26.501562802121043,-17.332387504255905,-81.7572917524958,-57.0,57,0,250,0,607001744f58565ca621b3cc0e30242ecb8254de1206709d6c5cb73462df74d7
198,dqn,150,random,left_heavy,33.73090277777778,129.5,32.388333333333335,79,170,-177.3321129037977,288,118,8,11,0,0,300.0,-30.364062861423008,-19.924300008078717,-70.04375003429595,-57.0,57,0,296,8,9d17157e71213d5a818479d06a5453c56f8a15cbe0740ae7797064c166564464
199,dqn,556,random,ew_heavy,16.386904761904763,66.5,9.176666666666666,28,135,-104.53700019813047,168,33,0,2,0,0,300.0,-8.603125212946907,-2.843250006766902,-40.0906249784166,-53.0,53,0,168,0,d2e0babe22c2fe9a7444df9afb30c9dc3b62dbd8afaa0a05bdb6d03369b837ac
200,dqn,627,random,low,33.226063829787236,139.0,20.821666666666665,51,134,-165.62670449553633,188,54,0,2,0,0,300.0,-19.52031269716099,-11.589724953655246,-80.51666684472002,-54.0,54,0,188,0,d9c906d4a1598efbc39ed818b8a54f56e98e89e1eaec94b28a19ed80499aa79c
201,dqn,177,random,heavy,36.096311475409834,131.0,29.358333333333334,61,168,-188.7070836253647,244,76,0,1,0,0,300.0,-27.523437726777047,-19.831562494388358,-85.35208340419922,-56.0,56,0,244,0,fd1f8b801acb56448491eb5437a58b2518f17c14e219d263cd0d8a42000c378f
202,dqn,144,random,ns_heavy,8.685714285714285,42.0,3.04,10,105,-70.20731672777401,105,0,0,1,0,0,300.0,-2.8500000475905836,-0.47814999967886285,-15.879166680504568,-51.0,51,0,105,0,57907eaa162bbb511688c8ee3d4cf617ee3c1b5f6fb7a893f50806d4d3aec66c
203,dqn,664,random,left_heavy,34.517857142857146,127.5,25.776666666666667,63,140,-166.6464168011888,224,84,14,18,0,0,300.0,-24.165625139256008,-16.52037503050888,-68.96041663142387,-57.0,57,0,238,14,6f63f329edaea415599792c5f8c1a4164a8d03c95523e70e1517e2d7bbf68580
204,dqn,444,random,heavy,29.96812749003984,110.0,25.073333333333334,54,163,-154.78935012691142,251,88,0,2,0,0,300.0,-23.506250233505853,-15.673725001788261,-61.609374891617335,-54.0,54,1,251,0,ce33ce1144962693e1a066ec106f97caacb2d22b88aec8cddcb42b2b68d12425
205,dqn,482,random,balanced,31.958937198067634,151.5,22.053333333333335,48,132,-173.8270084683441,207,75,0,2,0,0,300.0,-20.67500016640406,-15.149925000745126,-85.00208330119494,-53.0,53,0,207,0,02ac9ba8fe3725747dc71c6cc248c1020e0b883e9a06707574f4e649558ff718
206,dqn,787,random,heavy,28.954732510288064,103.5,23.453333333333333,56,176,-150.57199197429802,243,67,0,2,0,0,300.0,-21.987500258139335,-11.35532499178881,-61.22916672436986,-56.0,56,0,243,0,9f9fa368eff6808cd434e9a744e0f28ceb0716deda49b6c1ae9bc78d43ae8c25
207,dqn,686,random,low,21.342657342657343,79.5,10.173333333333334,25,127,-110.54192516724072,143,16,0,1,0,0,300.0,-9.537500144913793,-3.826299999765614,-47.17812502256129,-50.0,50,2,143,0,722cede8ed78161b2108e950f8b41e8b1fe1c9c949e85301c4d9e3622da2b298
208,dqn,895,random,left_heavy,35.202429149797574,144.5,28.985,70,141,-182.28031265688907,247,106,11,13,0,0,300.0,-27.17343772633467,-19.234999968319602,-81.87187496223487,-54.0,54,0,258,11,7c62d920ff8d88710b3138d1e6e26f4e3a7ed85309547d1fc56f0d87ecfaa114
209,dqn,168,random,ew_heavy,39.238461538461536,159.0,34.00666666666667,87,133,-195.4490376405295,260,127,0,3,0,0,300.0,-31.881250071222894,-25.51466253929465,-82.05312503001187,-56.0,56,0,260,0,b54dbeae393602ef7aea3511579c7c540d00c1345745eea60d649c6120680a13
210,dqn,760,random,ns_heavy,31.406735751295336,117.0,20.205,44,142,-151.89838359731294,193,51,0,1,0,0,300.0,-18.94218775141053,-9.975987496837481,-65.98020834906492,-57.0,57,0,193,0,6deb35029bd63cc158b0129b1b72be9a438b99b810520ddf3b3ae13c846d20b0
211,dqn,541,random,ew_heavy,27.191836734693876,83.0,22.206666666666667,48,161,-130.69873361048454,245,84,0,2,0,0,300.0,-20.818750235950574,-10.474775030311873,-46.405208344222046,-53.0,53,1,245,0,3fb761cd18e2b2f561ca94cfa808a1756dd8a012d551b9c780cf9e73ac758a97
212,dqn,36,random,ew_heavy,28.297520661157026,124.0,22.826666666666668,49,190,-160.4339752104112,242,52,0,2,0,0,300.0,-21.40000028256327,-12.67772503138767,-72.35624989646021,-54.0,54,0,242,0,1619d9b22effddfbc3c1ae09751a6e675225252272b7f536ac907a39a05396bb
213,dqn,71,random,low,33.32911392405063,117.5,26.33,55,161,-167.18563770336988,237,76,0,2,0,0,300.0,-24.68437524395995,-15.285637489375219,-75.2156249700347,-52.0,52,0,237,0,45e0571bb397399fef20c12c794c542cfa4cbd2a2584c89c5ef23b9a49245c1f
214,dqn,360,random,low,36.44572368421053,125.0,36.931666666666665,85,180,-191.517583728242,304,124,0,2,0,0,300.0,-34.62343783536926,-22.638937500594338,-78.25520839227829,-56.0,56,0,304,0,3ac84310f4670bdb914221cb8d2acef68e94ff1262e4805fd8d9ea613f2081e5
215,dqn,640,random,low,29.14423076923077,141.5,20.206666666666667,45,154,-175.3699418901546,208,54,0,3,0,0,300.0,-18.943750270525925,-13.23139999472405,-91.19479162490461,-52.0,52,0,208,0,3e98d561c769ff6ce0db505ec9f04e93ded17de457907f0752d8467ffed31328
216,dqn,164,random,left_heavy,20.60233918128655,95.0,11.746666666666666,26,133,-127.43752921779091,171,38,16,21,0,0,300.0,-11.012500225333497,-7.127112514329202,-59.29791647812817,-50.0,50,0,187,16,568a03fa642ac7e48a79bca2bcb937142f4ccabda61d65484c83d4da4f4bdd68
217,dqn,545,random,ew_heavy,42.13544668587896,155.0,48.736666666666665,108,179,-227.20004187382995,347,168,0,2,0,0,300.0,-45.69062521785963,-39.1052499364428,-88.40416671952698,-54.0,54,1,347,0,f90bd8c6db0b763a055c7f04374d964a8727b10718f7d5e0639e6a5b58903f93
218,dqn,999,random,heavy,30.143192488262912,125.0,21.401666666666667,41,155,-153.77108795141325,213,58,0,3,0,0,300.0,-20.064062882214785,-11.432025019815047,-69.27500004938338,-53.0,53,0,213,0,9b1373578232abf7038b7421cdf74ba225d19a88f8091da68014255f39c45f4b
219,dqn,143,random,low,34.84,130.5,31.936666666666667,65,185,-197.6392376519615,275,90,0,2,0,0,300.0,-29.94062515720725,-21.314237472379308,-90.38437502237502,-56.0,56,1,275,0,099e0d5643aa76fbe46e370d581f1422378617bfc90e6a29fa4f22a263b58de5
220,dqn,145,random,left_heavy,38.21694915254237,137.5,37.583333333333336,77,162,-201.98010431185756,295,133,14,20,0,0,300.0,-35.23437520232983,-29.27906249803418,-83.46666661149357,-54.0,54,0,309,14,80624511d23829673732f6c586c2d660574044671831d618cb0411ec2ad546a3
221,dqn,967,random,ns_heavy,24.603448275862068,90.5,14.27,37,137,-124.1966960107159,174,37,0,1,0,0,300.0,-13.378125203424133,-5.722737526120187,-51.09583328117151,-54.0,54,0,174,0,ee94f4cca8089896ba8422e17dc4d8ce5a7fb3556a5a92e866dfd5a8b73000b0
222,dqn,245,random,low,16.971830985915492,90.5,8.033333333333333,19,127,-112.28938354268969,142,15,0,1,0,0,300.0,-7.531250155996531,-2.87479999832649,-48.88333338836674,-53.0,53,0,142,0,120f6b96eacedd0e49f0f91f6aa6413a0c10d10fc97cdd0ffdee2b36a644ac4a
223,dqn,875,random,low,29.144194756554306,119.5,25.94,57,185,-164.98012953216022,267,82,0,2,0,0,300.0,-24.318750358419493,-14.829087510465612,-72.8322916632751,-53.0,53,0,267,0,9e587b885186a0e1ba17361adbcced7245832bf47bbbebb7930289fe9aa3ba2a
224,dqn,358,random,heavy,19.84375,87.0,12.7,32,174,-112.81236677273338,192,18,0,1,0,0,300.0,-11.906250169500709,-4.289450012786983,-46.616666590445675,-50.0,50,1,192,0,072f37cc59012d78d1b16b521b1787d55d0c1001abab15e944ac5143aab3a221
225,dqn,757,random,low,17.30054644808743,86.0,10.553333333333333,31,154,-109.30079169321318,183,29,0,2,0,0,300.0,-9.893750179908238,-3.527875000438509,-47.879166512866504,-48.0,48,1,183,0,8cd1f25f13e1fc6d3a3ce025176d9c847deb04b728ae1b2a12268ac440fa1b02
226,dqn,61,random,ew_heavy,28.675373134328357,124.5,25.616666666666667,63,177,-150.43602951639977,268,91,0,2,0,0,300.0,-24.015625389991328,-12.228737498523694,-59.19166662788484,-55.0,55,0,268,0,6a388d1c5460a7dea110c7852817b55367058b04ad73f82c7650cbb78022e94a
227,dqn,633,random,left_heavy,25.476608187134502,107.5,14.525,33,118,-143.18493358593332,171,53,11,16,0,0,300.0,-13.617187786032446,-8.968787497029552,-69.59895830287132,-51.0,51,1,182,11,2dbe92cfc4a8f65af29ec82a9b64686f1224a0b980353ff7973c3772f0e07d66
228,dqn,871,random,balanced,36.805755395683455,114.5,34.10666666666667,90,158,-185.97798362078245,278,120,0,2,0,0,300.0,-31.97500026144553,-22.625900015766817,-76.37708334357012,-55.0,55,0,278,0,a35a77512524efb380958e80a608831c48422649bee491464e4c6bf338251185
229,dqn,339,random,balanced,37.23520249221184,145.5,39.84166666666667,97,177,-194.4651209880409,321,144,0,2,0,0,300.0,-37.35156272002496,-25.942725005866663,-77.17083326214924,-54.0,54,0,321,0,1ab825ab2115f843b642b7b44f7907d842e1ff14368fe03e57aa282564120324
230,dqn,637,random,balanced,18.7,67.0,9.038333333333334,25,121,-99.94757947475077,145,24,0,1,0,0,300.0,-8.473437730572186,-2.807475006770256,-38.66666673740838,-50.0,50,0,145,0,611928666c8211358cc60cc1eb99449e8918bf1c8a9dd97f2485a71856b526e6
231,dqn,215,random,low,31.02217741935484,122.0,25.645,69,151,-171.02781687364256,248,97,0,2,0,0,300.0,-24.042187734041363,-15.706462509481208,-82.27916663012002,-49.0,49,2,248,0,bf678b3241ca3fd07761d204298757116fc98dd81caac2e7a77f32d5f38d4254
232,dqn,160,random,balanced,24.434322033898304,101.0,19.221666666666668,43,184,-141.37595854216272,236,52,0,2,0,0,300.0,-18.020312718232162,-8.391062512118515,-61.96458331181202,-53.0,53,0,236,0,51e3bd85434342ab1179601518c8b42cc512ff84b9ca7df5668244de04e5dc70
233,dqn,1,random,ew_heavy,35.02895752895753,131.5,30.241666666666667,75,148,-178.7375375283482,259,111,0,3,0,0,300.0,-28.35156267241109,-20.104724955937854,-76.28124989999924,-54.0,54,0,259,0,c76ef13454cae27d63b887f3e6fb2cfc8084b18ef81ac0567e04c63c3f0b38f1
234,dqn,499,random,heavy,17.224409448818896,70.5,7.291666666666667,21,114,-98.72189183864757,127,13,0,1,0,0,300.0,-6.835937674972229,-2.1692875018903583,-39.716666661784984,-50.0,50,1,127,0,cd1e7bbcc53fe9e3f603ec53fb8eb51ebd71e311233ca9a526d86014ed6d8393
235,dqn,522,random,ew_heavy,38.93234323432343,108.5,39.321666666666665,82,153,-190.77965850231487,303,150,0,5,0,0,300.0,-36.8640627884306,-27.34163743746248,-71.57395827642176,-55.0,55,1,303,0,482fe256c319c800f922cbcf21787918770bcf26a84838e1345eb17e0d449857
236,dqn,79,random,balanced,22.41554054054054,118.0,11.058333333333334,31,133,-124.39177087429786,148,15,0,2,0,0,300.0,-10.367187595693395,-5.578750001065056,-65.44583327753935,-43.0,43,3,148,0,2ef4f61d5439a2806fbe666163d05f3218986253589c3de67b561c155d934d21
237,dqn,228,random,left_heavy,40.151162790697676,150.0,34.53666666666667,65,171,-204.15710455538292,258,87,20,24,0,0,300.0,-32.37812537513673,-28.49043753764636,-93.28854164259974,-50.0,50,1,278,20,51cb0111652460bddb6585cb2d1c1d70bb53250acca58465c027400bd03fcdff
238,dqn,611,random,low,30.752688172043012,126.5,19.066666666666666,48,142,-155.12575435200932,186,44,0,1,0,0,300.0,-17.875000315834768,-12.612212480560272,-77.63854155561421,-47.0,47,1,186,0,fdb49defc6d42cbc8abb2042b77d7b83fe97ed6d9e65eb434a1ea97235cccb5d
239,dqn,365,random,balanced,27.567857142857143,94.5,25.73,58,177,-145.011446173356,280,103,0,1,0,0,300.0,-24.12187522125896,-14.553112482705187,-54.3364584693918,-52.0,52,0,280,0,59a13a434ad644aecef169adaa9ee39d08cd6d9e6a887da1bc456fd640cd8bfb
240,dqn,232,random,left_heavy,27.68859649122807,120.0,21.045,48,170,-153.098037663602,228,58,15,17,0,0,300.0,-19.72968769923318,-12.621475009118873,-70.74687495524995,-50.0,50,1,243,15,1be23ffd793b219c96665ccf92aefe6c1dcd616c56c3e32137413e48cb1c43f0
241,dqn,7,random,low,14.656398104265403,77.5,10.308333333333334,31,177,-95.62157515668294,211,34,0,2,0,0,300.0,-9.664062676136382,-3.151262506600324,-36.80624997394625,-46.0,46,2,211,0,25de475f52afd35ce0bc8e2e398be14794f613c69fe72fd92dbb22c1f837e94e
242,dqn,39,random,low,26.343243243243244,95.0,16.245,37,144,-125.66730432205145,185,41,0,2,0,0,300.0,-15.22968773683533,-7.180324982663296,-57.25729160255287,-46.0,46,1,185,0,2c1e289bb2049af78d397c7cc434eec6e152400fa5221cfe77c5f803664d0870
243,dqn,638,random,low,31.17016806722689,133.0,24.72833333333333,60,169,-172.58759195242231,238,69,0,1,0,0,300.0,-23.182812763028778,-13.772487484395239,-85.63229170499835,-50.0,50,0,238,0,28a0a8056b29f521d29f748e7a4b5c827235820e108200200f8fd02caa338b2f
244,dqn,116,random,ns_heavy,41.263719512195124,143.5,45.115,91,178,-208.8066793899061,328,150,0,4,0,0,300.0,-42.29531269974541,-32.06345004146062,-81.4479166486999,-53.0,53,0,328,0,7352158da50ddf53ef4e95c99305cb0431109b74c93404251de544589b1daed4
245,dqn,846,random,ew_heavy,26.219917012448132,130.5,21.063333333333333,52,185,-148.48185456324288,241,56,0,1,0,0,300.0,-19.74687529914081,-11.771437511792469,-67.96354175230954,-49.0,49,0,241,0,de5efe7b7852357e61af0db426c0e1138cd01d3bf9557262a72a6b829df2f245
246,dqn,556,random,ew_heavy,17.366071428571427,63.0,9.725,29,135,-91.83064600095464,168,33,0,2,0,0,300.0,-9.11718772072345,-3.0113749993390226,-35.70208328089211,-44.0,44,1,168,0,d2e0babe22c2fe9a7444df9afb30c9dc3b62dbd8afaa0a05bdb6d03369b837ac
247,dqn,252,random,low,30.91703056768559,117.0,23.6,52,174,-160.3518919831192,229,55,0,2,0,0,300.0,-22.12500033224933,-12.097724985732198,-75.12916666513775,-51.0,51,0,229,0,94df5b4fc460b705fe437a07af4710a8f8e54c0aa03ce370f2fb70aa497ed0f8
248,dqn,637,random,balanced,15.23448275862069,67.5,7.363333333333333,22,138,-88.32943775662939,145,7,0,1,0,0,300.0,-6.903125197859481,-1.97631249746555,-36.45000006130431,-43.0,43,2,145,0,611928666c8211358cc60cc1eb99449e8918bf1c8a9dd97f2485a71856b526e6
249,dqn,162,random,left_heavy,37.86965811965812,148.0,29.54,61,149,-179.9925500190795,234,85,0,3,0,0,300.0,-27.69375005364418,-20.976924996145677,-79.32187496928964,-52.0,52,0,234,0,c386d88f10736dfea8583ec879dac340a33edf87aa13849215872051e3a70cdd
250,dqn,325,random,balanced,19.242574257425744,103.5,12.956666666666667,35,163,-127.96112107638186,202,39,0,2,0,0,300.0,-12.146875228499994,-5.271537496837847,-59.542708351043984,-51.0,51,1,202,0,3d026660992de65171ac6d94c3ac8e65fec5dcf25bfcb3e3f65aed919292afa6
251,dqn,497,random,ns_heavy,36.707317073170735,130.5,35.11666666666667,75,173,-189.41232951885385,287,114,0,3,0,0,300.0,-32.92187535727862,-23.45503747408584,-79.03541668748949,-54.0,54,0,287,0,4dda8697133c89fbc4b8691f908a5599c6b3579f40490bc26c3c17c0853299b8
252,dqn,644,random,left_heavy,29.853174603174605,94.5,25.08,55,172,-149.47844607135414,252,80,7,13,0,0,300.0,-23.51250028249342,-13.704487467735452,-59.26145832112525,-53.0,53,0,259,7,39e6523d0e586ce27988166a4cdb8ee700344fac847e5cc60220dc3a1a8b2d06
253,dqn,138,random,left_heavy,39.54270462633452,138.0,37.04333333333334,78,158,-196.49242943101052,281,123,18,22,0,0,300.0,-34.72812523075845,-27.09763748705811,-80.66666671319399,-54.0,54,0,299,18,6ad1b02ff207613328c9aaf805a780899669394701afd47bf9ea255c00b3ed04
254,dqn,353,random,balanced,30.160714285714285,112.5,25.336666666666666,58,155,-159.56196273488956,252,97,0,2,0,0,300.0,-23.75312518759165,-14.711962463083175,-69.09687508421484,-52.0,52,1,252,0,7fd7b8d36d121cebcbd8940c983bf5279888aaf66af132acd68e5a11607507ce
255,dqn,92,random,ew_heavy,12.852941176470589,47.0,5.098333333333334,15,107,-75.12658342121647,119,12,0,1,0,0,300.0,-4.779687612433918,-1.104187498646934,-29.24270831013564,-40.0,40,0,119,0,4b616086212e9574b0dee52c7ab288d8a33328e28e20497570e0a1afa408d206
256,dqn,131,random,ew_heavy,10.36241610738255,32.5,5.1466666666666665,19,139,-62.55326258903441,149,10,0,1,0,0,300.0,-4.825000086333603,-1.0095125035157255,-17.718749999185093,-39.0,39,3,149,0,a5afbc3f39e55c14793ee63d433883e9c617d165ce6abf0b7f800e67e9259e4d
257,dqn,224,random,heavy,25.775956284153004,108.5,15.723333333333333,33,147,-136.53093782438162,183,36,0,1,0,0,300.0,-14.740625314763747,-7.771562510153313,-64.01874999946449,-50.0,50,1,183,0,9b040871f9af2d06f96264f2d947276f00db4f17f1bc49b0778b55f992a1b132
258,dqn,316,random,balanced,30.609756097560975,145.5,20.916666666666668,47,141,-152.91805425063137,205,64,0,2,0,0,300.0,-19.609375079977326,-12.401387472733772,-72.9072916979203,-48.0,48,1,205,0,030155cd5e5f36be8c5ed20b1b9ec8cec81b4b0c98c0d021f324e62adf3b4ad8
259,dqn,909,random,balanced,31.746231155778894,125.0,21.058333333333334,43,160,-154.4043251064191,199,39,0,2,0,0,300.0,-19.742187729803845,-11.299637518711824,-74.36249985790346,-49.0,49,2,199,0,caed48faee592b6587c11a396611f88ce90a17e4d2714c565003d0db941a9e99
260,dqn,396,random,left_heavy,30.41125541125541,108.0,23.418333333333333,48,156,-152.01491687730243,231,75,13,17,0,0,300.0,-21.954687789431773,-12.452937498728721,-70.60729158914182,-47.0,47,1,244,13,8ce20e280bf03c66ef6bbd133a141f21acabde6f4f8df3628feaceebd45676b3
261,dqn,110,random,left_heavy,34.342213114754095,110.0,27.94,63,153,-167.87936677105682,244,91,11,16,0,0,300.0,-26.193750181701034,-20.740824979352322,-73.94479161000345,-47.0,47,2,255,11,06ee0a480abb39954b5017714a06c894634c0f4344e508f5d24f48129df5bc52
262,dqn,913,random,ns_heavy,20.425714285714285,122.0,11.915,38,149,-136.40337086054208,175,26,0,3,0,0,300.0,-11.170312648522668,-6.077849992478149,-76.15520821954124,-43.0,43,1,175,0,5792f899b6108202efd649742458ff84a92fae38378ca65d99344d8fb7ff3a28
263,dqn,570,random,ns_heavy,17.6875,57.0,5.66,20,87,-78.0403751962884,96,9,0,1,0,0,300.0,-5.306250155204907,-1.6466250028759524,-36.08750003820751,-35.0,35,2,96,0,0d4b7cbc5f5ae2e014e6a896c6c4cd6492fccc0faeef7a8b0a0bca9c9c21ff26
264,dqn,116,random,ns_heavy,39.109756097560975,144.5,42.76,93,188,-204.77515023034496,328,140,0,4,0,0,300.0,-40.08750027208589,-29.256399983381556,-83.43124997487757,-52.0,52,1,328,0,7352158da50ddf53ef4e95c99305cb0431109b74c93404251de544589b1daed4
265,dqn,83,random,heavy,23.47239263803681,122.0,12.753333333333334,26,142,-137.25663774567587,163,21,0,1,0,0,300.0,-11.956250238697976,-6.875387504253741,-77.42500000272412,-41.0,41,1,163,0,90978faffda23712babd520a4117ef2581ac6b734212ec81be226befb4bf5cab
266,dqn,87,random,left_heavy,29.37962962962963,125.0,21.163333333333334,37,154,-162.75965026005363,216,62,17,22,0,0,300.0,-19.84062530065421,-15.44715004934188,-77.47187491005752,-50.0,50,3,233,17,bddc4636a165c22ceb7a21dc68b0bb2dd94d211402f76915a5b4a6a3132aaad4
267,dqn,911,random,heavy,23.252403846153847,102.0,16.121666666666666,49,164,-133.0290460436045,208,44,0,2,0,0,300.0,-15.11406274093315,-8.953525015818741,-62.961458286852576,-46.0,46,2,208,0,7ba0de31f540462bf19026bdcbb4897d2d5767d413c8a1ceb105611bacea1fb5
268,dqn,562,random,ns_heavy,22.360335195530727,121.5,13.341666666666667,35,144,-150.17882518105105,179,35,0,2,0,0,300.0,-12.507812638999894,-10.180387490618884,-83.49062505143229,-44.0,44,1,179,0,ff971fe4f8d94fdac090b3a68677e8d28f1b07ddad739bf758916bb0b8e5ae79
269,dqn,681,random,heavy,27.27935943060498,129.0,25.551666666666666,57,190,-171.15836681054355,281,91,0,2,0,0,300.0,-23.954687730176374,-13.846387498675906,-85.35729158169124,-48.0,48,1,281,0,7073a83ca3e81583365212ad77efc76705c7542c5913d63b0e2b373df35c2e36
270,dqn,964,random,ns_heavy,26.89080459770115,79.5,15.596666666666666,38,142,-121.7874502250495,174,32,0,2,0,0,300.0,-14.621875187731348,-7.618699995757924,-54.54687504156027,-45.0,45,1,174,0,96fc2f49e00b3a78bf4462a075c3e9cc430c7c474573cc3da7eb2ec9bdc3768c
271,dqn,402,random,heavy,32.982,106.5,27.485,62,156,-163.34449191687224,250,94,0,2,0,0,300.0,-25.767187827033922,-15.666887503164611,-69.91041658667382,-52.0,52,0,250,0,b4d3738f6a03ae53104a3ed6b4190a7681bbaf9751c2281a04491b807446e099
272,dqn,908,random,heavy,31.94573643410853,122.5,27.473333333333333,55,178,-155.69082930587828,258,80,0,2,0,0,300.0,-25.75625016412232,-15.299162506793078,-69.6354166349629,-45.0,45,3,258,0,dc130703ad34097ef9e5a605adaca0e298e21d633ec6d1c3f9c4fd5538ee7b9f
273,dqn,404,random,low,32.73232323232323,117.5,21.60333333333333,46,146,-156.0653210684183,198,52,0,2,0,0,300.0,-20.253125274088234,-13.356987516418299,-76.45520827791188,-46.0,46,4,198,0,a15773ee65a7070349d5ffffd03e96ad455e4dade19b01f5547cd93a9a77e597
274,dqn,701,random,balanced,44.25915492957746,142.5,52.373333333333335,119,158,-225.99107103665875,355,197,0,2,0,0,300.0,-49.10000016831327,-40.98586253064198,-84.90520833770279,-51.0,51,2,355,0,46776f71aa7b179c0527bf0e8b87e8ee9e2fa52a8363adeea2edb0efe737b78d
275,dqn,827,random,balanced,22.65366972477064,92.0,16.461666666666666,41,188,-119.77907521890522,218,30,0,1,0,0,300.0,-15.432812802726403,-6.465012501650927,-55.88124991452787,-42.0,42,3,218,0,04e17b88b36a33bdfe75378b8fda6b69c17a876ac58c410ac5eed5b97851af39
276,dqn,67,random,heavy,18.571428571428573,129.0,10.833333333333334,25,154,-120.90680848839688,175,21,0,1,0,0,300.0,-10.156250157975592,-4.204725002730267,-67.54583332769107,-39.0,39,4,175,0,1f68dacc099006291099fe5bfa1e1dfc0e4418400e1b79180f3c0ca0922027b3
277,dqn,735,random,ns_heavy,34.32649842271293,130.5,36.27166666666667,70,208,-191.10251294266928,317,109,0,3,0,0,300.0,-34.00468789006118,-22.232200011420357,-83.86562504118774,-51.0,51,0,317,0,2f7c3679a9dc9728b4191f012205da3c595225c8d74a663e4431e420c24f0684
278,dqn,807,random,left_heavy,37.56324110671937,124.0,31.683333333333334,66,159,-175.97048774817154,253,94,19,23,0,0,300.0,-29.70312526426278,-21.21736254032367,-78.04999994358514,-47.0,47,3,272,19,18495bc49f47321300562cf1e93c23d6c1c0765b885c2d3d96d2bd2089e318ca
279,dqn,969,random,ns_heavy,23.24576271186441,82.0,13.715,32,161,-117.35390440046976,177,16,0,1,0,0,300.0,-12.85781273606699,-5.157549997774912,-55.33854166662786,-44.0,44,3,177,0,655003299a3c4c39f42d16c9122192517844012e61e415fd9ebc82eec81d9e74
280,dqn,684,random,balanced,23.773333333333333,103.0,17.83,40,175,-134.40261276939782,225,50,0,2,0,0,300.0,-16.71562518866267,-9.552612505274736,-68.13437507546041,-40.0,40,4,225,0,d7c44b148cbb1a2bfbb98c0e4fcc9853f4cddbf2ff8822998a1c342e4fc3e6a0
281,dqn,489,random,low,26.722972972972972,117.5,19.775,40,175,-134.33394606587024,222,47,0,2,0,0,300.0,-18.539062719326466,-9.752175004929445,-60.04270834161434,-46.0,46,1,222,0,57070a16f0b95c6b6af029b3dfb761ef144cdcf63f7815021988c59a92b57042
282,dqn,144,random,ns_heavy,12.776190476190477,44.5,4.471666666666667,20,104,-62.97719593949075,105,1,0,1,0,0,300.0,-4.192187600419857,-0.9422999995054855,-23.842708339565434,-34.0,34,8,105,0,57907eaa162bbb511688c8ee3d4cf617ee3c1b5f6fb7a893f50806d4d3aec66c
283,dqn,768,random,heavy,36.80443548387097,142.0,30.425,67,160,-168.27042508961094,248,88,0,3,0,0,300.0,-28.52343775087502,-18.831362460715905,-74.91562487802003,-46.0,46,1,248,0,13e9da340406a21e64117d9080edd67d0df5e32428754b747570555eb1a90116
284,dqn,465,random,ns_heavy,28.77485380116959,127.0,16.401666666666667,32,137,-151.17106297477943,171,34,0,1,0,0,300.0,-15.376562784891576,-9.72887500881552,-82.06562518107239,-44.0,44,1,171,0,071ce8d8b764837e42942758684fc4f62d7fec87702be585d690e0e77d49daea
285,dqn,807,random,left_heavy,39.27,132.5,32.72833333333333,72,149,-185.75081693430909,250,101,22,24,0,0,300.0,-30.682812789455056,-23.507587447678816,-81.56041669717524,-50.0,50,1,272,22,18495bc49f47321300562cf1e93c23d6c1c0765b885c2d3d96d2bd2089e318ca
286,dqn,50,random,heavy,34.75875486381323,118.0,29.776666666666667,54,174,-173.6836460076803,257,83,0,3,0,0,300.0,-27.915625231107697,-19.44406249642561,-80.32395828014705,-46.0,46,2,257,0,a97da7d4b8b56d8f0c7849f6dbbc2eb6f5db4aa6c780b640fe05eddd9c48f298
287,dqn,347,random,heavy,30.456043956043956,117.0,27.715,72,167,-157.70750421807313,273,106,0,2,0,0,300.0,-25.9828126730863,-14.842399942433984,-68.88229160255287,-48.0,48,2,273,0,73ec87c761e3e04e71dabb2ef86f53d3c657c856bd6d5b750c94695c9e5f1301
288,dqn,802,random,ew_heavy,24.01298701298701,84.5,12.326666666666666,23,136,-116.7297376567316,154,18,0,2,0,0,300.0,-11.556250227498822,-5.051612499710606,-58.121874929522164,-42.0,42,4,154,0,6004eb6d92522a5c63789a315d0b20a3a1605b9e3d4e901d0dfec7e8571f1b97
289,dqn,611,random,low,28.986559139784948,101.5,17.971666666666668,49,151,-133.49315021466973,186,35,0,1,0,0,300.0,-16.84843766654376,-10.46033749799753,-70.18437505012844,-36.0,36,6,186,0,fdb49defc6d42cbc8abb2042b77d7b83fe97ed6d9e65eb434a1ea97235cccb5d
290,dqn,719,random,left_heavy,40.487972508591064,131.0,39.28,75,173,-200.37428753066416,291,118,9,11,0,0,300.0,-36.82500002719462,-31.152412527357953,-84.39687497611158,-48.0,48,2,300,9,3702bda132b8a1de72130a4b9c1ce5ea72d54dc9f866d67ebcb3c1b7f3efa32a
291,dqn,591,random,balanced,23.157894736842106,91.5,14.666666666666666,34,163,-129.35190835613975,190,27,0,2,0,0,300.0,-13.750000185449608,-6.462324996783716,-65.13958317390643,-44.0,44,5,190,0,e84ee16807ff7b35ab28cb371015d08f8d4773b76a2d47e92baa58b30e7852b0
292,dqn,805,random,ns_heavy,18.970338983050848,120.0,7.461666666666667,21,104,-103.34828757450663,118,14,0,1,0,0,300.0,-6.995312606100924,-3.2904749925037335,-60.06249997590203,-33.0,33,8,118,0,7428892fe51292db1d2d4da7c24f51316373fa2e9eef35907d9e002fac91de7e
293,dqn,831,random,ns_heavy,25.415584415584416,93.0,13.046666666666667,33,134,-115.2764044331802,154,20,0,1,0,0,300.0,-12.231250218814239,-6.569112498890177,-60.47604171547573,-36.0,36,6,154,0,ab366162b1f82aec54ac7b254dac8a481899b21eb739ec667be82a6efb759fb4
294,dqn,761,random,heavy,27.421319796954315,138.0,18.006666666666668,43,150,-150.93396282974132,197,47,0,1,0,0,300.0,-16.88125026738271,-10.552712494255681,-84.50000006810296,-39.0,39,6,197,0,d52af69b832aa5c2e6b8af7c2555d06a787ff8dc5e1d10aa98e0c39ae62697fb
295,dqn,663,random,low,20.327272727272728,93.5,11.18,23,146,-107.66066275345297,165,19,0,1,0,0,300.0,-10.481250285287388,-4.420037500738546,-55.75937496742699,-37.0,37,4,165,0,3b5ee66c7f41b9833dc6deced150cab7482bfe1f5c66c422adf9764a1378d989
296,dqn,268,random,heavy,30.29605263157895,108.0,30.7,68,209,-163.99003771978826,304,95,0,2,0,0,300.0,-28.781250203144737,-18.055662505048534,-70.15312501159497,-47.0,47,4,304,0,dafd59a73d6b138808b258f89a1c3c515ebd5447b7480a188af6f43809c45ebd
297,dqn,76,random,left_heavy,32.99579831932773,141.5,26.178333333333335,49,155,-160.14435843700915,238,83,9,14,0,0,300.0,-24.54218768537976,-15.746962464031814,-73.85520828759763,-46.0,46,4,247,9,16181ce00daa20604577eef8317c2822a957b7db97eac87aceaade5d802c1143
298,dqn,790,random,balanced,26.213973799126638,133.5,20.01,39,187,-138.66131673492998,229,42,0,2,0,0,300.0,-18.759375141584314,-9.56340000681157,-71.33854158653412,-39.0,39,6,229,0,66fb49dd741d6d624559d448eadd06ca9e9f162bfd9125da43b4ee79408ca8d3
299,dqn,352,random,ns_heavy,34.04401408450704,122.5,32.22833333333333,62,191,-178.04844192079398,284,93,0,2,0,0,300.0,-30.21406276919879,-20.764587511789436,-84.06979163980577,-43.0,43,5,284,0,550e14806aaf5da01382f132de42344e06650276809c1d55f9ec04e1003f749d
300,dqn,250,random,ew_heavy,20.093457943925234,82.0,7.166666666666667,18,101,-95.76857089248875,107,6,0,1,0,0,300.0,-6.718750157742761,-3.2946124970672828,-51.755208237678744,-34.0,34,6,107,0,975b020ae433f11b570d03a691a7efe433a8c55f07f707b956607d7794c5b759
301,dqn,4,random,heavy,25.478346456692915,96.0,21.571666666666665,53,189,-130.3386627844877,254,65,0,2,0,0,300.0,-20.223437817534432,-11.299600001016366,-61.81562496593688,-37.0,37,5,254,0,4d4f2d5bf194663c89b614f4291d4a6f11113f0d6b7e52bdef134e87d740f04d
302,dqn,138,random,left_heavy,35.55789473684211,140.0,33.78666666666667,71,171,-186.10005022866605,285,114,14,20,0,0,300.0,-31.675000215764157,-25.0781750283386,-83.34687498456333,-46.0,46,4,299,14,6ad1b02ff207613328c9aaf805a780899669394701afd47bf9ea255c00b3ed04
303,dqn,36,random,ew_heavy,25.605371900826448,120.5,20.655,38,194,-148.6128627697188,242,48,0,2,0,0,300.0,-19.364062784356065,-10.62067498217293,-77.62812500318978,-41.0,41,3,242,0,1619d9b22effddfbc3c1ae09751a6e675225252272b7f536ac907a39a05396bb
304,dqn,391,random,ns_heavy,34.1,123.5,36.375,70,215,-177.16480446074655,320,105,0,3,0,0,300.0,-34.10156272898894,-20.946574987643547,-78.1166667441139,-44.0,44,4,320,0,826aff74ebdfce7de42d4fe83465084d0ffc6f68cfd70af2a8a2dbfc334b78c4
305,dqn,297,random,ns_heavy,14.755555555555556,85.5,6.64,15,125,-89.90465001927005,135,10,0,1,0,0,300.0,-6.2250001354841515,-1.9890250007367298,-50.69062488304917,-31.0,31,9,135,0,57381bd6087324c23596565dab3d41bd4db9f6a89432ab63c08f3a30be44465c
306,dqn,498,random,ew_heavy,27.516216216216215,86.5,16.968333333333334,39,145,-121.0591959530131,185,40,0,1,0,0,300.0,-15.907812770223245,-7.886799995030014,-60.264583187759854,-37.0,37,5,185,0,79136ab87b1bdd037372a28e094bfc2fd7b5d4d80c2029386fbad40cdcd7f32f
307,dqn,574,random,ns_heavy,21.39908256880734,100.0,15.55,41,182,-118.25387122250474,218,36,0,2,0,0,300.0,-14.578125335276127,-5.767412486382089,-59.90833340084646,-38.0,38,5,218,0,ff6b1d6b61d0d9e98efc66a3f79020bc45253919c051c462d3164fd9b8dfae3e
308,dqn,286,random,ns_heavy,33.0825,132.0,22.055,42,143,-172.86405854426337,200,57,0,1,0,0,300.0,-20.676562787266448,-14.138537482810355,-94.04895827418659,-44.0,44,2,200,0,d32832a318862fa47223e5e6fc6fc16b4ab10782b275e9905acbb06cefeac505
309,dqn,535,random,ns_heavy,20.058479532163744,90.0,11.433333333333334,24,149,-111.55923760992813,171,22,0,2,0,0,300.0,-10.718750158324838,-4.031112502057657,-59.8093749495456,-37.0,37,3,171,0,a65060576d5a617d26d82522c628c763a1ded56cadbc1041b31584eb4f352f77
310,dqn,606,random,heavy,27.02760736196319,126.5,14.685,33,131,-138.9336417424682,163,32,0,1,0,0,300.0,-13.767187654273584,-7.096662507993463,-81.06979158020113,-37.0,37,5,163,0,d59b3830b094bd6e4a56c4984bcebfb7a69acc08fb4fc642feff5363592428e1
311,dqn,673,random,low,13.961904761904762,74.0,9.773333333333333,24,197,-85.16556268821083,210,13,0,2,0,0,300.0,-9.162500187056139,-2.8655624985236474,-41.137500002630986,-32.0,32,7,210,0,eef8d318c687b8b56ed2f7a24273306fea342f6393aed40644a9028a1a005c37
312,dqn,603,random,balanced,19.95736434108527,101.5,8.583333333333334,21,113,-99.76203351689112,129,16,0,1,0,0,300.0,-8.046875195228495,-3.7599499943906247,-56.955208327271976,-31.0,31,7,129,0,091434f15f1d1302827824ef2c26f7c413507c353a297e5bca82add149ffa956
313,dqn,34,random,balanced,23.536679536679536,93.5,20.32,44,212,-133.93416281028843,259,47,0,2,0,0,300.0,-19.05000040179584,-8.762287509238377,-65.12187489925418,-41.0,41,2,259,0,f73a663e2568ed240bf11c9ed11b57ff90ac2b8da4d5ab4fbd9aafab6d5a041d
314,dqn,240,random,low,19.662420382165607,82.5,10.29,31,128,-97.59887096021487,157,29,0,1,0,0,300.0,-9.646875206031837,-3.5811625038382764,-49.37083325034473,-35.0,35,7,157,0,5a142e672b96be0024c98c79a627352c774e74d51946294007ca509e3168033b
315,dqn,795,random,heavy,31.461748633879782,121.0,19.191666666666666,57,124,-140.31133765849444,183,59,0,1,0,0,300.0,-17.992187769385055,-11.30040002189271,-72.01874986721668,-39.0,39,6,183,0,201e0f3e93fe22f26ba8519814e1c4e61d754732577eb37c713d636bcc9d7e68
316,dqn,623,random,heavy,34.833333333333336,142.5,32.395,84,176,-187.9454626531035,279,103,0,1,0,0,300.0,-30.37031264975667,-21.575150026979113,-87.99999997636769,-48.0,48,2,279,0,7bfde1340a024efbb0f158de5007d437b3cdf0777f1b816dab693659b601ef19
317,dqn,296,random,balanced,28.68300653594771,105.0,14.628333333333334,30,126,-121.90492093603977,153,27,0,1,0,0,300.0,-13.714062585378997,-7.607525012399127,-61.58333333826158,-39.0,39,8,153,0,18ac3daa428889b51750b3716f1954a6eba603a86b1e1cf651f77288b01be37c
318,dqn,358,random,heavy,23.028645833333332,67.0,14.738333333333333,38,180,-102.63644599776966,192,12,0,1,0,0,300.0,-13.817187667824328,-5.095300002859586,-47.72395832708571,-36.0,36,8,192,0,072f37cc59012d78d1b16b521b1787d55d0c1001abab15e944ac5143aab3a221
319,dqn,930,random,balanced,26.192883895131086,106.5,23.311666666666667,54,191,-133.59542520189567,267,76,0,2,0,0,300.0,-21.85468767490238,-11.687612534234354,-58.05312499275897,-42.0,42,4,267,0,620ec92bf581f7aa20322a2a829c624b28af954526b79df6a6b1268f06589325
320,dqn,735,random,ns_heavy,37.63722397476341,157.5,39.77,79,190,-202.73649210721268,317,127,0,3,0,0,300.0,-37.28437541308813,-27.882324957461247,-89.56979173666332,-48.0,48,3,317,0,2f7c3679a9dc9728b4191f012205da3c595225c8d74a663e4431e420c24f0684
321,dqn,375,random,ns_heavy,26.800373134328357,115.0,23.941666666666666,58,184,-151.58842957053923,268,84,0,2,0,0,300.0,-22.445312835392542,-12.932700005934018,-72.21041672921274,-44.0,44,4,268,0,4177d0d2747b66881571ee22ce1319b1698431305703d0bb7ce03adbd528ac78
322,dqn,291,random,balanced,24.170212765957448,125.5,15.146666666666667,33,164,-122.95835037108257,188,24,0,2,0,0,300.0,-14.200000372948125,-6.452099995317255,-70.30625000281725,-32.0,32,7,188,0,afa038bff57806ab8148b5a9a79d28e2f4f6456ac9bae8130d777752888502d8
323,dqn,130,random,heavy,31.002590673575128,121.5,19.945,57,143,-145.19750832273496,193,50,0,1,0,0,300.0,-18.69843760575168,-11.868862505381548,-75.63020821160171,-39.0,39,4,193,0,51b1e36fbfc2726b213e586673a5fe48716b975b8cacc99f3a3b6e9d70bcd7e8
324,dqn,799,random,ew_heavy,27.68609022556391,120.0,24.548333333333332,58,188,-147.11309179208908,266,78,0,2,0,0,300.0,-23.01406264351681,-12.541737485669723,-69.55729166290257,-42.0,42,3,266,0,3e8c7291d061e50dc5d386ce76937c79568c86c15ab0768cba4e606014344e6c
325,dqn,630,random,ew_heavy,21.16216216216216,93.0,13.05,33,158,-111.13618328116507,185,27,0,2,0,0,300.0,-12.234375110827386,-6.002849995243745,-57.89895817509387,-35.0,35,7,185,0,ffd2b90972be11c63be1d744827f213f7c622deee401f3eff1b557237ff07980
326,dqn,416,random,left_heavy,24.72979797979798,99.0,16.321666666666665,39,152,-121.74956264317812,198,46,0,3,0,0,300.0,-15.301562741748057,-7.53549999994066,-64.91249990148935,-34.0,34,6,198,0,05eb738634fb18cd6d445e1ee1563b42d90c4cb8de1596522fc512792662513e
327,dqn,693,random,heavy,30.334883720930232,83.5,21.74,42,166,-129.43555873420337,215,49,0,2,0,0,300.0,-20.381250384030864,-10.445974994774586,-59.60833335539792,-39.0,39,5,215,0,33b98272e1ac1b8d3769a606e592b12777cf35e0537f326e6aff8bc234ac86bc
328,dqn,554,random,left_heavy,31.736363636363638,169.0,29.093333333333334,57,185,-175.11094627560297,275,90,0,5,0,0,300.0,-27.27500039001461,-17.252612544300046,-89.58333334128838,-41.0,41,2,275,0,1357acea26deba285d711896a9b91cedb2815e1276744ee5a2d0c94f1f8b40af
329,dqn,533,random,left_heavy,27.05576923076923,126.0,23.45,50,173,-142.03510454905407,260,87,2,14,0,0,300.0,-21.984375314903446,-12.446562515368717,-70.60416671878193,-37.0,37,5,262,2,fdaa61ca2931fbc64cdc84eb6512f560b468cf9efca28d2804e1528223ab3d5b
330,dqn,674,random,heavy,15.272522522522523,84.5,11.301666666666666,26,211,-87.3523751718698,222,11,0,1,0,0,300.0,-10.595312702236697,-3.1070625022061007,-43.64999996742699,-30.0,30,7,222,0,4c23ae76a065fcf0bf936614d6710c1d1aef5ed93d892d7c9239ab316de91cf8
331,dqn,766,random,low,32.37903225806452,135.0,26.766666666666666,58,168,-161.01637952284864,248,80,0,2,0,0,300.0,-25.093750265426934,-14.94658749840673,-77.97604175901506,-43.0,43,4,248,0,6c111e0866ea5f7769d29d8f5d14a78f26442cf78394c9cd4e89928df3a7421d
332,dqn,519,random,heavy,31.052147239263803,78.5,16.871666666666666,42,131,-114.58676260989887,163,32,0,1,0,0,300.0,-15.817187700653449,-7.178949993227434,-59.59062491601799,-32.0,32,9,163,0,a3eec615fe21f5fae221d56ba665d013b9f28739b9a80ef6c92a81282dc6b9e5
333,dqn,412,random,low,28.27777777777778,96.0,13.573333333333334,29,117,-111.6635834133551,144,27,0,1,0,0,300.0,-12.725000068428926,-5.386500006664573,-58.55208333826158,-35.0,35,6,144,0,ac0b4c73c11de62f52b7d63184ae9b340a4c50d00ef93dbecadf83b6bb9e4a56
334,dqn,258,random,left_heavy,31.71063829787234,110.5,24.841666666666665,60,144,-154.8816502161215,235,91,0,7,0,0,300.0,-23.289062717347406,-14.53946250042718,-76.0531249983469,-41.0,41,2,235,0,e6c17d1ef923d98607f6259e079a74fcaf1561133f33a70cd7ecd80567c906ca
335,dqn,303,random,ew_heavy,27.488326848249027,92.0,23.55,52,182,-134.7557670272981,257,75,0,3,0,0,300.0,-22.078125315834768,-11.02035000422984,-59.657291707233526,-42.0,42,4,257,0,3f41e4efd3ac0e3a16caad8cffbb7249ef1f9cacc1ea846f14b2918f6b486cc8
336,dqn,980,random,ns_heavy,27.041322314049587,135.5,21.813333333333333,46,166,-137.52037959367368,242,76,0,3,0,0,300.0,-20.45000034000259,-11.522462488695604,-65.54791676497553,-40.0,40,3,242,0,4c9d7e87285867d6a9a753d82b13571ed5d80ee70085b3d88a02794fa5926c2f
337,dqn,186,random,balanced,29.37925170068027,146.0,28.791666666666668,71,200,-160.67842934860747,294,94,0,2,0,0,300.0,-26.992187764961272,-13.925825017601166,-76.76041656604502,-43.0,43,2,294,0,537bc70cf66b225a15295c0ae796f794c2df44804e3cdb5fec58c920b55b125b
338,dqn,97,random,balanced,31.034632034632036,97.5,23.89666666666667,49,176,-151.97830456666054,231,55,0,2,0,0,300.0,-22.40312529169023,-12.83663752787616,-73.73854174709413,-43.0,43,3,231,0,dac497eac3c931836afde4d5f93f5f82013ea692585b6ccb568f3995bebaa681
339,dqn,617,random,left_heavy,40.147157190635454,140.5,40.015,87,178,-204.59864203262026,299,121,10,13,0,0,300.0,-37.514062781701796,-26.98041251723552,-94.10416673368309,-46.0,46,3,309,10,08ba322e254c34962e79df05e986fa89c7f93514bb6336163781fa98c23012c2
340,dqn,325,random,balanced,21.413366336633665,87.5,14.418333333333333,27,169,-107.93215024482994,202,33,0,2,0,0,300.0,-13.517187748569995,-5.202462495305371,-55.212500000954606,-34.0,34,5,202,0,3d026660992de65171ac6d94c3ac8e65fec5dcf25bfcb3e3f65aed919292afa6
341,dqn,96,random,heavy,28.217777777777776,100.0,21.163333333333334,59,164,-135.6306419451786,225,61,0,2,0,0,300.0,-19.840625297278166,-9.879600007908449,-65.91041663999204,-40.0,40,5,225,0,404558edb0ff371ae822f51017b9f7899456b6909e1cfe91c9a29d47befdfdbd
342,dqn,550,random,low,29.230113636363637,121.0,34.29666666666667,78,222,-159.98582531691565,352,130,0,3,0,0,300.0,-32.153125329641625,-17.69207499600524,-68.14062499126885,-42.0,42,3,352,0,f661b6c7bd5af3949de1e6128f2f7a19958ba666b968fd18b00094fa9d753041
343,dqn,750,random,left_heavy,28.39121338912134,86.0,22.618333333333332,44,161,-128.28825429679787,239,78,0,4,0,0,300.0,-21.204687704565004,-12.013775016688314,-59.069791575544514,-36.0,36,4,239,0,1b64a012e291a9b411b497fbb83478547303b51cccd498c331266008cbd14cfa
344,dqn,29,random,low,21.762569832402235,89.5,12.985,39,144,-108.40647506788736,179,35,0,1,0,0,300.0,-12.17343764519319,-4.8174124887947976,-56.41562493389938,-35.0,35,6,179,0,99f2846174037385b882a4c714e8234606c6ee9e277f5812400eb4ce8dda25be
345,dqn,488,random,low,31.54861111111111,108.0,22.715,47,136,-158.06961271499523,216,80,0,2,0,0,300.0,-21.29531273129396,-12.90554997995277,-73.86875000374857,-50.0,50,4,216,0,f4f3e7519ea4b6edb2071c47320adce1c10a4dbd6edf63f9a3cd58606a5b50e4
346,dqn,155,random,balanced,31.791666666666668,96.0,27.976666666666667,57,164,-157.3205961071603,264,100,0,4,0,0,300.0,-26.228125294903293,-15.524762522424137,-69.56770828983281,-46.0,46,3,264,0,eb7c482c1c640ecb278d3dcbccb2dfbdc60a8542225bc0c9394fdbd81b4b2f5f
347,dqn,575,random,low,35.86443661971831,91.0,33.95166666666667,72,173,-163.52742532988486,284,111,0,1,0,0,300.0,-31.82968780491501,-19.488362526739365,-68.20937499823049,-44.0,44,4,284,0,b0a88752af54cdd8ccb985b0a7aec74809045021b3b65a1b4351a3d98bf88ef8
348,dqn,800,random,balanced,31.20731707317073,122.5,17.06,36,120,-149.46096691661663,164,44,0,2,0,0,300.0,-15.993750187102705,-11.47867499359563,-79.98854173591826,-42.0,42,5,164,0,f59f90f59bb07671aa199b698c4c290892175cbeab46e03890c95d2443a0d601
349,dqn,804,random,ew_heavy,22.936681222707424,75.5,17.508333333333333,40,179,-115.13746689120379,229,50,0,3,0,0,300.0,-16.41406278172508,-7.04736250650676,-51.676041602971964,-40.0,40,3,229,0,cd3eda958b5c9d33c5a74c4d8df60a02518efc8e132ac235acde8df555ea4d5e
350,dqn,784,random,low,20.15142857142857,87.5,11.756666666666666,27,155,-100.41892111833367,175,20,0,3,0,0,300.0,-11.021875295322388,-4.188712495925575,-53.20833332708571,-32.0,32,8,175,0,2412343e38240f1d9a072a7b95b0fa2accd949acd36c0a97405822e0106b755d
351,dqn,295,random,ns_heavy,28.215555555555557,108.5,21.161666666666665,43,147,-144.701404346346,225,78,0,2,0,0,300.0,-19.839062697486952,-12.423800023581869,-68.43854162527714,-44.0,44,3,225,0,9ef5d92f6b6f2baad30530c93a7e1aa558289089166e1bf24d74f5dc794af88b
352,dqn,637,random,balanced,14.803448275862069,94.5,7.155,18,139,-88.22914178579012,145,6,0,1,0,0,300.0,-6.707812636275776,-2.44528750076788,-52.07604164874647,-27.0,27,10,145,0,611928666c8211358cc60cc1eb99449e8918bf1c8a9dd97f2485a71856b526e6
353,dqn,650,random,low,32.54752066115702,107.5,26.255,48,175,-151.16519186193977,242,67,0,2,0,0,300.0,-24.61406287236605,-14.481337493191672,-67.0697914963821,-45.0,45,4,242,0,e3db086946e9fb625013588cd1f967be4a4dfdf922403475760a3d068ea716b5
354,dqn,902,random,heavy,33.80402930402931,121.5,30.761666666666667,67,181,-156.586025212345,273,92,0,3,0,0,300.0,-28.83906268433202,-19.084462490550496,-66.66250003746245,-42.0,42,2,273,0,d6063d8d48db635f9e3286ca11dc3118e63efcd3402768812edf6116692d88ed
355,dqn,696,random,ew_heavy,12.39423076923077,54.0,4.296666666666667,13,101,-56.64284590712127,104,3,0,1,0,0,300.0,-4.0281250978587195,-0.8657625013620414,-25.748958307900466,-26.0,26,12,104,0,558b58c6fdbee800ac67096d493dbbc4d0490c9f0f4aba0efe3fe465c9e045d7
356,dqn,756,random,left_heavy,34.16,134.5,25.621666666666666,53,164,-163.89823778381898,225,61,5,8,0,0,300.0,-24.020312733831815,-17.452924985330174,-80.42500006465707,-42.0,42,3,230,5,4a60153406993c7cc8db253f22686c037cdb3081ef8a59eac1f3d624a19bdeb2
357,dqn,99,random,low,26.24015748031496,106.0,22.218333333333334,51,182,-137.73366682576668,254,72,0,2,0,0,300.0,-20.829687785590068,-10.168562494993239,-59.7354165451834,-47.0,47,3,254,0,4fb2282668c21a874e555847e3569a83d62d90bebe853d66d5ccf7453cc18271
358,dqn,299,random,heavy,21.51578947368421,86.0,13.626666666666667,26,163,-115.82228759994543,190,27,0,1,0,0,300.0,-12.77500018000137,-4.884787497965588,-56.16249992197845,-42.0,42,5,190,0,675fba78ba3e9d88fed99dbfe39e6bfc1a27751e425c58dc3905fcfdfa774678
359,dqn,369,random,heavy,23.53105590062112,102.0,12.628333333333334,26,136,-120.43674182081963,161,25,0,1,0,0,300.0,-11.839062724495307,-5.181012500476939,-64.41666659584735,-39.0,39,6,161,0,67eeecdae59adbe12f4e9de7e3fac91ea4c1f6e9cd0b93d317efbd7baf1d2122
360,dqn,645,random,balanced,23.260204081632654,69.5,15.196666666666667,42,153,-110.05011691232718,196,43,0,2,0,0,300.0,-14.246875258395448,-5.474074989539078,-47.32916666439269,-43.0,43,4,196,0,d435db909a3c194e3acf2061fde2d954724331287d21becff06636ee5bf1a437
361,dqn,870,random,low,20.261194029850746,138.5,9.05,18,119,-111.54847094886787,134,15,0,1,0,0,300.0,-8.484375129686669,-4.433887495820816,-65.63020832336042,-33.0,33,8,134,0,85325f5f55a952933135b8fd0c6fdffd8ebc715b0c00c3050f2ecda054d46c6e
362,dqn,341,random,low,30.178403755868544,114.0,21.426666666666666,53,144,-136.14055011785757,213,69,0,1,0,0,300.0,-20.08750017802231,-11.403049981721418,-59.64999995811377,-45.0,45,2,213,0,b46203be370e6f3fcdb6840c6a110573e10331cf4037ff85924fa9e67ae35949
363,dqn,498,random,ew_heavy,27.767567567567568,77.5,17.123333333333335,40,138,-116.32046695351819,185,47,0,1,0,0,300.0,-16.05312519497238,-7.831925009216502,-52.435416749329306,-40.0,40,4,185,0,79136ab87b1bdd037372a28e094bfc2fd7b5d4d80c2029386fbad40cdcd7f32f
364,dqn,750,random,left_heavy,28.449771689497716,126.5,20.773333333333333,43,147,-150.0329503730006,219,72,20,23,0,0,300.0,-19.475000354810618,-14.720450015372634,-74.83750000281725,-41.0,41,6,239,20,1b64a012e291a9b411b497fbb83478547303b51cccd498c331266008cbd14cfa
365,dqn,194,random,low,23.607798165137616,93.0,17.155,36,178,-125.7680084747692,218,40,0,2,0,0,300.0,-16.082812642096542,-8.111237509684727,-64.57395832298789,-37.0,37,7,218,0,a180e7f579d2a4443db5809f3931ff5ec3573a8019df47c03ab5945fb2d00ba5
366,dqn,385,random,low,30.239795918367346,128.0,29.635,60,183,-163.9474377797588,294,111,0,2,0,0,300.0,-27.782812702818774,-18.258375033517222,-69.90625004342292,-48.0,48,4,294,0,0b8925119d2c6fccbc76f3474ec3d26d59ce5b4597b767803c16e29f97012a87
367,dqn,196,random,ns_heavy,32.429545454545455,117.5,23.781666666666666,51,159,-161.69439172972852,220,61,0,2,0,0,300.0,-22.295312570640817,-15.929287453716823,-78.46979170537088,-45.0,45,5,220,0,d41271d20ccf3a4565f86cdede223ff61283fe46c047df61ab53cc5cf2b05f06
368,dqn,154,random,ns_heavy,21.469849246231156,116.5,14.243333333333334,32,164,-127.53139604355607,199,35,0,1,0,0,300.0,-13.353125206427649,-6.2730625040821915,-67.90520833304618,-40.0,40,6,199,0,ad04d7efaf4e1455183e65d11b015b6c06b3b397860fbe663be7446f2bc86501
369,dqn,693,random,heavy,34.532558139534885,131.5,24.748333333333335,56,143,-159.532946087834,215,72,0,2,0,0,300.0,-23.20156276994385,-14.307425008685824,-74.02395830920432,-48.0,48,3,215,0,33b98272e1ac1b8d3769a606e592b12777cf35e0537f326e6aff8bc234ac86bc
370,dqn,877,random,low,29.310606060606062,108.0,19.345,48,136,-131.97487938313358,198,62,0,1,0,0,300.0,-18.1359377495246,-8.916024989123256,-58.92291664448567,-46.0,46,5,198,0,13c870acec0d0530dd0a91c0ea76eef66f95682445312150287c01e9ab3b8fd9
371,dqn,150,random,left_heavy,26.161458333333332,123.0,25.118333333333332,67,195,-155.04962518536266,288,93,8,11,0,0,300.0,-23.548437673947774,-14.807437485128322,-71.69375002628658,-45.0,45,3,296,8,9d17157e71213d5a818479d06a5453c56f8a15cbe0740ae7797064c166564464
372,dqn,691,random,ns_heavy,24.011111111111113,96.0,14.406666666666666,31,155,-125.98877932020196,180,25,0,1,0,0,300.0,-13.506250286940485,-7.2439874891955744,-65.23854154406581,-40.0,40,6,180,0,6e2e953eedaf9c14cf4c26ab73e223c0553ee3541cc291720aa2b4cd5c8e337e
373,dqn,695,random,balanced,34.806569343065696,158.5,31.79,72,161,-183.98665022932033,274,113,0,2,0,0,300.0,-29.803125340142287,-19.055399993439632,-83.12812489573844,-52.0,52,2,274,0,94ca6bda60dde2e09ad14b2ddac97f5f443cc9a34eeca695a2c59311bf52ee38
374,dqn,745,random,heavy,34.751543209876544,129.5,37.531666666666666,82,176,-187.56053781735608,324,148,0,3,0,0,300.0,-35.18593792116735,-24.830850004850802,-74.54374989133794,-53.0,53,1,324,0,7791b71f2b418e7b93a1eb003b56873875330113366fc22ddfe3c13dad684cc7
375,dqn,703,random,low,31.173076923076923,113.5,21.613333333333333,48,150,-152.35365846933206,208,58,0,2,0,0,300.0,-20.26250023941975,-11.639074989998338,-68.45208323991392,-52.0,52,2,208,0,7c9eff2e9a5b10e246e73a5cb1d5e8ac2547735b2aff343eebcf707a57577bcd
376,dqn,560,random,heavy,18.682242990654206,87.5,6.663333333333333,15,98,-86.65155011454264,107,9,0,1,0,0,300.0,-6.246875121607445,-2.017175006136676,-44.3874999867985,-34.0,34,8,107,0,edbb3fb0c1ec30cddb6233894620def9e56539d00bf858a81e31c37a03f5c171
377,dqn,116,random,ns_heavy,40.9969512195122,130.5,44.82333333333333,98,168,-204.0233876349804,328,160,0,4,0,0,300.0,-42.02187518007122,-32.89213753931033,-78.10937491559889,-51.0,51,3,328,0,7352158da50ddf53ef4e95c99305cb0431109b74c93404251de544589b1daed4
378,dqn,783,random,low,24.3110599078341,142.5,17.586666666666666,44,163,-141.35065861525877,217,54,0,2,0,0,300.0,-16.487500240677036,-7.986074988636395,-71.8770833859453,-45.0,45,5,217,0,2f59ea6e22f22c0e6a6995fb9306938062fd79f0a4cb8284ae374120fa08a22d
379,dqn,195,random,ns_heavy,28.45693779904306,127.0,19.825,45,145,-148.43925445018468,209,64,0,2,0,0,300.0,-18.585937718627974,-11.042899995265907,-72.81041673629079,-46.0,46,5,209,0,ae7a75c665f3cc8987b636dbef4667aacbf444e1da8355f479e59dfb159e587d
380,dqn,448,random,heavy,24.652027027027028,107.5,12.161666666666667,25,131,-118.12399196302941,148,17,0,1,0,0,300.0,-11.401562762446702,-5.268262495211817,-62.45416670537088,-39.0,39,6,148,0,56f480a26085001b1ea547e1417559daa5034f0d4961d9e47caaf7c27bc75008
381,dqn,954,random,low,34.95539033457249,147.0,31.343333333333334,70,158,-184.17251706681924,269,111,0,2,0,0,300.0,-29.384375252528116,-20.433975010875283,-83.35416680341586,-51.0,51,3,269,0,bd9ee9d004b4bc02af1a346d40f3d8449d10899c80c346c71b04b3c8760eaba6
382,dqn,566,random,left_heavy,31.850490196078432,120.0,21.661666666666665,47,136,-153.15121695510527,204,68,8,13,0,0,300.0,-20.307812773738988,-14.157987506542842,-72.6854166748235,-46.0,46,4,212,8,98caf007411bf315a5073ef51e3fd29f044aa1f1bf04f59d2113b6f179de05bf
383,dqn,290,random,ns_heavy,22.977124183006534,74.5,11.718333333333334,26,122,-105.82766683314694,153,31,0,3,0,0,300.0,-10.985937769059092,-4.240687500766943,-50.601041563320905,-40.0,40,6,153,0,4d67d5c5bee4554007fffd3cfd40273452e352b5fe7b61c46278e71639dc2644
384,dqn,63,random,ew_heavy,31.004504504504503,101.0,22.94333333333333,49,167,-145.81355851342892,222,55,0,1,0,0,300.0,-21.509375287452713,-13.858349995002936,-68.44583323097322,-42.0,42,5,222,0,cece21a0283b05d57c4c4902f4b814bd4d03ce5e84ccf53debbb7b05713fd77d
385,dqn,258,random,left_heavy,31.22747747747748,110.5,23.115,54,145,-150.84884199812737,222,77,13,21,0,0,300.0,-21.67031280079391,-14.921237472777285,-71.25729172455613,-43.0,43,5,235,13,e6c17d1ef923d98607f6259e079a74fcaf1561133f33a70cd7ecd80567c906ca
386,dqn,556,random,ew_heavy,19.613095238095237,68.0,10.983333333333333,31,148,-97.63740008854735,168,20,0,2,0,0,300.0,-10.296875136205927,-3.69677500130565,-46.643749951035716,-37.0,37,5,168,0,d2e0babe22c2fe9a7444df9afb30c9dc3b62dbd8afaa0a05bdb6d03369b837ac
387,dqn,851,random,ns_heavy,30.13695652173913,115.0,23.105,53,162,-150.48626281535184,230,68,0,1,0,0,300.0,-21.66093782358803,-11.34407501462774,-66.48124997713603,-51.0,51,1,230,0,8ea44c534d8e5da8132512910267e0a120380a731208129809b8a5ea154c40cc
388,dqn,815,random,low,41.68882175226586,112.0,45.99666666666667,83,173,-205.73990011742794,331,158,0,2,0,0,300.0,-43.12187515513506,-32.60864994643708,-79.00937501585577,-51.0,51,2,331,0,6f974eb5b68496665b90463eed9cd2e0b246a9c83e4a6c5a12cd120f14cc5a51
389,dqn,213,random,ns_heavy,16.617021276595743,69.0,10.413333333333334,26,169,-93.26516268437923,188,19,0,1,0,0,300.0,-9.762500170967542,-2.9089124979283936,-41.59375001548324,-39.0,39,6,188,0,42cfa3025fd16c2f82cb50d1fc3de6a579ef9a92eb6d19a20f9f8c596c08c3ca
390,dqn,706,random,heavy,35.237735849056605,151.0,31.126666666666665,68,165,-183.53020021725752,265,100,0,1,0,0,300.0,-29.181250182096846,-19.839575017442264,-87.50937501771841,-47.0,47,3,265,0,c0cb2146d7dba62dea0802235dbf32c046697ce6eb84830ca761c09dd202b611
391,dqn,650,random,low,35.663223140495866,117.5,28.768333333333334,61,155,-166.33790022960224,242,87,0,2,0,0,300.0,-26.970312760095112,-17.786337501707745,-72.58124996779952,-49.0,49,0,242,0,e3db086946e9fb625013588cd1f967be4a4dfdf922403475760a3d068ea716b5
392,dqn,804,random,ew_heavy,24.310043668122272,84.0,18.55666666666667,42,161,-126.8813586254306,229,68,0,3,0,0,300.0,-17.396875352831557,-8.823025008843251,-53.661458263755776,-47.0,47,3,229,0,cd3eda958b5c9d33c5a74c4d8df60a02518efc8e132ac235acde8df555ea4d5e
393,dqn,498,random,ew_heavy,34.19189189189189,76.5,21.085,49,122,-131.20760027504653,185,63,0,1,0,0,300.0,-19.767187738441862,-11.252912500632377,-54.187500035972334,-46.0,46,1,185,0,79136ab87b1bdd037372a28e094bfc2fd7b5d4d80c2029386fbad40cdcd7f32f
394,dqn,497,random,ns_heavy,39.92508710801394,163.5,38.195,87,166,-201.44202940860922,287,121,0,1,0,0,300.0,-35.80781274137553,-26.50504997881288,-87.12916668842081,-52.0,52,2,287,0,4dda8697133c89fbc4b8691f908a5599c6b3579f40490bc26c3c17c0853299b8
395,dqn,420,random,left_heavy,36.523809523809526,151.0,35.79833333333333,65,163,-201.41183350745789,294,131,40,49,0,0,300.0,-33.56093772314489,-31.058187478088808,-84.79270830622409,-52.0,52,2,334,40,b71803a1087882fcaf409081081a56bb7b6f61ed004799143c41e25c788d8a5b
396,dqn,882,random,ew_heavy,23.861979166666668,84.0,15.271666666666667,42,146,-113.99326693767799,192,46,0,1,0,0,300.0,-14.317187783191912,-6.4219125018047665,-48.254166652681306,-45.0,45,5,192,0,2fa0dada7a64fbbd8113859d00885fd7d877c1ad2ac7728af86bd304a689d148
397,dqn,525,random,heavy,15.839285714285714,62.0,4.435,13,78,-64.1025416727156,84,6,0,1,0,0,300.0,-4.157812597462907,-1.1280625023158786,-29.81666657293681,-29.0,29,10,84,0,6a247e80ff87310f3338a132359f94ded99b17861b1ac743b50d92be308d3b26
398,dqn,109,random,left_heavy,41.09071729957806,141.5,32.46333333333333,63,146,-182.02582531117443,237,91,15,18,0,0,300.0,-30.43437534791883,-23.107075027866085,-79.4843749353895,-49.0,49,4,252,15,4df1f8a3e283c6a13ea1cedfc4321b47328ade54db2354d5a5f21868dece9695
399,dqn,505,random,heavy,33.67299578059072,148.0,26.601666666666667,59,162,-162.30627094385267,237,75,0,2,0,0,300.0,-24.939062648219988,-17.462000011131757,-73.90520828450099,-46.0,46,3,237,0,06ccb621074e0eeb4a367963810c8a9dea30337a4521f0d76fe391fe999b8703
400,dqn,876,random,ew_heavy,26.55,96.5,15.93,32,145,-123.95253350676573,180,35,0,2,0,0,300.0,-14.93437526980415,-7.028575008596087,-54.98958322836552,-47.0,47,3,180,0,234d8f69467c36db28b5692c40eb7dd45b5fd66ad80afea7b18326aad0b31efb
401,dqn,837,random,ew_heavy,23.367886178861788,113.0,19.161666666666665,45,179,-148.26728777983442,246,67,0,2,0,0,300.0,-17.964062823797576,-11.03135002556009,-74.27187493047677,-45.0,45,7,246,0,1c89ea06e90130116aad0f4ed67f79b753b52be265eece744718846d0fff1159
402,dqn,372,random,left_heavy,33.32743362831859,132.0,25.11,59,141,-155.8591669422654,226,85,11,13,0,0,300.0,-23.540625315043144,-14.989374982387375,-70.32916664483491,-47.0,47,3,237,11,6b5831900879c4868efc5846ef037e7ec27ff6c22570a9de11effff528e972bd
403,dqn,882,random,ew_heavy,22.125,89.0,14.16,37,155,-117.7996044271793,192,37,0,1,0,0,300.0,-13.275000342866406,-6.511062479338581,-52.01354160497431,-46.0,46,4,192,0,2fa0dada7a64fbbd8113859d00885fd7d877c1ad2ac7728af86bd304a689d148
404,dqn,91,random,heavy,37.68251533742331,126.0,40.95,89,159,-193.59853361047146,326,167,0,4,0,0,300.0,-38.39062530663796,-28.008950012510457,-76.19895829132292,-51.0,51,2,326,0,eca1b59dc542e09f4596b0d71d2e4a9d1bb4f9bdbede2ad24f34d8a11875c8ea
405,dqn,749,random,ns_heavy,26.047169811320753,101.0,13.805,34,121,-115.82382085323765,159,38,0,1,0,0,300.0,-12.942187696113251,-6.338924996535932,-52.54270816058852,-44.0,44,4,159,0,47a5bc88d92633c978a45789d4d7219d8d6e6ea482004432208da809ffeb1fc1
406,dqn,620,random,low,23.859223300970875,90.5,16.383333333333333,47,151,-120.79482103065895,206,55,0,1,0,0,300.0,-15.359375322936103,-7.433362489415595,-52.002083218307234,-46.0,46,4,206,0,c6415d7ea579fa98fadba03b868c3464699b5145e721d6fc21046c085e44236a
407,dqn,9,random,ew_heavy,36.038910505836576,118.0,30.873333333333335,64,163,-170.83032104480003,257,94,0,2,0,0,300.0,-28.94375024281908,-18.465737474406342,-70.42083332757466,-53.0,53,2,257,0,3b261f67d24bd2225cdaad04dd441765117e5caa5216074c9efa81b6d8eeb2dc
408,dqn,455,random,heavy,29.781666666666666,107.5,29.786666666666665,66,161,-168.05042959641946,300,139,0,6,0,0,300.0,-27.925000337185338,-20.4868874987289,-69.63854176050518,-50.0,50,3,300,0,721668a27877f1223355b00d728bd161772e3e146134e7959fe1a672ea0bacb9
409,dqn,381,random,heavy,34.314199395770395,155.0,37.861666666666665,84,163,-196.39880864984943,331,168,0,2,0,0,300.0,-35.49531276070047,-26.210787494076776,-80.69270839507226,-54.0,54,1,331,0,180f20b176edf6b4ed2f72eabcb3f9b632d7da73643ee40b1e0cdd03582d6801
410,dqn,429,random,balanced,24.67142857142857,71.5,17.27,47,135,-123.19220854569501,210,75,0,2,0,0,300.0,-16.190625299117528,-7.996375002845162,-49.00520824373234,-50.0,50,2,210,0,f32d80bf392bf4c0f9fa6fba6b13fd15c70af53d53c49a24a8be4d95f5c81441
411,dqn,259,random,ns_heavy,35.20867768595041,104.5,28.401666666666667,60,151,-158.71449606352616,242,91,0,2,0,0,300.0,-26.626562837394886,-14.607725001863582,-64.4802082242677,-53.0,53,2,242,0,ca712b2d44cdad24bc0eb22134c2c6c692974c2013c55815b530c2908f1b9a22
412,dqn,853,random,balanced,16.07894736842105,83.0,7.128333333333333,21,128,-90.35629189694954,133,5,0,1,0,0,300.0,-6.682812688872218,-2.203687498981163,-49.46979170909617,-32.0,32,7,133,0,312df65e0593a2a4d5e9a53d43fed692d50c8c032db4e3f34a0ba395734f2cd8
413,dqn,827,random,balanced,28.63302752293578,102.0,20.80666666666667,46,168,-134.9103293845539,218,50,0,1,0,0,300.0,-19.506250229896978,-9.178037518576454,-56.22604163608048,-50.0,50,3,218,0,04e17b88b36a33bdfe75378b8fda6b69c17a876ac58c410ac5eed5b97851af39
414,dqn,138,random,left_heavy,38.17307692307692,130.0,36.39333333333333,72,161,-200.57390031127224,286,125,13,18,0,0,300.0,-34.11875038885046,-27.895775011991642,-87.55937491043005,-51.0,51,2,299,13,6ad1b02ff207613328c9aaf805a780899669394701afd47bf9ea255c00b3ed04
415,dqn,764,random,heavy,33.61283185840708,109.5,25.321666666666665,54,145,-164.92739589531337,226,81,0,2,0,0,300.0,-23.739062643027864,-16.09562499747044,-76.09270825481508,-49.0,49,3,226,0,447a74edd426724a2e5e47711a62145bc21c1d8b8573b8d02150115ef20a9bf8
416,dqn,617,random,left_heavy,41.263513513513516,122.5,40.71333333333333,102,162,-205.05374594564853,296,134,13,15,0,0,300.0,-38.1687501888955,-28.539162452764135,-88.34583330398891,-50.0,50,3,309,13,08ba322e254c34962e79df05e986fa89c7f93514bb6336163781fa98c23012c2
417,dqn,186,random,balanced,32.63775510204081,140.0,31.985,78,173,-174.78422105198624,294,121,0,2,0,0,300.0,-29.985937682446092,-17.5430749996136,-75.25520836992655,-52.0,52,1,294,0,537bc70cf66b225a15295c0ae796f794c2df44804e3cdb5fec58c920b55b125b
418,dqn,414,random,low,40.483333333333334,131.0,32.38666666666666,60,149,-185.85185028225453,240,91,0,1,0,0,300.0,-30.36250032694079,-19.589349976710928,-81.89999997860286,-54.0,54,1,240,0,0004349dbbe924529ae4ea98c0c0632dee99bb1865a5fac6a3d177602e3533a8
419,dqn,280,random,ew_heavy,40.81518151815182,162.0,41.223333333333336,87,167,-199.45423790369904,303,136,0,2,0,0,300.0,-38.646875460166484,-27.78861245896914,-80.01874998456333,-53.0,53,3,303,0,58e7b916fab155bf592793d988e7a9a1f1f1220e2db97330d252a76e9e5b1a4a
420,dqn,529,random,ns_heavy,34.75098814229249,141.0,29.30666666666667,63,151,-180.32853780364536,253,102,0,1,0,0,300.0,-27.475000238744542,-21.38166250955691,-79.47187505534384,-52.0,52,2,253,0,1b8d0acac58f033716a3ed31d95c26e3109165d11dcd05767efc1434ba94112b
421,dqn,131,random,ew_heavy,23.671140939597315,126.5,11.756666666666666,34,113,-127.90120020445974,149,36,0,1,0,0,300.0,-11.021875220700167,-5.491825000686367,-71.38749998307321,-40.0,40,8,149,0,a5afbc3f39e55c14793ee63d433883e9c617d165ce6abf0b7f800e67e9259e4d
422,dqn,500,random,left_heavy,30.643171806167402,95.5,23.186666666666667,51,156,-137.05325038512893,227,71,0,1,0,0,300.0,-21.73750035802368,-11.70950001050442,-54.606250016600825,-49.0,49,3,227,0,960b4f8a37cb30f594872518b915d2fb88deaa3f72f1f908eb3f62285d674c15
423,dqn,118,random,ew_heavy,33.596916299559474,110.5,25.421666666666667,47,159,-154.8195378953046,227,68,0,2,0,0,300.0,-23.832812778069638,-15.496100019236472,-64.49062509799842,-51.0,51,3,227,0,c4c81e093692d63ab4df0e55959781b1c97c98706fffe11d30fceebe98456f80
424,dqn,135,random,ew_heavy,33.58555133079848,123.5,29.44333333333333,61,145,-167.2733669255984,263,118,0,3,0,0,300.0,-27.60312528873328,-19.297324975080112,-70.37291666178498,-50.0,50,2,263,0,fcfb0d2d72a7d395f0b22682f6855ee60d39199197e06414ab8c653a21a06081
425,dqn,851,random,ns_heavy,26.321739130434782,94.5,20.18,45,168,-135.4186000999273,230,62,0,1,0,0,300.0,-18.918750217882916,-9.568599989123319,-57.93124989292119,-49.0,49,2,230,0,8ea44c534d8e5da8132512910267e0a120380a731208129809b8a5ea154c40cc
426,dqn,513,random,low,22.853896103896105,81.0,11.731666666666667,23,134,-106.97985014964866,154,20,0,1,0,0,300.0,-10.998437721398659,-4.334537509996882,-52.64687491825316,-39.0,39,6,154,0,263f5dd8ac9e55331685168619f5fd1242f50500941a0f59160f9dbdd7a0b138
427,dqn,289,random,left_heavy,35.445945945945944,128.0,26.233333333333334,52,137,-164.0965335271735,222,85,3,5,0,0,300.0,-24.593750233761966,-17.500699948444527,-73.0020833449671,-49.0,49,2,225,3,c9d06557ede6c876984102f230b7380b90aab3bb9081c79babf6fe8efc9438ec
428,dqn,863,random,left_heavy,22.41755319148936,73.5,14.05,31,137,-118.21184189987032,188,51,7,13,0,0,300.0,-13.171875228406861,-6.43580000530128,-51.6041666661622,-47.0,47,2,195,7,ecf3331d60486987bcf466480b6c3be1daaecd2662f421c1f0331a84afe1626c
429,dqn,336,random,ew_heavy,23.942622950819672,95.5,14.605,30,138,-119.77764189058432,183,45,0,2,0,0,300.0,-13.692187768989243,-6.781287494827847,-56.304166626767255,-43.0,43,4,183,0,51ec75921cc8c2e796542075e50c03c39467b8e9ac72a4316b41eaa6e3823fd3
430,dqn,172,random,ew_heavy,27.57520325203252,89.5,22.611666666666668,53,169,-138.07691288014104,246,77,0,3,0,0,300.0,-21.198437810060568,-10.840974995830766,-56.03750007424969,-50.0,50,1,246,0,8bf7d195b7e42601618af3ce78707109dc25c6b0220edba410d818213a5d0b80
431,dqn,900,random,left_heavy,37.825259515570934,136.0,36.44166666666667,70,143,-190.23647094385015,289,146,9,12,0,0,300.0,-34.16406268381979,-26.501574965727198,-79.57083329430316,-50.0,50,2,298,9,16257c77551bae33ad06edc3822197a6de547bdafb56215ef583705cbab81701
432,dqn,12,random,left_heavy,27.897590361445783,85.5,15.438333333333333,31,124,-127.23430845572658,166,42,0,4,0,0,300.0,-14.473437732551247,-7.896287507848318,-55.864583215327,-49.0,49,2,166,0,b8d2e9ca3c4b726f93b9df1de33b18813e46fc44c42e0299929d927fcae2f264
433,dqn,943,random,left_heavy,31.213709677419356,131.5,25.805,56,163,-163.13550447465178,248,85,0,4,0,0,300.0,-24.192187749780715,-15.94227501950009,-72.00104170537088,-51.0,51,1,248,0,98eefc3993a016b9fdb6fd910f3b9bb39f576319e2ffe2407a5ff1e9a07ab8bf
434,dqn,68,random,ew_heavy,38.4611801242236,129.0,41.281666666666666,91,182,-189.9918044514845,322,140,0,2,0,0,300.0,-38.70156273210887,-25.742325025180627,-75.54791669419501,-50.0,50,2,322,0,983c67d6219671bc2be21c849a1a434e76217e9755f8a71a421690e4c9f2613f
435,dqn,807,random,left_heavy,39.119140625,127.5,33.39,67,144,-182.2101918265549,256,112,16,20,0,0,300.0,-31.303125210106373,-24.084150009425507,-75.82291660702322,-51.0,51,2,272,16,18495bc49f47321300562cf1e93c23d6c1c0765b885c2d3d96d2bd2089e318ca
436,dqn,460,random,ns_heavy,38.24014336917563,137.0,35.565,74,175,-197.6601293954991,279,104,0,2,0,0,300.0,-33.34218771359883,-22.688775029801036,-89.62916665209923,-52.0,52,1,279,0,193042abca6c4ac65f7cd67cd4f8404afef5a8c7e3cf64485d2ff78581240b2b
437,dqn,126,random,ns_heavy,30.60981308411215,85.0,21.835,48,141,-135.007062641989,214,73,0,2,0,0,300.0,-20.47031275194604,-12.146124991906259,-57.39062489813659,-45.0,45,1,214,0,4948c918ca2df16c0093025b831822601923b7f096d8741961703b8254d95164
438,dqn,975,random,low,22.34389140271493,83.5,16.46,56,162,-110.72645429806654,221,59,0,2,0,0,300.0,-15.431250146706589,-6.159787499633241,-41.1354166517267,-48.0,48,1,221,0,bcd30b0476a4709dd852e4025820417f9ca5684b7a7aeee47237e7117066a146
439,dqn,428,random,ns_heavy,30.978632478632477,131.5,24.163333333333334,57,150,-157.34214201786676,234,84,0,2,0,0,300.0,-22.653125258977525,-13.375475021271269,-69.31354173761792,-52.0,52,2,234,0,4e1aa7a9398388ce4346c2ea3aa1e918bfc2fc9ff04596a440d70f5572e095b5
440,dqn,45,random,low,40.00559701492537,127.0,35.73833333333334,71,167,-186.35013361406544,268,101,0,2,0,0,300.0,-33.50468791858293,-23.021487451191216,-75.82395824429113,-54.0,54,1,268,0,52d61a3051ffc8dfd9262c84912d30370521048ffd25585a3573fe9c2b676d0c
441,dqn,721,random,left_heavy,46.28970588235294,154.5,52.46666666666667,94,161,-236.46385462215963,340,179,19,21,0,0,300.0,-49.187500278116204,-44.62531250884555,-88.65104183519725,-54.0,54,1,359,19,cc3ad764ddbdb9880659e92504901bb49d126eb571502690c8927b572619fc2e
442,dqn,991,random,left_heavy,40.2898773006135,137.0,43.785,86,160,-208.98933389723197,326,166,26,30,0,0,300.0,-41.048437969526276,-35.1013124906305,-81.83958343707491,-51.0,51,1,352,26,38ff4f951ae98af7a875f7afaa856442f953c2c84d6b0b678b5667cf537601c2
443,dqn,156,random,low,19.149484536082475,77.5,6.191666666666666,13,86,-97.01422091919602,97,11,0,1,0,0,300.0,-5.804687656578608,-2.1824500010967305,-51.0270832615206,-38.0,38,5,97,0,a1ea2666482f410151a782cbc5b6cdecfa70b47b5b90ba8b3fe9cd1fead0935c
444,dqn,537,random,ns_heavy,28.690871369294605,115.0,23.048333333333332,51,175,-158.60508346380013,241,66,0,1,0,0,300.0,-21.607812775531784,-13.482687486538635,-75.51458320172969,-48.0,48,3,241,0,614c1262c62b992a1638349d5b9e1fb1108940c57714d81172bb150f1694ea7e
445,dqn,930,random,balanced,25.674157303370787,121.0,22.85,58,173,-147.0290127215419,267,94,0,2,0,0,300.0,-21.42187514330726,-12.24151249606875,-66.36562508216593,-47.0,47,3,267,0,620ec92bf581f7aa20322a2a829c624b28af954526b79df6a6b1268f06589325
446,dqn,121,random,ns_heavy,38.596638655462186,135.0,30.62,62,154,-185.77875465054896,238,84,0,2,0,0,300.0,-28.706250344170257,-19.787087466152293,-85.28541684022639,-52.0,52,1,238,0,f26fa7cfb1c42991097d38025df60a345066782c83fdd5131c0158a8cea4c60e
447,dqn,790,random,balanced,31.021834061135372,112.0,23.68166666666667,53,146,-159.31282961258907,229,83,0,2,0,0,300.0,-22.20156272908207,-13.869600037878985,-74.24166684562806,-49.0,49,3,229,0,66fb49dd741d6d624559d448eadd06ca9e9f162bfd9125da43b4ee79408ca8d3
448,dqn,419,random,heavy,26.442028985507246,109.0,18.245,37,155,-142.99592935226906,207,52,0,2,0,0,300.0,-17.104687735205516,-8.662075009108962,-69.22916660795454,-48.0,48,3,207,0,d72e9cb29f2a56bbe97ee8fc0ac27ec97e8178c207908a023a235102c04db75b
449,dqn,55,random,low,33.73409090909091,88.5,24.738333333333333,60,140,-148.12256275883777,220,80,0,2,0,0,300.0,-23.192187796812505,-13.449125019930223,-64.48124994209502,-47.0,47,3,220,0,0723c88980d3191aef6ebeb946599b70cd3ed4610b86fee7c46d1423d6df8a19
450,dqn,208,random,low,36.73412698412698,117.0,30.856666666666666,72,145,-185.21001280250258,252,107,7,11,0,0,300.0,-28.928125245147385,-22.485012562361206,-84.79687499499414,-49.0,49,4,259,7,78b8bb9f38246d47790a68a21473ff5a9498a8d0225d5383a28368990860a06c
451,dqn,858,random,balanced,26.943548387096776,103.0,22.273333333333333,58,167,-133.63729610001533,248,81,0,3,0,0,300.0,-20.881250300444663,-9.953962498562031,-54.80208330100868,-48.0,48,3,248,0,f19cf88596ebefd71b3fa3ca381468cead43ba81f08bc25a5deb61e75d99071a
452,dqn,715,random,ew_heavy,17.80448717948718,88.0,9.258333333333333,19,139,-95.0872709811047,156,17,0,1,0,0,300.0,-8.679687722004019,-2.8492499994426916,-48.55833325965796,-35.0,35,6,156,0,6cbfe9321f730df749bbe09d8839912e78dae2198f487d1162355d0b79a8442d
453,dqn,886,random,low,20.040441176470587,66.5,9.086666666666666,21,125,-96.21492093505587,136,11,0,1,0,0,300.0,-8.518750172457658,-2.865962497724829,-48.83020826487336,-36.0,36,8,136,0,7c49550219b6cb6f7c1e61bc59b3f470d15fb87c9e9612b00c197d5537a28cd8
454,dqn,542,random,low,33.77808988764045,97.5,20.041666666666668,45,119,-141.46207522549602,178,59,0,1,0,0,300.0,-18.789062730502337,-11.010512492921414,-64.66250000207219,-47.0,47,3,178,0,bd727c710cc26a4ae953effcd8cb418e74b7dcd7fefabc828f38bd44992708b1
455,dqn,133,random,left_heavy,37.16880341880342,138.5,28.993333333333332,63,143,-179.45344605542263,234,91,9,13,0,0,300.0,-27.181250206544064,-20.135737516577507,-82.13645833230112,-50.0,50,3,243,9,43673fc64261f39d23d7c390ffa4b0fb2b4a4d333cc76561576199d7ec76fcfd
456,dqn,288,random,ns_heavy,39.10557768924303,133.5,32.718333333333334,67,141,-177.8995126555127,251,110,0,2,0,0,300.0,-30.673437583842315,-24.116700018934353,-73.10937505273614,-50.0,50,3,251,0,129baab82e557e04b017b3a74556b60f3002da89832247f318798aa850d76975
457,dqn,300,random,balanced,32.12017167381974,177.5,24.946666666666665,56,162,-178.7866211589811,233,71,0,2,0,0,300.0,-23.387500325101428,-16.047037513499525,-87.35208332038019,-52.0,52,1,233,0,fdaab5e29aa531c9014ba3c319748171b2dcb96e48497de301d95e570c40fd4b
458,dqn,256,random,ew_heavy,21.404761904761905,116.0,17.98,53,190,-131.81829594197407,252,62,0,2,0,0,300.0,-16.856250256299973,-8.463087492326306,-59.49895819334779,-47.0,47,3,252,0,449240a80e5ae77899b227294d3bfa2b902bc5fc36c7e8479497668f542eaedb
459,dqn,81,random,balanced,32.17016806722689,114.0,25.52166666666667,59,162,-152.06564618762133,238,76,0,2,0,0,300.0,-23.926562751759775,-14.180749982115955,-65.95833345374558,-48.0,48,4,238,0,9c7788348bc19c45efc7de4fe2cbf847f09b511a756419df37b8e780112bf24d
460,dqn,867,random,left_heavy,23.91176470588235,103.0,16.268333333333334,42,135,-124.29957938811278,204,69,10,14,0,0,300.0,-15.251562725869007,-7.6594749928917745,-55.38854166935198,-46.0,46,3,214,10,c4d6cd4df46d599ac84496afa0f1b452708e246f5d9f9b5bee7f02431165c973
461,dqn,94,random,balanced,28.895555555555557,100.0,21.671666666666667,48,177,-149.8455920695377,225,48,0,2,0,0,300.0,-20.31718794372864,-9.855487515433186,-68.67291661037598,-51.0,51,2,225,0,c9db06e389f6b7e210048ae9a452eba2282a4abab795ec80a5eb5a302040e544
462,dqn,767,random,ew_heavy,33.908496732026144,171.0,34.586666666666666,76,172,-186.21461289309877,306,134,0,2,0,0,300.0,-32.42500042228494,-21.195862515866608,-80.59374995494727,-52.0,52,4,306,0,4fd1e08fffd686292138087767907f1916daace6e27a4a56c8b64c470716b45e
463,dqn,716,random,ew_heavy,39.32404181184669,139.0,37.62,74,161,-186.75257935476904,287,126,0,1,0,0,300.0,-35.268750203656964,-24.029662557499975,-73.45416659361217,-54.0,54,1,287,0,a55dc77ec8172c2030adcbb098647c80018cf24eaf9432eeae7064be30462fee
464,dqn,437,random,left_heavy,26.788546255506606,87.0,20.27166666666667,46,151,-134.8444127599847,227,76,6,11,0,0,300.0,-19.00468776281923,-12.055350012602133,-55.78437498456333,-48.0,48,3,233,6,1903fc03bbd55c90fbf33e4d191d36eabd68c4b936cefe4faa5497c70225c7ea
465,dqn,626,random,heavy,29.120853080568722,109.0,20.481666666666666,49,131,-146.1021626532274,211,80,0,2,0,0,300.0,-19.201562710339203,-11.250599986637098,-66.64999995625112,-49.0,49,2,211,0,4d9a8962b3f07156427c2eb26335926f2f64fc447a49b232d8cf0857583dfc59
466,dqn,406,random,heavy,29.120938628158846,97.0,26.888333333333332,55,166,-154.18835023928628,277,111,0,3,0,0,300.0,-25.207812689593993,-16.03678753458152,-64.94375001511071,-48.0,48,2,277,0,a83a8ea8bbdb6b35a0d6847b65aef215fcc730f7d56bad2b7a801531da04e3c1
467,dqn,527,random,low,25.585,87.5,17.05666666666667,39,158,-132.52673768019667,200,42,0,2,0,0,300.0,-15.990625269711018,-6.529862495957788,-59.00624991452787,-51.0,51,3,200,0,849462797b3d041d53d03b5ddbc4d547f5c763347a26e013cb25a2cc94a015a4
468,dqn,738,random,left_heavy,43.3,154.5,38.25,74,145,-208.51976652086225,265,120,14,16,0,0,300.0,-35.85937488975469,-31.949974985713922,-89.7104166453937,-51.0,51,2,279,14,76907cd7e7e2b0759999660518020597fa9ad954390d9d055b572315093f0859
469,dqn,460,random,ns_heavy,37.31182795698925,142.0,34.7,77,175,-190.3126379402696,279,104,0,2,0,0,300.0,-32.53125039138831,-22.062637501733118,-83.7187500471482,-52.0,52,2,279,0,193042abca6c4ac65f7cd67cd4f8404afef5a8c7e3cf64485d2ff78581240b2b
470,dqn,971,random,ns_heavy,31.385416666666668,103.0,25.108333333333334,55,165,-150.20934614579676,240,75,0,2,0,0,300.0,-23.539062814670615,-13.730700030862497,-62.93958330026362,-50.0,50,3,240,0,5927a1b8d7c3ea545e0337c496efa177bfef11f6f34431a87dee4ae13c2159a4
471,dqn,840,random,ns_heavy,33.833333333333336,119.0,29.098333333333333,55,155,-158.53758346528414,258,103,0,2,0,0,300.0,-27.279687601025216,-18.180812527487436,-64.07708333677147,-49.0,49,1,258,0,6b5270acb9debb55a651c9b7322a7719bee806ec6113f98c4d5d2be473117da1
472,dqn,80,random,low,18.64855072463768,64.0,8.578333333333333,21,125,-81.41315004585702,138,13,0,1,0,0,300.0,-8.042187586193904,-2.4584625022944233,-36.91249995736871,-34.0,34,8,138,0,667521c2e45831f6f542352b57022793eb6df723eba919a1ebd8f0880bc9ea99
473,dqn,904,random,low,30.44102564102564,83.5,19.786666666666665,44,145,-131.42554599513682,195,50,0,1,0,0,300.0,-18.550000249175355,-9.785962488166115,-56.08958325779531,-47.0,47,4,195,0,752de5406f1a60f4ea2458929e93c8aed50194eee4e2887eac005976f6e75371
474,dqn,160,random,balanced,31.360169491525422,106.0,24.67,49,158,-156.04700877498044,236,78,0,2,0,0,300.0,-23.128125392715447,-12.935550004515251,-67.98333337774966,-52.0,52,1,236,0,51e3bd85434342ab1179601518c8b42cc512ff84b9ca7df5668244de04e5dc70
475,dqn,211,random,balanced,21.914556962025316,65.5,11.541666666666666,26,133,-106.48044193885941,158,25,0,1,0,0,300.0,-10.820312774623744,-4.0497125044996185,-46.610416659736075,-45.0,45,4,158,0,889655864cad64164cc118accb734b9841271c34c291130750687fd1004da0ac
476,dqn,363,random,balanced,31.663306451612904,134.0,26.175,54,151,-164.99074190990206,248,97,0,2,0,0,300.0,-24.539062700234354,-16.269387490885848,-73.18229171878193,-51.0,51,2,248,0,3424e6e045eeac004b83aab826b99ed358a68f25aa0497ce0ea300271416ac57
477,dqn,817,random,heavy,30.7117903930131,99.5,23.44333333333333,53,151,-142.57112098823796,229,78,0,2,0,0,300.0,-21.97812520992011,-12.228412508974007,-56.36458326934371,-52.0,52,2,229,0,1e81a63a7ec4ff91033d324721fc6ecdc883aa158673ee3d508d88097636ed38
478,dqn,508,random,left_heavy,20.16590909090909,75.0,14.788333333333334,35,142,-113.1583459929221,220,78,0,3,0,0,300.0,-13.864062693319283,-6.332824999711737,-47.96145829989109,-45.0,45,3,220,0,f08dda704df6a56edf0b962e2f7716dbc2e80b83707d254e54a5360840b1944d
479,dqn,757,random,low,16.53551912568306,79.0,10.086666666666666,25,157,-108.4097418396661,183,26,0,2,0,0,300.0,-9.456250211107545,-3.180574998066004,-49.772916630492546,-46.0,46,1,183,0,8cd1f25f13e1fc6d3a3ce025176d9c847deb04b728ae1b2a12268ac440fa1b02
480,dqn,72,random,low,22.661073825503355,73.0,11.255,27,127,-112.47678348060505,149,22,0,1,0,0,300.0,-10.551562762120739,-4.495012498686991,-52.43020821979735,-45.0,45,4,149,0,10854c7c8a17c02865d82b0cd83483ae3896be3c3591c30c10cfec6832127267
481,dqn,750,random,left_heavy,27.326666666666668,77.5,20.5,43,135,-130.12419184953396,225,90,14,18,0,0,300.0,-19.218750311410986,-11.098149991635728,-51.80729154648725,-48.0,48,1,239,14,1b64a012e291a9b411b497fbb83478547303b51cccd498c331266008cbd14cfa
482,dqn,54,random,ns_heavy,38.22402597402598,100.5,19.621666666666666,43,102,-142.4412167699477,154,52,0,1,0,0,300.0,-18.395312687614933,-11.397987531933913,-60.647916550398804,-52.0,52,2,154,0,9395a48f1d17c76df63bff72f793ebbae98bc7b314ce08ea33290a06dc26d9a7
483,dqn,247,random,ns_heavy,42.364150943396226,117.0,37.42166666666667,77,148,-186.80490875549873,265,117,0,3,0,0,300.0,-35.08281294070184,-22.738762448223145,-75.98333336657379,-53.0,53,3,265,0,75df0c7bce323381c22c0eb08f7e34c3bf86a6be1a1f8707454dbbb370ed9761
484,dqn,220,random,heavy,28.255186721991702,105.0,22.698333333333334,51,146,-148.36105032748083,241,95,0,2,0,0,300.0,-21.279687764472328,-13.42823752033073,-61.65312504267786,-52.0,52,2,241,0,cf330d3355edc1217b54389faa613f0e8645c24178fbbb582448f329b37ea4c3
485,dqn,835,random,heavy,26.23463687150838,71.0,15.653333333333334,46,138,-110.38982523476368,179,41,0,1,0,0,300.0,-14.675000394345261,-6.349199992014475,-43.36562484840397,-46.0,46,2,179,0,f44ab6f5c93995380facc61389d23c1c4118a1ea3c0f44bc2fef25fe60e1a07c
486,dqn,386,random,ew_heavy,39.66605166051661,107.5,35.83166666666666,81,150,-175.1866501725438,271,121,0,2,0,0,300.0,-33.59218777681235,-22.550712530354215,-65.04374986537732,-54.0,54,1,271,0,cd58dcad71193f1f51884e1ab373ea865323f83ec44a62f08b66ff0278cf0d97
487,dqn,771,random,left_heavy,21.257978723404257,59.5,13.321666666666667,34,154,-101.87627936873531,188,34,0,3,0,0,300.0,-12.489062668057159,-4.479925008345888,-41.907291692332365,-43.0,43,3,188,0,e00912487cd57d27215a1b34bfbe7cefbbc681a73edf02a490521a7446a0c3d6
488,dqn,740,random,ns_heavy,38.94172932330827,156.5,34.528333333333336,62,155,-195.38920419926072,266,111,0,2,0,0,300.0,-32.370312613784336,-24.014724948278307,-86.00416663719807,-53.0,53,3,266,0,c82443eb8126937a9367e3677f313989fe4e4f90bd14a4cc52d948e7e373cd10
489,dqn,694,random,low,29.07608695652174,86.5,22.291666666666668,58,160,-137.262383576807,230,70,0,2,0,0,300.0,-20.89843785762787,-10.546237511302744,-52.81770820787642,-53.0,53,2,230,0,37f6f13a3f50f5e60891bb84ced1f9707127e025e64c05f3b8b857c18870e800
490,dqn,610,random,ew_heavy,25.694174757281555,78.5,8.821666666666667,21,93,-102.16894596625714,103,10,0,1,0,0,300.0,-8.270312642329372,-2.9121749938618464,-48.98645833006594,-42.0,42,4,103,0,6a2102d9ca988596d7fd8391e5bb86062705bbd6b6c3cf833262cbf095738e21
491,dqn,867,random,left_heavy,28.782178217821784,102.0,19.385,49,138,-135.24053342938066,202,64,12,15,0,0,300.0,-18.173437692341395,-11.433762489767833,-60.633333247271366,-45.0,45,4,214,12,c4d6cd4df46d599ac84496afa0f1b452708e246f5d9f9b5bee7f02431165c973
492,dqn,30,random,balanced,26.64627659574468,93.5,16.698333333333334,37,138,-127.68027514377177,188,50,0,2,0,0,300.0,-15.654687778558582,-7.063087498368986,-54.962499866844155,-50.0,50,2,188,0,20d3b9f4d3651c19ca1d6e273db5b161ea1eb951765588fb484dca6c0a017c5b
493,dqn,666,random,low,30.588516746411482,103.0,21.31,47,158,-136.56675024725627,209,51,0,1,0,0,300.0,-19.978125267778523,-8.64800000050236,-54.94062497897539,-53.0,53,1,209,0,dbbf5c48217fcac99f5f5d20c3495a1b0bfbca5caae1bfd06c65bca9d71be423
494,dqn,46,random,left_heavy,44.22286821705426,140.5,38.035,73,141,-206.25433356218923,258,117,32,36,0,0,300.0,-35.65781274589244,-31.39443750187711,-84.20208331441972,-55.0,55,1,290,32,4c408e75356d0421411c730cec1a9914ee8cf2b789ed1a1d12a25760557920a0
495,dqn,628,random,balanced,30.11111111111111,153.0,17.163333333333334,35,132,-167.18911702052065,171,39,0,1,0,0,300.0,-16.09062540717423,-9.653700003342967,-91.44479161000345,-50.0,50,4,171,0,0c9ca48dff7c8ede0455d8ef398e10bff93218dfa3fbaace879db09fd51859f7
496,dqn,453,random,heavy,32.70942408376963,94.5,20.825,49,125,-144.2512918147979,191,66,0,2,0,0,300.0,-19.523437665426172,-11.698687511801108,-63.0291666375706,-50.0,50,2,191,0,c855cd3d201eecc9803077867109bdedbbdae51aac557fe35d0d7254f6552155
497,dqn,973,random,ns_heavy,33.92178770949721,102.0,20.24,45,123,-141.31171269929186,179,56,0,1,0,0,300.0,-18.975000308128074,-12.399212491513751,-60.93749989964999,-49.0,49,1,179,0,6b170c37addbd337fa90e669cedaad91e4a221756d921c59f102ca2b7d3912d7
498,dqn,875,random,low,36.92322097378277,140.5,32.861666666666665,73,169,-191.0113585069709,267,98,0,2,0,0,300.0,-30.807812672806904,-21.042087477276077,-86.16145835688803,-53.0,53,1,267,0,9e587b885186a0e1ba17361adbcced7245832bf47bbbebb7930289fe9aa3ba2a
499,dqn,59,random,heavy,26.497340425531913,91.0,16.605,36,141,-136.0951835261622,188,47,0,2,0,0,300.0,-15.567187786102295,-8.722787505361342,-62.80520823469851,-49.0,49,3,188,0,4f18337cf537db4f6deb49f8454a95b97a8cb58516d71684a2e883e8e707e3c3
500,dqn,915,random,low,33.7,126.5,22.466666666666665,43,142,-161.24938364051485,200,58,0,1,0,0,300.0,-21.062500331900083,-13.50667501838616,-74.68020829022862,-52.0,52,1,200,0,db06061a6a6a3432d05d68f771f72ec7959656ff74bd78012c28635048386852
501,dqn,182,random,heavy,29.022613065326635,97.5,19.251666666666665,40,146,-138.11655863184788,199,53,0,1,0,0,300.0,-18.04843781189993,-9.256662513910122,-62.81145830603782,-48.0,48,3,199,0,986d11ffd694e2d94cf06e48fd0d6972873813b15fa6b2c1f9a5e39a5bda2a40
502,dqn,366,random,balanced,34.805164319248824,127.5,24.711666666666666,47,131,-163.92921286022974,213,82,0,1,0,0,300.0,-23.16718786826823,-16.452649987002225,-73.30937500495929,-51.0,51,2,213,0,78551331bd3510eddba1cf38bf24bea2943cdb4eefc800d52ad77e2130f849f8
503,dqn,535,random,ns_heavy,24.710526315789473,81.5,14.085,29,138,-124.67194179007637,171,33,0,2,0,0,300.0,-13.204687752760947,-5.622462487591834,-54.844791549723595,-51.0,51,2,171,0,a65060576d5a617d26d82522c628c763a1ded56cadbc1041b31584eb4f352f77
504,dqn,888,random,heavy,12.329545454545455,84.5,5.426666666666667,21,126,-76.09441678616498,132,6,0,1,0,0,300.0,-5.087500141584314,-1.2683750036572738,-30.73854164092336,-39.0,39,4,132,0,4e6d169c615b58bb5630512eee77beea3d92debfaf4c060da922ef539f34df02
505,dqn,345,random,ns_heavy,33.46478873239437,129.5,23.76,55,148,-160.95177530043645,213,65,0,1,0,0,300.0,-22.2750002812827,-14.386150025649837,-72.29062499350403,-52.0,52,2,213,0,2f5c2b85f44a25b451c881b4089094232b3ce5f590c19e421b477402e8e147b0
506,dqn,930,random,balanced,29.0561797752809,112.0,25.86,61,169,-155.71022119622938,267,98,0,2,0,0,300.0,-24.2437503405381,-13.830012495450498,-67.6364583602408,-50.0,50,4,267,0,620ec92bf581f7aa20322a2a829c624b28af954526b79df6a6b1268f06589325
507,dqn,298,random,ew_heavy,36.21343873517787,137.5,30.54,64,173,-169.7728419453305,253,80,0,1,0,0,300.0,-28.631250282283872,-17.903049990458385,-70.23854167258833,-53.0,53,2,253,0,be4ec60c415ff732ba53ddb9984258f31dcd2902fce492286ce7e4138ed0a322
508,dqn,407,random,ns_heavy,34.0775,123.0,22.72,49,135,-162.7961502029887,200,65,0,1,0,0,300.0,-21.300000203191303,-15.233649998097823,-75.26250000169966,-51.0,51,1,200,0,23741c2f533c30f2ab6b17c1003fd362b1bc97373460361f860bfe81db8daf7a
509,dqn,930,random,balanced,29.822097378277153,136.0,26.541666666666668,52,161,-168.98976268947365,267,106,0,2,0,0,300.0,-24.882812763447873,-15.578825004419924,-75.52812492160592,-53.0,53,2,267,0,620ec92bf581f7aa20322a2a829c624b28af954526b79df6a6b1268f06589325
510,dqn,747,random,balanced,38.29588014981273,146.0,34.083333333333336,69,151,-188.82527111312524,267,116,0,2,0,0,300.0,-31.953125215135515,-24.466937466572567,-80.40520843141712,-52.0,52,2,267,0,74804a03a548692a8ddd1973242a28705a0ba63383f6ecc59deb8eab0d2f0c21
511,dqn,680,random,low,31.865079365079364,93.0,20.075,44,143,-142.01138771131008,189,46,0,1,0,0,300.0,-18.82031276624184,-9.606700023089799,-63.58437492197845,-50.0,50,3,189,0,657f77ce38a3debf797ccbb404ae23820a2fb872190e7b314376aea10d0d2adf
512,dqn,366,random,balanced,34.593896713615024,119.5,24.561666666666667,48,125,-174.32821268150812,213,88,0,1,0,0,300.0,-23.02656267315615,-16.99227501084316,-81.30937499750871,-53.0,53,2,213,0,78551331bd3510eddba1cf38bf24bea2943cdb4eefc800d52ad77e2130f849f8
513,dqn,9,random,ew_heavy,33.099221789883266,162.5,28.355,64,167,-177.56166288827438,257,90,0,2,0,0,300.0,-26.582812850130722,-16.20697499881862,-82.7718750393251,-52.0,52,2,257,0,3b261f67d24bd2225cdaad04dd441765117e5caa5216074c9efa81b6d8eeb2dc
514,dqn,154,random,ns_heavy,20.477386934673365,104.5,13.583333333333334,33,162,-124.24558772050732,199,37,0,1,0,0,300.0,-12.734375194297172,-5.7487124965708025,-59.76250002963934,-46.0,46,1,199,0,ad04d7efaf4e1455183e65d11b015b6c06b3b397860fbe663be7446f2bc86501
515,dqn,314,random,ew_heavy,33.07,140.5,27.558333333333334,65,151,-175.8697377129786,250,99,0,2,0,0,300.0,-25.835937778814696,-17.755674988343525,-78.27812494582031,-54.0,54,2,250,0,74324db8fd4748d1c5272a4fc921124c572f7606d87c78ea2fe75be23b2c6ece
516,dqn,576,random,balanced,24.54826254826255,121.0,21.19333333333333,46,189,-137.54149610909076,259,70,0,3,0,0,300.0,-19.86875026067719,-10.223787498533785,-56.44895834987983,-51.0,51,0,259,0,98f0a1aa598913d7c08fea0eac23359114d68b055d1434c34dc6d09ee1ed8c6d
517,dqn,872,random,low,28.598726114649683,115.0,14.966666666666667,30,111,-139.7521710545617,157,46,0,2,0,0,300.0,-14.031250268104486,-7.353212507055285,-66.367708279402,-52.0,52,3,157,0,8a96aece1431875e4d66a9d1725954e6e6d952e9838859dc103c7465413e3404
518,dqn,87,random,left_heavy,28.272093023255813,115.0,20.261666666666667,42,155,-154.2343586052747,215,60,18,23,0,0,300.0,-18.99531286081765,-14.23383747185363,-69.00520827260334,-52.0,52,2,233,18,bddc4636a165c22ceb7a21dc68b0bb2dd94d211402f76915a5b4a6a3132aaad4
519,dqn,58,random,left_heavy,26.048728813559322,104.0,20.498333333333335,51,143,-146.9694627256155,236,93,14,18,0,0,300.0,-19.2171877885703,-12.01164998689419,-62.74062495015096,-53.0,53,1,250,14,22ac7d2660c24fb3ecc230ed433192a0e7a8e9804ec889a42b37aeaa98902943
520,dqn,664,random,left_heavy,34.146929824561404,117.0,25.955,68,137,-157.36500852341194,228,91,10,14,0,0,300.0,-24.332812789944,-15.842612492808986,-65.18958324065898,-52.0,52,1,238,10,6f63f329edaea415599792c5f8c1a4164a8d03c95523e70e1517e2d7bbf68580
521,dqn,241,random,ew_heavy,30.012820512820515,85.0,19.508333333333333,51,143,-130.24340034141142,195,52,0,1,0,0,300.0,-18.289062828524038,-8.404337481757834,-52.55000003112946,-51.0,51,2,195,0,7d00af43e066c39c7b77407c6709160b84da65ea09c5731bcb6911c0b85aadaa
522,dqn,810,random,balanced,25.425824175824175,114.0,15.425,33,136,-134.60880868018944,182,46,0,2,0,0,300.0,-14.460937770432793,-7.20203752232119,-63.945833387435414,-49.0,49,2,182,0,6f5e5e1c93052f1053759fe4424ab0957ded4048fe68a9d1d54939e8252fd239
523,dqn,581,random,balanced,29.677725118483412,89.5,20.873333333333335,52,146,-129.08541273179654,211,65,0,2,0,0,300.0,-19.568750248057768,-10.857287514076594,-51.65937496966217,-47.0,47,4,211,0,0d9eb3e6d78c0569ba18562f1a5115f9086bd9f1828722d9503d83d7a1108302
524,dqn,916,random,heavy,33.67391304347826,120.0,36.14333333333333,75,168,-174.76882099687577,322,154,0,2,0,0,300.0,-33.88437522388995,-21.841737496564008,-66.04270827642176,-53.0,53,1,322,0,7a4cd91e9bef916f0e0c850d00c06b926aba1575395b45331d8e240d0df87c34
525,dqn,451,random,heavy,39.837164750957854,139.0,34.65833333333333,71,151,-194.8741795059575,261,110,0,2,0,0,300.0,-32.49218780978117,-25.88407498782543,-83.49791670835111,-53.0,53,1,261,0,27ca77e3e90cc2c533c09df0a26e05e8742ffc4190504310f752b3c73cf28e55
526,dqn,449,random,low,34.47572815533981,116.5,23.673333333333332,52,119,-153.8190375108112,206,87,0,1,0,0,300.0,-22.19375002954621,-15.103412479192777,-69.52187500207219,-47.0,47,4,206,0,4b8cb4795c248d46a0e6b7a5a6b05e2ea3de1a6debaa07f6a3c35c0619cc657b
527,dqn,780,random,low,33.66872427983539,121.5,27.27166666666667,55,154,-163.72816689723842,243,89,0,3,0,0,300.0,-25.56718784198165,-15.959937475428159,-69.2010415798286,-53.0,53,2,243,0,30afd889b6ed2e59bb9f6ad6263ab73d55104b051402c9244585735a66b2a2a4
528,dqn,118,random,ew_heavy,26.91409691629956,99.0,20.365,43,175,-144.52317111573285,227,52,0,2,0,0,300.0,-19.092187854810618,-10.607024984384045,-64.82395827653818,-50.0,50,2,227,0,c4c81e093692d63ab4df0e55959781b1c97c98706fffe11d30fceebe98456f80
529,dqn,215,random,low,31.74798387096774,117.5,26.245,56,143,-157.82664201713567,248,105,0,2,0,0,300.0,-24.604687857674435,-15.420912498980034,-68.80104166048113,-49.0,49,3,248,0,bf678b3241ca3fd07761d204298757116fc98dd81caac2e7a77f32d5f38d4254
530,dqn,903,random,heavy,34.25,140.5,37.218333333333334,80,178,-195.61684626985596,326,148,0,2,0,0,300.0,-34.892187860794365,-23.953825003744708,-83.77083340531681,-53.0,53,1,326,0,3a169d34a3c6bec02289d2317136e55992a52e8c30a5ac4c167f69f9e4e144ae
531,dqn,142,random,balanced,18.741666666666667,67.5,14.993333333333334,38,187,-110.74697948339595,240,53,0,1,0,0,300.0,-14.056250343797728,-5.492812496253462,-45.1979166433448,-46.0,46,2,240,0,681688fae9f3a326d2da3e32821f04c201ccf5711d55c0c2b9de444965c04eda
532,dqn,871,random,balanced,35.06654676258993,184.0,32.498333333333335,76,144,-191.39398771418712,278,134,0,4,0,0,300.0,-30.467187845730223,-22.426799944243257,-85.49999992421363,-53.0,53,3,278,0,a35a77512524efb380958e80a608831c48422649bee491464e4c6bf338251185
533,dqn,699,random,low,34.45353159851301,127.5,30.893333333333334,60,160,-181.54310859587792,269,109,0,3,0,0,300.0,-28.96250028326176,-22.778524962247324,-75.80208335036878,-54.0,54,0,269,0,0232915d66b99c5f462429f659a62a7df90ddd076b8d3b4f39bd4dfe3b7ccb1f
534,dqn,968,random,ew_heavy,24.324786324786324,86.0,18.973333333333333,46,167,-126.22473354555622,234,67,0,1,0,0,300.0,-17.787500251550227,-7.875774998212726,-53.56145829579327,-47.0,47,3,234,0,949a492d2d25197834713041ce2c0e9f66ccb4d0514bb39bb6dc94cbcbe5a88e
535,dqn,272,random,balanced,27.803964757709252,80.5,21.038333333333334,54,155,-127.73013761310793,227,72,0,1,0,0,300.0,-19.72343773895409,-9.094199985237351,-49.9124998889165,-49.0,49,2,227,0,1b45d8637e2e1a7335d3f328128db2d7ec559749a135c5972ad33e9407abe5f2
536,dqn,594,random,left_heavy,34.23762376237624,140.0,23.058333333333334,45,127,-154.7643502787301,202,75,20,23,0,0,300.0,-21.617187819676474,-16.394037495328664,-65.75312496372499,-51.0,51,2,222,20,c34de4432a582ccd4715db37a9da27baee6e7bc3a2968b493c862daaddf342c2
537,dqn,42,random,balanced,33.3429203539823,111.0,25.118333333333332,55,148,-152.7993752323579,226,78,0,1,0,0,300.0,-23.5484377235407,-14.569687510074438,-61.681249998742715,-53.0,53,1,226,0,c59b4cda74a9ff082421aa4a6602efc18f2acf4344a7f7ee1201dbd18b21addf
538,dqn,674,random,heavy,21.617117117117118,94.5,15.996666666666666,43,182,-117.93298370421547,222,40,0,1,0,0,300.0,-14.99687531508971,-5.90277500352968,-51.03333338559605,-46.0,46,4,222,0,4c23ae76a065fcf0bf936614d6710c1d1aef5ed93d892d7c9239ab316de91cf8
539,dqn,54,random,ns_heavy,35.51623376623377,132.0,18.231666666666666,40,105,-150.0524167688338,154,49,0,1,0,0,300.0,-17.09218771115411,-10.824812512123755,-72.13541654555593,-50.0,50,2,154,0,9395a48f1d17c76df63bff72f793ebbae98bc7b314ce08ea33290a06dc26d9a7
540,dqn,374,random,heavy,34.53346456692913,130.0,29.241666666666667,55,152,-174.74360473876652,254,102,0,2,0,0,300.0,-27.414062763680704,-19.519125037629415,-77.81041693745647,-50.0,50,1,254,0,f3952a1d9ada462992257be485dfacc7ea30d63bc3030edf8b4479c246a29bce
541,dqn,326,random,ns_heavy,34.575,113.5,32.27,77,165,-177.12198783794813,280,115,0,2,0,0,300.0,-30.25312539364677,-19.359487476874342,-75.509374967427,-52.0,52,3,280,0,e87bcb8923368989a35162a3ec8aaa232e911d5b0a2b623a606e5f543670b822
542,dqn,184,random,ew_heavy,38.58974358974359,157.0,40.13333333333333,81,165,-195.60634191335853,312,147,0,2,0,0,300.0,-37.62500019278377,-26.730300037555562,-80.25104168301914,-51.0,51,2,312,0,739a8c2c86624d6fa1953f2e4f6d735297399b37f404605934aec59ccffa7402
543,dqn,542,random,low,34.26966292134831,121.5,20.333333333333332,47,114,-151.19689598570042,178,64,0,1,0,0,300.0,-19.062500183470547,-11.385437487810124,-72.74895831441972,-48.0,48,1,178,0,bd727c710cc26a4ae953effcd8cb418e74b7dcd7fefabc828f38bd44992708b1
544,dqn,292,random,low,30.041666666666668,112.0,27.638333333333332,66,174,-154.4444793872368,276,102,0,3,0,0,300.0,-25.910937790409662,-15.388749994087995,-61.14479160273913,-52.0,52,2,276,0,8b87b585200e311f694b9d1d585a2a40d019ed42bfb92e8e0417b54320781a60
545,dqn,89,random,low,34.57531380753138,162.0,27.545,63,148,-188.08278353151178,239,91,0,2,0,0,300.0,-25.82343772414606,-16.98538750747466,-92.27395829989109,-53.0,53,1,239,0,80952ea77ad04adeba23ba0f608c640f7dc7003cdc2da1321fc69155ace8e900
546,dqn,721,random,left_heavy,47.383381924198254,170.0,54.181666666666665,101,165,-237.81458377115973,343,178,16,19,0,0,300.0,-50.795312841190025,-44.09218751533908,-89.92708341463003,-53.0,53,1,359,16,cc3ad764ddbdb9880659e92504901bb49d126eb571502690c8927b572619fc2e
547,dqn,188,random,ew_heavy,33.94387755102041,174.0,33.265,74,175,-183.1487836763038,294,119,0,3,0,0,300.0,-31.185937890666537,-20.24201251331325,-79.72083327232394,-52.0,52,3,294,0,cd5e1cf1aa4de7cd5fc938361d98febf02194717de52bf1b2d090f8d7577d587
548,dqn,325,random,balanced,24.014851485148515,95.5,16.17,37,150,-128.21890855150562,202,52,0,2,0,0,300.0,-15.15937531599775,-6.723075011403124,-57.33645822410472,-49.0,49,2,202,0,3d026660992de65171ac6d94c3ac8e65fec5dcf25bfcb3e3f65aed919292afa6
549,dqn,319,random,low,37.61830357142857,111.5,28.088333333333335,62,145,-156.97100435989276,224,79,0,1,0,0,300.0,-26.332812795531936,-16.377774973984927,-64.26041659037583,-50.0,50,0,224,0,1b2d7499227e83629cd0efb27348fade0a15e6d9e7c602180079203a0c3a7d68
550,dqn,692,random,left_heavy,36.74429223744292,126.0,26.831666666666667,54,143,-174.5720837256005,219,76,22,27,0,0,300.0,-25.154687856673263,-16.790312513715616,-81.62708335521165,-51.0,51,2,241,22,e37c63fab631e088496002e258c7891c9491d004e710b06de2a1976dab80104b
551,dqn,724,random,ns_heavy,41.58412698412698,144.0,43.665,95,163,-211.2680749319857,315,152,0,2,0,0,300.0,-40.93593755643815,-30.76963748625857,-85.56249988928903,-54.0,54,0,315,0,dfb8bbd2600faca8a19da53063977a42de571877015e02d49e43712ae195e145
552,dqn,503,random,ns_heavy,20.634615384615383,133.0,16.095,38,166,-135.94061277193902,234,68,0,2,0,0,300.0,-15.089062810293399,-7.635924985091694,-64.21562497655395,-49.0,49,1,234,0,c1fadd30b585ce4075fc979ed1d3210bd7934d56727527284d6e1f9203ede203
553,dqn,80,random,low,15.097826086956522,54.5,6.945,17,133,-78.31994594232896,138,5,0,1,0,0,300.0,-6.510937647544779,-1.8663000012260453,-34.9427082935581,-35.0,35,7,138,0,667521c2e45831f6f542352b57022793eb6df723eba919a1ebd8f0880bc9ea99
554,dqn,449,random,low,33.26699029126213,97.5,22.843333333333334,50,125,-139.66976673309838,206,81,0,1,0,0,300.0,-21.415625163703226,-13.624975006702876,-56.62916656269226,-48.0,48,1,206,0,4b8cb4795c248d46a0e6b7a5a6b05e2ea3de1a6debaa07f6a3c35c0619cc657b
555,dqn,706,random,heavy,38.554716981132074,101.5,34.056666666666665,83,156,-177.7485212477979,265,109,0,1,0,0,300.0,-31.92812544957269,-21.990187488648385,-71.83020830957685,-52.0,52,2,265,0,c0cb2146d7dba62dea0802235dbf32c046697ce6eb84830ca761c09dd202b611
556,dqn,968,random,ew_heavy,24.561965811965813,76.0,19.158333333333335,51,171,-121.59049615362383,234,63,0,1,0,0,300.0,-17.96093781653326,-7.689974999574042,-48.939583337516524,-47.0,47,2,234,0,949a492d2d25197834713041ce2c0e9f66ccb4d0514bb39bb6dc94cbcbe5a88e
557,dqn,960,random,ew_heavy,16.27,61.5,10.846666666666666,27,181,-89.38246263353575,200,19,0,2,0,0,300.0,-10.168750167358667,-2.935587498005043,-34.27812496817205,-42.0,42,5,200,0,52978ccf146960f47420cdf655465656975e05da60510a373e8ebdac68bc22a0
558,dqn,167,random,heavy,25.35678391959799,91.5,16.82,40,148,-132.08496681455807,199,51,0,1,0,0,300.0,-15.768750193296,-7.296424997568101,-59.01979162369389,-50.0,50,2,199,0,91f89c6abac2112372be00c34337d882c88f518a6cecafefbf6e639fa8ec6568
559,dqn,249,random,heavy,35.529411764705884,133.0,36.24166666666667,71,153,-182.50826660503955,306,153,0,2,0,0,300.0,-33.97656253410969,-24.905662492218845,-72.62604157871101,-51.0,51,1,306,0,25504fe6e5a06f93b238ee0d8549347d22ed482e31c141351c4387fb924ffaf5
560,dqn,488,random,low,28.37962962962963,88.0,20.433333333333334,49,148,-136.87552514191262,216,68,0,2,0,0,300.0,-19.156250214902684,-9.675524981189666,-59.04374994582031,-49.0,49,2,216,0,f4f3e7519ea4b6edb2071c47320adce1c10a4dbd6edf63f9a3cd58606a5b50e4
561,dqn,257,random,heavy,42.67750677506775,132.0,52.49333333333333,98,174,-216.81005017924804,369,195,0,2,0,0,300.0,-49.212500228662975,-39.17254995659162,-74.42499999399297,-54.0,54,1,369,0,a3e887b14dadf2dfea389dcd5dbfcb42653ea044ebf5504501aa9ff2303f02cf
562,dqn,160,random,balanced,22.252118644067796,96.5,17.505,44,175,-134.3003461048508,236,61,0,2,0,0,300.0,-16.41093780787196,-7.665449992244974,-62.22395830473397,-48.0,48,2,236,0,51e3bd85434342ab1179601518c8b42cc512ff84b9ca7df5668244de04e5dc70
563,dqn,222,random,ew_heavy,37.00595238095238,145.0,41.446666666666665,89,160,-209.76695015382646,336,176,0,2,0,0,300.0,-38.856250219629146,-29.62632495894723,-85.2843749752501,-56.0,56,1,336,0,357630230a4ad5f2d25b2927f5ab249176609ef95734f359dcf32e784ffb9af7
564,dqn,938,random,ns_heavy,28.602150537634408,130.5,17.733333333333334,42,132,-147.5349210446212,186,54,0,2,0,0,300.0,-16.625000277068466,-10.229712500258021,-69.6802082672948,-51.0,51,2,186,0,8ecd18ce4658837fde085fbe77ca6be00052b3cf5f194476a67287919ab8f01f
565,dqn,707,random,ns_heavy,21.2,98.5,12.72,37,144,-113.3867959715259,180,36,0,1,0,0,300.0,-11.925000123213977,-4.744087505021164,-49.717708343290724,-47.0,47,3,180,0,54b0c223084411f3dcb4e460f5d6523f059559c49a65a389efc2c5f9d3259c50
566,dqn,489,random,low,30.076576576576578,139.5,22.256666666666668,50,159,-154.5001462066596,222,63,0,2,0,0,300.0,-20.865625332458876,-13.15431251768532,-68.4802083565155,-52.0,52,1,222,0,57070a16f0b95c6b6af029b3dfb761ef144cdcf63f7815021988c59a92b57042
567,dqn,557,random,left_heavy,37.12376237623762,108.0,24.996666666666666,51,126,-162.02852941013043,202,76,0,1,0,0,300.0,-23.43437530216761,-15.693112521428704,-70.90104158653412,-52.0,52,1,202,0,49e1b49a9a4f54d757d29874b8ce60c4f4e80e7186c7db0dc94eabb6d3148bd0
568,dqn,332,random,ew_heavy,30.814583333333335,138.5,24.651666666666667,58,152,-161.5373377208576,240,88,0,2,0,0,300.0,-23.11093780223746,-13.054524989563651,-70.3718749290565,-55.0,55,1,240,0,5087045ed863c260b449be0856090e0ed590fe0956913147367c5669c35637d1
569,dqn,550,random,low,29.177556818181817,102.5,34.235,78,183,-167.37216695138991,352,169,0,3,0,0,300.0,-32.09531281213276,-19.369562485109057,-61.90729165414814,-54.0,54,3,352,0,f661b6c7bd5af3949de1e6128f2f7a19958ba666b968fd18b00094fa9d753041
570,dqn,169,random,low,24.636363636363637,87.0,18.066666666666666,39,155,-122.50309189190962,220,65,0,2,0,0,300.0,-16.937500247266144,-8.677050011729447,-46.888541632913984,-50.0,50,4,220,0,d0120c29dc130ed69463a778245f8dddd3a164056a7a47a6af881fd0c6015204
571,dqn,61,random,ew_heavy,25.64365671641791,138.5,22.908333333333335,59,180,-147.98738790365533,268,88,0,2,0,0,300.0,-21.476562918862328,-10.892074991288972,-65.61874999350403,-50.0,50,4,268,0,6a388d1c5460a7dea110c7852817b55367058b04ad73f82c7650cbb78022e94a
572,dqn,595,random,low,38.12538699690403,127.0,41.04833333333333,83,168,-191.99230453711127,323,155,0,2,0,0,300.0,-38.48281292815227,-28.32720003127253,-72.18229157768656,-53.0,53,1,323,0,176365a0d053e45756d5ac52d18e237a4e8129ec1805e3ce86f335a362671275
573,dqn,559,random,balanced,33.33483483483484,152.0,37.001666666666665,85,188,-188.7554337941162,333,145,0,2,0,0,300.0,-34.68906290142331,-22.704912475082534,-80.36145841761027,-51.0,51,3,333,0,55d2e41af3e2ff3daaab55836e5a7575f7ddddadb34bd467d399a210dafcf1b4
574,dqn,399,random,low,25.88372093023256,78.0,22.26,48,169,-132.3205418832971,258,89,0,2,0,0,300.0,-20.86875036463607,-10.738249991731571,-48.713541526929475,-52.0,52,4,258,0,29991776368f820f57f188855e057eeea4c16fabcf7f6de076687eede13b0041
575,dqn,458,random,ns_heavy,22.753086419753085,87.5,12.286666666666667,29,120,-119.18490015508793,162,42,0,1,0,0,300.0,-11.518750194227323,-4.847400001629283,-52.818749959231354,-50.0,50,1,162,0,e28e34093a41cfdf12a88829347bf4f08e1a67cf3c6b0f781bef3ebc433a2b11
576,dqn,128,random,heavy,31.539772727272727,105.0,18.503333333333334,42,134,-133.95602947126827,176,42,0,2,0,0,300.0,-17.346875371644273,-9.608112458514368,-59.00104164110962,-48.0,48,3,176,0,540677b01e0e4491cc42e9cf82f1a636feb5f11cbeb4cde73325df938d3348dc
577,dqn,848,random,balanced,13.602272727272727,71.0,3.99,10,87,-79.09395830777717,88,1,0,1,0,0,300.0,-3.7406250769272447,-1.0856250013668618,-40.267708229483105,-34.0,34,8,88,0,91ee3e01d94e54d057b608ed39661e72666243487c6e91ee96dc051a8fad0f0c
578,dqn,33,random,low,26.86842105263158,127.0,22.121666666666666,53,168,-150.5821751302945,247,79,0,3,0,0,300.0,-20.739062738372013,-11.139987497511175,-67.7031248944113,-51.0,51,3,247,0,1e57d36af1fa90d5889a66d7e0bee5e5c5c49fcc3b68b90053ba78a9b064ac0d
579,dqn,479,random,heavy,32.78893442622951,103.5,26.668333333333333,62,151,-162.48368368001903,244,93,0,2,0,0,300.0,-25.001562833436765,-17.014412517261366,-68.46770832932089,-52.0,52,2,244,0,055f04cce56e893f7eedf0e5fc4fa4548f7ec1a1b42659217222e9eaa90b09f3
580,dqn,392,random,low,31.03862660944206,117.0,24.106666666666666,53,142,-160.2242713157851,233,91,0,2,0,0,300.0,-22.60000032465905,-14.465937493422093,-69.158333497704,-54.0,54,3,233,0,527e8fc76dcb44c3765cba08ec384492787dffa36d908a124634c4f9f5becd42
581,dqn,780,random,low,35.31481481481482,121.0,28.605,56,161,-179.66687949808042,243,82,0,3,0,0,300.0,-26.81718772498425,-18.526775017061304,-80.32291675603483,-54.0,54,1,243,0,30afd889b6ed2e59bb9f6ad6263ab73d55104b051402c9244585735a66b2a2a4
582,dqn,584,random,ns_heavy,28.416666666666668,125.5,21.028333333333332,45,158,-149.85397943829958,222,64,0,2,0,0,300.0,-19.714062793413177,-10.235750007315797,-67.9041666375706,-52.0,52,4,222,0,6447ff4f13ce69f234ff5ba742715fff353dc7a116d9ac071aefec3c27976de6
583,dqn,188,random,ew_heavy,32.88265306122449,180.5,32.225,77,176,-187.20903375259581,294,118,0,3,0,0,300.0,-30.2109378722962,-19.517887536357005,-85.48020834394265,-52.0,52,2,294,0,cd5e1cf1aa4de7cd5fc938361d98febf02194717de52bf1b2d090f8d7577d587
584,dqn,519,random,heavy,28.677914110429448,111.0,15.581666666666667,38,123,-125.85846266829833,163,40,0,1,0,0,300.0,-14.607812727219425,-6.763150006806975,-57.48749993427191,-47.0,47,3,163,0,a3eec615fe21f5fae221d56ba665d013b9f28739b9a80ef6c92a81282dc6b9e5
585,dqn,600,random,ns_heavy,34.03488372093023,157.0,29.27,69,152,-184.91179181361883,258,106,0,1,0,0,300.0,-27.440625223331153,-21.29199995606978,-84.17916663421784,-52.0,52,2,258,0,82ea7c3f9f839a64e6a7aa03a2a99d91e9651338702774972f536d757f900c85
586,dqn,901,random,left_heavy,35.25984251968504,125.0,29.856666666666666,64,160,-181.1822212759442,254,94,10,13,0,0,300.0,-27.990625369246118,-20.570762548785574,-79.62083335791249,-53.0,53,1,264,10,89ae0561c31d5c1026addb69d0c56f24b50a927d062d2a94a42dce17dc676ed1
587,dqn,521,random,balanced,30.388324873096447,130.0,19.955,41,135,-165.19696692437128,197,62,0,2,0,0,300.0,-18.707812741748057,-12.284987494016235,-82.20416668860707,-52.0,52,2,197,0,1ef62ee3ff97f5f91b656237ca49088016e08e37e93c157108bbf3d50042a566
588,dqn,912,random,left_heavy,23.565217391304348,115.5,12.655,25,109,-119.96906262140322,161,52,13,17,0,0,300.0,-11.864062730106525,-6.129999999120628,-55.97499989217613,-46.0,46,5,174,13,04fd2d4685c3d6d20efad9e3587391c6a07ad85941e8d1df362d19b56ba34bda
589,dqn,341,random,low,32.413145539906104,128.5,23.013333333333332,61,133,-156.4468334931546,213,80,0,1,0,0,300.0,-21.575000145705417,-14.294749983320074,-69.57708336412907,-51.0,51,2,213,0,b46203be370e6f3fcdb6840c6a110573e10331cf4037ff85924fa9e67ae35949
590,dqn,937,random,heavy,34.291666666666664,127.0,24.69,59,135,-157.2922335167945,216,81,0,2,0,0,300.0,-23.146875238162465,-15.233900003700537,-71.91145827493165,-47.0,47,3,216,0,9f83fc750643fcedf331b693d3e4b7bab0173f3668a1ba6c123ed941dbee0a59
591,dqn,945,random,heavy,24.774193548387096,85.0,12.8,29,128,-115.28752525487299,155,27,0,1,0,0,300.0,-12.000000236788765,-4.875025003904739,-49.412500014179386,-49.0,49,3,155,0,606d141bf0543a08ade33eddf46543c422db0ee504e984233d4ad7d5c4e41238
592,dqn,800,random,balanced,36.92987804878049,110.0,20.188333333333333,44,110,-148.23866692300797,164,54,0,2,0,0,300.0,-18.92656269785948,-12.489187463409323,-68.82291676173918,-48.0,48,1,164,0,f59f90f59bb07671aa199b698c4c290892175cbeab46e03890c95d2443a0d601
593,dqn,853,random,balanced,9.69548872180451,53.5,4.298333333333333,11,127,-63.56607510468965,133,6,0,1,0,0,300.0,-4.029687595437281,-0.8738874997296081,-27.662500009522773,-31.0,31,6,133,0,312df65e0593a2a4d5e9a53d43fed692d50c8c032db4e3f34a0ba395734f2cd8
594,dqn,478,random,ns_heavy,21.45810055865922,83.5,12.803333333333333,32,143,-114.22962934823661,179,36,0,1,0,0,300.0,-12.00312520202715,-5.36608750090891,-50.860416645300575,-46.0,46,3,179,0,dfa7fa02fc82a2fe0de5e00deef8c87e7516c1273d00579ebfd98af746207585
595,dqn,939,random,balanced,19.61111111111111,78.0,14.708333333333334,43,175,-104.5735878831161,225,50,0,2,0,0,300.0,-13.789062826428562,-4.681400011029474,-43.10312504565809,-43.0,43,4,225,0,981c65599a7ad62b552ff982648e7b4d10004d34f908543728cb90b15f1113b1
596,dqn,524,random,balanced,35.321100917431195,110.5,25.666666666666668,63,140,-161.397258563352,218,78,0,2,0,0,300.0,-24.062500245170668,-15.5670499732143,-71.7677083449671,-50.0,50,3,218,0,e750695552bec3f6c9596b7d5c73de9416245d0a90d0b62db3b16056901763f5
597,dqn,592,random,ew_heavy,33.16230366492147,115.5,21.113333333333333,54,134,-153.63117518396544,191,57,0,1,0,0,300.0,-19.793750265496783,-11.840550006175913,-71.9968749122927,-50.0,50,2,191,0,fc5990c7c3974eef8c10891ffc49d85cc2a8a12c0570c07a57dc7a3a8fd8ca97
598,dqn,398,random,low,38.73349056603774,102.0,27.371666666666666,58,141,-162.31225881357898,212,71,0,1,0,0,300.0,-25.66093781683594,-15.574237507234649,-68.07708348950837,-53.0,53,2,212,0,879b1043e1005d62790cf5c13fd790223c510ce6b24450e11d51fc63651de7f0
599,dqn,582,random,heavy,20.71212121212121,79.0,11.391666666666667,28,136,-107.2071709150237,165,29,0,2,0,0,300.0,-10.67968774260953,-4.306649994153852,-45.220833178260364,-47.0,47,2,165,0,6b3f6beeecf8005e52319f182d95721be07a749dbf0f0a5b685e0e21867d9849
600,dqn,400,random,heavy,35.91501976284585,153.5,30.288333333333334,58,161,-199.439121227953,253,92,0,2,0,0,300.0,-28.395312830107287,-18.572974999211137,-97.47083339863457,-55.0,55,1,253,0,c24ffd48ef8380ffaa1db3ec6edd7b4a7f169ed7263c65cd759dff8faab9de36
601,dqn,569,random,ns_heavy,35.956273764258555,95.5,31.52166666666667,65,146,-169.21497110338748,263,117,0,3,0,0,300.0,-29.551562762469985,-20.458200022027448,-65.20520831889007,-54.0,54,2,263,0,d9ddf450c68fd7bcc1ae2ee7e1b73bf5751435549ce4079fd278f71a88afaae3
602,dqn,42,random,balanced,32.0641592920354,106.0,24.155,57,157,-148.06858776430153,226,69,0,1,0,0,300.0,-22.645312785869464,-12.86077500578976,-60.5624999726424,-52.0,52,2,226,0,c59b4cda74a9ff082421aa4a6602efc18f2acf4344a7f7ee1201dbd18b21addf
603,dqn,65,random,ns_heavy,25.91780821917808,82.5,18.92,47,163,-128.73587104470423,219,56,0,2,0,0,300.0,-17.737500284332782,-8.490037495870636,-52.508333264500834,-50.0,50,3,219,0,2f6620695537c5d4c628d16d3a167bd4d2b13ca118834fdc9137e318f517efd1
604,dqn,799,random,ew_heavy,29.642857142857142,143.0,26.283333333333335,61,176,-163.55905431249852,266,90,0,2,0,0,300.0,-24.64062527520582,-14.742387493226856,-73.17604154406581,-51.0,51,1,266,0,3e8c7291d061e50dc5d386ce76937c79568c86c15ab0768cba4e606014344e6c
605,dqn,859,random,balanced,32.53859649122807,162.0,30.911666666666665,60,168,-185.09875861378455,285,117,0,2,0,0,300.0,-28.979687775019556,-19.6826125113068,-82.43645832745824,-54.0,54,2,285,0,ab3d7081a66f6ae15cff187b09fbe3eee3e1e018cc659850bfa2f8d0301b3fcd
606,dqn,247,random,ns_heavy,38.00754716981132,156.0,33.57333333333333,66,163,-189.77042089836468,265,102,0,3,0,0,300.0,-31.47500007576309,-20.246462475771843,-86.04895834682975,-52.0,52,3,265,0,75df0c7bce323381c22c0eb08f7e34c3bf86a6be1a1f8707454dbbb370ed9761
607,dqn,20,random,low,26.509375,75.0,14.138333333333334,31,125,-114.15339184909163,160,35,0,2,0,0,300.0,-13.25468775164336,-6.3226624948023495,-50.576041602646,-44.0,44,5,160,0,8d3b6ddf3c071813d242712b96e39f0c1e4031a9aa8f7893e5b53f17313f46aa
608,dqn,30,random,balanced,27.414893617021278,88.5,17.18,40,140,-133.77650867471888,188,48,0,2,0,0,300.0,-16.10625036887359,-7.552550002228964,-58.11770830361638,-52.0,52,3,188,0,20d3b9f4d3651c19ca1d6e273db5b161ea1eb951765588fb484dca6c0a017c5b
609,dqn,780,random,low,37.915637860082306,121.5,30.711666666666666,62,153,-173.13103780556546,243,90,0,3,0,0,300.0,-28.792187694925815,-18.576350015807837,-74.76250009483192,-51.0,51,2,243,0,30afd889b6ed2e59bb9f6ad6263ab73d55104b051402c9244585735a66b2a2a4
610,dqn,467,random,ns_heavy,29.46917808219178,113.5,28.683333333333334,71,191,-159.23558793799018,292,101,0,4,0,0,300.0,-26.89062526728958,-16.15121251903474,-68.19375015166588,-48.0,48,2,292,0,ad5f44e4c629ee111562b372b616843bcc4d712b94d93fae8ab0dc377998f549
611,dqn,269,random,low,38.97674418604651,93.0,22.346666666666668,45,121,-152.4009085037142,172,51,0,2,0,0,300.0,-20.950000113225542,-14.520699984892417,-65.9302084055962,-51.0,51,2,172,0,a92f759cf8df5ce533e44ba49037c99e566e08ef975e9d6d7fcb859912a7c5ec
612,dqn,718,random,heavy,32.97291666666667,86.0,26.378333333333334,56,160,-149.435691798044,240,80,0,2,0,0,300.0,-24.72968772985041,-12.93308751197401,-58.77291655621957,-53.0,53,1,240,0,ed5ad31308ecb6367826ed794a2da0e59bd62f273071ae85fb9c8c6a533811ae
613,dqn,520,random,ns_heavy,19.982954545454547,58.5,11.723333333333333,30,157,-94.74659176902718,176,19,0,1,0,0,300.0,-10.99062521266751,-4.183049997765193,-38.57291655859444,-41.0,41,7,176,0,6f3a12162302791388f2d88d6e0e8d586db5d6fb0c5f23d02daa1955815e00b0
614,dqn,437,random,left_heavy,26.906926406926406,104.0,20.721666666666668,48,151,-129.9231336511344,231,80,2,9,0,0,300.0,-19.42656271159649,-10.894487488772576,-54.60208345076535,-45.0,45,2,233,2,1903fc03bbd55c90fbf33e4d191d36eabd68c4b936cefe4faa5497c70225c7ea
615,dqn,93,random,low,31.477578475336323,86.5,23.398333333333333,43,144,-149.82526682957612,223,79,0,1,0,0,300.0,-21.935937832226045,-12.913287469303036,-62.97604152804706,-52.0,52,1,223,0,152d984021e1f7a679e1f66cf6f9b93abbb37cbd083936665e22d314a126b479
616,dqn,365,random,balanced,25.623214285714287,92.5,23.915,62,194,-143.19612521836612,280,86,0,1,0,0,300.0,-22.42031280521769,-11.960187499365569,-59.81562491378281,-49.0,49,4,280,0,59a13a434ad644aecef169adaa9ee39d08cd6d9e6a887da1bc456fd640cd8bfb
617,dqn,771,random,left_heavy,28.16223404255319,72.0,17.648333333333333,39,135,-116.87708357787415,188,53,0,3,0,0,300.0,-16.54531280719675,-7.289062509156791,-44.0427082615206,-49.0,49,3,188,0,e00912487cd57d27215a1b34bfbe7cefbbc681a73edf02a490521a7446a0c3d6
618,dqn,659,random,low,37.28112449799197,123.5,30.94333333333333,60,166,-181.27428784075957,249,83,0,2,0,0,300.0,-29.00937536265701,-17.561787498009636,-83.70312498009298,-51.0,51,0,249,0,c90522d4a7d2c6f89c67489e38c17062eecc6660c66e5770812fad65a59e80d5
619,dqn,471,random,ns_heavy,22.566137566137566,101.5,14.216666666666667,46,142,-111.8521792808118,189,47,0,2,0,0,300.0,-13.328125133528374,-6.060512493694111,-49.463541653589346,-43.0,43,6,189,0,df1c5e3ed88b59a04ad05a29e847761c5f5ca9b0e6ac981f4dafab0e96eee400
620,dqn,163,random,ew_heavy,23.685643564356436,90.5,15.948333333333334,48,139,-119.15428774077515,202,63,0,2,0,0,300.0,-14.951562756323256,-6.4152250047314725,-52.78749997972045,-45.0,45,2,202,0,2716f271ab0f9f384865af078d51dcfc728345c7da1f3daa2130bd3732613dcb
621,dqn,638,random,low,30.516806722689076,101.0,24.21,51,175,-141.46470863542706,238,63,0,1,0,0,300.0,-22.69687542761676,-11.893874997698726,-59.873958210111596,-47.0,47,2,238,0,28a0a8056b29f521d29f748e7a4b5c827235820e108200200f8fd02caa338b2f
622,dqn,12,random,left_heavy,22.650602409638555,74.0,12.536666666666667,27,126,-114.17134190358995,166,40,0,3,0,0,300.0,-11.75312529259827,-5.929674996145332,-52.488541614846326,-44.0,44,2,166,0,b8d2e9ca3c4b726f93b9df1de33b18813e46fc44c42e0299929d927fcae2f264
623,dqn,984,random,ns_heavy,23.230964467005077,75.5,15.255,33,169,-121.78828770030306,197,28,0,2,0,0,300.0,-14.301562663400546,-5.43360001434121,-51.05312502256129,-51.0,51,3,197,0,aa30cee95ab1113825f528e4c46d3267c9ad7a4914cbece5481a597fe27290a1
624,dqn,593,random,low,35.261744966442954,150.0,35.026666666666664,80,178,-188.15665024185378,298,120,0,3,0,0,300.0,-32.83750022377353,-21.366024970931903,-83.9531250471482,-50.0,50,2,298,0,5594f84589d71dac0c130c4b6919abc1a82f72418dbd05032751bd1a82c1b1d1
625,dqn,715,random,ew_heavy,12.03525641025641,53.5,6.258333333333334,15,144,-67.02982930627331,156,12,0,1,0,0,300.0,-5.867187634576112,-1.4116000035792233,-27.751041668117978,-32.0,32,6,156,0,6cbfe9321f730df749bbe09d8839912e78dae2198f487d1162355d0b79a8442d
626,dqn,531,random,left_heavy,28.303347280334727,90.5,22.55,53,164,-141.49917115448193,239,75,18,23,0,0,300.0,-21.14062534784898,-12.903337532446315,-56.45520827418659,-51.0,51,1,257,18,f6cdb3cdc26838ba2150ee64357a1965d7b89642e61be3bc70bc3027ec2ad0ed
627,dqn,348,random,ns_heavy,30.268145161290324,124.0,25.02166666666667,52,176,-163.73257957015963,248,72,0,2,0,0,300.0,-23.457812821143307,-12.576850004157317,-74.69791674485896,-53.0,53,1,248,0,9cdf569300831fb0b864fbc86a5106a8196701740ad1c54da344573fa4019309
628,dqn,866,random,heavy,23.084745762711865,94.5,13.62,35,139,-108.95332951794917,177,38,0,1,0,0,300.0,-12.768750282120891,-5.108537488361615,-44.07604174746666,-47.0,47,2,177,0,14d9507e0db1d2b5520e93a789dff2cc23725763332ca741491ec21efbe00e09
629,dqn,22,random,heavy,21.48324022346369,104.5,12.818333333333333,26,156,-126.10341685880775,179,23,0,2,0,0,300.0,-12.017187675810419,-5.0820625066837195,-67.00416667631362,-42.0,42,5,179,0,414d8d9a7520942d3e158b7941d414cc579f5f07b2ceae3d2c2f3ca8e6a86e02
630,dqn,416,random,left_heavy,25.776923076923076,75.5,16.765,38,136,-123.20530031456217,195,59,3,9,0,0,300.0,-15.717187791015022,-7.8474875117892235,-53.64062501175795,-46.0,46,3,198,3,05eb738634fb18cd6d445e1ee1563b42d90c4cb8de1596522fc512792662513e
631,dqn,733,random,heavy,35.02549019607843,137.5,29.77166666666667,68,163,-176.15482520372035,255,92,0,2,0,0,300.0,-27.910937740118243,-17.75326246746699,-80.49062499613501,-50.0,50,1,255,0,075dcaae9f12c71ae70dc932494d7226126ec188470383cad968a2fd4b5bc017
632,dqn,787,random,heavy,24.265432098765434,123.0,19.655,56,180,-138.28267104751936,243,63,0,2,0,0,300.0,-18.42656282102689,-8.579025008278407,-64.2770832182141,-47.0,47,4,243,0,9f9fa368eff6808cd434e9a744e0f28ceb0716deda49b6c1ae9bc78d43ae8c25
633,dqn,249,random,heavy,37.666666666666664,136.5,38.42,72,153,-196.79911688456932,306,153,0,2,0,0,300.0,-36.01875009993091,-28.704325034377696,-81.07604175026063,-51.0,51,3,306,0,25504fe6e5a06f93b238ee0d8549347d22ed482e31c141351c4387fb924ffaf5
634,dqn,18,random,low,37.898648648648646,116.0,28.045,54,134,-169.38227518880083,222,88,0,2,0,0,300.0,-26.292187748244032,-18.946337508147547,-76.14374993240926,-48.0,48,5,222,0,315cacc99785eb771aa3614df21b696f38eb706b497a3acae6a15bad25b9cf34
635,dqn,979,random,low,28.198067632850243,86.0,19.456666666666667,38,159,-132.25005021951287,207,48,0,2,0,0,300.0,-18.24062528181821,-8.778174997462337,-54.231249940232374,-51.0,51,4,207,0,602e7c1cec9051e7be11c844781794916887ad52463311b80e61d2b68f1b0378
636,dqn,28,random,left_heavy,12.318452380952381,61.5,6.898333333333333,16,142,-71.59527511014379,168,26,0,3,0,0,300.0,-6.467187629197724,-1.6187125002477853,-26.50937498069834,-37.0,37,5,168,0,1531abfc7d38569d5fa5f9ae8219d804d82062ee5a38e37ae1bffd0c1d4f88ff
637,dqn,807,random,left_heavy,38.638888888888886,140.0,32.46333333333333,72,145,-181.57957947087198,252,107,20,24,0,0,300.0,-30.4343753362773,-23.572287548991877,-73.5729165856028,-54.0,54,3,272,20,18495bc49f47321300562cf1e93c23d6c1c0765b885c2d3d96d2bd2089e318ca
638,dqn,599,random,low,34.994791666666664,116.0,33.595,78,176,-166.93789631242902,288,112,0,2,0,0,300.0,-31.49531290505547,-18.59362499088092,-67.84895841649268,-49.0,49,2,288,0,98db2c5f065a8c39fdb27fe79f003805a6ebf04c5ac4c93f7bbc4731d248004c
639,dqn,3,random,heavy,20.73076923076923,64.5,13.475,34,153,-112.52628777638166,195,42,0,2,0,0,300.0,-12.63281279464718,-5.374724987741505,-48.51874999399297,-46.0,46,3,195,0,6fe1edf6b3132cde9fc5bc1b9131ea86f3834290f9e65770eecf23033cc3f453
640,dqn,227,random,ew_heavy,26.61036036036036,122.5,19.691666666666666,45,160,-152.81997115944907,222,62,0,2,0,0,300.0,-18.46093775879126,-10.119450010242147,-74.23958339041565,-50.0,50,2,222,0,90b1002e86e70c5bb80bcf99d87ede7dbdde0c4d98aab4a8ac5899e5fedc1ba6
641,dqn,183,random,low,26.626893939393938,103.5,23.43166666666667,60,167,-145.56088370530998,264,97,0,2,0,0,300.0,-21.96718789706938,-11.113487490840637,-61.480208317399956,-51.0,51,2,264,0,475cb8dd272a12bc0e2297496e126032ba1c42481da64089f5815708a94ac15b
642,dqn,68,random,ew_heavy,37.34316770186335,123.5,40.08166666666666,73,175,-192.51702937251602,322,147,0,2,0,0,300.0,-37.57656271930318,-25.464424909099034,-77.4760417441139,-52.0,52,3,322,0,983c67d6219671bc2be21c849a1a434e76217e9755f8a71a421690e4c9f2613f
643,dqn,593,random,low,35.55536912751678,196.0,35.318333333333335,78,171,-195.78195439145702,298,127,0,3,0,0,300.0,-33.11093767534476,-23.129350053209777,-87.54166666290257,-52.0,52,4,298,0,5594f84589d71dac0c130c4b6919abc1a82f72418dbd05032751bd1a82c1b1d1
644,dqn,128,random,heavy,32.79829545454545,91.5,19.241666666666667,41,131,-132.5073543228274,176,45,0,2,0,0,300.0,-18.03906268486753,-9.264125010820134,-59.204166627139784,-46.0,46,3,176,0,540677b01e0e4491cc42e9cf82f1a636feb5f11cbeb4cde73325df938d3348dc
645,dqn,334,random,left_heavy,24.423780487804876,90.0,13.351666666666667,33,119,-117.96092507098581,164,45,0,1,0,0,300.0,-12.517187625868246,-5.740612495758249,-58.703124949359335,-41.0,41,6,164,0,0757a415babd1282529f37f100ee6921b201bcd243fb2a5a4741fca2f4bf1c31
646,dqn,375,random,ns_heavy,28.416044776119403,121.0,25.385,49,180,-156.8233086860223,268,88,0,2,0,0,300.0,-23.798437855788507,-14.488412480796248,-70.53645834943745,-48.0,48,4,268,0,4177d0d2747b66881571ee22ce1319b1698431305703d0bb7ce03adbd528ac78
647,dqn,34,random,balanced,32.397683397683394,130.5,27.97,60,169,-183.1295588436108,259,90,0,2,0,0,300.0,-26.22187534207478,-15.4774750097924,-88.43020849174354,-53.0,53,1,259,0,f73a663e2568ed240bf11c9ed11b57ff90ac2b8da4d5ab4fbd9aafab6d5a041d
648,dqn,338,random,left_heavy,39.91522491349481,120.0,38.455,74,176,-188.117171194571,289,113,15,19,0,0,300.0,-36.05156277620699,-25.938525044060228,-77.12708337430377,-49.0,49,4,304,15,41987b057caafd78df5d21170f8474cd2d995e483de58a569f2d5c9dcbc176ee
649,dqn,612,random,heavy,26.050970873786408,70.5,17.888333333333332,33,162,-121.27359192154904,206,44,0,1,0,0,300.0,-16.770312789827585,-7.052237500670159,-50.45104163105134,-47.0,47,1,206,0,e1913591c423689a644dc04aa0e493b241159eb256d9ff7e66338b3f81d74bbe
650,dqn,564,random,balanced,22.82,66.5,11.41,27,135,-99.76085429680752,150,15,0,1,0,0,300.0,-10.696875130408444,-3.8129375020063914,-48.25104166439269,-37.0,37,5,150,0,06eade63226478225f88ab734704adbbe38cefa93b4da25ab48eef3d669e5629
651,dqn,544,random,ns_heavy,24.47596153846154,118.5,16.97,49,156,-121.97295421926025,208,52,0,3,0,0,300.0,-15.90937513159588,-7.775037481386242,-59.28854160627816,-39.0,39,5,208,0,c797c45293170f28793d3e4c89d5238681875dd643237a5fefb1dc99b2ca1cb9
652,dqn,888,random,heavy,13.132575757575758,89.0,5.78,23,125,-81.2604042777341,132,7,0,1,0,0,300.0,-5.418750124750659,-1.7812374962042663,-39.060416656779125,-35.0,35,10,132,0,4e6d169c615b58bb5630512eee77beea3d92debfaf4c060da922ef539f34df02
653,dqn,203,random,ns_heavy,18.18595041322314,64.0,7.335,16,114,-85.98177097607186,121,7,0,1,0,0,300.0,-6.8765626575332135,-2.0656250000211,-41.03958331851754,-36.0,36,7,121,0,de2b586f7a33898c22f2d8e2a23f3d0ad4e3154d85a8b586de1d61e68fb65cab
654,dqn,366,random,balanced,38.57746478873239,119.5,27.39,54,122,-166.0953125524297,213,91,0,1,0,0,300.0,-25.678125087171793,-19.58281248740023,-70.8343749778578,-50.0,50,2,213,0,78551331bd3510eddba1cf38bf24bea2943cdb4eefc800d52ad77e2130f849f8
655,dqn,676,random,balanced,30.011312217194572,132.5,22.108333333333334,44,149,-162.53090852598166,221,72,0,2,0,0,300.0,-20.72656271106098,-12.846012499010971,-80.95833331590984,-48.0,48,2,221,0,3b371675b8f6776880a16342eb83f8d5e5aca890a52b385a24ac45c440a18be0
656,dqn,185,random,ns_heavy,32.658854166666664,103.5,20.901666666666667,40,147,-153.0626753189535,192,45,0,1,0,0,300.0,-19.595312829711474,-11.242362489032526,-69.22500000020955,-53.0,53,3,192,0,dc3b29daab6ea8c192325a3fe4d58ff43a6a46eb4c063b7917410906e7be4cd8
657,dqn,307,random,low,36.87366548042704,149.5,34.538333333333334,67,181,-185.1994209442615,281,100,0,3,0,0,300.0,-32.37968762067612,-23.75515000097002,-80.06458332261536,-49.0,49,3,281,0,0a54e8692d4f2c8b5a14492a137ba29b7781ec15194fd66d370936631ed9ff26
658,dqn,579,random,low,14.7734375,64.0,9.455,22,168,-80.69962513472714,192,24,0,1,0,0,300.0,-8.864062682841904,-2.2324374978459667,-29.60312495403923,-40.0,40,6,192,0,5ebe6f4f7b3264f8eb379ab29028c02f52c58725adbdd7b6e724ed04c9185ff4
659,dqn,713,random,ew_heavy,31.629545454545454,130.5,23.195,47,146,-156.5093125734543,220,74,0,2,0,0,300.0,-21.745312697719783,-12.838999980578224,-74.92499989515636,-47.0,47,3,220,0,cf06810f86bbfbf5d1fa75f3976f9dd809fd849b3398207e31c95efd63b068f0
660,dqn,3,random,heavy,24.182051282051283,89.0,15.718333333333334,35,150,-120.2985711355293,195,45,0,2,0,0,300.0,-14.73593784822151,-6.560550009395953,-54.00208327791188,-45.0,45,3,195,0,6fe1edf6b3132cde9fc5bc1b9131ea86f3834290f9e65770eecf23033cc3f453
661,dqn,392,random,low,27.59442060085837,116.0,21.43166666666667,48,161,-143.8439668321698,233,72,0,2,0,0,300.0,-20.09218779753428,-12.025737505657156,-63.726041528978385,-48.0,48,2,233,0,527e8fc76dcb44c3765cba08ec384492787dffa36d908a124634c4f9f5becd42
662,dqn,385,random,low,31.397959183673468,122.5,30.77,66,177,-167.05472945576977,294,117,0,2,0,0,300.0,-28.84687539783772,-19.8036875134938,-71.40416654443834,-47.0,47,4,294,0,0b8925119d2c6fccbc76f3474ec3d26d59ce5b4597b767803c16e29f97012a87
663,dqn,320,random,ns_heavy,27.038095238095238,85.5,18.926666666666666,42,160,-132.35528768002482,210,50,0,2,0,0,300.0,-17.743750231689773,-7.7990374933877336,-56.81249995494727,-50.0,50,3,210,0,369ce49c5cf015ff48b3b62a178d177f6836e84570e9aa472b9acda7f487140e
664,dqn,318,random,balanced,28.634387351778656,123.5,24.148333333333333,56,165,-149.5662669915132,253,88,0,3,0,0,300.0,-22.639062840142287,-12.929287485860558,-65.99791666551027,-48.0,48,5,253,0,bad8acf6ae8bf1d2e297303d4d97064ec72a24903ba76ed52b74cf34cd8221e0
665,dqn,842,random,ew_heavy,22.7165991902834,127.0,18.703333333333333,53,195,-155.39442926825873,247,52,0,2,0,0,300.0,-17.534375107381493,-8.512137510640606,-88.34791665023658,-41.0,41,7,247,0,18ed906b22b819106e49d7449729119875c8e04b8d60d0cbf98f9f962fdf904f
666,dqn,388,random,ew_heavy,22.43951612903226,97.5,18.55,47,201,-129.6226335367021,248,47,0,2,0,0,300.0,-17.39062523643952,-8.801799993852184,-58.43020830641035,-45.0,45,6,248,0,fdf9400b38ceb592768a0eca483fb60f71a2cdd6dab707ce826bd79071d3e3b4
