episode,controller,seed,traffic_scenario,realized_scenario,avg_waiting_time,max_waiting_time,avg_queue,max_queue,throughput,episode_reward,departed,unfinished,pending,max_pending,collisions,teleports,duration,reward_queue,reward_waiting,reward_max_waiting,reward_switching,phase_changes,forced_changes,scheduled,not_inserted,route_sha256
1,dqn,772,random,balanced,33.93409090909091,148.0,24.885,65,149,-175.09440009063914,220,71,0,1,0,0,300.0,-23.26093774533365,-15.192837460207377,-80.64062488509808,-56.0,56,1,220,0,9cd712ab07f30a75a07166f5ce69084fb96cb827400a8d804407af148ac02bef
2,dqn,367,random,heavy,47.36807817589577,142.5,48.48,118,165,-226.67672949162852,307,142,1,4,0,0,300.0,-43.80312528053764,-38.297562562343906,-87.57604164874647,-57.0,57,0,308,1,b832bd9de988279a63337ec4f32da220792aa1c8794fee8fde1614aae91094fc
3,dqn,660,random,ew_heavy,42.689655172413794,112.5,37.141666666666666,89,143,-196.84989619122425,261,118,0,2,0,0,300.0,-34.81093783315737,-29.35562499316947,-75.68333336489741,-57.0,57,1,261,0,2ed79e64f524e5b7b8ab5f02f5934bd2a3de309d398f331ac9f1771fc1cdf4be
4,dqn,200,random,balanced,37.39940828402367,95.5,21.06833333333333,48,113,-152.4446166053014,169,56,0,1,0,0,300.0,-19.75156250759028,-13.420137472806523,-62.27291662490461,-57.0,57,1,169,0,1a929c4a0049f47981d25fa1a2b191be186d33cdb21b427a50830d3143d5a26b
5,dqn,945,random,heavy,38.31290322580645,155.0,19.795,49,112,-173.45157110778473,155,43,0,1,0,0,300.0,-18.557812671293505,-17.3260499920587,-81.56770844443236,-56.0,56,2,155,0,606d141bf0543a08ade33eddf46543c422db0ee504e984233d4ad7d5c4e41238
6,dqn,89,random,low,42.18410041841004,113.5,33.60666666666667,81,143,-180.85750862892974,239,96,0,2,0,0,300.0,-31.506250206264667,-22.30855005124832,-72.04270837141667,-55.0,55,0,239,0,80952ea77ad04adeba23ba0f608c640f7dc7003cdc2da1321fc69155ace8e900
7,dqn,265,random,heavy,36.440711462450594,96.0,30.731666666666666,85,148,-173.07455861501282,253,105,0,1,0,0,300.0,-28.810937711037695,-18.1396625066678,-69.12395839730743,-57.0,57,1,253,0,ccd0cb61ae3d35e7e1c4643a6e856ca7165cee8ab4d167d07231c1abd30b2526
8,dqn,654,random,ns_heavy,40.039370078740156,110.0,33.9,77,167,-180.2009208944633,254,87,0,1,0,0,300.0,-31.781250167521648,-23.94571248553765,-70.47395824140403,-54.0,54,0,254,0,766ff4111426a40427dbd142d1061bfbab5c451dad7ee5ad1a14ce8847c36e0a
9,dqn,17,random,heavy,35.19932432432432,128.5,17.365,48,104,-148.29495865817657,148,44,0,1,0,0,300.0,-16.279687828500755,-9.844437517118784,-66.17083331255708,-56.0,56,0,148,0,2eff2af0c12cfb2480e3d6c0691b366ff4fdb48e75c2b144f5d01e7863a95103
10,dqn,460,random,ns_heavy,46.333333333333336,153.0,43.09,100,147,-205.96467947706338,279,132,0,2,0,0,300.0,-40.39687530929223,-29.094887496579766,-79.47291667119134,-57.0,57,1,279,0,193042abca6c4ac65f7cd67cd4f8404afef5a8c7e3cf64485d2ff78581240b2b
11,dqn,148,random,balanced,43.08613445378151,103.0,34.181666666666665,74,162,-187.6281377642686,238,76,0,1,0,0,300.0,-32.045312847942114,-23.373450020424926,-76.20937489590142,-56.0,56,0,238,0,c7c282b923a371314d119956770922f3bf09aeabf5f788ce7b2f6677b27ee084
12,dqn,988,random,balanced,44.94631901840491,134.5,48.84166666666667,112,164,-223.23660023725367,326,162,0,2,0,0,300.0,-45.75000023539178,-40.38660000537705,-80.09999999648426,-57.0,57,0,326,0,e74279ee7b9ff1537d15af84d708b1df6a1a1a62f5eccf9e033dab4e660996c1
13,dqn,329,random,heavy,42.345360824742265,162.0,27.385,68,118,-194.212749956437,194,76,0,2,0,0,300.0,-25.673437534831464,-23.439312457717463,-87.09999996388797,-58.0,58,1,194,0,53bb8aa11525e1d29038e52c7fcb55607c8a6ff0f9df2cb1cd07e7138924a19b
14,dqn,852,random,ns_heavy,58.411764705882355,171.5,66.20833333333333,135,141,-252.58473728107234,340,199,14,23,0,0,300.0,-60.514062303700484,-47.73630001348271,-88.33437496388797,-56.0,56,0,354,14,b715e90854fa60c064da66d6bbad42ef7493a7965e21cdc987e6eb760ed6e792
15,dqn,320,random,ns_heavy,53.964285714285715,184.5,37.775,81,130,-221.260620821309,210,80,0,2,0,0,300.0,-35.1500000259839,-34.233537506237155,-95.87708328908775,-56.0,56,1,210,0,369ce49c5cf015ff48b3b62a178d177f6836e84570e9aa472b9acda7f487140e
16,dqn,837,random,ew_heavy,36.43089430894309,101.0,29.873333333333335,88,146,-165.50710844917563,246,100,0,2,0,0,300.0,-27.35781268030405,-20.181587514056442,-61.96770825481508,-56.0,56,1,246,0,1c89ea06e90130116aad0f4ed67f79b753b52be265eece744718846d0fff1159
17,dqn,53,random,heavy,38.265116279069765,107.5,27.423333333333332,61,138,-173.25677937884967,215,77,0,1,0,0,300.0,-25.70937528507784,-18.743237513570776,-71.80416658020113,-57.0,57,1,215,0,c3eaef5acade4eb3a2b0762e90de93c31a64ca1ef003787bfd05546e36f72abc
18,dqn,52,random,low,43.11351351351351,109.0,26.586666666666666,57,121,-170.65266683914965,185,64,0,1,0,0,300.0,-24.92500022565946,-16.426624955802982,-73.30104165768716,-56.0,56,1,185,0,75e73a14d8c3db5e1847137b89cb5e961f772f8f00c7a9ba203bcecc5553251c
19,dqn,270,random,left_heavy,39.294285714285714,144.5,22.923333333333332,48,120,-180.0334375726546,175,55,18,24,0,0,300.0,-21.490625064936467,-20.942812481198782,-82.60000002651941,-55.0,55,3,193,18,bbbc3af943cbcd65d0a6648c14110c33d2597fb24c3cdf3aadb5f5d9ea28298e
20,dqn,556,random,ew_heavy,22.142857142857142,76.5,12.408333333333333,32,109,-123.53716672680522,168,59,0,6,0,0,300.0,-11.632812634226866,-6.772062498873127,-49.132291593705304,-56.0,56,1,168,0,d2e0babe22c2fe9a7444df9afb30c9dc3b62dbd8afaa0a05bdb6d03369b837ac
21,dqn,165,random,left_heavy,38.76599326599327,115.0,38.38333333333333,97,180,-190.15447930638544,297,117,14,18,0,0,300.0,-35.98437526053749,-26.30031252869739,-73.86979151715059,-54.0,54,0,311,14,1c7ae3683120b7d3050b469acfbe6f13e5e620cd52d7ed0cb8d7c6ae4983f121
22,dqn,608,random,ew_heavy,46.441287878787875,142.5,40.86833333333333,95,148,-204.57929607098558,264,116,0,2,0,0,300.0,-36.79843778046779,-32.94439999411917,-77.83645829639863,-57.0,57,1,264,0,928b1135c5956601902d0fbd9854528f3e563a12ac44cb113f11503328323a6a
23,dqn,518,random,ns_heavy,34.35214007782101,110.5,29.428333333333335,85,156,-166.63143366896907,257,101,0,3,0,0,300.0,-27.46250038826838,-20.08247499710778,-65.08645828359295,-54.0,54,2,257,0,678ff2126c9a95469b5d7f8ea607527e4ce5172454fabfe138e5191446511ff8
24,dqn,51,random,ew_heavy,27.95762711864407,106.0,16.495,51,123,-143.3298501138066,177,54,0,3,0,0,300.0,-15.448437586892396,-10.76266254458606,-60.118749982328154,-57.0,57,1,177,0,d62a0f2a9b85b1016e860b9b7456fc61faa88d2a897b3f57f7cb267c92f99a7f
25,dqn,345,random,ns_heavy,35.286384976525824,123.5,25.053333333333335,50,148,-165.14425858259648,213,65,0,1,0,0,300.0,-23.48750011343509,-15.026550008896452,-70.63020846026484,-56.0,56,2,213,0,2f5c2b85f44a25b451c881b4089094232b3ce5f590c19e421b477402e8e147b0
26,dqn,478,random,ns_heavy,39.07541899441341,104.0,23.315,56,119,-157.74603367699382,179,60,0,1,0,0,300.0,-21.857812693109736,-14.761137458007571,-65.12708352587651,-56.0,56,2,179,0,dfa7fa02fc82a2fe0de5e00deef8c87e7516c1273d00579ebfd98af746207585
27,dqn,911,random,heavy,38.87259615384615,168.0,26.951666666666668,66,131,-180.82572103569623,208,77,0,3,0,0,300.0,-25.267187689547427,-21.315824993637943,-77.24270835251082,-57.0,57,1,208,0,7ba0de31f540462bf19026bdcbb4897d2d5767d413c8a1ceb105611bacea1fb5
28,dqn,330,random,left_heavy,52.23432343234323,184.0,52.76166666666666,113,153,-241.1747878333486,303,150,25,29,0,0,300.0,-48.88750017527491,-44.5810375319487,-91.70625012612436,-56.0,56,3,328,25,6957e43172dda788521429215769e45b2de9e989bb5e0f3843b7b1ed6cffa4bd
29,dqn,327,random,ew_heavy,37.27325581395349,107.5,21.37,53,112,-146.57222114017063,172,60,0,2,0,0,300.0,-20.034375160583295,-13.192012510172209,-60.34583346941508,-53.0,53,1,172,0,3467bc0f21b9c701fe63a1cfd1e002335ad031bd7302bdcfb6b0257fc1d88879
30,dqn,217,random,heavy,40.57427536231884,105.0,37.32833333333333,104,167,-184.37178356190046,276,109,0,2,0,0,300.0,-34.995312722283415,-25.605637465965266,-70.77083337365184,-53.0,53,0,276,0,ef77270ba31ebdc2fd2e16f8603233975b84a3fed569188187a0c24f7c1d9633
31,dqn,469,random,balanced,44.88446215139442,122.5,37.553333333333335,81,140,-213.8026793105681,251,111,0,3,0,0,300.0,-35.20625019352883,-33.59226249287968,-88.00416662415955,-57.0,57,0,251,0,26e7585b4bc1e77a17851f4eb31aafe400dd998867a330b5cdedd7e58afc74b8
32,dqn,798,random,ew_heavy,33.08588957055215,97.5,17.976666666666667,40,130,-146.67349997763807,163,33,0,1,0,0,300.0,-16.853125129826367,-10.045374984110815,-63.77499986370094,-56.0,56,1,163,0,29c7427026772cee900c4a8db273955ffad288a3575959829cf4b9ff2db78d9b
33,dqn,355,random,ew_heavy,37.449771689497716,110.0,27.338333333333335,54,160,-175.2412793752831,219,59,0,2,0,0,300.0,-25.629687757696956,-15.091800004602545,-79.51979161298368,-55.0,55,0,219,0,5293f30bc2385bd8d7d52ab1786ecc37a67840a2fa644a1a9defb7a36a9e19a3
34,dqn,421,random,balanced,42.99085365853659,158.5,23.501666666666665,58,108,-176.00264989220378,164,56,0,2,0,0,300.0,-21.692187408101745,-20.135462479049608,-80.17500000505242,-54.0,54,2,164,0,6723b92e81733115583a69e705a27a821de3916b512008a3c1ac05bc5507f26e
35,dqn,641,random,heavy,37.36666666666667,111.0,33.63,66,160,-190.83869172123894,270,110,0,2,0,0,300.0,-31.400000130175613,-22.57827496345782,-81.86041662760545,-55.0,55,1,270,0,90094cde7db2a3714e78a6463d6778ef266c9f15dbb6e5fcadbe07dd529a4cf4
36,dqn,104,random,heavy,26.70886075949367,98.0,14.066666666666666,36,120,-136.19670434475194,158,38,0,1,0,0,300.0,-13.187500207917765,-7.536287486597571,-61.472916650236584,-54.0,54,0,158,0,5284a70c0b981cc4da06b70d42388da55b10dc1c92e41d8e39091cf1d447936b
37,dqn,588,random,balanced,39.088447653429604,136.5,36.09166666666667,96,157,-180.3339877979808,277,120,0,2,0,0,300.0,-32.90781274077017,-23.660550040330413,-67.76562501688022,-56.0,56,1,277,0,d057c0363e435dfa4098e38fddcaf1ffa0ea589e700f050de5781227fcafa676
38,dqn,370,random,ew_heavy,34.625698324022345,105.5,20.66,52,115,-154.17752930703642,179,64,0,2,0,0,300.0,-19.368750086403452,-13.34836252867317,-65.46041669195984,-56.0,56,0,179,0,9070a2d6aeb5bfb454861b4cbd9992f7910e2b77cee26c5bd648cbb65d175a3b
39,dqn,594,random,left_heavy,44.0280612244898,130.0,28.77,58,119,-196.75733754387116,196,77,26,29,0,0,300.0,-26.97187512239907,-28.957337620192998,-84.82812480127905,-56.0,56,0,222,26,c34de4432a582ccd4715db37a9da27baee6e7bc3a2968b493c862daaddf342c2
40,dqn,915,random,low,36.625,122.5,24.416666666666668,53,144,-176.34632117727665,200,56,0,1,0,0,300.0,-22.890625277417712,-16.575487525275825,-79.88020837458316,-57.0,57,1,200,0,db06061a6a6a3432d05d68f771f72ec7959656ff74bd78012c28635048386852
41,dqn,225,random,low,38.66949152542373,118.5,30.42,70,146,-172.86774627460323,236,90,0,3,0,0,300.0,-28.51875029830262,-20.521912549190898,-69.82708342710976,-54.0,54,2,236,0,9f7bb34fd285c1e657f3e36641e7d1a93919963549e882f08d811f7a04a4b578
42,dqn,390,random,left_heavy,44.10697674418605,162.0,31.613333333333333,58,134,-219.9496627377614,215,81,24,29,0,0,300.0,-29.63750029692892,-34.22153747871415,-99.09062496211845,-57.0,57,4,239,24,13685e5a39c2777152cfdb3187b107934b09eaadacdf207b4e1e901cecd4c997
43,dqn,401,random,ew_heavy,47.57322175732217,134.0,37.9,98,120,-214.22511694296344,239,119,0,2,0,0,300.0,-35.315625275019556,-39.202199932025536,-82.70729173591826,-57.0,57,0,239,0,6484a516f5fb9d85b9df0ec9b8c93bc6d465dc5b65be19b597c32b52f1f814c5
44,dqn,188,random,ew_heavy,41.62925170068027,111.0,40.79666666666667,98,162,-194.8555338047053,294,132,0,3,0,0,300.0,-38.24687541392632,-27.769075058477764,-72.83958333230112,-56.0,56,0,294,0,cd5e1cf1aa4de7cd5fc938361d98febf02194717de52bf1b2d090f8d7577d587
45,dqn,387,random,ew_heavy,36.06726457399103,116.5,26.81,59,156,-163.03271282471619,223,67,0,1,0,0,300.0,-25.134375312947668,-17.835837493956937,-64.06250001781154,-56.0,56,1,223,0,9911706c11cde52b7c41fd7d169a6292297bd57d5ab612b5a47a98e72932f91b
46,dqn,67,random,heavy,34.76,112.5,20.276666666666667,53,129,-146.4669919777822,175,46,0,1,0,0,300.0,-19.00937523925677,-11.590950007450008,-60.866666731075384,-55.0,55,0,175,0,1f68dacc099006291099fe5bfa1e1dfc0e4418400e1b79180f3c0ca0922027b3
47,dqn,247,random,ns_heavy,38.30566037735849,122.5,33.836666666666666,72,171,-177.90347118610669,265,94,0,3,0,0,300.0,-31.721875412389636,-20.376387468237958,-68.80520830547903,-57.0,57,1,265,0,75df0c7bce323381c22c0eb08f7e34c3bf86a6be1a1f8707454dbbb370ed9761
48,dqn,513,random,low,18.584415584415584,69.0,9.54,26,138,-108.7734836496566,154,16,0,1,0,0,300.0,-8.943750222446397,-3.0807750038256945,-40.748958423384465,-56.0,56,1,154,0,263f5dd8ac9e55331685168619f5fd1242f50500941a0f59160f9dbdd7a0b138
49,dqn,440,random,balanced,27.11918604651163,90.0,15.548333333333334,48,127,-129.09234184227324,172,45,0,2,0,0,300.0,-14.576562666683458,-6.964737499276093,-51.551041676313616,-56.0,56,1,172,0,6f2ca533aeccd40ed50287fb3c84cd0cf535d4faffd5cc80cd9f153f1259081f
50,dqn,668,random,left_heavy,38.278625954198475,132.5,33.431666666666665,72,153,-190.50842095677294,262,109,2,6,0,0,300.0,-31.342187686474063,-22.77039998791661,-81.39583328238223,-55.0,55,0,264,2,ed221f78d8886e1ad8228d74436582f2667cc135af7a1975a6d8d152becb285e
51,dqn,912,random,left_heavy,38.910828025477706,119.5,20.37,47,93,-163.88815010752506,157,64,17,20,0,0,300.0,-19.096875151153654,-16.44439997925874,-71.34687497711275,-57.0,57,0,174,17,04fd2d4685c3d6d20efad9e3587391c6a07ad85941e8d1df362d19b56ba34bda
52,dqn,413,random,ns_heavy,37.395604395604394,114.5,22.686666666666667,64,122,-156.501983249766,182,60,0,2,0,0,300.0,-21.078125051571988,-15.443649962517522,-63.9802082356764,-56.0,56,0,182,0,21cf361e27022d77cc5d8baf0233c1c50cb8e50fa11cc6966b4483128489721d
53,dqn,987,random,balanced,20.365853658536587,86.0,13.916666666666666,47,161,-112.51566267709057,205,44,0,1,0,0,300.0,-13.046875216648914,-5.318787494295245,-38.149999966146424,-56.0,56,1,205,0,f334b2bf86f849827a07f242d1be8ba5ce46ba6c098d9d3c64e03b2faaa67c94
54,dqn,849,random,low,30.37150837988827,100.5,18.121666666666666,40,136,-149.95333320008135,179,43,0,1,0,0,300.0,-16.989062661421485,-10.496562507362245,-65.46770803129766,-57.0,57,0,179,0,e3b3f6f7262bdb42cf1563d012b38205c72140f9c1ff0b9589bc8f60ecc24cb6
55,dqn,326,random,ns_heavy,36.901785714285715,122.5,34.44166666666667,93,171,-182.7039085821387,280,109,0,2,0,0,300.0,-32.28906270780135,-21.15338748103459,-73.26145839330275,-56.0,56,0,280,0,e87bcb8923368989a35162a3ec8aaa232e911d5b0a2b623a606e5f543670b822
56,dqn,525,random,heavy,23.13095238095238,97.0,6.476666666666667,17,69,-115.66184595056033,84,15,0,1,0,0,300.0,-6.071875145309605,-2.459762498072088,-50.13020830717869,-57.0,57,3,84,0,6a247e80ff87310f3338a132359f94ded99b17861b1ac743b50d92be308d3b26
57,dqn,675,random,left_heavy,34.037974683544306,154.5,26.895,57,167,-194.0424837561317,237,70,21,24,0,0,300.0,-25.214062785031274,-22.223212534025503,-90.60520843707491,-56.0,56,1,258,21,a999d18fc567f149eacf9e8a3eea389dab6fcb3fe1077856f88928690c1e5089
58,dqn,798,random,ew_heavy,19.93558282208589,86.5,10.831666666666667,24,141,-115.25127512745753,163,22,0,1,0,0,300.0,-10.15468773280736,-3.940337491740502,-44.15624990290962,-57.0,57,1,163,0,29c7427026772cee900c4a8db273955ffad288a3575959829cf4b9ff2db78d9b
59,dqn,314,random,ew_heavy,38.648,132.5,32.20666666666666,86,149,-185.66887100337564,250,101,0,2,0,0,300.0,-30.19375024177134,-22.363662475310406,-78.11145828629378,-55.0,55,2,250,0,74324db8fd4748d1c5272a4fc921124c572f7606d87c78ea2fe75be23b2c6ece
60,dqn,566,random,left_heavy,35.381909547738694,147.0,23.475,52,130,-199.38716692262383,199,69,13,16,0,0,300.0,-22.00781271478627,-20.27831248828734,-99.10104171955027,-58.0,58,0,212,13,98caf007411bf315a5073ef51e3fd29f044aa1f1bf04f59d2113b6f179de05bf
61,dqn,878,random,low,29.25537634408602,89.0,18.138333333333332,49,132,-138.04046694848137,186,54,0,1,0,0,300.0,-17.004687743494287,-11.490987522713109,-54.54479168227408,-55.0,55,2,186,0,951cdc69d092f84fa4a17b5426485286bd1a9875f45ad7a180a7f27a41c6cccc
62,dqn,591,random,balanced,22.647368421052633,94.0,14.343333333333334,45,146,-126.50620010332563,190,44,0,2,0,0,300.0,-13.446875184425153,-6.009324997667135,-50.04999992123339,-57.0,57,1,190,0,e84ee16807ff7b35ab28cb371015d08f8d4773b76a2d47e92baa58b30e7852b0
63,dqn,983,random,ew_heavy,27.440104166666668,111.5,17.561666666666667,37,155,-152.43298351887427,192,37,0,1,0,0,300.0,-16.464062757557258,-9.232462494580984,-69.73645826673601,-57.0,57,1,192,0,9e5fe2c537204719497dc9ab75dbe21de53c4412e56aa0b0729522739bc96801
64,dqn,413,random,ns_heavy,31.802197802197803,117.0,19.293333333333333,41,112,-166.08311679301934,182,70,0,2,0,0,300.0,-18.0875000419328,-14.138325001757044,-75.8572917493293,-58.0,58,1,182,0,21cf361e27022d77cc5d8baf0233c1c50cb8e50fa11cc6966b4483128489721d
65,dqn,627,random,low,35.7313829787234,149.5,22.391666666666666,45,127,-179.3301376732073,188,61,0,2,0,0,300.0,-20.992187601630576,-15.21295001697799,-86.12500005459879,-57.0,57,0,188,0,d9c906d4a1598efbc39ed818b8a54f56e98e89e1eaec94b28a19ed80499aa79c
66,dqn,110,random,left_heavy,36.640756302521005,131.5,29.06833333333333,72,154,-186.4235170163658,238,84,17,19,0,0,300.0,-27.251562924706377,-21.50216249506702,-81.6697915965924,-56.0,56,1,255,17,06ee0a480abb39954b5017714a06c894634c0f4344e508f5d24f48129df5bc52
67,dqn,252,random,low,31.91484716157205,135.0,24.363333333333333,50,164,-174.10611696039484,229,65,0,2,0,0,300.0,-22.840625328593887,-13.517575024964021,-79.74791660683695,-58.0,58,1,229,0,94df5b4fc460b705fe437a07af4710a8f8e54c0aa03ce370f2fb70aa497ed0f8
68,dqn,705,random,ns_heavy,28.955696202531644,113.0,15.25,29,126,-144.65860444223006,158,32,0,2,0,0,300.0,-14.29687529511284,-6.95756249837068,-67.40416664874647,-56.0,56,2,158,0,b3f04c91220060ff04f08e22eddcf5c26c6348ef51223c9367900a6eb42fd69e
69,dqn,44,random,heavy,31.87864077669903,122.5,21.89,45,140,-178.9216584680093,206,66,0,2,0,0,300.0,-20.52187497902196,-16.194575040526985,-84.20520844846033,-58.0,58,1,206,0,be5356b26df6e1f543a3b33ea3a5ffe69caabefb3edd0045bae4de463cf2a196
70,dqn,859,random,balanced,40.11929824561403,170.5,38.11333333333334,94,169,-208.6471211316768,285,116,0,1,0,0,300.0,-35.39062526356429,-29.24503752882665,-87.01145833928604,-57.0,57,1,285,0,ab3d7081a66f6ae15cff187b09fbe3eee3e1e018cc659850bfa2f8d0301b3fcd
71,dqn,408,random,ew_heavy,29.370833333333334,131.0,11.748333333333333,27,102,-157.5019500723523,120,18,0,1,0,0,300.0,-11.01406264596153,-6.862887494726603,-80.6249999316642,-59.0,59,2,120,0,8e31ba0602e7a514220bf883843953cd2a938e51fc9361bedb01cf368a7fd1b0
72,dqn,726,random,balanced,40.598814229249015,109.5,34.23833333333334,91,142,-181.78797516483823,253,111,0,2,0,0,300.0,-32.09843762766104,-24.02391249151916,-67.66562504565809,-58.0,58,1,253,0,802abdb794868b44064a53da8c91a253c457241ce3bab7fa87298777eeb9e9de
73,dqn,817,random,heavy,34.38646288209607,112.0,26.248333333333335,63,152,-154.7961543622055,229,77,0,2,0,0,300.0,-24.607812743633986,-14.406049972805338,-58.782291645766236,-57.0,57,0,229,0,1e81a63a7ec4ff91033d324721fc6ecdc883aa158673ee3d508d88097636ed38
74,dqn,420,random,left_heavy,42.94618055555556,163.0,41.236666666666665,86,173,-231.63318331469887,288,115,46,51,0,0,300.0,-38.65937500738073,-42.59984992491146,-95.37395838240627,-55.0,55,2,334,46,b71803a1087882fcaf409081081a56bb7b6f61ed004799143c41e25c788d8a5b
75,dqn,288,random,ns_heavy,38.98207171314741,135.5,32.615,75,147,-183.70926261929347,251,104,0,2,0,0,300.0,-30.576562655973248,-25.62020000073607,-72.51249996258412,-55.0,55,2,251,0,129baab82e557e04b017b3a74556b60f3002da89832247f318798aa850d76975
76,dqn,88,random,left_heavy,43.346638655462186,204.0,34.395,66,153,-224.8092419455832,238,85,28,32,0,0,300.0,-32.245312774786726,-34.73476250372623,-100.82916666707024,-57.0,57,1,266,28,b11ba89cca25825aa4072334a7b64271fb7adf6774b2f617145738bae3644642
77,dqn,118,random,ew_heavy,33.909691629955944,119.5,25.658333333333335,70,156,-169.34147945308717,227,71,0,2,0,0,300.0,-24.031250316649675,-18.956062493558417,-69.35416664287914,-57.0,57,0,227,0,c4c81e093692d63ab4df0e55959781b1c97c98706fffe11d30fceebe98456f80
78,dqn,186,random,balanced,38.35034013605442,149.5,37.583333333333336,96,167,-192.131071215438,294,127,0,2,0,0,300.0,-35.234375309431925,-22.582112553122723,-77.31458335288335,-57.0,57,3,294,0,537bc70cf66b225a15295c0ae796f794c2df44804e3cdb5fec58c920b55b125b
79,dqn,10,random,heavy,35.86893203883495,131.5,24.63,49,131,-176.76462927937024,206,75,0,1,0,0,300.0,-23.09062516549602,-17.679212510110663,-79.99479160376359,-56.0,56,0,206,0,6279580c7e386b227ff967f883679f2a9b21c2eec6c468787b351b4dca22fe7c
80,dqn,552,random,balanced,32.54771784232365,114.5,26.14666666666667,81,166,-178.5533834329989,241,75,0,2,0,0,300.0,-24.478125211782753,-16.226299958391614,-81.84895826282445,-56.0,56,3,241,0,7516b7068c82f1ee1f401a3b4f978cbe14bb213c55206e3859f1d1953eb52977
81,dqn,611,random,low,29.599462365591396,123.5,18.351666666666667,44,138,-154.30315441709166,186,48,0,1,0,0,300.0,-17.20468775613699,-11.806799974769087,-68.29166668618564,-57.0,57,0,186,0,fdb49defc6d42cbc8abb2042b77d7b83fe97ed6d9e65eb434a1ea97235cccb5d
82,dqn,659,random,low,35.19879518072289,147.5,29.215,69,157,-193.64131691081636,249,92,0,2,0,0,300.0,-27.389062735484913,-17.885587465676508,-92.36666670965496,-56.0,56,1,249,0,c90522d4a7d2c6f89c67489e38c17062eecc6660c66e5770812fad65a59e80d5
83,dqn,679,random,left_heavy,29.16532258064516,133.0,12.06,33,89,-177.95085839538874,124,35,26,32,0,0,300.0,-11.306250062421896,-16.611274980549208,-93.03333335241769,-57.0,57,1,150,26,8da9a28253ea8377ab7e3782a50f72ccf79362b65bbec2973e612616dfdf68ae
84,dqn,27,random,balanced,15.916666666666666,79.0,7.958333333333333,20,137,-114.51931677616004,150,13,0,2,0,0,300.0,-7.460937680443749,-2.444837506015757,-47.61354158970062,-57.0,57,2,150,0,a9a05237e06fb7cb66d68183c611db1ccf094499796dc643e9bc16acce24fdeb
85,dqn,421,random,balanced,27.20731707317073,122.0,14.873333333333333,33,122,-141.72055850125687,164,42,0,2,0,0,300.0,-13.943750208825804,-7.718474995636643,-62.058333296794444,-58.0,58,1,164,0,6723b92e81733115583a69e705a27a821de3916b512008a3c1ac05bc5507f26e
86,dqn,943,random,left_heavy,37.38429752066116,172.0,30.158333333333335,75,161,-195.74946271530868,242,81,6,7,0,0,300.0,-28.273437658906914,-25.88852501516739,-83.5875000412343,-58.0,58,2,248,6,98eefc3993a016b9fdb6fd910f3b9bb39f576319e2ffe2407a5ff1e9a07ab8bf
87,dqn,550,random,low,40.88142857142857,131.5,47.7,110,172,-214.34099991129278,350,178,2,9,0,0,300.0,-44.71406248677522,-36.72693746034997,-76.89999996416736,-56.0,56,2,352,2,f661b6c7bd5af3949de1e6128f2f7a19958ba666b968fd18b00094fa9d753041
88,dqn,715,random,ew_heavy,23.71474358974359,124.0,12.331666666666667,30,124,-144.7780375694871,156,32,0,1,0,0,300.0,-11.56093756086193,-7.370225009160642,-69.84687499946449,-56.0,56,1,156,0,6cbfe9321f730df749bbe09d8839912e78dae2198f487d1162355d0b79a8442d
89,dqn,207,random,balanced,27.915686274509802,133.0,23.72833333333333,68,175,-156.29950444721104,255,80,0,2,0,0,300.0,-22.245312729268335,-11.053149985097845,-66.0010417328449,-57.0,57,1,255,0,8c03eeb155ed8fdf51b877ffe15244f207568615abf085b01bdcdb59c48db48d
90,dqn,723,random,heavy,27.064245810055866,98.5,16.148333333333333,44,133,-138.31685022231764,179,46,0,2,0,0,300.0,-15.139062750851735,-7.149662487228485,-58.028124984237365,-58.0,58,2,179,0,4abf4b44750d94c4486b109d33de84b328493aeccec99f5c6bf369cbbe4a7841
91,dqn,709,random,heavy,38.105633802816904,97.5,27.055,56,130,-161.09019608176817,213,83,0,2,0,0,300.0,-25.36406276235357,-16.730300013889064,-60.99583330552559,-58.0,58,1,213,0,d175ab3820c4f9a4ea683f098ea0c3b51c71400227b08411ab250c8fd5b47be3
92,dqn,989,random,heavy,38.31683168316832,178.5,25.8,49,134,-197.00936693803456,202,68,0,1,0,0,300.0,-24.187500151456334,-20.97082499776078,-94.85104178881738,-57.0,57,0,202,0,20d4edba93a9d558acc20daee0045000fc44e5ec869cbf5c0b7b0e454e71e5f4
93,dqn,18,random,low,40.77927927927928,122.0,30.176666666666666,81,130,-194.6614667311537,222,92,0,2,0,0,300.0,-27.91562501131557,-25.579174954490014,-84.16666676534805,-57.0,57,1,222,0,315cacc99785eb771aa3614df21b696f38eb706b497a3acae6a15bad25b9cf34
94,dqn,621,random,ns_heavy,28.16931216931217,133.5,17.748333333333335,42,135,-152.78103746809867,189,54,0,2,0,0,300.0,-16.639062471222132,-11.5638499944318,-67.57812500244472,-57.0,57,1,189,0,872e25e4c28c558670af0cbee059c4a8b3158ae5324adcfdc2d7c8549d113315
95,dqn,773,random,low,35.23031496062992,126.5,29.828333333333333,66,166,-182.52922931585996,254,88,0,2,0,0,300.0,-27.964062643237412,-25.15475002704261,-74.41041664557997,-55.0,55,2,254,0,df7200a9dac373bbcfc06f0594a303f5a021428f1ee15ca33c0395fea6150f43
96,dqn,493,random,low,33.976190476190474,185.0,28.54,66,147,-192.91582930947118,252,105,0,2,0,0,300.0,-26.75625014025718,-20.93353744535634,-88.22604172385763,-57.0,57,2,252,0,21a1f198d1364a32bf74a2aae45b67a44f3fdea38fe808d80fd769e7bef5dbcf
97,dqn,182,random,heavy,33.29145728643216,154.0,22.083333333333332,48,140,-179.87180028959122,199,59,0,1,0,0,300.0,-20.703125149477273,-13.753049996084885,-88.41562514402904,-57.0,57,0,199,0,986d11ffd694e2d94cf06e48fd0d6972873813b15fa6b2c1f9a5e39a5bda2a40
98,dqn,225,random,low,33.980932203389834,154.0,26.731666666666666,62,156,-174.46196710910098,236,80,0,3,0,0,300.0,-25.06093783408869,-18.259362559396696,-75.14166671561543,-56.0,56,0,236,0,9f7bb34fd285c1e657f3e36641e7d1a93919963549e882f08d811f7a04a4b578
99,dqn,359,random,ew_heavy,37.77031802120141,150.5,35.63,95,173,-216.34882107477594,283,110,0,2,0,0,300.0,-33.403125320211984,-26.734237522659512,-98.21145823190454,-58.0,58,0,283,0,32f061e1251b2821d66713c4b6b21654a1f844a6291771eb4a10ef561d5935c1
100,dqn,686,random,low,29.954545454545453,115.5,14.278333333333334,38,109,-141.46873334831986,143,34,0,1,0,0,300.0,-13.385937727754936,-7.008837493154714,-62.07395812741015,-59.0,59,0,143,0,722cede8ed78161b2108e950f8b41e8b1fe1c9c949e85301c4d9e3622da2b298
101,dqn,880,random,heavy,30.86842105263158,87.0,19.55,60,125,-142.49189178934105,190,65,0,3,0,0,300.0,-18.32812521373853,-12.215850005832174,-53.947916569770314,-58.0,58,2,190,0,db0fc386fe02295db2c15e3e94dd9f35cfb5b9977e3dd50b05264eec1323a411
102,dqn,700,random,ns_heavy,36.79964539007092,103.5,34.595,83,153,-181.82009205723082,282,129,0,5,0,0,300.0,-32.33750034903642,-22.347175013626845,-70.13541669456754,-57.0,57,1,282,0,f02480fb6796fb9a15a58968bdb1e4b9b032e885824f58b3c521bad874b23b26
103,dqn,433,random,ns_heavy,38.365145228215766,174.0,30.82,66,156,-198.11821689272622,241,85,0,2,0,0,300.0,-28.8937503217021,-22.260924982627333,-88.96354158839677,-58.0,58,2,241,0,967b6402e27918d1003add17432a4fa829f698da1d3d96c2b5a0342345eb25b6
104,dqn,953,random,low,38.686832740213525,160.5,36.236666666666665,94,164,-197.4008711107359,281,117,0,2,0,0,300.0,-33.9718751758337,-25.186287472495316,-81.24270846240688,-57.0,57,1,281,0,0c3c3415ab7e540b93b70640bb00b410f539c15a9828fcd55f3473c30875867d
105,dqn,353,random,balanced,39.142857142857146,141.0,32.88,77,143,-183.30892506953177,252,109,0,2,0,0,300.0,-30.825000181794167,-23.496424962778836,-70.98749992495868,-58.0,58,2,252,0,7fd7b8d36d121cebcbd8940c983bf5279888aaf66af132acd68e5a11607507ce
106,dqn,934,random,left_heavy,42.814732142857146,186.0,31.968333333333334,67,151,-213.33290843116643,224,73,4,6,0,0,300.0,-29.970312581281178,-30.01363750743259,-97.34895834245253,-56.0,56,3,228,4,91d672bfcece7cb5254962a5667d6dac82c4360b7c8d1558019dcd0328f86672
107,dqn,506,random,left_heavy,38.55309734513274,119.5,29.051666666666666,64,141,-180.23434211264467,226,85,44,48,0,0,300.0,-27.235937939956784,-20.91611250289352,-74.08229166979436,-58.0,58,0,270,44,5850549723d34e5e210f162f4f47e5c6aac5b788736e6f1a189debdc4b3b8979
108,dqn,492,random,low,32.12596899224806,132.0,27.63,63,170,-168.8124336054533,258,88,0,1,0,0,300.0,-25.903125196811743,-15.769725026235385,-69.13958338240627,-58.0,58,2,258,0,26b610045b0c86aae2732f1cff51f96273345dc7d556e1665e6ffcae32ef6049
109,dqn,884,random,ew_heavy,44.80313588850174,144.0,42.861666666666665,86,150,-219.93192516398193,287,137,0,2,0,0,300.0,-40.18281278968789,-34.23348745473705,-86.51562491955701,-59.0,59,0,287,0,0dab51862f3b4475719cdf8c0f7875cc7553adb15be8a640b2b9f22d1792a543
110,dqn,853,random,balanced,33.04135338345865,140.5,14.648333333333333,37,93,-165.37441692138887,133,40,0,1,0,0,300.0,-13.73281274177134,-14.384312506284187,-81.25729167333338,-56.0,56,2,133,0,312df65e0593a2a4d5e9a53d43fed692d50c8c032db4e3f34a0ba395734f2cd8
111,dqn,144,random,ns_heavy,15.480952380952381,59.5,5.418333333333333,19,96,-94.92912093770359,105,9,0,1,0,0,300.0,-5.079687598044984,-1.5067250023050294,-31.342708337353542,-57.0,57,1,105,0,57907eaa162bbb511688c8ee3d4cf617ee3c1b5f6fb7a893f50806d4d3aec66c
112,dqn,959,random,ns_heavy,36.529513888888886,153.0,35.068333333333335,74,162,-191.3192961906208,288,126,0,2,0,0,300.0,-32.87656280444935,-25.215650056477887,-76.22708332969341,-57.0,57,1,288,0,e86a526b3b04f54e585acefc9df10dd628637343249122a882796ed8cf8c0d39
113,dqn,158,random,ew_heavy,41.195578231292515,101.5,40.373333333333335,126,149,-188.17078779901567,294,145,0,3,0,0,300.0,-37.14531266060658,-25.037975045812342,-68.98750009259675,-57.0,57,1,294,0,00e3ecfd39e9c003313ce9466ef1b385366bcb0cc258df2a9b7e51e9816d6390
114,dqn,417,random,ns_heavy,37.428044280442805,119.5,33.81,81,158,-180.78809585961662,271,113,0,2,0,0,300.0,-31.362500023678876,-22.2391374747189,-69.18645836121868,-58.0,58,1,271,0,8d5267bd2139456f0c04a12fdacec5c93ccaad80a94930f231d21fd1af29c77a
115,dqn,591,random,balanced,30.223684210526315,121.0,19.141666666666666,49,127,-158.14483330165314,190,63,0,2,0,0,300.0,-17.94531258312054,-12.131812506930872,-71.06770821160171,-57.0,57,2,190,0,e84ee16807ff7b35ab28cb371015d08f8d4773b76a2d47e92baa58b30e7852b0
116,dqn,607,random,low,34.36909871244635,137.0,26.69333333333333,61,145,-200.6704209104276,233,88,0,2,0,0,300.0,-25.02500000433065,-23.0745874925844,-95.57083341351245,-57.0,57,0,233,0,1d73278c5e49081d296dfb2efbf2999a24520a7c0d5ff940cc282cc801fa9d49
117,dqn,826,random,low,32.46060606060606,100.0,17.85333333333333,39,120,-145.9456752794613,165,45,0,1,0,0,300.0,-16.737500327755697,-9.276924999179755,-62.93124995252583,-57.0,57,1,165,0,3ed4541d5361d92e4ef129a304d92ec56946d39da0129481cbd0535675d2032e
118,dqn,594,random,left_heavy,42.91450777202073,163.5,27.616666666666667,57,126,-194.14228350404943,193,67,29,31,0,0,300.0,-25.89062513934914,-26.05582505735874,-84.19583330734167,-58.0,58,1,222,29,c34de4432a582ccd4715db37a9da27baee6e7bc3a2968b493c862daaddf342c2
119,dqn,388,random,ew_heavy,31.088709677419356,112.5,25.7,81,159,-167.81858773013732,248,89,0,2,0,0,300.0,-24.09375029115472,-14.406087483476583,-70.31874995550606,-59.0,59,1,248,0,fdf9400b38ceb592768a0eca483fb60f71a2cdd6dab707ce826bd79071d3e3b4
120,dqn,481,random,left_heavy,41.97935779816514,191.5,30.508333333333333,61,143,-216.91677521543957,218,75,19,21,0,0,300.0,-28.601562668802217,-29.8433375326211,-100.4718750140164,-58.0,58,0,237,19,7531f6db3ddff49f695303af627f0cb41c358defa3e28d8ca807529551841c5a
121,dqn,894,random,ew_heavy,36.64644351464435,103.0,29.195,82,137,-170.60006273513926,239,102,0,2,0,0,300.0,-27.08281268621795,-19.395374995067677,-66.12187505385373,-58.0,58,0,239,0,ea4080d54d0b2007c5908d0cc9a071c307d8b2de0d15c0101d2d7b51bca71341
122,dqn,470,random,low,18.200892857142858,84.5,6.795,17,105,-120.79415845218111,112,7,0,2,0,0,300.0,-6.370312639395706,-2.506137498644965,-52.91770831414033,-59.0,59,0,112,0,9eddc8a3400f077067ff2f698d67eaa8a3c2f16cbddc069f7d41f7e7b556de4f
123,dqn,675,random,left_heavy,37.07446808510638,168.0,29.048333333333332,58,162,-208.42459611837765,235,73,23,26,0,0,300.0,-27.232812819071114,-26.27407496234882,-96.91770833695773,-58.0,58,0,258,23,a999d18fc567f149eacf9e8a3eea389dab6fcb3fe1077856f88928690c1e5089
124,dqn,222,random,ew_heavy,41.026785714285715,154.0,45.95333333333333,109,171,-221.81195451453013,336,165,0,3,0,0,300.0,-42.84375037171412,-37.37028746883081,-83.59791667398531,-58.0,58,1,336,0,357630230a4ad5f2d25b2927f5ab249176609ef95734f359dcf32e784ffb9af7
125,dqn,11,random,balanced,31.8546511627907,140.0,18.263333333333332,44,123,-163.16825431987385,172,49,0,1,0,0,300.0,-17.121875235578045,-10.201587493244736,-78.84479159105103,-57.0,57,0,172,0,8b81aa5e93979d6487bff9e786dc2e11878edd86bf19b0e15e1de5063e5b17e3
126,dqn,188,random,ew_heavy,34.70578231292517,109.5,34.01166666666666,79,178,-169.96771284945643,294,116,0,3,0,0,300.0,-31.88593791599851,-18.68490000775418,-62.39687492570374,-57.0,57,2,294,0,cd5e1cf1aa4de7cd5fc938361d98febf02194717de52bf1b2d090f8d7577d587
127,dqn,41,random,left_heavy,44.490671641791046,170.0,39.75,91,142,-221.9633002564582,268,126,18,22,0,0,300.0,-37.26562520524021,-34.68205000593225,-94.01562504528556,-56.0,56,1,286,18,3ff86ecc65355b3fd986c570ea66b9dbf6bdcdbc1240e12a29baeeb3742ad7fb
128,dqn,309,random,left_heavy,38.31015037593985,159.0,33.975,73,141,-210.60235022729313,266,125,31,34,0,0,300.0,-31.85156266519334,-30.366412512483656,-89.38437504961621,-59.0,59,0,297,31,88339736b9ea1f5fa3f386b80ee16586d4a1c8c64218327abb682118630a3a28
129,dqn,237,random,heavy,33.26419213973799,148.5,25.391666666666666,70,146,-179.0879836588726,229,83,0,1,0,0,300.0,-23.8046877537854,-15.499962519607648,-82.78333338547964,-57.0,57,2,229,0,b0ae5468d26944b549a7302de4ac811d9ead94bea93ade8468e2ff9788f20acc
130,dqn,593,random,low,33.057046979865774,162.0,32.836666666666666,69,168,-204.5966334132805,298,130,0,3,0,0,300.0,-30.784375143703073,-24.166425002096368,-91.64583326748107,-58.0,58,0,298,0,5594f84589d71dac0c130c4b6919abc1a82f72418dbd05032751bd1a82c1b1d1
131,dqn,853,random,balanced,29.289473684210527,101.0,12.985,43,93,-131.73476671492907,133,40,0,1,0,0,300.0,-12.173437628312968,-7.822787507159958,-52.73854157945607,-59.0,59,0,133,0,312df65e0593a2a4d5e9a53d43fed692d50c8c032db4e3f34a0ba395734f2cd8
132,dqn,660,random,ew_heavy,30.199233716475096,130.0,26.275,64,161,-167.8336503552571,261,100,0,2,0,0,300.0,-24.632812802912667,-13.685212499142654,-72.5156250532018,-57.0,57,2,261,0,2ed79e64f524e5b7b8ab5f02f5934bd2a3de309d398f331ac9f1771fc1cdf4be
133,dqn,681,random,heavy,35.1779359430605,103.5,32.95,110,168,-184.50185005364628,281,113,0,2,0,0,300.0,-30.870312567334622,-21.237787430967735,-74.39375005534384,-58.0,58,2,281,0,7073a83ca3e81583365212ad77efc76705c7542c5913d63b0e2b373df35c2e36
134,dqn,820,random,left_heavy,36.161417322834644,117.5,30.62,69,141,-186.31934577680735,254,113,5,8,0,0,300.0,-28.706249973387457,-23.464137531002788,-76.14895827241708,-58.0,58,1,259,5,58729fb25cb5dbec7e672c7aa8124a38cee0b67ec6018e9763b9894cbe1a67f1
135,dqn,607,random,low,33.56008583690987,141.0,26.065,51,151,-195.7759877248573,233,82,0,2,0,0,300.0,-24.435937673784792,-21.233799980804186,-93.10625007026829,-57.0,57,2,233,0,1d73278c5e49081d296dfb2efbf2999a24520a7c0d5ff940cc282cc801fa9d49
136,dqn,287,random,low,39.828054298642535,148.5,29.34,59,125,-203.06351267212165,221,96,0,2,0,0,300.0,-27.50625020544976,-23.619762474820906,-92.93749999185093,-59.0,59,2,221,0,1e498703ed468e425a3fddc465a7c807aa95864943e952eb9cef5e7b2f38f21c
137,dqn,18,random,low,39.1554054054054,182.0,28.975,72,133,-207.07514572311624,222,89,0,2,0,0,300.0,-26.749999888823368,-26.28243748464593,-97.042708349647,-57.0,57,2,222,0,315cacc99785eb771aa3614df21b696f38eb706b497a3acae6a15bad25b9cf34
138,dqn,516,random,ns_heavy,32.808457711442784,124.0,21.981666666666666,51,139,-168.4680377044409,201,62,0,2,0,0,300.0,-20.60781269578729,-12.635224969212137,-77.22500003944151,-58.0,58,0,201,0,717c12fd086b2f7f443d05aaa729d2641c49fbcc11c9a29868e5ee3174f9bb06
139,dqn,158,random,ew_heavy,35.78741496598639,150.0,35.07333333333333,78,145,-191.49621246779566,294,149,0,5,0,0,300.0,-32.881250183680095,-23.689962459623345,-76.92499982449226,-58.0,58,1,294,0,00e3ecfd39e9c003313ce9466ef1b385366bcb0cc258df2a9b7e51e9816d6390
140,dqn,454,random,ew_heavy,22.102941176470587,127.5,10.02,25,116,-137.7709627078598,136,20,0,1,0,0,300.0,-9.393750245450065,-4.474087502968904,-66.9031249594409,-57.0,57,0,136,0,74cdfe1838081f107205170958ddc5096c9d450a1d4cdacea05845016a6e5287
141,dqn,271,random,low,32.06995884773662,173.5,25.976666666666667,54,159,-197.4347834128233,243,84,0,2,0,0,300.0,-24.353125195251778,-19.5733249754223,-96.50833324214909,-57.0,57,1,243,0,e3ee40347871f73ec5b88146877b9689ecc977dbdd8fc0e9a01f347929857420
142,dqn,171,random,heavy,34.4043321299639,135.0,31.766666666666666,70,175,-188.22008787522645,277,102,0,2,0,0,300.0,-29.781250267173164,-20.47321255047428,-80.96562505757902,-57.0,57,0,277,0,1694d89ea256bf0fb432bc9511553c4591e9149dd5a9d231952a6ed3dd901797
143,dqn,895,random,left_heavy,33.87250996015936,101.5,28.345,58,146,-165.0168835697767,251,105,7,12,0,0,300.0,-26.573437840212137,-17.481987494051275,-64.96145823551342,-56.0,56,1,258,7,7c62d920ff8d88710b3138d1e6e26f4e3a7ed85309547d1fc56f0d87ecfaa114
144,dqn,982,random,left_heavy,31.53937007874016,108.0,26.708333333333332,59,150,-177.18846262146693,254,104,16,20,0,0,300.0,-25.039062658092007,-19.243149996320433,-75.90624996705446,-57.0,57,2,270,16,0600f734891fcd12257e7f2a96632317f78b548f1ae608b7d9f82325d53f1cb1
145,dqn,121,random,ns_heavy,31.722689075630253,133.0,25.166666666666668,54,164,-169.98177528606107,238,74,0,2,0,0,300.0,-23.593750336789526,-14.381774997490725,-75.00624995178077,-57.0,57,1,238,0,f26fa7cfb1c42991097d38025df60a345066782c83fdd5131c0158a8cea4c60e
146,dqn,336,random,ew_heavy,25.896174863387976,93.5,15.796666666666667,44,122,-137.59739594197674,183,61,0,2,0,0,300.0,-14.80937523546163,-8.03906248895291,-56.748958217562176,-58.0,58,0,183,0,51ec75921cc8c2e796542075e50c03c39467b8e9ac72a4316b41eaa6e3823fd3
147,dqn,762,random,ew_heavy,28.917127071823206,114.5,17.446666666666665,38,135,-162.6573917748057,181,46,0,2,0,0,300.0,-16.356250146753155,-9.459475004801064,-78.84166662325151,-58.0,58,1,181,0,d2c486090fb6139f92af8623c33f36410ba043d3a3eb9b0f0f3e876e3b6d60d4
148,dqn,691,random,ns_heavy,29.877777777777776,204.0,17.926666666666666,41,142,-181.5539751666008,180,38,0,1,0,0,300.0,-16.806250060442835,-15.816475010208519,-89.93125009594951,-59.0,59,2,180,0,6e2e953eedaf9c14cf4c26ab73e223c0553ee3541cc291720aa2b4cd5c8e337e
149,dqn,587,random,low,33.89375,137.5,27.115,61,139,-188.06203788112617,240,101,0,4,0,0,300.0,-25.42031282442622,-18.27922506794566,-86.36249998875428,-58.0,58,0,240,0,d1f7065b1bfbf0e8bec30c1566e402ed7431a4a9686a28b5fd5e706b16615225
150,dqn,692,random,left_heavy,39.60045662100457,215.5,28.911666666666665,69,141,-209.1501502360807,219,78,22,26,0,0,300.0,-27.104687693412416,-24.361087531655368,-98.68437501101289,-59.0,59,2,241,22,e37c63fab631e088496002e258c7891c9491d004e710b06de2a1976dab80104b
151,dqn,344,random,ns_heavy,43.10774410774411,106.5,42.67666666666667,103,156,-204.6506836151116,297,141,0,3,0,0,300.0,-39.778125356533565,-31.986099980992,-74.88645827758592,-58.0,58,0,297,0,a2bd168242605747b22fe5ee06cf71c94a7e31639b4072effb9ec28b84ec71a5
152,dqn,771,random,left_heavy,33.433510638297875,159.5,20.953333333333333,54,136,-173.11873768245943,188,52,0,3,0,0,300.0,-19.643750152317807,-13.549987496683757,-80.92500003345776,-59.0,59,0,188,0,e00912487cd57d27215a1b34bfbe7cefbbc681a73edf02a490521a7446a0c3d6
153,dqn,973,random,ns_heavy,28.064245810055866,94.0,16.745,43,129,-134.86983767971037,179,50,0,2,0,0,300.0,-15.698437677463517,-9.349524993259548,-51.82187500898726,-58.0,58,0,179,0,6b170c37addbd337fa90e669cedaad91e4a221756d921c59f102ca2b7d3912d7
154,dqn,834,random,low,32.017412935323385,91.0,21.451666666666668,44,139,-146.0068711135616,201,62,0,2,0,0,300.0,-20.110937762307003,-11.168850012597247,-56.727083338657394,-58.0,58,0,201,0,69f64d67314e690ff454853f6f58344c139b5117072dacd8eacf1d08c18694a8
155,dqn,78,random,heavy,37.30689655172414,137.0,36.06333333333333,90,160,-195.0431792902099,290,130,0,3,0,0,300.0,-33.80781262903474,-23.915574950588784,-79.31979171058629,-58.0,58,1,290,0,3bcef3853123bf2b709c182b0f9c1accfbe4be9874d083ba04317cea7cbd9cb8
156,dqn,947,random,balanced,30.06741573033708,127.5,26.76,71,171,-173.180404421896,267,96,0,2,0,0,300.0,-25.087500297813676,-15.457487498898258,-74.635416625184,-58.0,58,2,267,0,46f9ece1e808445f0e18151a4ceba80ce551c6d0750b851f9ba7d306adfaa295
157,dqn,417,random,ns_heavy,35.88376383763838,97.0,32.415,81,152,-168.11710001881363,271,119,0,2,0,0,300.0,-30.389062633155845,-20.549912542608944,-61.17812484304886,-56.0,56,1,271,0,8d5267bd2139456f0c04a12fdacec5c93ccaad80a94930f231d21fd1af29c77a
158,dqn,321,random,ew_heavy,41.80944055944056,171.0,39.858333333333334,83,161,-214.64210013579512,286,125,0,2,0,0,300.0,-37.36718772421591,-30.47803744359334,-88.79687496798579,-58.0,58,2,286,0,899b23a9de6be635b1a886fb88ad572408afc8a7b3988e8b1422e5a352a267b1
159,dqn,994,random,low,30.211111111111112,125.5,18.126666666666665,43,130,-144.9090375189211,180,50,0,1,0,0,300.0,-16.99375009268988,-9.537162497547252,-61.378124928683974,-57.0,57,0,180,0,ece9842b4416f96850998424b0db49f1914b9be0033e20329f8ca94e73034aa1
160,dqn,669,random,low,35.48863636363637,155.5,26.025,60,126,-188.00984169804227,220,94,0,3,0,0,300.0,-24.398437596624717,-18.079112479865593,-86.53229162155185,-59.0,59,1,220,0,af1e9de03c101603207270283f3c1db9ff86b9fce20bfa66d3b868b5f106d519
161,dqn,872,random,low,32.03503184713376,123.0,16.765,53,101,-160.98463764493428,157,56,0,2,0,0,300.0,-15.692187604145147,-11.64557500332667,-75.64687503746245,-58.0,58,2,157,0,8a96aece1431875e4d66a9d1725954e6e6d952e9838859dc103c7465413e3404
162,dqn,317,random,ns_heavy,36.758849557522126,131.5,27.691666666666666,76,144,-174.31657939878784,226,82,0,3,0,0,300.0,-25.789062730269507,-17.89835001455649,-75.62916665396187,-55.0,55,2,226,0,cbe217d339231af89af1a775b5fe05fcbe921f7e17f5c2e09fdc68c8e22ee96f
163,dqn,359,random,ew_heavy,38.84628975265018,169.0,36.645,81,167,-202.69120430617986,283,116,0,2,0,0,300.0,-34.35468771925662,-25.43547498269399,-84.90104160422925,-58.0,58,0,283,0,32f061e1251b2821d66713c4b6b21654a1f844a6291771eb4a10ef561d5935c1
164,dqn,298,random,ew_heavy,32.784584980237156,135.5,27.648333333333333,56,184,-170.52309205176937,253,69,0,1,0,0,300.0,-25.9203128721565,-16.017362502554167,-71.58541667705867,-57.0,57,2,253,0,be4ec60c415ff732ba53ddb9984258f31dcd2902fce492286ce7e4138ed0a322
165,dqn,724,random,ns_heavy,42.94444444444444,175.0,45.09166666666667,92,158,-221.10167529738183,315,157,0,2,0,0,300.0,-42.27343780139927,-32.990737486063864,-87.83750000991859,-58.0,58,0,315,0,dfb8bbd2600faca8a19da53063977a42de571877015e02d49e43712ae195e145
166,dqn,793,random,left_heavy,34.583333333333336,141.5,26.976666666666667,60,127,-192.98757521683297,234,107,25,28,0,0,300.0,-25.29062524542678,-21.687575031336742,-88.00937494006939,-58.0,58,1,259,25,499e1729ad711a6518186e39b3ba80ef46ef02099547306eb929ff347690c076
167,dqn,751,random,low,19.015923566878982,136.0,9.951666666666666,23,135,-143.50050448458865,157,22,0,1,0,0,300.0,-9.329687710269354,-4.138525000961816,-73.03229177335743,-57.0,57,1,157,0,7e286f9e2eaae60a2f33671fe09a55d143de77142360fd1454b9728c78eb6246
168,dqn,750,random,left_heavy,33.54147465437788,118.0,24.268333333333334,55,119,-170.485983384453,217,98,22,26,0,0,300.0,-22.75156260386575,-19.038587463815922,-72.69583331677131,-56.0,56,1,239,22,1b64a012e291a9b411b497fbb83478547303b51cccd498c331266008cbd14cfa
169,dqn,581,random,balanced,38.59004739336493,158.0,27.141666666666666,56,126,-183.8733502877003,211,85,0,2,0,0,300.0,-25.44531270849984,-19.5436624836002,-80.88437509560026,-58.0,58,0,211,0,0d9eb3e6d78c0569ba18562f1a5115f9086bd9f1828722d9503d83d7a1108302
170,dqn,732,random,balanced,36.08461538461538,137.5,23.455,56,124,-172.56683747314884,195,71,0,2,0,0,300.0,-21.989062538952567,-16.48402498763098,-77.09374994656537,-57.0,57,1,195,0,870002afedfe01785bba24bf53e8ec1c1e8793ca7c50c1e6295716efade2d3b4
171,dqn,124,random,low,36.892638036809814,154.0,40.095,91,166,-215.9332378617349,326,160,0,6,0,0,300.0,-37.589062792481855,-27.784799989322345,-93.55937507993076,-57.0,57,0,326,0,3b3049cdb02bf9de65995f2d5fae9226452e365e241bcef2f381434543ed3486
172,dqn,123,random,balanced,14.684684684684685,76.5,5.433333333333334,13,106,-101.24021259032018,111,5,0,1,0,0,300.0,-5.093750127474777,-1.4839625039632665,-37.66249995888211,-57.0,57,0,111,0,74a76abc2d6a01ae3d3b512783dfefc6cb6aacccd51deade644c6b990ea6c72c
173,dqn,775,random,low,25.49502487562189,89.0,17.081666666666667,41,155,-127.76657941567834,201,46,0,1,0,0,300.0,-16.01406276214402,-6.820224990748103,-46.932291662786156,-58.0,58,0,201,0,fda729e9d350a3e1cb91c3eb6c70494f06bd9f505a6e1bce176f9d607838d3d4
174,dqn,968,random,ew_heavy,30.053418803418804,103.5,23.441666666666666,63,145,-150.4204002345804,234,89,0,1,0,0,300.0,-21.97656271874439,-11.72821249923509,-59.715625016600825,-57.0,57,1,234,0,949a492d2d25197834713041ce2c0e9f66ccb4d0514bb39bb6dc94cbcbe5a88e
175,dqn,47,random,balanced,36.36909871244635,154.0,28.246666666666666,55,146,-179.36580845365904,233,87,0,2,0,0,300.0,-26.481250111595728,-18.904349987876046,-75.9802083541872,-58.0,58,1,233,0,824f131c309db372367b988dd4a34730bd750bd18a7aea18ed592bb1d699827b
176,dqn,629,random,heavy,34.48268398268398,116.5,26.551666666666666,56,157,-165.04367098549193,231,74,0,2,0,0,300.0,-24.8921876961831,-16.455650009906826,-71.695833279402,-52.0,52,1,231,0,b467adc868c3a39bf49f5bbc731a7bfe49f0f95f62461b22a5779a1eb57903c1
177,dqn,673,random,low,25.25,73.5,17.675,51,156,-122.63992526065782,210,54,0,2,0,0,300.0,-16.57031276705675,-7.422737497815254,-42.646874995785765,-56.0,56,0,210,0,eef8d318c687b8b56ed2f7a24273306fea342f6393aed40644a9028a1a005c37
178,dqn,465,random,ns_heavy,30.05263157894737,124.0,17.13,36,137,-154.7780001907399,171,34,0,1,0,0,300.0,-16.059375168872066,-9.696749997211013,-73.02187502465677,-56.0,56,0,171,0,071ce8d8b764837e42942758684fc4f62d7fec87702be585d690e0e77d49daea
179,dqn,334,random,left_heavy,21.80128205128205,90.0,11.341666666666667,27,108,-122.83180012002778,156,48,8,12,0,0,300.0,-10.632812673575245,-6.1677374896426045,-50.031249956809916,-56.0,56,0,164,8,0757a415babd1282529f37f100ee6921b201bcd243fb2a5a4741fca2f4bf1c31
180,dqn,913,random,ns_heavy,29.677142857142858,159.5,17.311666666666667,38,126,-166.53413350760306,175,49,0,3,0,0,300.0,-16.229687710176222,-11.1836124912028,-82.12083330622409,-57.0,57,1,175,0,5792f899b6108202efd649742458ff84a92fae38378ca65d99344d8fb7ff3a28
181,dqn,937,random,heavy,34.38194444444444,146.0,24.755,52,138,-169.54131267006815,216,78,0,2,0,0,300.0,-23.207812790526077,-16.958500004455708,-74.37499987508636,-55.0,55,1,216,0,9f83fc750643fcedf331b693d3e4b7bab0173f3668a1ba6c123ed941dbee0a59
182,dqn,112,random,ns_heavy,31.088832487309645,76.5,20.415,56,130,-139.2594543508138,197,67,0,1,0,0,300.0,-19.139062740840018,-11.094349987932942,-52.02604162204079,-57.0,57,0,197,0,ed97b032e09c88ab3b9ca4ce2b20e98d1e15261f0f8ca341fb70f1254038e104
183,dqn,948,random,left_heavy,22.073248407643312,78.0,11.553333333333333,25,109,-123.90422929886043,157,48,10,14,0,0,300.0,-10.831250183051452,-5.6969374942571465,-51.37604162155185,-56.0,56,0,167,10,6bddc68af6004c6f92bd2e67d06c542a52ee9edbe74da0d705266555a008a56f
184,dqn,302,random,heavy,32.125461254612546,91.5,29.023333333333333,70,161,-162.7446460804268,271,110,15,21,0,0,300.0,-27.209375204402022,-18.44568748505043,-61.08958339097444,-56.0,56,0,286,15,eec14e17fbbb1505206471291bfa0319e0b1832dae3cc63d76c5209d79589ed5
185,dqn,145,random,left_heavy,36.43707482993197,113.0,35.711666666666666,69,154,-189.80482114328782,294,140,15,21,0,0,300.0,-33.47968779108487,-27.344925003487145,-71.98020834871568,-57.0,57,0,309,15,80624511d23829673732f6c586c2d660574044671831d618cb0411ec2ad546a3
186,dqn,144,random,ns_heavy,11.623809523809523,60.5,4.068333333333333,16,102,-84.59529172445619,105,3,0,1,0,0,300.0,-3.814062587218359,-0.7958125017161364,-26.985416635521688,-53.0,53,0,105,0,57907eaa162bbb511688c8ee3d4cf617ee3c1b5f6fb7a893f50806d4d3aec66c
187,dqn,430,random,balanced,34.55434782608695,107.5,31.79,83,152,-168.3391251725559,276,124,0,2,0,0,300.0,-29.803125153877772,-21.32662499797953,-61.209375020698644,-56.0,56,0,276,0,4eb5dde2aa37490fe197326854941b580f997feda81622c6997cc3e8fe1aff00
188,dqn,328,random,ns_heavy,37.92140468227425,170.5,37.795,82,169,-214.63849214249578,299,130,0,2,0,0,300.0,-35.43281288363505,-29.214012574351365,-93.99166668450925,-56.0,56,1,299,0,c28eb849948a56d3d45ebd5970b8c4f31dce05ccc305ff7f629d7a8facc04be3
189,dqn,893,random,left_heavy,47.244827586206895,179.5,45.675,83,163,-223.43979602442957,290,127,23,26,0,0,300.0,-42.8203126800945,-37.42052505114913,-86.19895829318557,-57.0,57,2,313,23,ff0fb960405531796ec9661f36f6009064aaca20cda10289c8d6894b15f70efe
190,dqn,787,random,heavy,29.096707818930042,112.5,23.56833333333333,57,174,-151.012654522033,243,69,0,2,0,0,300.0,-22.09531277185306,-11.044424989674738,-61.87291676050518,-56.0,56,0,243,0,9f9fa368eff6808cd434e9a744e0f28ceb0716deda49b6c1ae9bc78d43ae8c25
191,dqn,861,random,low,29.610849056603772,100.0,20.925,62,131,-152.92695424909544,212,81,0,3,0,0,300.0,-19.617187716648914,-12.139974988008182,-64.16979154443834,-57.0,57,0,212,0,ba3a491e4b9d01baff600c19f2d9af235b65ee870a6a93a360a3b98d292725b0
192,dqn,150,random,left_heavy,33.365051903114185,116.5,32.145,67,170,-172.0361168816897,289,119,7,11,0,0,300.0,-30.135937719838694,-19.686637482184597,-67.21354167966638,-55.0,55,1,296,7,9d17157e71213d5a818479d06a5453c56f8a15cbe0740ae7797064c166564464
193,dqn,414,random,low,36.34375,124.5,29.075,77,159,-169.99697953346404,240,81,0,1,0,0,300.0,-27.257812881376594,-16.766250016752025,-67.97291663533542,-58.0,58,0,240,0,0004349dbbe924529ae4ea98c0c0632dee99bb1865a5fac6a3d177602e3533a8
194,dqn,762,random,ew_heavy,26.287292817679557,134.0,15.86,35,140,-153.83873765870877,181,41,0,2,0,0,300.0,-14.868750175577588,-8.666862497822871,-75.30312498530839,-55.0,55,0,181,0,d2c486090fb6139f92af8623c33f36410ba043d3a3eb9b0f0f3e876e3b6d60d4
195,dqn,42,random,balanced,32.69911504424779,111.5,24.633333333333333,50,155,-163.32635466950737,226,71,0,1,0,0,300.0,-23.09375036135316,-13.853437512631354,-70.3791667955229,-56.0,56,0,226,0,c59b4cda74a9ff082421aa4a6602efc18f2acf4344a7f7ee1201dbd18b21addf
196,dqn,599,random,low,42.703125,170.0,40.995,100,163,-216.57222523258778,288,125,0,2,0,0,300.0,-38.4328126613982,-30.74566253819723,-91.3937500329921,-56.0,56,0,288,0,98db2c5f065a8c39fdb27fe79f003805a6ebf04c5ac4c93f7bbc4731d248004c
197,dqn,137,random,ew_heavy,23.838461538461537,100.0,15.495,39,165,-138.79429165905827,195,30,0,1,0,0,300.0,-14.526562603772618,-6.647937500416451,-61.61979155486915,-56.0,56,0,195,0,700e203f244737cef7e4e1da13c1e0d345111c8466269382f22836cadf5cfd94
198,dqn,330,random,left_heavy,42.521452145214525,118.5,42.95166666666667,81,156,-206.27267524094273,303,147,25,29,0,0,300.0,-40.25625031697564,-34.22267493949694,-74.7937499844702,-57.0,57,0,328,25,6957e43172dda788521429215769e45b2de9e989bb5e0f3843b7b1ed6cffa4bd
199,dqn,94,random,balanced,28.235555555555557,95.5,21.176666666666666,51,174,-148.11982932083123,225,51,0,2,0,0,300.0,-19.853125299094245,-9.293787480465111,-63.97291654127184,-55.0,55,1,225,0,c9db06e389f6b7e210048ae9a452eba2282a4abab795ec80a5eb5a302040e544
200,dqn,850,random,ew_heavy,25.957943925233646,89.5,18.516666666666666,49,151,-130.17690446041595,214,63,0,2,0,0,300.0,-17.359375223517418,-8.275862514391337,-47.541666722507216,-57.0,57,0,214,0,9bc7cfc78f91e39cc52e10373d42421ce4985b24f5a29b20b87ce488ac301912
201,dqn,503,random,ns_heavy,31.54700854700855,109.0,24.606666666666666,59,157,-161.83785037207844,234,77,0,2,0,0,300.0,-23.068750326288864,-16.2503500016217,-70.51875004416797,-52.0,52,0,234,0,c1fadd30b585ce4075fc979ed1d3210bd7934d56727527284d6e1f9203ede203
202,dqn,43,random,left_heavy,42.997854077253216,140.5,33.39666666666667,76,125,-197.05152923485505,233,108,8,11,0,0,300.0,-31.30937516677659,-26.959862455839904,-80.78229161223862,-58.0,58,0,241,8,a88a78010f1855cb196fb49c2f38ef4a64f9ada54d39be44382ee5baa87686db
203,dqn,410,random,ew_heavy,34.292229729729726,112.5,33.835,70,166,-163.69730455237516,296,130,0,2,0,0,300.0,-31.720312875695527,-19.00719997736232,-55.969791699317284,-57.0,57,0,296,0,91ec5e36ad57f0d1919d69b137371a063d3bb76fa94bee87c787ff77988c7925
204,dqn,244,random,low,30.879781420765028,108.0,18.836666666666666,45,137,-154.30755440931748,183,46,0,1,0,0,300.0,-17.659375342540443,-10.312762490301242,-69.33541657647584,-57.0,57,0,183,0,909accbb8fa105debf33b3bd10000710d57612de82a6abf05b3af750b334bb6a
205,dqn,571,random,low,28.681372549019606,73.0,19.503333333333334,49,146,-126.3009544976806,204,58,0,2,0,0,300.0,-18.284375305986032,-8.012412506067628,-44.00416668562684,-56.0,56,0,204,0,e0542ac0898f128937ff393e88f79352dc0cd44c6d9aabad0f54a8577c43ccc7
206,dqn,501,random,low,39.42572463768116,157.0,36.27333333333333,74,163,-206.19562942285705,276,113,0,4,0,0,300.0,-34.006250180420466,-26.76333752083739,-89.42604172159918,-56.0,56,1,276,0,9b09a09af66ce7f00b3e7b842532b577f76592765f95608b3ed138deb2440eb1
207,dqn,725,random,balanced,32.602222222222224,136.0,24.451666666666668,48,146,-168.03770015553235,225,79,0,2,0,0,300.0,-22.923437793855555,-15.079887488872194,-73.03437487280462,-57.0,57,0,225,0,20008adf1cef00009d5db0f41df8173a79f997d0212a2e7ddc97b15016e5156a
208,dqn,401,random,ew_heavy,27.58786610878661,102.0,21.97833333333333,52,171,-140.79100023453643,239,68,0,2,0,0,300.0,-20.604687860584818,-10.258187478166656,-55.928124895785004,-54.0,54,0,239,0,6484a516f5fb9d85b9df0ec9b8c93bc6d465dc5b65be19b597c32b52f1f814c5
209,dqn,923,random,heavy,33.97435897435897,162.5,30.916666666666668,70,177,-188.70432941758403,273,96,0,2,0,0,300.0,-28.984375232597813,-21.01891251202542,-83.70104167296086,-55.0,55,0,273,0,4da4d59cbaa37e027cee3dd471560c0f2778c583db1a4f675e4a44a164b71166
210,dqn,385,random,low,37.52040816326531,147.0,36.775,78,163,-208.61024603936613,294,131,0,3,0,0,300.0,-34.47656266938429,-27.694099940962786,-90.43958342901897,-56.0,56,0,294,0,0b8925119d2c6fccbc76f3474ec3d26d59ce5b4597b767803c16e29f97012a87
211,dqn,410,random,ew_heavy,34.73141891891892,119.0,34.26833333333333,82,159,-177.1257961138829,296,137,0,2,0,0,300.0,-32.12656281061936,-20.690899974687646,-66.30833332857583,-58.0,58,0,296,0,91ec5e36ad57f0d1919d69b137371a063d3bb76fa94bee87c787ff77988c7925
212,dqn,998,random,heavy,27.972361809045225,122.5,18.555,43,148,-150.22842104626835,199,51,0,1,0,0,300.0,-17.395312673645094,-10.534150001579109,-68.29895837104414,-54.0,54,0,199,0,63c1158b4831700f368d5d17eac311c916ece9477005980e8adaa5d0505e5a7f
213,dqn,985,random,left_heavy,24.41470588235294,110.5,13.843333333333334,32,122,-139.4277625307084,170,48,19,23,0,0,300.0,-12.978125242050737,-8.565262506563887,-63.8843747820938,-54.0,54,0,189,19,954ad4d10681985dbac012d02c39887c476d5517871b93d4616f5acd23c02d78
214,dqn,550,random,low,32.70454545454545,100.5,38.373333333333335,88,189,-168.48153788404235,352,163,0,3,0,0,300.0,-35.97500041523017,-22.253412481454866,-56.253124987357296,-54.0,54,0,352,0,f661b6c7bd5af3949de1e6128f2f7a19958ba666b968fd18b00094fa9d753041
215,dqn,148,random,balanced,35.19957983193277,115.5,27.925,61,166,-166.90920022319256,238,72,0,1,0,0,300.0,-26.17968777474016,-15.632637516043175,-69.09687493240926,-56.0,56,0,238,0,c7c282b923a371314d119956770922f3bf09aeabf5f788ce7b2f6677b27ee084
216,dqn,662,random,ew_heavy,34.424324324324324,142.5,21.22833333333333,42,142,-157.25457119425204,185,43,0,1,0,0,300.0,-19.901562841725536,-13.541550025999467,-68.81145832652692,-55.0,55,0,185,0,20d27d2d394a1656e81171e26e81613738a8e83f13b973f3ee244f9b5ac91a17
217,dqn,718,random,heavy,31.079166666666666,84.5,24.863333333333333,63,166,-146.17062532043786,240,74,0,2,0,0,300.0,-23.309375367243774,-12.279999996686819,-53.581249956507236,-57.0,57,0,240,0,ed5ad31308ecb6367826ed794a2da0e59bd62f273071ae85fb9c8c6a533811ae
218,dqn,456,random,ew_heavy,30.5635593220339,139.0,24.043333333333333,51,175,-153.9998461546216,236,61,0,1,0,0,300.0,-22.540625312249176,-13.429012488604343,-66.0302083537681,-52.0,52,1,236,0,b3154a9f05fcce7c260e686175ff3a4c3612643a0d92abc89f063af21876ed2c
219,dqn,160,random,balanced,27.497881355932204,144.0,21.631666666666668,48,170,-170.4278460843582,236,66,0,2,0,0,300.0,-20.27968778379727,-11.449200005512827,-83.69895829504821,-55.0,55,0,236,0,51e3bd85434342ab1179601518c8b42cc512ff84b9ca7df5668244de04e5dc70
220,dqn,199,random,ew_heavy,20.496951219512194,51.5,11.205,25,131,-105.48545016359787,164,33,0,1,0,0,300.0,-10.504687723936513,-3.8901374938410314,-37.09062494582031,-54.0,54,0,164,0,98a58f09c6027321d14224f2df488058fe7c6afd1319358dd798446bdfff4a8e
221,dqn,351,random,left_heavy,36.34158415841584,131.0,24.476666666666667,58,131,-178.06997110595057,202,71,30,33,0,0,300.0,-22.946875220397487,-17.339762484706448,-81.78333340084646,-56.0,56,0,232,30,a56b9c1f65e1d738b0cf2f76f38a1a395a1d88d9f72390e8305b7dd08d1c33fb
222,dqn,105,random,ns_heavy,39.390243902439025,144.0,32.3,61,163,-191.67300033508153,246,83,0,2,0,0,300.0,-30.281250301399268,-22.866750013169806,-83.52500002051238,-55.0,55,0,246,0,cdc957e8c82630178e75c8996120b84f788c99b8d09805a5bfb1ccd2f94d9463
223,dqn,692,random,left_heavy,35.93981481481482,141.0,25.88,54,150,-180.8339168737619,216,66,25,30,0,0,300.0,-24.262500208918937,-20.048499971020647,-88.52291669382248,-48.0,48,1,241,25,e37c63fab631e088496002e258c7891c9491d004e710b06de2a1976dab80104b
224,dqn,756,random,left_heavy,33.61611374407583,136.5,23.65,51,148,-183.7739294881925,211,63,19,22,0,0,300.0,-22.171875391504727,-19.738512491154697,-84.8635416055331,-57.0,57,0,230,19,4a60153406993c7cc8db253f22686c037cdb3081ef8a59eac1f3d624a19bdeb2
225,dqn,981,random,left_heavy,24.814606741573034,106.5,14.735,31,133,-141.26340023677983,178,45,13,16,0,0,300.0,-13.814062726916745,-9.37121251021235,-67.07812499965075,-51.0,51,2,191,13,6798af32a234420cbb9ebec20d1ada5ede8ec844dda82686185023b836b53de5
226,dqn,724,random,ns_heavy,42.34920634920635,164.5,44.47,89,180,-223.76702538221963,315,135,0,3,0,0,300.0,-41.69062529213261,-34.25452497085423,-90.82187511923257,-57.0,57,0,315,0,dfb8bbd2600faca8a19da53063977a42de571877015e02d49e43712ae195e145
227,dqn,987,random,balanced,20.390243902439025,84.0,13.933333333333334,42,163,-115.80930838497657,205,42,0,1,0,0,300.0,-13.062500143190846,-5.69159998799514,-46.055208253790624,-51.0,51,0,205,0,f334b2bf86f849827a07f242d1be8ba5ce46ba6c098d9d3c64e03b2faaa67c94
228,dqn,992,random,balanced,34.43814432989691,115.0,33.405,76,176,-180.63881271744245,291,115,0,2,0,0,300.0,-31.317187714506872,-24.377875030665752,-70.94374997226987,-54.0,54,0,291,0,c6fe6cbba1f02b8cc77e0608ed223a6dc598b375fa8d66bfb3469be8a291c1f1
229,dqn,982,random,left_heavy,31.459615384615386,108.5,27.27,67,155,-166.5742708912811,260,105,10,16,0,0,300.0,-25.56562523834873,-16.422187487151685,-70.58645816578064,-54.0,54,1,270,10,0600f734891fcd12257e7f2a96632317f78b548f1ae608b7d9f82325d53f1cb1
230,dqn,252,random,low,24.875545851528383,136.0,18.988333333333333,48,186,-164.27064190716115,229,43,0,2,0,0,300.0,-17.801562719163485,-10.421162484023807,-83.0479167039739,-53.0,53,0,229,0,94df5b4fc460b705fe437a07af4710a8f8e54c0aa03ce370f2fb70aa497ed0f8
231,dqn,566,random,left_heavy,35.24878048780488,144.5,24.086666666666666,58,135,-170.1797461136209,205,70,7,11,0,0,300.0,-22.581250363378786,-16.877662479780703,-77.7208332704613,-53.0,53,0,212,7,98caf007411bf315a5073ef51e3fd29f044aa1f1bf04f59d2113b6f179de05bf
232,dqn,394,random,ns_heavy,31.45673076923077,97.5,21.81,46,144,-149.67814614694726,208,64,0,1,0,0,300.0,-20.446875235415064,-12.24481248740267,-60.98645842412952,-56.0,56,0,208,0,1f0cdc58ed75af60df89a22b90399b37d03a41b7a65e40831302ee8e30f0d50d
233,dqn,865,random,balanced,35.06512605042017,121.5,27.81833333333333,64,164,-169.1772127621,238,74,0,1,0,0,300.0,-26.079687774414197,-16.091274998652086,-71.00624998903368,-56.0,56,0,238,0,4f36b8198aa83306e6e95cd8a3578d2885a75d34d68fb14d973810d563ba8cdf
234,dqn,376,random,ew_heavy,24.837209302325583,78.5,14.24,36,128,-125.02390847521093,172,44,0,2,0,0,300.0,-13.350000297185034,-7.199950001814432,-51.473958176211454,-53.0,53,0,172,0,17da99ded48adcd327e0b30761093ed763acd083b68e7ccec0e378abe15ceb69
235,dqn,192,random,heavy,36.15573770491803,172.0,22.055,52,122,-177.98790857230694,183,61,0,2,0,0,300.0,-20.676562784356065,-16.574887511901753,-89.73645827604923,-51.0,51,1,183,0,5b8aaa9bfb59d24a509c5e250e86f7980d8fff57c472d3c2e7cc7fa7483f7e4a
236,dqn,574,random,ns_heavy,24.440366972477065,115.5,17.76,39,166,-156.96217102170846,218,52,0,2,0,0,300.0,-16.65000019595027,-9.65696251413246,-78.65520831162576,-52.0,52,0,218,0,ff6b1d6b61d0d9e98efc66a3f79020bc45253919c051c462d3164fd9b8dfae3e
237,dqn,399,random,low,28.920542635658915,152.0,24.871666666666666,56,166,-187.8461044217161,258,92,0,2,0,0,300.0,-23.31718775385525,-17.087250013899027,-93.44166665396187,-54.0,54,0,258,0,29991776368f820f57f188855e057eeea4c16fabcf7f6de076687eede13b0041
238,dqn,49,random,balanced,33.687747035573125,153.5,28.41,59,172,-180.8466085516753,253,81,0,2,0,0,300.0,-26.634375169174746,-16.44140004051369,-83.77083334198687,-54.0,54,0,253,0,ce40379bc1b88af8d6013096b2d7539eb8838ebf4276b3eb87f97281156cf0d0
239,dqn,964,random,ns_heavy,30.46551724137931,110.0,17.67,42,132,-135.49202946229855,174,42,0,2,0,0,300.0,-16.56562524603214,-8.859737501768542,-57.06666671449784,-53.0,53,0,174,0,96fc2f49e00b3a78bf4462a075c3e9cc430c7c474573cc3da7eb2ec9bdc3768c
240,dqn,798,random,ew_heavy,21.23006134969325,58.5,11.535,27,141,-106.58601273422902,163,22,0,1,0,0,300.0,-10.814062777208164,-3.9844499996521328,-38.78749995736871,-53.0,53,0,163,0,29c7427026772cee900c4a8db273955ffad288a3575959829cf4b9ff2db78d9b
241,dqn,710,random,ew_heavy,25.497767857142858,101.0,19.038333333333334,50,149,-141.52170006073203,224,75,0,2,0,0,300.0,-17.848437624284998,-12.23576252154671,-62.4374999149004,-49.0,49,2,224,0,fed5a0f707d810ea30eec60bc4d9ba8951a789b47f972f906f572adb3414363f
242,dqn,733,random,heavy,32.98039215686274,157.0,28.033333333333335,62,160,-187.27026263520756,255,95,0,2,0,0,300.0,-26.281250181258656,-17.882762470875615,-89.10624998307321,-54.0,54,1,255,0,075dcaae9f12c71ae70dc932494d7226126ec188470383cad968a2fd4b5bc017
243,dqn,581,random,balanced,32.677725118483416,173.0,22.983333333333334,50,149,-184.55173361898554,211,62,0,2,0,0,300.0,-21.546875310014002,-19.587150012060736,-92.41770829691086,-51.0,51,0,211,0,0d9eb3e6d78c0569ba18562f1a5115f9086bd9f1828722d9503d83d7a1108302
244,dqn,95,random,ew_heavy,30.935,109.0,20.623333333333335,53,139,-154.3256958449353,200,61,0,2,0,0,300.0,-19.3343750910135,-14.198612511027738,-70.79270824289415,-50.0,50,1,200,0,fc5e38405c51ef5b4f85014a06ac6f5d91f03b988f2a765578e7ea98c5a8100b
245,dqn,515,random,balanced,31.220973782771537,89.5,27.786666666666665,63,179,-153.57610441831858,267,88,0,2,0,0,300.0,-26.050000241026282,-14.984437506007819,-62.541666671284474,-50.0,50,2,267,0,705714917e1199776ba8faa67f8b7141c7f21d0b6c9a92901d9f911008bac674
246,dqn,713,random,ew_heavy,31.881818181818183,87.5,23.38,59,144,-144.3913626275425,220,76,0,2,0,0,300.0,-21.918750229058787,-12.506987478740482,-56.96562491974328,-53.0,53,1,220,0,cf06810f86bbfbf5d1fa75f3976f9dd809fd849b3398207e31c95efd63b068f0
247,dqn,793,random,left_heavy,28.021459227467812,113.5,21.773333333333333,45,143,-156.90526691529433,233,90,26,29,0,0,300.0,-20.412500293925405,-14.991724997488921,-67.50104162388016,-54.0,54,0,259,26,499e1729ad711a6518186e39b3ba80ef46ef02099547306eb929ff347690c076
248,dqn,340,random,balanced,33.74032258064516,161.0,34.865,75,205,-184.88171699047166,310,105,0,2,0,0,300.0,-32.68593773723114,-20.294737534458545,-79.90104171878193,-52.0,52,1,310,0,17f78fdc0f18b48fc2ad64e0f6f3db1ee51523cb0086bec6caddbea13d72e9af
249,dqn,724,random,ns_heavy,40.62063492063492,152.0,42.651666666666664,74,184,-211.6408211485382,315,131,0,3,0,0,300.0,-39.985937763238326,-31.065300023196333,-89.58958336210344,-51.0,51,1,315,0,dfb8bbd2600faca8a19da53063977a42de571877015e02d49e43712ae195e145
250,dqn,433,random,ns_heavy,33.170124481327804,179.5,26.64666666666667,62,179,-182.29739188157103,241,62,0,2,0,0,300.0,-24.981250199489295,-21.165099970750454,-89.15104171133135,-47.0,47,2,241,0,967b6402e27918d1003add17432a4fa829f698da1d3d96c2b5a0342345eb25b6
251,dqn,361,random,heavy,26.44385026737968,112.0,16.483333333333334,39,145,-136.85858349282717,187,42,0,1,0,0,300.0,-15.453125269967131,-7.453375009023146,-61.952083213836886,-52.0,52,1,187,0,d65373eeffc54ea15b0f372d7d24e77e208e3a7a255b8c099f01340f811064b7
252,dqn,202,random,ns_heavy,37.574380165289256,124.5,30.31,64,154,-191.55793797777653,242,88,0,2,0,0,300.0,-28.32968780444935,-23.8251250030582,-84.40312517026905,-55.0,55,1,242,0,b1b92b0e169ef1042273d871ab06fb3dcd7d23a90e2b9fb1dc88e969babbfae4
253,dqn,636,random,ns_heavy,18.91176470588235,73.0,8.573333333333334,22,124,-108.65996682776976,136,12,0,2,0,0,300.0,-8.037500179023482,-3.1183000091034034,-47.50416663964279,-50.0,50,0,136,0,6c1fc46be2c7716d3de6fda3682d7a131b9405d19de6fce6c7b0aab1795c5d14
254,dqn,688,random,balanced,29.967980295566502,108.0,20.28,58,143,-141.47317097108674,203,60,0,1,0,0,300.0,-19.012500259676017,-9.452337495338721,-60.00833321607206,-53.0,53,0,203,0,85ae0ec7c80ed8590223509ab24d9914156d007ba7c04cae8211240b5a5e6b77
255,dqn,956,random,ew_heavy,22.88479262672811,83.5,16.553333333333335,42,163,-126.12307523568671,217,54,0,1,0,0,300.0,-15.518750150571577,-7.438699993822227,-51.165625091292895,-52.0,52,0,217,0,643df485d0d06d74593962805c1f7f77d560e38fedf9b6b3f120ff8994c979a1
256,dqn,578,random,heavy,30.19083969465649,129.5,13.183333333333334,36,101,-146.15298774326428,131,30,0,1,0,0,300.0,-12.359375189058483,-9.484237515253334,-76.30937503895257,-48.0,48,2,131,0,3fb3d97f4f19e794a3b84c9febddc58cc132838ba7bb51a913629b75f04fcc9a
257,dqn,984,random,ns_heavy,17.741116751269036,65.5,11.65,27,183,-104.61795429819394,197,14,0,2,0,0,300.0,-10.921875195694156,-3.029412505255461,-39.66666659724433,-51.0,51,1,197,0,aa30cee95ab1113825f528e4c46d3267c9ad7a4914cbece5481a597fe27290a1
258,dqn,23,random,balanced,18.987730061349694,129.5,10.316666666666666,25,127,-122.01040012898233,163,36,0,2,0,0,300.0,-9.67187519010622,-4.472899984301328,-58.86562495457474,-49.0,49,2,163,0,1608d8f38f55535d34068019ac898235e284684453ca4ae0e3780ced5f2056c0
259,dqn,290,random,ns_heavy,17.73856209150327,52.0,9.046666666666667,27,125,-91.8020334286462,153,28,0,3,0,0,300.0,-8.481250087963417,-2.6593249924095295,-29.6614583482733,-51.0,51,0,153,0,4d67d5c5bee4554007fffd3cfd40273452e352b5fe7b61c46278e71639dc2644
260,dqn,150,random,left_heavy,36.84948096885813,104.5,35.501666666666665,85,166,-174.20896274297044,289,123,7,11,0,0,300.0,-33.282812659745105,-23.182400016612522,-67.74375006661285,-50.0,50,0,296,7,9d17157e71213d5a818479d06a5453c56f8a15cbe0740ae7797064c166564464
261,dqn,569,random,ns_heavy,33.19201520912547,113.0,29.098333333333333,55,176,-167.23655425614777,263,87,0,3,0,0,300.0,-27.27968766039703,-17.974575040136553,-69.98229155561421,-52.0,52,0,263,0,d9ddf450c68fd7bcc1ae2ee7e1b73bf5751435549ce4079fd278f71a88afaae3
262,dqn,733,random,heavy,35.35686274509804,97.5,30.053333333333335,87,154,-157.74088358098882,255,101,0,2,0,0,300.0,-28.17500030179508,-18.260674979302703,-59.30520829989109,-52.0,52,0,255,0,075dcaae9f12c71ae70dc932494d7226126ec188470383cad968a2fd4b5bc017
263,dqn,477,random,left_heavy,45.4071661237785,150.5,46.47666666666667,97,142,-227.0749919595843,307,165,18,31,0,0,300.0,-43.571875172900036,-41.98957498520103,-91.51354180148337,-50.0,50,1,325,18,ef0fdd3e76ab0bb67ab18177188a7c051fd1a73d76d4fc890c11dab7b2ff71b9
264,dqn,135,random,ew_heavy,31.106463878326995,129.5,27.27,58,161,-159.41085428323197,263,102,0,3,0,0,300.0,-25.565625206683762,-16.68168749634714,-67.16354158020113,-50.0,50,0,263,0,fcfb0d2d72a7d395f0b22682f6855ee60d39199197e06414ab8c653a21a06081
265,dqn,352,random,ns_heavy,39.732394366197184,118.5,37.61333333333334,84,167,-172.5522751281962,284,117,0,2,0,0,300.0,-35.26250015036203,-22.099150029475993,-60.19062494835816,-55.0,55,0,284,0,550e14806aaf5da01382f132de42344e06650276809c1d55f9ec04e1003f749d
266,dqn,467,random,ns_heavy,37.76712328767123,105.5,36.76,82,164,-176.88312523098207,292,128,0,3,0,0,300.0,-34.46250032191165,-24.876875006090994,-65.54374990297947,-52.0,52,0,292,0,ad5f44e4c629ee111562b372b616843bcc4d712b94d93fae8ab0dc377998f549
267,dqn,142,random,balanced,31.758333333333333,120.5,25.406666666666666,67,143,-175.32192099248496,240,97,0,1,0,0,300.0,-23.818750291597098,-17.30421250176587,-80.19895819912199,-54.0,54,0,240,0,681688fae9f3a326d2da3e32821f04c201ccf5711d55c0c2b9de444965c04eda
268,dqn,670,random,ns_heavy,35.33394833948339,122.0,31.918333333333333,65,183,-177.21235031303232,271,88,0,1,0,0,300.0,-29.923437701771036,-19.101412545835778,-76.18750006542541,-52.0,52,0,271,0,4f665980d2331f9c5db4c6ecb30b4e93dd17fad03c5569f31b5741447069ec95
269,dqn,354,random,heavy,25.188524590163933,98.0,20.486666666666668,51,163,-133.21174173409898,244,81,0,2,0,0,300.0,-19.20625020202715,-10.09194998912353,-52.913541542948224,-51.0,51,0,244,0,b8276afebc9d656a9aa59d2fb010a09cbab1acd37d182a783ae154a5d078d94f
270,dqn,170,random,heavy,35.41137123745819,111.0,35.29333333333334,80,176,-175.48072520716747,299,123,0,2,0,0,300.0,-33.02812515280675,-23.94322497610629,-67.50937507825438,-51.0,51,1,299,0,c511de3119b99e2c3c114ff4aa080fc9b8ff3486932f5da0192928afe3e5d566
271,dqn,488,random,low,36.388888888888886,116.5,26.2,62,136,-177.3470294579202,216,80,0,2,0,0,300.0,-24.562500328291208,-16.47723747417695,-84.30729165545199,-52.0,52,0,216,0,f4f3e7519ea4b6edb2071c47320adce1c10a4dbd6edf63f9a3cd58606a5b50e4
272,dqn,498,random,ew_heavy,36.36486486486486,92.5,22.425,51,113,-147.63858757639747,185,72,0,1,0,0,300.0,-21.023437710711733,-13.643275000331775,-60.97187486535404,-52.0,52,0,185,0,79136ab87b1bdd037372a28e094bfc2fd7b5d4d80c2029386fbad40cdcd7f32f
273,dqn,706,random,heavy,35.90377358490566,94.5,31.715,80,167,-163.33045853914294,265,98,0,1,0,0,300.0,-29.732812719536014,-19.401812485256954,-67.19583333435003,-47.0,47,1,265,0,c0cb2146d7dba62dea0802235dbf32c046697ce6eb84830ca761c09dd202b611
274,dqn,421,random,balanced,26.66768292682927,86.5,14.578333333333333,38,128,-114.28070842290978,164,36,0,2,0,0,300.0,-13.667187560698949,-7.070812516754811,-46.54270834545605,-47.0,47,1,164,0,6723b92e81733115583a69e705a27a821de3916b512008a3c1ac05bc5507f26e
275,dqn,100,random,heavy,19.878440366972477,112.5,14.445,31,158,-132.04093770227115,218,60,0,2,0,0,300.0,-13.542187681072392,-5.917499977962144,-64.58125004323665,-48.0,48,2,218,0,f42715a1f9c1f4532e86dcbcf2d6f67dc428b5bd3fe0bf0faa03ecde5cb39f64
276,dqn,141,random,ew_heavy,22.536312849162012,122.0,13.446666666666667,38,136,-125.8806586098224,179,43,0,2,0,0,300.0,-12.606250223820098,-6.4317000138406,-57.842708372161724,-49.0,49,2,179,0,21b35628916d78935ef143220b7cfcbcbb846d302c84e82b31e089b3a8c93265
277,dqn,892,random,left_heavy,41.78431372549019,124.0,28.416666666666668,57,114,-182.36824208958782,204,90,16,20,0,0,300.0,-26.64062535506673,-22.97970002617003,-81.74791670835111,-51.0,51,2,220,16,458ee46421dce99d0fd95fa0887853ec04c3beb3d94cc193ebce0878abbf08be
278,dqn,789,random,left_heavy,16.124293785310734,54.0,9.518333333333333,24,138,-96.95472103938296,177,39,18,24,0,0,300.0,-8.92343774298206,-3.6010749946472043,-39.43020830175374,-45.0,45,2,195,18,5296a343a29010c66e5e67446e63eaaa98fd13c130f2c888a8271ae188733afa
279,dqn,692,random,left_heavy,39.24065420560748,146.5,27.995,66,147,-183.66513374370024,214,67,27,29,0,0,300.0,-26.24531283066608,-21.317737475074672,-92.10208343795966,-44.0,44,2,241,27,e37c63fab631e088496002e258c7891c9491d004e710b06de2a1976dab80104b
280,dqn,83,random,heavy,28.51840490797546,105.0,15.495,36,126,-129.9744710155748,163,37,0,1,0,0,300.0,-14.526562734507024,-7.430199986275691,-62.0177082947921,-46.0,46,2,163,0,90978faffda23712babd520a4117ef2581ac6b734212ec81be226befb4bf5cab
281,dqn,7,random,low,17.59004739336493,82.0,12.371666666666666,32,182,-115.27837104166032,211,29,0,2,0,0,300.0,-11.59843769366853,-5.027850005446091,-51.652083342545666,-47.0,47,1,211,0,25de475f52afd35ce0bc8e2e398be14794f613c69fe72fd92dbb22c1f837e94e
282,dqn,827,random,balanced,32.13073394495413,97.5,23.348333333333333,57,162,-144.2119834617151,218,56,0,1,0,0,300.0,-21.88906274922192,-11.692712516723985,-56.63020819576923,-54.0,54,0,218,0,04e17b88b36a33bdfe75378b8fda6b69c17a876ac58c410ac5eed5b97851af39
283,dqn,731,random,left_heavy,38.11734693877551,135.0,37.358333333333334,65,178,-188.51895433734975,294,116,16,19,0,0,300.0,-35.02343777648639,-26.669474963339606,-77.82604159752373,-49.0,49,0,310,16,7b1a9269dd8edfe3c1d1e48bc34a353b80f56befe9e2f839621f204538f17b09
284,dqn,326,random,ns_heavy,34.27857142857143,136.0,31.993333333333332,73,189,-169.43896269152532,280,91,0,2,0,0,300.0,-29.993750313995406,-20.28583746747245,-70.15937491005752,-49.0,49,2,280,0,e87bcb8923368989a35162a3ec8aaa232e911d5b0a2b623a606e5f543670b822
285,dqn,957,random,left_heavy,36.81060606060606,165.5,32.39333333333333,82,144,-177.30452532860875,264,120,2,8,0,0,300.0,-30.368750342167914,-23.74515001631298,-78.19062497012783,-45.0,45,4,266,2,a769ffae74c0615d5c54de66947062c2abd1179efe4c8ee1854eb6b01241a98f
286,dqn,360,random,low,34.84046052631579,193.5,35.305,86,196,-191.9079712180551,304,108,0,2,0,0,300.0,-33.098437785636634,-25.260574977671773,-87.54895845474675,-46.0,46,2,304,0,3ac84310f4670bdb914221cb8d2acef68e94ff1262e4805fd8d9ea613f2081e5
287,dqn,684,random,balanced,33.03333333333333,131.5,24.775,52,149,-166.15995438130687,225,76,0,2,0,0,300.0,-23.226562868105248,-14.1729749778904,-79.76041653531138,-49.0,49,2,225,0,d7c44b148cbb1a2bfbb98c0e4fcc9853f4cddbf2ff8822998a1c342e4fc3e6a0
288,dqn,225,random,low,32.483050847457626,155.0,25.553333333333335,61,157,-162.8545085258061,236,79,0,3,0,0,300.0,-23.956250282237306,-16.436799993969174,-75.46145824959967,-47.0,47,2,236,0,9f7bb34fd285c1e657f3e36641e7d1a93919963549e882f08d811f7a04a4b578
289,dqn,300,random,balanced,29.759656652360515,145.5,23.113333333333333,51,181,-161.33608358151753,233,52,0,2,0,0,300.0,-21.668750214390457,-13.033999987142305,-79.63333337998483,-47.0,47,2,233,0,fdaab5e29aa531c9014ba3c319748171b2dcb96e48497de301d95e570c40fd4b
290,dqn,855,random,low,33.304794520547944,126.5,32.41833333333334,73,182,-181.5829543808061,292,110,0,2,0,0,300.0,-30.392187840188853,-21.18659999841402,-85.00416654220317,-45.0,45,3,292,0,1a83bafc74b7d8877a04d77ad70fc394799936ba190d468b8fa13e78da4a1a74
291,dqn,908,random,heavy,32.474806201550386,131.5,27.928333333333335,59,157,-183.3705626519761,258,101,0,2,0,0,300.0,-26.182812713319436,-19.203374993022585,-87.98437494563404,-50.0,50,2,258,0,dc130703ad34097ef9e5a605adaca0e298e21d633ec6d1c3f9c4fd5538ee7b9f
292,dqn,998,random,heavy,22.21105527638191,105.5,14.733333333333333,36,163,-127.12533757808929,199,36,0,1,0,0,300.0,-13.81250020104926,-6.747212500510068,-60.56562487652991,-46.0,46,2,199,0,63c1158b4831700f368d5d17eac311c916ece9477005980e8adaa5d0505e5a7f
293,dqn,855,random,low,32.5513698630137,135.0,31.683333333333334,69,182,-181.22220030571404,292,110,0,2,0,0,300.0,-29.703125225147232,-20.097199970088685,-83.42187511047814,-48.0,48,3,292,0,1a83bafc74b7d8877a04d77ad70fc394799936ba190d468b8fa13e78da4a1a74
294,dqn,189,random,ew_heavy,23.72877358490566,83.5,16.768333333333334,42,165,-127.10919597525572,212,47,0,2,0,0,300.0,-15.720312687917612,-7.627424992289891,-57.761458295048214,-46.0,46,3,212,0,b2b820448a4489c04512f00c26904654becb8d730cbce14f527475f7e7c656b4
295,dqn,881,random,ew_heavy,34.72931034482759,174.0,33.571666666666665,77,191,-185.55911690431606,290,99,0,2,0,0,300.0,-31.473437664913945,-25.20026250385638,-85.88541673554573,-43.0,43,4,290,0,2b3902fd23543fccd85de2bbc1dc8d80a9e22335bf21f81482ab5a3da9da54a9
296,dqn,629,random,heavy,31.242424242424242,136.0,24.05666666666667,54,159,-169.05872124334485,231,72,0,2,0,0,300.0,-22.55312531942036,-14.57226252084292,-83.93333340308163,-48.0,48,3,231,0,b467adc868c3a39bf49f5bbc731a7bfe49f0f95f62461b22a5779a1eb57903c1
297,dqn,420,random,left_heavy,34.43027210884354,188.5,33.75,70,164,-196.61799609306692,294,130,40,47,0,0,300.0,-31.64062527148053,-25.772162510146888,-89.20520831143949,-50.0,50,2,334,40,b71803a1087882fcaf409081081a56bb7b6f61ed004799143c41e25c788d8a5b
298,dqn,44,random,heavy,29.235436893203882,110.5,20.075,40,153,-151.0487753208777,206,53,0,2,0,0,300.0,-18.820312756928615,-10.975337510467938,-77.2531250534812,-44.0,44,4,206,0,be5356b26df6e1f543a3b33ea3a5ffe69caabefb3edd0045bae4de463cf2a196
299,dqn,5,random,heavy,23.441463414634146,116.5,16.018333333333334,36,172,-136.82153360027382,205,33,0,1,0,0,300.0,-15.017187767545693,-7.4585125054560235,-66.34583332727198,-48.0,48,2,205,0,b2c9ae499438344992acf07f480e0c9688c1b91c7e9b81434eae4b69aa2b0e70
300,dqn,398,random,low,26.169811320754718,133.0,18.493333333333332,37,175,-144.6161541738744,212,37,0,1,0,0,300.0,-17.337500149966218,-10.086987498468806,-74.19166652543936,-43.0,43,4,212,0,879b1043e1005d62790cf5c13fd790223c510ce6b24450e11d51fc63651de7f0
301,dqn,331,random,balanced,21.70731707317073,160.0,14.833333333333334,36,167,-152.1973417526525,205,38,0,1,0,0,300.0,-13.90625017695129,-8.690049977805025,-83.60104159789626,-46.0,46,5,205,0,0537ab4e8d94625758fba82d566c6dcdd66456e1eefd07a4316f19bc3546b3ce
302,dqn,220,random,heavy,26.601659751037346,144.0,21.371666666666666,52,165,-156.33966278708613,241,76,0,2,0,0,300.0,-20.035937787150033,-11.550599983707798,-76.7531250162283,-48.0,48,3,241,0,cf330d3355edc1217b54389faa613f0e8645c24178fbbb582448f329b37ea4c3
303,dqn,664,random,left_heavy,33.32608695652174,123.0,25.553333333333335,53,146,-152.8749085054071,230,84,8,15,0,0,300.0,-23.956250273273326,-17.104074995200065,-69.81458323693369,-42.0,42,4,238,8,6f63f329edaea415599792c5f8c1a4164a8d03c95523e70e1517e2d7bbf68580
304,dqn,633,random,left_heavy,31.98224852071006,106.5,18.02,34,113,-144.68903765915107,169,56,13,19,0,0,300.0,-16.893750297371298,-12.689037509091586,-70.10624985268805,-45.0,45,4,182,13,2dbe92cfc4a8f65af29ec82a9b64686f1224a0b980353ff7973c3772f0e07d66
305,dqn,399,random,low,26.7015503875969,121.0,22.963333333333335,59,182,-144.62483772121115,258,76,0,2,0,0,300.0,-21.52812530111987,-12.09983751524923,-67.99687490484212,-43.0,43,4,258,0,29991776368f820f57f188855e057eeea4c16fabcf7f6de076687eede13b0041
306,dqn,203,random,ns_heavy,24.43388429752066,100.0,9.855,25,98,-113.23785426106986,121,23,0,1,0,0,300.0,-9.239062623004429,-4.997750010343586,-56.00104162772186,-43.0,43,3,121,0,de2b586f7a33898c22f2d8e2a23f3d0ad4e3154d85a8b586de1d61e68fb65cab
307,dqn,646,random,left_heavy,36.6744966442953,110.5,18.218333333333334,34,92,-152.78862114423902,149,57,6,13,0,0,300.0,-17.079687807592563,-14.334974989164769,-75.37395834748168,-46.0,46,3,155,6,b9cc9fb72717adfd257743e4536596ccd7e4b5edc363ac71236c5883961d72a8
308,dqn,613,random,ew_heavy,26.996153846153845,128.0,23.39666666666667,54,189,-153.21692534968022,260,71,0,2,0,0,300.0,-21.93437531287782,-10.910675003787036,-73.37187503301539,-47.0,47,3,260,0,4df8d6e2ec64076779ee385fe01eaf91790c5aecdc701e39327c1061920bd255
309,dqn,677,random,ns_heavy,27.663414634146342,173.5,18.903333333333332,54,152,-157.0047043690153,205,53,0,2,0,0,300.0,-17.721875142189674,-12.106787514539615,-84.17604171228595,-43.0,43,4,205,0,dc6015d9198b071c2604df47dce2b413498831fe036ff838fc120036a9cf155e
310,dqn,962,random,ns_heavy,29.002183406113538,146.5,22.138333333333332,47,184,-164.50138366676762,229,45,0,2,0,0,300.0,-20.754687750712037,-13.410237505104309,-88.33645841095131,-42.0,42,4,229,0,084304cd4b537e3be3f565fc77f2e3f34b41187f9e43d8537947438ad258317f
311,dqn,363,random,balanced,32.48790322580645,106.0,26.856666666666666,54,168,-154.94080445129583,248,80,0,2,0,0,300.0,-25.178125331527553,-14.57101249933403,-66.19166662043426,-49.0,49,2,248,0,3424e6e045eeac004b83aab826b99ed358a68f25aa0497ce0ea300271416ac57
312,dqn,251,random,balanced,28.833333333333332,114.0,20.471666666666668,46,151,-149.2520002850048,213,62,0,2,0,0,300.0,-19.192187722190283,-10.10668748586395,-70.95312507695053,-49.0,49,1,213,0,dd8a650c7dcb48199ea3ba382a7200963034f8d5b7cbc64bd0e3e291e56400bb
313,dqn,707,random,ns_heavy,22.011111111111113,106.0,13.206666666666667,30,162,-112.57650840060455,180,18,0,1,0,0,300.0,-12.381250131758861,-5.25254999763929,-55.94270827120636,-39.0,39,5,180,0,54b0c223084411f3dcb4e460f5d6523f059559c49a65a389efc2c5f9d3259c50
314,dqn,129,random,left_heavy,42.81140350877193,133.0,48.81166666666667,97,172,-210.57197549127258,342,170,17,20,0,0,300.0,-45.76093788014259,-35.589162525983525,-79.22187508514617,-50.0,50,2,359,17,4073a805572b0b716bbf6c1b4450a7fa0f76d1fbf10053b5b89a7708e052f884
315,dqn,134,random,heavy,21.14008620689655,77.0,16.348333333333333,46,186,-115.8204961294447,232,46,0,2,0,0,300.0,-15.326562780886889,-5.816850002845603,-49.67708334571216,-45.0,45,3,232,0,b0682668f42f500aab9e14c92a5db24bf41a07dc64f61bdc53742cf5bc9665e3
316,dqn,857,random,low,29.328703703703702,117.5,21.116666666666667,51,151,-158.12696689879738,216,65,0,2,0,0,300.0,-19.79687528021168,-12.563424987720648,-80.76666663086507,-45.0,45,3,216,0,6a2edb5df814ece24a2e2c271be596928aeb7e99e7547466c5fa893114fdf20f
317,dqn,982,random,left_heavy,35.2578125,103.5,30.091666666666665,68,142,-165.47537924311032,256,114,14,18,0,0,300.0,-28.210937750292942,-19.71964998935728,-67.54479150346015,-50.0,50,3,270,14,0600f734891fcd12257e7f2a96632317f78b548f1ae608b7d9f82325d53f1cb1
318,dqn,54,random,ns_heavy,34.22727272727273,140.0,17.57,40,110,-163.31463776442754,154,44,0,1,0,0,300.0,-16.471875208080746,-12.720887483866678,-87.12187507248018,-47.0,47,4,154,0,9395a48f1d17c76df63bff72f793ebbae98bc7b314ce08ea33290a06dc26d9a7
319,dqn,480,random,heavy,31.02,145.0,25.85,54,182,-176.16896697548867,250,68,0,2,0,0,300.0,-24.23437530710362,-16.086675002316042,-88.84791666606907,-47.0,47,4,250,0,607001744f58565ca621b3cc0e30242ecb8254de1206709d6c5cb73462df74d7
320,dqn,741,random,left_heavy,24.980446927374302,134.0,14.906666666666666,33,135,-140.77588765602633,179,44,10,14,0,0,300.0,-13.975000176695175,-9.216512505198622,-72.58437497413252,-45.0,45,4,189,10,142fdfa34f62d7c23ec2e881d528b789f632320690fb9af0464a881b73f4b87b
321,dqn,943,random,left_heavy,30.885080645161292,150.5,25.535,51,164,-170.30663757227956,248,84,0,7,0,0,300.0,-23.93906268128194,-15.864449966038949,-80.50312492495868,-50.0,50,0,248,0,98eefc3993a016b9fdb6fd910f3b9bb39f576319e2ffe2407a5ff1e9a07ab8bf
322,dqn,892,random,left_heavy,36.72682926829268,122.5,25.098333333333333,52,131,-164.7496292804754,205,74,15,18,0,0,300.0,-23.529687580885366,-18.54390000464992,-75.67604169494007,-47.0,47,2,220,15,458ee46421dce99d0fd95fa0887853ec04c3beb3d94cc193ebce0878abbf08be
323,dqn,232,random,left_heavy,34.419213973799124,110.5,26.273333333333333,56,144,-165.8810461358415,229,85,14,19,0,0,300.0,-24.63125023501925,-18.200837492525167,-74.04895840829704,-49.0,49,3,243,14,1be23ffd793b219c96665ccf92aefe6c1dcd616c56c3e32137413e48cb1c43f0
324,dqn,135,random,ew_heavy,31.6787072243346,134.0,27.77166666666667,60,163,-167.16562927658595,263,100,0,3,0,0,300.0,-26.035937707638368,-18.753649979060725,-76.37604158988688,-46.0,46,3,263,0,fcfb0d2d72a7d395f0b22682f6855ee60d39199197e06414ab8c653a21a06081
325,dqn,85,random,heavy,29.486166007905137,138.0,24.866666666666667,56,187,-164.88743344815092,253,66,0,2,0,0,300.0,-23.312500144355,-13.438475020389165,-79.13645828340668,-49.0,49,2,253,0,059fb7256d90e12b6bbff199214b6a82337fda3dc7764610e528385bef49354f
326,dqn,516,random,ns_heavy,31.407960199004975,144.0,21.043333333333333,50,140,-162.52012126901752,201,61,0,2,0,0,300.0,-19.728125318768434,-11.527412503581578,-82.26458344666753,-49.0,49,2,201,0,717c12fd086b2f7f443d05aaa729d2641c49fbcc11c9a29868e5ee3174f9bb06
327,dqn,795,random,heavy,25.52185792349727,114.5,15.568333333333333,41,143,-131.46202118654676,183,40,0,1,0,0,300.0,-14.595312747173011,-7.558375013940526,-67.30833342543337,-42.0,42,4,183,0,201e0f3e93fe22f26ba8519814e1c4e61d754732577eb37c713d636bcc9d7e68
328,dqn,976,random,ns_heavy,27.5225,103.0,18.348333333333333,42,164,-132.9920877358112,200,36,0,2,0,0,300.0,-17.20156277634669,-8.984274992037536,-62.80624996742699,-44.0,44,4,200,0,3ab555dd0a6952a67b71d0247cc7301af9df3bb6ddbc1a4cf2a170a4d759aabc
329,dqn,221,random,ew_heavy,32.907630522088354,138.0,27.313333333333333,70,173,-163.7829500882951,249,76,0,2,0,0,300.0,-25.606250109616667,-17.054825023544982,-74.12187495513353,-47.0,47,1,249,0,fc7fade8c82ced36b4951b9fb9b1e3b20d8294b108ef47c2a1df0eb2165530f4
330,dqn,151,random,heavy,33.38867924528302,127.5,29.493333333333332,81,174,-159.1056001977274,265,91,0,2,0,0,300.0,-27.65000027231872,-16.274349969157626,-67.18124995625112,-48.0,48,2,265,0,d007c0c24136beb730aeb12d0d159b0ab82fdef908b093fb70ab9ee3d6d200c7
331,dqn,559,random,balanced,34.993993993993996,127.5,38.843333333333334,91,207,-177.0324792327643,333,126,0,2,0,0,300.0,-36.41562525474001,-21.69393745891794,-70.92291651910637,-48.0,48,2,333,0,55d2e41af3e2ff3daaab55836e5a7575f7ddddadb34bd467d399a210dafcf1b4
332,dqn,835,random,heavy,20.874301675977655,130.0,12.455,37,148,-128.46660425138472,179,31,0,1,0,0,300.0,-11.676562684471719,-5.535874996770145,-68.25416657014284,-43.0,43,4,179,0,f44ab6f5c93995380facc61389d23c1c4118a1ea3c0f44bc2fef25fe60e1a07c
333,dqn,389,random,ns_heavy,23.298429319371728,79.0,14.833333333333334,38,143,-121.48622518491312,191,48,0,1,0,0,300.0,-13.906250270083547,-5.686224992664936,-56.893749922164716,-45.0,45,3,191,0,03a0e3d29a575c5e43bc54f87c6e90542506042129622540e67233b6b1ea2913
334,dqn,672,random,low,33.37966804979253,137.5,26.815,67,174,-182.04135437179002,241,67,0,2,0,0,300.0,-25.139062731992453,-18.40750000855987,-93.4947916312376,-45.0,45,5,241,0,a287fe145fe6972f4bf922a8aae0a64d7d1c4944aeefaad8cb62b799bf68e18f
335,dqn,668,random,left_heavy,30.374524714828897,116.0,26.633333333333333,57,167,-160.66505021909467,263,96,1,6,0,0,300.0,-24.96875020780135,-16.690049979186007,-72.00625003210735,-47.0,47,2,264,1,ed221f78d8886e1ad8228d74436582f2667cc135af7a1975a6d8d152becb285e
336,dqn,73,random,heavy,32.656410256410254,108.5,21.236666666666668,47,130,-157.78818358106884,195,65,6,10,0,0,300.0,-19.909375213086605,-13.12985000140835,-77.74895836657379,-47.0,47,2,201,6,8e7f660dca5e6b9fedf02acbd9456dedb45994cbae95b52bbd77605270a14c08
337,dqn,81,random,balanced,35.0063025210084,137.0,27.77166666666667,59,165,-165.15594603129657,238,73,0,2,0,0,300.0,-26.035937760490924,-16.836674996618974,-75.28333327418659,-47.0,47,3,238,0,9c7788348bc19c45efc7de4fe2cbf847f09b511a756419df37b8e780112bf24d
338,dqn,171,random,heavy,35.85740072202166,133.0,33.108333333333334,77,173,-175.500808584979,277,104,0,2,0,0,300.0,-31.03906279162038,-19.55341252289727,-76.9083332704613,-48.0,48,3,277,0,1694d89ea256bf0fb432bc9511553c4591e9149dd5a9d231952a6ed3dd901797
339,dqn,610,random,ew_heavy,19.053398058252426,76.5,6.541666666666667,15,95,-91.09320425092373,103,8,0,1,0,0,300.0,-6.132812629570253,-2.3468500046445113,-44.61354161670897,-38.0,38,4,103,0,6a2102d9ca988596d7fd8391e5bb86062705bbd6b6c3cf833262cbf095738e21
340,dqn,924,random,heavy,23.909756097560976,100.5,16.338333333333335,35,162,-124.56143364616224,205,43,0,2,0,0,300.0,-15.317187727079727,-7.576537521588765,-58.6677083974937,-43.0,43,4,205,0,9b6eec27a26b21ccef0496efbd61cc72fe29078df874dd406cf43736a66bc0f7
341,dqn,451,random,heavy,37.24521072796935,145.0,32.403333333333336,69,176,-189.7521876668143,261,85,0,2,0,0,300.0,-30.37812516989652,-21.87718752129513,-90.49687497562263,-47.0,47,3,261,0,27ca77e3e90cc2c533c09df0a26e05e8742ffc4190504310f752b3c73cf28e55
342,dqn,66,random,low,27.824644549763033,158.5,19.57,46,154,-159.5508501528057,211,57,0,2,0,0,300.0,-18.346875186427496,-11.575850008823185,-84.62812495755497,-45.0,45,3,211,0,b0b74801081d7a2ae669466a8785222550ef2c686c1796df4de891da310603ff
343,dqn,930,random,balanced,30.117977528089888,115.5,26.805,71,176,-148.87215861589425,267,91,0,2,0,0,300.0,-25.057812704588287,-16.190387555908092,-63.62395835539792,-44.0,44,5,267,0,620ec92bf581f7aa20322a2a829c624b28af954526b79df6a6b1268f06589325
344,dqn,357,random,left_heavy,39.9228855721393,131.5,26.748333333333335,60,124,-170.8736294298484,201,77,3,8,0,0,300.0,-25.076562801375985,-19.98040002107664,-81.81666660739575,-44.0,44,4,204,3,d0cafe34eae2f38f6ae9c214d60a95598cb77f40d428c28ad83a9cafc40f7813
345,dqn,805,random,ns_heavy,23.73728813559322,83.0,9.336666666666666,24,97,-113.80442078443524,118,21,0,1,0,0,300.0,-8.753125100629404,-3.861712504614117,-59.189583179191686,-42.0,42,5,118,0,7428892fe51292db1d2d4da7c24f51316373fa2e9eef35907d9e002fac91de7e
346,dqn,35,random,balanced,44.15576923076923,180.0,38.26833333333333,91,152,-209.21050876795712,260,108,4,17,0,0,300.0,-35.24375039211009,-35.16155003311505,-93.80520834273193,-45.0,45,4,264,4,c2a69d0e23f3672edef98435f069eddc1ea53385135fbd05b904f9ee8ddef9fe
347,dqn,215,random,low,33.64717741935484,96.5,27.815,65,145,-163.65653329232094,248,103,0,2,0,0,300.0,-26.076562511501834,-17.699762494711486,-74.88020828610752,-45.0,45,4,248,0,bf678b3241ca3fd07761d204298757116fc98dd81caac2e7a77f32d5f38d4254
348,dqn,258,random,left_heavy,28.423423423423422,82.0,21.038333333333334,61,144,-132.56888762966915,222,78,13,18,0,0,300.0,-19.72343768121209,-10.423575010739295,-55.4218749377178,-47.0,47,2,235,13,e6c17d1ef923d98607f6259e079a74fcaf1561133f33a70cd7ecd80567c906ca
349,dqn,16,random,left_heavy,26.099476439790575,82.5,16.618333333333332,35,134,-121.08560036470007,191,57,0,3,0,0,300.0,-15.579687834135257,-8.571537500692646,-52.93437502987217,-44.0,44,3,191,0,5a8ec888e3351b72032ef8e54a8be76ff9ff345db081c47bb65f15a4a3394e40
350,dqn,214,random,balanced,25.745049504950494,118.5,17.335,40,160,-138.93307941007237,202,42,0,2,0,0,300.0,-16.251562722260132,-9.105474990636871,-70.57604169717524,-43.0,43,4,202,0,ea84b8d4230180cc085458867f689ad098223fd699b396071e378272b68d77b8
351,dqn,575,random,low,40.063380281690144,125.0,37.92666666666667,73,160,-184.29269602135247,284,124,0,1,0,0,300.0,-35.55625022214372,-24.556237478828557,-74.18020832038019,-50.0,50,3,284,0,b0a88752af54cdd8ccb985b0a7aec74809045021b3b65a1b4351a3d98bf88ef8
352,dqn,791,random,balanced,19.81451612903226,72.0,8.19,26,110,-81.38866680872525,124,14,0,1,0,0,300.0,-7.678125095437281,-2.578250000839033,-39.13229171244893,-32.0,32,9,124,0,ce89e3d02692d5f0372c1bd53e2255316eb501e0ede8905100ea0d6ddddca646
353,dqn,257,random,heavy,41.94579945799458,125.0,51.593333333333334,103,194,-211.77213786144972,369,175,0,2,0,0,300.0,-48.3687502524117,-38.10338753506725,-77.3000000739703,-48.0,48,3,369,0,a3e887b14dadf2dfea389dcd5dbfcb42653ea044ebf5504501aa9ff2303f02cf
354,dqn,81,random,balanced,27.880252100840337,96.5,22.118333333333332,48,178,-134.0140669644177,238,60,0,2,0,0,300.0,-20.735937859630212,-10.989587465913067,-57.28854163887445,-45.0,45,3,238,0,9c7788348bc19c45efc7de4fe2cbf847f09b511a756419df37b8e780112bf24d
355,dqn,373,random,left_heavy,37.558052434456926,111.0,33.43,67,145,-187.32041684282177,267,122,4,7,0,0,300.0,-31.340625130804256,-24.384999961942977,-82.59479175007436,-49.0,49,3,271,4,b25ae643c885ad1fde8e3f2bd994bec487e3cdf5f908e9da9c35f3fbc142e448
356,dqn,112,random,ns_heavy,21.408629441624367,66.5,14.058333333333334,42,161,-97.13514598106197,197,36,0,1,0,0,300.0,-13.179687675554305,-4.88149999555826,-38.073958309949376,-41.0,41,3,197,0,ed97b032e09c88ab3b9ca4ce2b20e98d1e15261f0f8ca341fb70f1254038e104
357,dqn,920,random,left_heavy,30.076666666666668,112.5,30.081666666666667,70,184,-158.55647091045546,300,116,16,20,0,0,300.0,-28.201562692178413,-17.63095000516186,-66.72395821311511,-46.0,46,3,316,16,8394135b73f29564e93098ceca2b25f5797af08840c94cad56ac93a8066495b7
358,dqn,543,random,heavy,33.77872340425532,112.5,26.46,69,158,-159.9626209831397,235,77,0,2,0,0,300.0,-24.80625020735897,-15.038662526181003,-70.11770824959967,-50.0,50,2,235,0,c3cd059b242498ca61648937ede582f3b51e75a788a2239a9d29b628b8ed7181
359,dqn,710,random,ew_heavy,29.408482142857142,115.0,21.958333333333332,63,157,-137.38707507141,224,67,0,2,0,0,300.0,-20.417187552782707,-15.160512505518996,-62.809375013108365,-39.0,39,3,224,0,fed5a0f707d810ea30eec60bc4d9ba8951a789b47f972f906f572adb3414363f
360,dqn,200,random,balanced,28.568047337278106,94.5,16.093333333333334,39,126,-128.26654183901923,169,43,0,1,0,0,300.0,-15.087500159279443,-8.056124999328315,-61.122916680411436,-44.0,44,4,169,0,1a929c4a0049f47981d25fa1a2b191be186d33cdb21b427a50830d3143d5a26b
361,dqn,472,random,ns_heavy,31.469483568075116,140.5,22.343333333333334,50,148,-158.12939616273576,213,65,0,1,0,0,300.0,-20.946875265915878,-13.152312481817349,-76.03020841500256,-48.0,48,1,213,0,7df0a83ffb5647246345db300733efa150ad7cf66efb1a8b8387f8697935cfac
362,dqn,520,random,ns_heavy,29.022727272727273,92.5,17.026666666666667,38,146,-137.6606293964033,176,30,0,1,0,0,300.0,-15.962500225985423,-9.143962493359142,-65.55416667705867,-47.0,47,4,176,0,6f3a12162302791388f2d88d6e0e8d586db5d6fb0c5f23d02daa1955815e00b0
363,dqn,707,random,ns_heavy,19.1,107.0,11.46,27,153,-101.03478771696466,180,27,0,1,0,0,300.0,-10.743750151246786,-3.909787507766306,-47.38125005795155,-39.0,39,5,180,0,54b0c223084411f3dcb4e460f5d6523f059559c49a65a389efc2c5f9d3259c50
364,dqn,53,random,heavy,28.35348837209302,103.5,20.32,37,153,-135.21341286044847,215,62,0,1,0,0,300.0,-19.050000275718048,-10.641537495113885,-60.521875089616515,-45.0,45,3,215,0,c3eaef5acade4eb3a2b0762e90de93c31a64ca1ef003787bfd05546e36f72abc
365,dqn,375,random,ns_heavy,26.270522388059703,127.5,23.468333333333334,61,177,-158.2115671811109,268,91,0,2,0,0,300.0,-22.001562908873893,-13.11833751173181,-78.09166676050518,-45.0,45,2,268,0,4177d0d2747b66881571ee22ce1319b1698431305703d0bb7ce03adbd528ac78
366,dqn,188,random,ew_heavy,37.92687074829932,131.0,37.16833333333334,82,161,-185.53810038040038,294,133,0,3,0,0,300.0,-34.84531286859419,-22.917787514576776,-77.77499999722932,-50.0,50,3,294,0,cd5e1cf1aa4de7cd5fc938361d98febf02194717de52bf1b2d090f8d7577d587
367,dqn,927,random,left_heavy,24.850931677018632,91.0,13.336666666666666,25,130,-120.13718777745596,161,31,0,1,0,0,300.0,-12.503125294111669,-5.287187509956857,-57.34687497338746,-45.0,45,3,161,0,6cd9902fde3319af4ac7bfb7b3aa41cfc2db4520620fb6282c725189e3094d2e
368,dqn,344,random,ns_heavy,37.378787878787875,152.5,37.005,76,169,-191.97406279500203,297,128,0,3,0,0,300.0,-34.6921877595596,-25.606874980098638,-83.67500005534384,-48.0,48,1,297,0,a2bd168242605747b22fe5ee06cf71c94a7e31639b4072effb9ec28b84ec71a5
369,dqn,787,random,heavy,25.88065843621399,119.0,20.963333333333335,47,189,-141.0570459474627,243,54,0,2,0,0,300.0,-19.653125166194513,-10.339337480538958,-67.06458330072928,-44.0,44,2,243,0,9f9fa368eff6808cd434e9a744e0f28ceb0716deda49b6c1ae9bc78d43ae8c25
370,dqn,719,random,left_heavy,45.8656462585034,145.5,44.95,102,153,-214.7231376171971,294,141,6,9,0,0,300.0,-42.140625186264515,-36.92001247915178,-85.66249995178077,-50.0,50,1,300,6,3702bda132b8a1de72130a4b9c1ce5ea72d54dc9f866d67ebcb3c1b7f3efa32a
371,dqn,71,random,low,31.839662447257385,96.5,25.153333333333332,59,170,-139.99780028107415,237,67,0,2,0,0,300.0,-23.58125038514845,-12.575925002259462,-57.840624893666245,-46.0,46,3,237,0,45e0571bb397399fef20c12c794c542cfa4cbd2a2584c89c5ef23b9a49245c1f
372,dqn,829,random,heavy,33.16483516483517,152.0,20.12,43,122,-171.3504085104061,182,60,0,2,0,0,300.0,-18.862500147428364,-14.223325003854551,-90.26458335912321,-48.0,48,4,182,0,9e046489f6908c896e19442aea230335002a8cd15c8b20c6e1b397ecff66f608
373,dqn,388,random,ew_heavy,26.629032258064516,107.5,22.013333333333332,43,175,-145.52894625407143,248,73,0,2,0,0,300.0,-20.637500422657467,-10.023737499857816,-65.86770833155606,-49.0,49,2,248,0,fdf9400b38ceb592768a0eca483fb60f71a2cdd6dab707ce826bd79071d3e3b4
374,dqn,190,random,ns_heavy,38.640243902439025,109.0,31.685,67,138,-179.00589165239577,246,108,0,2,0,0,300.0,-29.704687693389133,-23.39703748348621,-76.90416647552047,-49.0,49,1,246,0,cfd2eca04d82417c2c101b5c8b2b187271375f0f6f226e5858c2e860fd8bb67b
375,dqn,783,random,low,27.54147465437788,84.5,19.921666666666667,49,159,-130.3997834429676,217,58,0,2,0,0,300.0,-18.67656269983854,-9.114887491107948,-56.60833325202111,-46.0,46,3,217,0,2f59ea6e22f22c0e6a6995fb9306938062fd79f0a4cb8284ae374120fa08a22d
376,dqn,507,random,heavy,36.20320855614973,106.5,22.566666666666666,50,125,-154.33377090403295,187,62,0,4,0,0,300.0,-21.15625024633482,-14.29418748074167,-73.88333317695651,-45.0,45,4,187,0,f0805999d3776909f2137178101023ddd9bbf324562138ab525543cee51929b5
377,dqn,504,random,low,36.36363636363637,131.0,28.0,67,152,-172.78287945888803,231,79,0,2,0,0,300.0,-26.250000264961272,-17.12871251817196,-80.40416667575482,-49.0,49,3,231,0,841ead57d2fd8680e6608855215f58601ae4809db6008e3900aaf5f4f0b013cb
378,dqn,856,random,ew_heavy,35.93260869565217,135.0,27.548333333333332,63,147,-178.25359192853352,230,83,0,1,0,0,300.0,-25.82656273781322,-18.566612477898886,-85.86041671282146,-48.0,48,3,230,0,99abb64332df91843ef6542d2437b4676f52bc387d1c4cc5767060e30099c22e
379,dqn,14,random,balanced,34.111111111111114,103.0,29.676666666666666,63,161,-162.80325020292017,261,100,0,1,0,0,300.0,-27.82187519245781,-16.83762498864599,-68.14375002181623,-50.0,50,2,261,0,766506079a34cd908b77128ecf75f888554352f56f3b15fa51bdfe95deae54dd
380,dqn,534,random,heavy,30.106870229007633,87.0,26.293333333333333,61,152,-148.19949192421115,262,110,0,2,0,0,300.0,-24.65000021911692,-15.592200006428904,-61.95729169866536,-46.0,46,4,262,0,674b2a0b34f57764c6b369b584fe7585f010dde07fa45a4a418b77e94dcf4619
381,dqn,364,random,left_heavy,17.032846715328468,107.0,7.78,18,104,-101.86082919337565,137,33,0,8,0,0,300.0,-7.293750141514465,-2.903537494943157,-56.66354155691806,-35.0,35,6,137,0,1abd50723357566c2f22ed1da95d90dc213dae864a2c93eef4cfc3fa4d6afb29
382,dqn,792,random,heavy,33.439732142857146,86.5,24.968333333333334,65,150,-137.23556275254012,224,74,0,2,0,0,300.0,-23.40781281213276,-12.171499997567297,-56.65624994284008,-45.0,45,4,224,0,54500242c62b7769ae6349def75d9b5db7519d2a8dd36fe10a201447a687fcde
383,dqn,104,random,heavy,25.522151898734176,115.5,13.441666666666666,33,127,-127.67289607295893,158,31,0,1,0,0,300.0,-12.601562779978849,-6.066124995696735,-64.00520829728339,-45.0,45,2,158,0,5284a70c0b981cc4da06b70d42388da55b10dc1c92e41d8e39091cf1d447936b
384,dqn,852,random,ns_heavy,34.23654390934844,169.0,40.28666666666667,84,176,-204.49202532353365,353,177,1,5,0,0,300.0,-37.76875036756974,-30.5295249515635,-85.1937500044005,-51.0,51,0,354,1,b715e90854fa60c064da66d6bbad42ef7493a7965e21cdc987e6eb760ed6e792
385,dqn,155,random,balanced,27.073863636363637,126.5,23.825,52,170,-158.82505030732065,264,94,0,4,0,0,300.0,-22.33593781501986,-12.973487504757214,-75.51562498754356,-48.0,48,1,264,0,eb7c482c1c640ecb278d3dcbccb2dfbdc60a8542225bc0c9394fdbd81b4b2f5f
386,dqn,331,random,balanced,20.365853658536587,104.0,13.916666666666666,35,173,-119.58873347570551,205,32,0,1,0,0,300.0,-13.046875239931978,-5.749149992879391,-54.79270824289415,-46.0,46,2,205,0,0537ab4e8d94625758fba82d566c6dcdd66456e1eefd07a4316f19bc3546b3ce
387,dqn,838,random,ns_heavy,34.92152466367713,96.0,25.958333333333332,55,151,-136.341841671372,223,72,0,1,0,0,300.0,-24.33593755844049,-13.423612506467178,-56.58229160646442,-42.0,42,4,223,0,ed962a61ca7e1a97d88e219db4252b78d920926829988e6376d3d3744e09b5d9
388,dqn,614,random,heavy,34.99561403508772,177.5,26.596666666666668,57,163,-177.90390014145947,228,65,0,2,0,0,300.0,-24.934375132550485,-19.672650020899887,-89.29687498800922,-44.0,44,5,228,0,5f6afc00399cb94289175238e2fc6f2c37f5dd6d1c12da6b8a12bd3c15c994dd
389,dqn,931,random,heavy,40.28643216080402,136.0,26.723333333333333,61,134,-170.28137951912288,199,65,0,1,0,0,300.0,-25.05312534153927,-16.780337529582166,-77.44791664800141,-51.0,51,2,199,0,00d0c25b4a0640b2e15c85a1025c6f770a8405455215fe2a98ac33a7cfb116ec
390,dqn,538,random,balanced,21.032608695652176,79.0,16.125,45,167,-121.67245426602821,230,63,0,2,0,0,300.0,-15.117187708150595,-6.585474994067772,-55.96979156380985,-44.0,44,2,230,0,d02d3b3c0a8650f1791b65dbd14f015a3cee0fdb8abfe9630cbe0c838e9f1cb7
391,dqn,605,random,ns_heavy,32.92259414225941,112.5,26.22833333333333,62,163,-151.95884208666482,239,76,0,2,0,0,300.0,-24.58906280004885,-13.728112486250035,-64.64166680036578,-49.0,49,3,239,0,f6e313aebb7aa5162ec51f8da35ac2084eee5f4e61e93a1c5657cd5381158568
392,dqn,204,random,heavy,15.904624277456648,78.5,9.171666666666667,22,159,-86.1567125804264,173,14,0,1,0,0,300.0,-8.59843768470455,-2.26452499926163,-39.29374989646021,-36.0,36,4,173,0,454867996975e041da5df5037a8b6d1ae2ae7b0aee6746dfbd81be27cfb658d1
393,dqn,762,random,ew_heavy,23.549723756906076,89.5,14.208333333333334,39,144,-133.32362517639925,181,37,0,2,0,0,300.0,-13.320312739699148,-5.997062503545748,-66.00624993315432,-48.0,48,1,181,0,d2c486090fb6139f92af8623c33f36410ba043d3a3eb9b0f0f3e876e3b6d60d4
394,dqn,724,random,ns_heavy,42.574603174603176,168.5,44.70333333333333,95,166,-222.08071296461995,315,149,0,3,0,0,300.0,-41.909375426592305,-33.549462525152215,-96.62187501287553,-50.0,50,1,315,0,dfb8bbd2600faca8a19da53063977a42de571877015e02d49e43712ae195e145
395,dqn,671,random,ns_heavy,39.98947368421052,153.5,50.655,118,188,-221.9911501103613,380,192,0,5,0,0,300.0,-47.489062711480074,-34.46458746758944,-92.03749993129168,-48.0,48,4,380,0,706760fa2a1a3430f5af21515449a679c7fee18faac867d400ea146afa62a83a
396,dqn,874,random,left_heavy,22.401554404145077,108.0,14.415,33,139,-117.23183345747456,193,54,2,14,0,0,300.0,-13.514062676928006,-6.406312503379742,-57.31145827716682,-40.0,40,4,195,2,8a034b87719a465968a2661379ec51200d8ced9038ed0f2cbc840263386384d9
397,dqn,39,random,low,28.397297297297296,108.5,17.511666666666667,34,137,-138.38590446495,185,48,0,2,0,0,300.0,-16.41718777269125,-8.617675000298915,-65.35104169195984,-48.0,48,2,185,0,2c1e289bb2049af78d397c7cc434eec6e152400fa5221cfe77c5f803664d0870
398,dqn,38,random,ns_heavy,36.44252873563219,123.5,31.705,59,167,-174.39205443001927,261,94,0,2,0,0,300.0,-29.723437756183557,-19.226949986346156,-76.44166668748949,-49.0,49,2,261,0,2388acc5c3432b3e5970c4b63cc06b9859f8aceda0c1de37131005f630083129
399,dqn,527,random,low,28.6,95.5,19.066666666666666,47,153,-142.64372100091933,200,47,0,2,0,0,300.0,-17.875000270316377,-8.113512498139604,-65.65520823246334,-51.0,51,2,200,0,849462797b3d041d53d03b5ddbc4d547f5c763347a26e013cb25a2cc94a015a4
400,dqn,955,random,balanced,34.662100456621005,85.0,25.303333333333335,56,149,-145.79830835647672,219,70,0,1,0,0,300.0,-23.72187517385464,-12.755599991695634,-59.32083319092635,-50.0,50,2,219,0,d7ce4b7e3d67a6faf3686f4f94254c6db5a2b8f3e9d061a8f7d780ad00603f91
401,dqn,416,random,left_heavy,28.21969696969697,96.5,18.625,36,145,-129.1076834927874,198,53,0,3,0,0,300.0,-17.460937755415216,-8.479037494477964,-64.16770824289415,-39.0,39,6,198,0,05eb738634fb18cd6d445e1ee1563b42d90c4cb8de1596522fc512792662513e
402,dqn,54,random,ns_heavy,37.05194805194805,117.5,19.02,39,105,-153.59631268477182,154,49,0,1,0,0,300.0,-17.83125019853469,-11.755687470381245,-73.00937501585577,-51.0,51,2,154,0,9395a48f1d17c76df63bff72f793ebbae98bc7b314ce08ea33290a06dc26d9a7
403,dqn,211,random,balanced,29.800632911392405,119.0,15.695,34,126,-151.86541681300224,158,32,0,1,0,0,300.0,-14.714062809362076,-9.219062508375648,-81.93229149526451,-46.0,46,4,158,0,889655864cad64164cc118accb734b9841271c34c291130750687fd1004da0ac
404,dqn,404,random,low,35.573232323232325,98.0,23.47833333333333,53,150,-150.88922937433165,198,48,0,2,0,0,300.0,-22.010937659069896,-14.289750011380969,-66.58854170388076,-48.0,48,1,198,0,a15773ee65a7070349d5ffffd03e96ad455e4dade19b01f5547cd93a9a77e597
405,dqn,589,random,ew_heavy,40.95039682539682,130.0,34.39833333333333,65,136,-186.42125025764264,252,116,0,3,0,0,300.0,-32.24843766982667,-25.732187495219122,-78.44062509259675,-50.0,50,3,252,0,62d65a166e907d971f6276982d01baf19375edb011e55a71b13b62e13ac09031
406,dqn,77,random,balanced,25.726114649681527,105.0,13.463333333333333,32,142,-126.10115849427967,157,15,0,2,0,0,300.0,-12.621875209733844,-5.1678250058656,-61.31145827868022,-47.0,47,3,157,0,66769b7d63048d7023c157e0e9dd6c3c726a13196b688d44967bb0ff52f5df1b
407,dqn,290,random,ns_heavy,21.03921568627451,112.5,10.73,27,122,-128.34064186723907,153,31,0,3,0,0,300.0,-10.05937522253953,-4.183350001913642,-67.097916642786,-47.0,47,2,153,0,4d67d5c5bee4554007fffd3cfd40273452e352b5fe7b61c46278e71639dc2644
408,dqn,381,random,heavy,34.181268882175225,110.5,37.718333333333334,74,169,-188.3474418896577,331,162,0,5,0,0,300.0,-35.36093769886065,-23.75733752416927,-78.22916666662786,-51.0,51,1,331,0,180f20b176edf6b4ed2f72eabcb3f9b632d7da73643ee40b1e0cdd03582d6801
409,dqn,306,random,heavy,27.373517786561266,120.0,23.085,51,172,-157.3522460825501,253,81,0,2,0,0,300.0,-21.64218772924505,-14.198600002377495,-72.51145835092757,-49.0,49,1,253,0,700ba6b5cebd2848c9f12185925c31322ead97bc2a37aeba2cf6620bedb4f9cb
410,dqn,569,random,ns_heavy,42.60266159695818,141.5,37.348333333333336,84,160,-192.04567542960368,263,103,0,3,0,0,300.0,-35.01406280696392,-27.76286253749349,-80.26875008514617,-49.0,49,3,263,0,d9ddf450c68fd7bcc1ae2ee7e1b73bf5751435549ce4079fd278f71a88afaae3
411,dqn,961,random,balanced,28.025510204081634,91.0,9.155,22,86,-100.44376258560874,98,12,0,1,0,0,300.0,-8.582812632899731,-3.5984499994381633,-54.26249995327089,-34.0,34,6,98,0,1dc288c1a78226e794609cdb2041557686fa61e30d2571f6aeee9e870b72f8f2
412,dqn,502,random,ns_heavy,26.10082304526749,93.5,21.141666666666666,48,159,-140.17735852346965,243,84,0,2,0,0,300.0,-19.820312880910933,-11.142462496522061,-60.2145831460366,-49.0,49,1,243,0,587b6a738beee818c4ee8a05897de2582a50bdb2970cb67fcf263c1164006f3b
413,dqn,711,random,ew_heavy,42.991150442477874,134.5,32.38666666666666,61,151,-196.61058777771623,226,75,0,2,0,0,300.0,-30.362500180490315,-24.207462536666576,-91.04062506055925,-51.0,51,3,226,0,ecd8d68f35661f79bc1aa36ac5f2031e9bee8f9f925b4c4659e510798ffd416a
414,dqn,355,random,ew_heavy,37.0,95.0,27.01,54,158,-155.77309204143162,219,61,0,2,0,0,300.0,-25.321875368594192,-13.228300021203905,-67.22291665163357,-50.0,50,2,219,0,5293f30bc2385bd8d7d52ab1786ecc37a67840a2fa644a1a9defb7a36a9e19a3
415,dqn,904,random,low,29.369230769230768,74.5,19.09,44,152,-118.34262936618686,195,43,0,1,0,0,300.0,-17.89687520242296,-8.644712502351464,-51.801041661412455,-40.0,40,5,195,0,752de5406f1a60f4ea2458929e93c8aed50194eee4e2887eac005976f6e75371
416,dqn,522,random,ew_heavy,41.863036303630366,145.0,42.281666666666666,85,172,-208.57651283477753,303,131,0,5,0,0,300.0,-39.60000028763898,-30.142137491049652,-92.8343750560889,-46.0,46,3,303,0,482fe256c319c800f922cbcf21787918770bcf26a84838e1345eb17e0d449857
417,dqn,645,random,balanced,31.408163265306122,95.5,20.52,52,138,-141.23392533977523,196,58,0,2,0,0,300.0,-19.237500343704596,-9.658924985802875,-64.33750001026783,-48.0,48,2,196,0,d435db909a3c194e3acf2061fde2d954724331287d21becff06636ee5bf1a437
418,dqn,698,random,heavy,32.25910931174089,113.5,26.56,63,175,-146.07380455490858,247,72,0,2,0,0,300.0,-24.90000038035214,-13.100887485576822,-63.0729166889796,-45.0,45,3,247,0,a4f585fc8b143a4a892a344bfae299896492848eeb76e9ac75eb0096e0f3012c
419,dqn,796,random,ns_heavy,24.365030674846626,124.5,13.238333333333333,31,124,-143.1161500590017,163,39,0,2,0,0,300.0,-12.410937574109994,-6.855212503308577,-79.8499999815831,-44.0,44,1,163,0,4f1343132c82baaa9daf414d237e738224b00fd17da8eeeccaae6261b4d440c8
420,dqn,655,random,ns_heavy,29.299568965517242,106.0,22.658333333333335,48,175,-142.45190451871963,232,57,0,2,0,0,300.0,-21.242187845986336,-11.252425003870304,-64.95729166886304,-45.0,45,3,232,0,cd734f17b097eb958f9715f9f9714b8827887a8266ab5f7346a55d9ba6ed2e72
421,dqn,103,random,left_heavy,41.039249146757676,113.0,40.085,92,170,-191.3953335778227,293,123,0,3,0,0,300.0,-37.57968780642841,-27.604187517138048,-79.21145825425629,-47.0,47,2,293,0,18edb8d4168b60e66455d7b72d2ff4c754e225f7bb52ebfce3813ecc6d5cfdbd
422,dqn,152,random,heavy,25.819018404907975,90.0,14.028333333333334,34,130,-117.80571260564538,163,33,0,2,0,0,300.0,-13.151562744984403,-5.741649994561884,-59.9124998660991,-39.0,39,5,163,0,11baa19501b302c7815fe85e868903fd3ac5f4409fa7d812551eb605132621ed
423,dqn,905,random,left_heavy,29.36898395721925,92.0,18.30666666666667,33,136,-134.4441836113162,187,51,0,2,0,0,300.0,-17.162500310805626,-8.898350028559074,-66.38333327195141,-42.0,42,3,187,0,0f5d4bdd08deab02733df099d05802f86cba5267b6ada5cb7d94fc7455310686
424,dqn,556,random,ew_heavy,29.13095238095238,124.5,16.313333333333333,36,126,-143.68745857774695,168,42,0,2,0,0,300.0,-15.293750151060522,-8.169750002743234,-80.22395842394326,-40.0,40,4,168,0,d2e0babe22c2fe9a7444df9afb30c9dc3b62dbd8afaa0a05bdb6d03369b837ac
425,dqn,15,random,low,26.0979381443299,116.0,16.876666666666665,40,161,-129.15913772457495,194,33,0,2,0,0,300.0,-15.8218752972316,-7.927887496796756,-63.40937493054662,-42.0,42,3,194,0,cabf4192916bc2404dd1bb5fe3e23be13423c7bb57f8c58240deccb4a48ae5d2
426,dqn,66,random,low,29.76303317535545,154.0,20.933333333333334,51,152,-161.11880458826977,211,59,0,2,0,0,300.0,-19.625000315136276,-11.427137485992704,-85.066666787141,-45.0,45,2,211,0,b0b74801081d7a2ae669466a8785222550ef2c686c1796df4de891da310603ff
427,dqn,401,random,ew_heavy,19.161087866108787,83.5,15.265,40,195,-112.71364598777214,239,44,0,2,0,0,300.0,-14.310937756439671,-5.388124997937848,-50.01458323339466,-43.0,43,2,239,0,6484a516f5fb9d85b9df0ec9b8c93bc6d465dc5b65be19b597c32b52f1f814c5
428,dqn,643,random,left_heavy,33.39423076923077,102.5,28.946666666666665,66,157,-162.50540023674333,260,103,2,9,0,0,300.0,-27.137500208918937,-19.036650017184,-71.33125001064036,-45.0,45,3,262,2,486fea750b9fef87c77581b0585c5597161e764d7a6d4d6b445a2de67f446aac
429,dqn,60,random,ns_heavy,22.5911214953271,98.0,16.115,40,181,-119.4810001772603,214,33,0,2,0,0,300.0,-15.1078126890352,-8.32318749993647,-59.04999998828862,-37.0,37,5,214,0,16c175020d411c46299b3a1f013b0c77472fb46dc9fd40621ad0942b48edbe16
430,dqn,43,random,left_heavy,44.10208333333333,120.5,35.281666666666666,81,138,-175.56437921343385,240,102,1,3,0,0,300.0,-33.07656256377231,-24.05552505753948,-70.43229159212206,-48.0,48,1,241,1,a88a78010f1855cb196fb49c2f38ef4a64f9ada54d39be44382ee5baa87686db
431,dqn,743,random,left_heavy,30.308823529411764,104.0,20.61,46,142,-141.42808357451725,204,62,0,3,0,0,300.0,-19.321875215508044,-11.188499982004581,-68.9177083770046,-42.0,42,5,204,0,af3d3491f39fc948a42a6ef068548e2ef1a73df8abd6847e1c8f6477381d70b5
432,dqn,559,random,balanced,34.150150150150154,115.0,37.906666666666666,74,217,-167.6723336876945,333,116,0,2,0,0,300.0,-35.537500465870835,-21.354624991222956,-66.78020823060069,-44.0,44,2,333,0,55d2e41af3e2ff3daaab55836e5a7575f7ddddadb34bd467d399a210dafcf1b4
433,dqn,894,random,ew_heavy,26.209205020920503,97.0,20.88,40,185,-131.55250013617265,239,54,0,2,0,0,300.0,-19.57500015036203,-10.536874979826825,-59.44062500598375,-42.0,42,3,239,0,ea4080d54d0b2007c5908d0cc9a071c307d8b2de0d15c0101d2d7b51bca71341
434,dqn,229,random,left_heavy,30.3984375,92.0,19.455,44,130,-132.3555502046431,192,62,0,2,0,0,300.0,-18.23906273895409,-9.769612507202693,-63.346874958486296,-41.0,41,4,192,0,7ae9585f8bd1735e1b0dfbeb1a34909c9965f63e394f0c889efc6cbb0d59b9ed
435,dqn,925,random,ns_heavy,35.266435986159166,111.5,33.973333333333336,69,169,-178.6565669401498,289,120,0,2,0,0,300.0,-31.85000025376212,-22.43052499033,-76.37604169605765,-48.0,48,1,289,0,1400ca180edf0a45a7ef775b2600615cfb1d13ce8f412e7c9817851ceb5a3358
436,dqn,49,random,balanced,27.306324110671937,115.0,23.028333333333332,52,188,-143.04184618163498,253,65,0,2,0,0,300.0,-21.589062910992652,-9.828825000926015,-66.62395826971624,-45.0,45,1,253,0,ce40379bc1b88af8d6013096b2d7539eb8838ebf4276b3eb87f97281156cf0d0
437,dqn,658,random,ew_heavy,32.613247863247864,127.0,25.438333333333333,57,156,-169.6814670611631,234,78,0,2,0,0,300.0,-23.848437722888775,-16.47886252263488,-86.35416681563947,-43.0,43,3,234,0,0ff30e07b66e194fa34a0174c3e7b944208de53793b23484d7a75621353e3357
438,dqn,487,random,left_heavy,32.68801652892562,106.5,26.373333333333335,61,161,-150.31704606219077,242,81,10,19,0,0,300.0,-24.725000244448893,-16.908712533869416,-70.68333328387234,-38.0,38,5,252,10,1fb513a2492574e780bdfcee52484cc9139cd2e58c28ce715e2670244ddaaf98
439,dqn,245,random,low,32.443661971830984,88.5,15.356666666666667,35,117,-115.24691269693209,142,25,0,1,0,0,300.0,-14.396875279955566,-6.659412510644324,-61.19062490633223,-33.0,33,7,142,0,120f6b96eacedd0e49f0f91f6aa6413a0c10d10fc97cdd0ffdee2b36a644ac4a
440,dqn,307,random,low,37.670818505338076,157.0,35.285,79,173,-194.5572458221441,281,108,0,3,0,0,300.0,-33.07968763273675,-24.728599953218506,-87.74895823618863,-49.0,49,1,281,0,0a54e8692d4f2c8b5a14492a137ba29b7781ec15194fd66d370936631ed9ff26
441,dqn,791,random,balanced,13.834677419354838,73.0,5.718333333333334,16,117,-72.25428344405152,124,7,0,1,0,0,300.0,-5.3609376065433025,-1.5537624977565427,-39.3395833397517,-26.0,26,10,124,0,ce89e3d02692d5f0372c1bd53e2255316eb501e0ede8905100ea0d6ddddca646
442,dqn,58,random,left_heavy,31.966,86.5,26.638333333333332,57,160,-143.48946263282633,250,90,0,3,0,0,300.0,-24.973437736858614,-14.656650005281692,-63.85937489068601,-40.0,40,4,250,0,22ac7d2660c24fb3ecc230ed433192a0e7a8e9804ec889a42b37aeaa98902943
443,dqn,372,random,left_heavy,30.069620253164558,106.5,23.756666666666668,68,151,-128.01208357897633,237,86,0,6,0,0,300.0,-22.271875202539377,-12.34437499347186,-55.395833382965066,-38.0,38,5,237,0,6b5831900879c4868efc5846ef037e7ec27ff6c22570a9de11effff528e972bd
444,dqn,783,random,low,23.640552995391705,70.0,17.1,54,182,-109.15275423788343,217,35,0,2,0,0,300.0,-16.031250146217644,-7.326712508111816,-45.79479158355389,-40.0,40,4,217,0,2f59ea6e22f22c0e6a6995fb9306938062fd79f0a4cb8284ae374120fa08a22d
445,dqn,205,random,left_heavy,43.13025210084034,119.0,34.22,71,145,-193.79866688622943,238,93,16,21,0,0,300.0,-32.08125022286549,-26.335125016107483,-89.38229164725635,-46.0,46,2,254,16,89af6512ac5f388c5f51946375b1edc3904205886e6b5fc65b8893d1fc3de4ac
446,dqn,233,random,balanced,23.550632911392405,85.5,12.403333333333334,25,134,-100.20538349229538,158,24,0,2,0,0,300.0,-11.628125214832835,-4.553299998060536,-47.023958279401995,-37.0,37,5,158,0,4af62996debdab1aa3ea222acd0bc880dd16c7deba05674f73c7f8a8db56db77
447,dqn,950,random,low,28.171348314606742,81.0,16.715,37,144,-119.36217517964032,178,34,0,1,0,0,300.0,-15.670312779024243,-7.529362504714663,-57.16249989590142,-39.0,39,3,178,0,8efd5bbce89cd20756eabd05eeb4ee985be06fe871441aac976c24e1c8d84e8a
448,dqn,661,random,balanced,40.404017857142854,105.5,30.168333333333333,63,133,-159.8521834259889,224,91,0,2,0,0,300.0,-28.282812747289427,-18.501662517389196,-64.06770816131029,-49.0,49,2,224,0,1a414c42314b64bf8cc9771061844ae1a7cf6863140fde512ac2412a5ab1b9be
449,dqn,227,random,ew_heavy,30.056306306306308,107.5,22.241666666666667,48,158,-149.5171835518552,222,64,0,2,0,0,300.0,-20.851562717813067,-10.991662517945958,-70.6739583160961,-47.0,47,3,222,0,90b1002e86e70c5bb80bcf99d87ede7dbdde0c4d98aab4a8ac5899e5fedc1ba6
450,dqn,418,random,left_heavy,29.80252100840336,116.0,23.64666666666667,50,165,-152.14193769072656,238,73,17,22,0,0,300.0,-22.168750183074735,-13.204437504462108,-71.76875000318978,-45.0,45,3,255,17,4e09c798d6527f1d560e9828eb0d30c88179c1ad637cd6d038f651b13a88effb
451,dqn,318,random,balanced,28.120553359683793,83.0,23.715,64,165,-127.37067096062314,253,88,0,2,0,0,300.0,-22.232812691363506,-11.345149989112542,-49.79270828014705,-44.0,44,4,253,0,bad8acf6ae8bf1d2e297303d4d97064ec72a24903ba76ed52b74cf34cd8221e0
452,dqn,789,random,left_heavy,23.623076923076923,101.0,15.356666666666667,35,151,-120.76019185404367,195,44,0,4,0,0,300.0,-14.39687517983839,-7.634149992676249,-63.72916668152902,-35.0,35,8,195,0,5296a343a29010c66e5e67446e63eaaa98fd13c130f2c888a8271ae188733afa
453,dqn,26,random,low,24.339449541284402,110.5,17.686666666666667,49,164,-122.26577518316485,218,54,0,2,0,0,300.0,-16.581250256160274,-8.028275008844505,-61.65624991816003,-36.0,36,7,218,0,465ddbb95a36545c0936f7dfeae809c800295fd9d226a47c9708ce4fa9e5f480
454,dqn,301,random,ns_heavy,26.464601769911503,96.5,19.938333333333333,44,180,-135.91737099003151,226,46,0,1,0,0,300.0,-18.692187646287493,-9.9481000039923,-63.2770833397517,-44.0,44,4,226,0,9dbc89037759de63558948d1e18f226df49b2439b1cd0b0d4351f53d80e347f7
455,dqn,359,random,ew_heavy,39.92756183745583,124.0,37.665,73,183,-187.62072539451688,283,100,0,2,0,0,300.0,-35.31093781103846,-24.27853750466528,-81.03125007881317,-47.0,47,2,283,0,32f061e1251b2821d66713c4b6b21654a1f844a6291771eb4a10ef561d5935c1
456,dqn,129,random,left_heavy,39.53116147308782,142.0,46.516666666666666,87,186,-209.35472101335907,353,167,6,10,0,0,300.0,-43.60937532852404,-34.46513743316318,-83.28020825167187,-48.0,48,0,359,6,4073a805572b0b716bbf6c1b4450a7fa0f76d1fbf10053b5b89a7708e052f884
457,dqn,878,random,low,24.620967741935484,94.5,15.265,31,154,-115.78558354607453,186,32,0,1,0,0,300.0,-14.310937740374357,-6.353812499476046,-55.120833306224085,-40.0,40,4,186,0,951cdc69d092f84fa4a17b5426485286bd1a9875f45ad7a180a7f27a41c6cccc
458,dqn,344,random,ns_heavy,36.821548821548824,112.0,36.45333333333333,73,175,-180.37288369862003,297,122,0,3,0,0,300.0,-34.175000202376395,-25.105175010460517,-72.09270848578308,-49.0,49,2,297,0,a2bd168242605747b22fe5ee06cf71c94a7e31639b4072effb9ec28b84ec71a5
459,dqn,340,random,balanced,30.64516129032258,137.5,31.666666666666668,70,206,-175.59679213495474,310,104,0,2,0,0,300.0,-29.687500346801244,-17.755125027648326,-81.15416676050518,-47.0,47,3,310,0,17f78fdc0f18b48fc2ad64e0f6f3db1ee51523cb0086bec6caddbea13d72e9af
460,dqn,676,random,balanced,27.391402714932127,119.5,20.178333333333335,42,166,-156.33823345505147,221,55,0,2,0,0,300.0,-18.917187686660327,-11.73458749494966,-83.68645827344153,-42.0,42,5,221,0,3b371675b8f6776880a16342eb83f8d5e5aca890a52b385a24ac45c440a18be0
461,dqn,304,random,heavy,36.37547169811321,144.5,32.13166666666667,64,161,-191.97418356120684,265,104,0,2,0,0,300.0,-30.123437738395296,-20.664287500941278,-90.1864583218703,-51.0,51,2,265,0,c7e37714438630ea82d223a5efff6d5576298d80c5476e1fb6c5162b24295574
462,dqn,315,random,left_heavy,39.74187725631769,140.0,36.70166666666667,103,142,-199.5722255091466,277,135,29,36,0,0,300.0,-34.40781285217963,-25.714412517431647,-90.4500001395354,-49.0,49,4,306,29,df55f184347ce5cf41c31c106d67c9bfc4f8d6bf11a2427649c16469c284653f
463,dqn,462,random,left_heavy,29.860995850622405,115.5,23.99,53,153,-146.22460034656032,241,88,9,19,0,0,300.0,-22.490625414298847,-13.412099990911527,-68.32187494134996,-42.0,42,4,250,9,7dd1ccc1207862660f47929096182011b946c7075353657c77db0e9bcbe0ce3b
464,dqn,824,random,low,21.28832116788321,59.0,9.721666666666666,29,112,-81.85462094080725,137,25,0,1,0,0,300.0,-9.114062634762377,-3.1291000033364993,-36.61145830270834,-33.0,33,8,137,0,1e666f71c49f4fccb3c6f865600811d72623c1fb13fd0f714655ae4365d97dfe
465,dqn,809,random,ew_heavy,27.082089552238806,71.5,12.096666666666666,31,104,-107.1592626463869,134,30,0,1,0,0,300.0,-11.340625221142545,-5.578012508271783,-50.24062491697259,-40.0,40,6,134,0,37f48cce4f717ccf1b801d4d0679c677345a880b80c10546a0689ba2102469dc
466,dqn,354,random,heavy,24.415983606557376,90.5,19.858333333333334,53,170,-135.08170866575458,244,74,0,2,0,0,300.0,-18.617187767871656,-9.390562502950344,-63.07395839493256,-44.0,44,4,244,0,b8276afebc9d656a9aa59d2fb010a09cbab1acd37d182a783ae154a5d078d94f
467,dqn,500,random,left_heavy,33.21806167400881,103.5,25.135,50,152,-147.70195850730016,227,75,0,1,0,0,300.0,-23.564062787569128,-13.998312487267684,-61.13958323246334,-49.0,49,3,227,0,960b4f8a37cb30f594872518b915d2fb88deaa3f72f1f908eb3f62285d674c15
468,dqn,191,random,balanced,25.5180412371134,78.0,16.501666666666665,36,155,-121.7252335347737,194,39,0,1,0,0,300.0,-15.47031276463531,-6.449712475835259,-51.805208294303156,-48.0,48,2,194,0,4d0957c9651ff85b55a9c15aa51319839b175dd0c513bf4017ab2d2aa6034de8
469,dqn,244,random,low,36.28415300546448,113.0,22.133333333333333,41,142,-148.39955451065978,183,41,0,1,0,0,300.0,-20.750000332598574,-13.495387519070208,-68.15416665899102,-46.0,46,4,183,0,909accbb8fa105debf33b3bd10000710d57612de82a6abf05b3af750b334bb6a
470,dqn,576,random,balanced,28.74903474903475,116.0,24.82,58,164,-158.95201263038118,259,95,0,3,0,0,300.0,-23.268750297487713,-12.939512488400945,-71.74374984449241,-51.0,51,2,259,0,98f0a1aa598913d7c08fea0eac23359114d68b055d1434c34dc6d09ee1ed8c6d
471,dqn,242,random,heavy,34.85281385281385,119.5,26.836666666666666,56,158,-157.0906003890945,231,73,0,2,0,0,300.0,-25.159375361632556,-15.171849984597792,-72.75937504286412,-44.0,44,5,231,0,42d2243537f612c4d0af505551e4e79308d20d920241f65bafd9bbfae9da80f9
472,dqn,571,random,low,27.57107843137255,82.5,18.748333333333335,46,152,-125.52328790355746,204,52,0,2,0,0,300.0,-17.576562846661545,-7.343600000061996,-52.60312505683396,-48.0,48,1,204,0,e0542ac0898f128937ff393e88f79352dc0cd44c6d9aabad0f54a8577c43ccc7
473,dqn,768,random,heavy,42.524193548387096,139.5,35.153333333333336,78,145,-186.61547517213995,248,103,0,3,0,0,300.0,-32.95625019224826,-23.899850012464597,-80.759374967427,-49.0,49,3,248,0,13e9da340406a21e64117d9080edd67d0df5e32428754b747570555eb1a90116
474,dqn,583,random,ns_heavy,26.75177304964539,78.5,12.573333333333334,26,120,-114.28779604221417,141,21,0,1,0,0,300.0,-11.78750025620684,-4.741962510330628,-51.758333275676705,-46.0,46,3,141,0,78326943eb5be11606f878166cb29e4f13afb39ea45c2bc6ef098e9e52931751
475,dqn,716,random,ew_heavy,42.89895470383275,133.5,41.04,82,160,-194.3767542933258,287,127,0,1,0,0,300.0,-38.475000232458115,-27.444462487348936,-77.45729157351889,-51.0,51,3,287,0,a55dc77ec8172c2030adcbb098647c80018cf24eaf9432eeae7064be30462fee
476,dqn,27,random,balanced,25.426666666666666,88.5,12.713333333333333,27,134,-113.82897104359515,150,16,0,2,0,0,300.0,-11.918750254786573,-5.267512499720763,-56.64270828908775,-40.0,40,4,150,0,a9a05237e06fb7cb66d68183c611db1ccf094499796dc643e9bc16acce24fdeb
477,dqn,554,random,left_heavy,29.541666666666668,125.0,26.001666666666665,54,164,-159.8697170916166,264,100,11,15,0,0,300.0,-24.37656288954895,-14.83898751141168,-73.65416669065598,-47.0,47,3,275,11,1357acea26deba285d711896a9b91cedb2815e1276744ee5a2d0c94f1f8b40af
478,dqn,530,random,ns_heavy,34.228070175438596,138.0,26.013333333333332,55,139,-164.63175856763345,228,89,0,2,0,0,300.0,-24.387500178301707,-17.57342502275788,-72.67083336657379,-50.0,50,2,228,0,b4e97d1f42d1bfca3570171a665f9d877251593ee06cb0701d65e30d07eb070d
479,dqn,773,random,low,37.20669291338583,99.0,31.501666666666665,64,163,-156.64802098292358,254,91,0,2,0,0,300.0,-29.53281268279534,-17.834999963356683,-60.280208336771466,-49.0,49,2,254,0,df7200a9dac373bbcfc06f0594a303f5a021428f1ee15ca33c0395fea6150f43
480,dqn,594,random,left_heavy,33.85377358490566,112.5,23.926666666666666,41,137,-163.76519600818943,212,75,10,14,0,0,300.0,-22.431250188383274,-16.325612509437637,-76.00833331036847,-49.0,49,3,222,10,c34de4432a582ccd4715db37a9da27baee6e7bc3a2968b493c862daaddf342c2
481,dqn,622,random,ew_heavy,24.708955223880597,110.0,16.555,36,148,-128.2944420278051,201,53,0,2,0,0,300.0,-15.52031284198165,-8.55121249600561,-62.222916689817794,-42.0,42,6,201,0,f857ae1374219d6abf0d7e86b50ef163a7afebca8ea1020202c6825d749e6b7a
482,dqn,150,random,left_heavy,32.820945945945944,163.0,32.38333333333333,63,178,-182.6508169420514,296,118,0,2,0,0,300.0,-30.35937526752241,-19.62790000492095,-85.6635416696081,-47.0,47,2,296,0,9d17157e71213d5a818479d06a5453c56f8a15cbe0740ae7797064c166564464
483,dqn,166,random,low,35.334070796460175,135.5,26.618333333333332,64,159,-176.89992123942574,226,67,0,1,0,0,300.0,-24.954687848803587,-18.024400018460437,-85.92083337216172,-48.0,48,5,226,0,33fa4eb9c6433c363b580e0c3d2b1e76957480a154da7e53e41f9c1a0610eccd
484,dqn,46,random,left_heavy,43.69662921348315,159.0,38.9,83,156,-207.6309253033782,267,111,23,26,0,0,300.0,-36.4687501831213,-30.180924999347926,-88.98125012090895,-52.0,52,1,290,23,4c408e75356d0421411c730cec1a9914ee8cf2b789ed1a1d12a25760557920a0
485,dqn,648,random,balanced,30.956611570247933,143.5,24.971666666666668,54,169,-161.17348361190886,242,73,0,2,0,0,300.0,-23.410937695764005,-15.082337488662596,-74.68020842748228,-48.0,48,3,242,0,a32a98b8d39e36e4e305e11c30525ee1c4159324b739e566d4b67a3b860b4a78
486,dqn,472,random,ns_heavy,37.31455399061033,125.5,26.493333333333332,53,130,-174.56856692369408,213,83,0,1,0,0,300.0,-24.837500281981193,-17.786274979555312,-80.94479166215751,-51.0,51,3,213,0,7df0a83ffb5647246345db300733efa150ad7cf66efb1a8b8387f8697935cfac
487,dqn,815,random,low,39.5,127.0,43.58166666666666,79,171,-213.03262956027393,331,160,0,2,0,0,300.0,-40.85781288554426,-31.105024975319235,-87.06979169941042,-54.0,54,1,331,0,6f974eb5b68496665b90463eed9cd2e0b246a9c83e4a6c5a12cd120f14cc5a51
488,dqn,635,random,heavy,34.79504504504504,108.0,25.748333333333335,54,151,-162.75887531050762,222,71,0,2,0,0,300.0,-24.139062875066884,-15.160437509736951,-70.45937492570374,-53.0,53,2,222,0,87bb54fcaffb334b9ef8791c6fca9c3d3c296bfc279bb4bc96f477b0e543e596
489,dqn,622,random,ew_heavy,27.263681592039802,122.0,18.266666666666666,44,152,-144.08202942411359,201,49,0,2,0,0,300.0,-17.125000217580236,-11.799737484398793,-69.15729172213469,-46.0,46,3,201,0,f857ae1374219d6abf0d7e86b50ef163a7afebca8ea1020202c6825d749e6b7a
490,dqn,32,random,low,34.57692307692308,134.0,23.973333333333333,53,145,-170.05429200059305,208,63,0,2,0,0,300.0,-22.47500038682483,-14.20949998811848,-83.36979162564967,-50.0,50,3,208,0,761daac37bf13f4ba486534ad3de5d4d4a919b78cea23fa6ffb8d048d2b95e3f
491,dqn,63,random,ew_heavy,27.31756756756757,104.0,20.216666666666665,50,144,-145.16074185907712,222,78,0,1,0,0,300.0,-18.953125211875886,-11.200325027884535,-65.00729161931667,-50.0,50,2,222,0,cece21a0283b05d57c4c4902f4b814bd4d03ce5e84ccf53debbb7b05713fd77d
492,dqn,790,random,balanced,29.41484716157205,116.5,22.453333333333333,45,154,-152.4318044566614,229,75,0,2,0,0,300.0,-21.050000320887193,-13.621387521300493,-71.7604166144738,-46.0,46,5,229,0,66fb49dd741d6d624559d448eadd06ca9e9f162bfd9125da43b4ee79408ca8d3
493,dqn,122,random,low,34.12980769230769,116.5,23.663333333333334,49,136,-158.5246877959063,208,72,0,2,0,0,300.0,-22.18437521380838,-14.130937507382622,-71.20937507471535,-51.0,51,1,208,0,2461fb49df5f6d65d9c65c8c207e72d42796930288b8df5e7e71104fa41d9c47
494,dqn,332,random,ew_heavy,30.777083333333334,130.5,24.621666666666666,56,162,-163.77818767998903,240,78,0,2,0,0,300.0,-23.082812755950727,-13.414125014725867,-75.28124990931246,-52.0,52,2,240,0,5087045ed863c260b449be0856090e0ed590fe0956913147367c5669c35637d1
495,dqn,697,random,heavy,35.52439024390244,140.5,29.13,55,158,-184.08110025031704,246,88,0,2,0,0,300.0,-27.30937527504284,-18.634225014552783,-84.13749996072147,-54.0,54,1,246,0,7871f37e9e9ae5d0011fffb3d735302428f11f9f2dc3f9a8ad47be4233562927
496,dqn,273,random,balanced,36.20796460176991,144.0,40.915,97,177,-210.2633168249633,339,162,0,3,0,0,300.0,-38.35781270789448,-28.720087449695715,-89.18541666737292,-54.0,54,0,339,0,df3a6483493d411abea23c4b88ce3746670573c795cc44de897fb90e356c2eec
497,dqn,82,random,heavy,34.38951310861423,129.0,30.606666666666666,61,164,-180.97774172913853,267,103,0,2,0,0,300.0,-28.69375018205028,-19.870449986910536,-79.41354156017769,-53.0,53,0,267,0,9e9d6a62a14fb39d95eda5ef31855973b349186e1baa48b575a989ff4f556812
498,dqn,578,random,heavy,27.931297709923665,84.5,12.196666666666667,27,108,-125.85971291557942,131,23,0,1,0,0,300.0,-11.434375231154263,-6.478462499417949,-64.94687518500723,-43.0,43,5,131,0,3fb3d97f4f19e794a3b84c9febddc58cc132838ba7bb51a913629b75f04fcc9a
499,dqn,77,random,balanced,20.506369426751593,80.5,10.731666666666667,24,148,-102.02318355013635,157,9,0,2,0,0,300.0,-10.06093778659124,-3.600787494015095,-47.361458269529976,-41.0,41,4,157,0,66769b7d63048d7023c157e0e9dd6c3c726a13196b688d44967bb0ff52f5df1b
500,dqn,88,random,left_heavy,39.174089068825914,140.5,32.25666666666667,62,148,-192.1093795329697,247,99,19,22,0,0,300.0,-30.24062533234246,-24.49896254890046,-87.3697916517267,-50.0,50,2,266,19,b11ba89cca25825aa4072334a7b64271fb7adf6774b2f617145738bae3644642
501,dqn,852,random,ns_heavy,39.702586206896555,173.5,46.06,106,172,-220.99493781739832,348,176,6,15,0,0,300.0,-43.18125030037481,-36.96681251755869,-87.84687499946449,-53.0,53,2,354,6,b715e90854fa60c064da66d6bbad42ef7493a7965e21cdc987e6eb760ed6e792
502,dqn,812,random,heavy,30.28157894736842,93.0,19.178333333333335,45,146,-131.15057113149012,190,44,0,1,0,0,300.0,-17.979687893297523,-9.006300008849212,-53.16458322934341,-51.0,51,2,190,0,087b88182c0947e5bba4054f675043e77d9e6f2afb1db7e32c53b4518c1177c1
503,dqn,971,random,ns_heavy,30.964583333333334,138.0,24.77166666666667,51,160,-173.794862748302,240,80,0,2,0,0,300.0,-23.223437778884545,-16.37767500273549,-80.19374996668193,-54.0,54,2,240,0,5927a1b8d7c3ea545e0337c496efa177bfef11f6f34431a87dee4ae13c2159a4
504,dqn,905,random,left_heavy,28.722826086956523,125.5,17.618333333333332,35,129,-140.43980849846707,184,55,3,6,0,0,300.0,-16.517187708057463,-9.72991250278865,-64.19270828762092,-50.0,50,4,187,3,0f5d4bdd08deab02733df099d05802f86cba5267b6ada5cb7d94fc7455310686
505,dqn,558,random,ew_heavy,25.80708661417323,65.0,10.925,28,109,-101.00173766011794,127,18,0,2,0,0,300.0,-10.242187712923624,-4.234549994668487,-45.52499995252583,-41.0,41,3,127,0,0749a8b3465f02cf33601cf9728b12f12b8b4333a54192cf3c24a3145f26ae05
506,dqn,22,random,heavy,23.608938547486034,92.5,14.086666666666666,33,147,-112.66115015574974,179,32,0,2,0,0,300.0,-13.206250229501165,-5.542399995888265,-48.912499930360354,-45.0,45,5,179,0,414d8d9a7520942d3e158b7941d414cc579f5f07b2ceae3d2c2f3ca8e6a86e02
507,dqn,799,random,ew_heavy,33.528195488721806,137.5,29.72833333333333,60,153,-171.33402518049556,266,113,0,2,0,0,300.0,-27.87031276943162,-18.969962484615095,-70.4937499264488,-54.0,54,1,266,0,3e8c7291d061e50dc5d386ce76937c79568c86c15ab0768cba4e606014344e6c
508,dqn,336,random,ew_heavy,26.23224043715847,84.0,16.001666666666665,38,128,-122.16111271546907,183,55,0,2,0,0,300.0,-15.001562830642797,-7.481424988924848,-50.67812489590142,-49.0,49,2,183,0,51ec75921cc8c2e796542075e50c03c39467b8e9ac72a4316b41eaa6e3823fd3
509,dqn,102,random,ew_heavy,30.8781512605042,114.0,24.496666666666666,62,151,-152.36373348434353,238,87,0,2,0,0,300.0,-22.965625259210356,-12.783524976278567,-65.61458324885461,-51.0,51,3,238,0,0a94fd57d5e955edbd6ab03c5bc9359f090c1468f83f0d4207b47755743da6bc
510,dqn,77,random,balanced,23.719745222929937,89.5,12.413333333333334,35,148,-116.44748357535359,157,9,0,2,0,0,300.0,-11.637500242795795,-4.673525000256633,-49.13645833230112,-51.0,51,2,157,0,66769b7d63048d7023c157e0e9dd6c3c726a13196b688d44967bb0ff52f5df1b
511,dqn,888,random,heavy,13.93560606060606,79.5,6.131666666666667,18,116,-88.61060848263368,132,16,0,1,0,0,300.0,-5.74843763327226,-1.8382124966177795,-40.02395835274365,-41.0,41,6,132,0,4e6d169c615b58bb5630512eee77beea3d92debfaf4c060da922ef539f34df02
512,dqn,120,random,ns_heavy,22.850609756097562,72.0,12.491666666666667,31,133,-105.91898353799698,164,31,0,1,0,0,300.0,-11.710937687079422,-4.209087501107572,-41.99895834980998,-48.0,48,4,164,0,80d8b88a22162380109afb796194af6db7da2801dbec7609de04b4c38475c4a7
513,dqn,146,random,low,32.87068965517241,104.0,25.42,58,155,-152.1419167244291,232,77,0,2,0,0,300.0,-23.831250168033876,-14.575249964645632,-57.73541659174953,-56.0,56,1,232,0,ffaf29ca8651762fd31032234c7453e37d15f731ff060ae8251ffd308b6fc2bd
514,dqn,790,random,balanced,32.495633187772924,130.5,24.805,48,131,-169.66852510698152,229,98,0,2,0,0,300.0,-23.254687643959187,-16.779462504908587,-74.63437495811377,-55.0,55,1,229,0,66fb49dd741d6d624559d448eadd06ca9e9f162bfd9125da43b4ee79408ca8d3
515,dqn,778,random,low,14.895833333333334,70.0,5.96,13,113,-90.20952927642577,120,7,0,1,0,0,300.0,-5.58750010386575,-1.6366124969914377,-42.98541667556856,-40.0,40,4,120,0,695e1a442d4f5797443185822942a8e823d25bea1997f5f8a1bcfc050caac58a
516,dqn,695,random,balanced,32.40510948905109,120.5,29.596666666666668,68,160,-178.4571626970668,274,114,0,2,0,0,300.0,-27.746875299839303,-20.654037508031617,-79.0562498891959,-51.0,51,2,274,0,94ca6bda60dde2e09ad14b2ddac97f5f443cc9a34eeca695a2c59311bf52ee38
517,dqn,208,random,low,36.57874015748032,126.5,30.971666666666668,69,141,-186.24125857828835,254,113,5,8,0,0,300.0,-29.035937699489295,-21.6407375375573,-82.56458334124181,-53.0,53,1,259,5,78b8bb9f38246d47790a68a21473ff5a9498a8d0225d5383a28368990860a06c
518,dqn,226,random,low,35.27058823529412,138.5,39.975,76,172,-198.17619616338143,340,168,0,2,0,0,300.0,-37.47656281956006,-26.406925007794786,-82.29270833602641,-52.0,52,1,340,0,7a2290e4a256bb4d2bbd030ec95d1961cf580fa23acfe24bf70200b6074eadce
519,dqn,29,random,low,21.608938547486034,92.0,12.893333333333333,31,144,-120.13840024783931,179,35,0,1,0,0,300.0,-12.0875002539251,-4.454024996312363,-53.596874997601844,-50.0,50,3,179,0,99f2846174037385b882a4c714e8234606c6ee9e277f5812400eb4ce8dda25be
520,dqn,4,random,heavy,26.41732283464567,90.0,22.366666666666667,64,158,-131.64205030558884,254,96,0,2,0,0,300.0,-20.968750298023224,-11.182674992454858,-52.49062501511071,-47.0,47,4,254,0,4d4f2d5bf194663c89b614f4291d4a6f11113f0d6b7e52bdef134e87d740f04d
521,dqn,808,random,low,22.182266009852217,69.5,15.01,37,154,-115.49500426005248,203,49,0,2,0,0,300.0,-14.071875139605254,-7.109587508208641,-48.31354161223862,-46.0,46,3,203,0,ff88d4ea7fb9e33cad42c77d09bda659e11a05ef52643de373f11919b3b6b065
522,dqn,629,random,heavy,34.82034632034632,109.0,26.811666666666667,66,148,-166.97614617744333,231,83,0,2,0,0,300.0,-25.13593773485627,-17.18812500597779,-72.65208343660925,-52.0,52,1,231,0,b467adc868c3a39bf49f5bbc731a7bfe49f0f95f62461b22a5779a1eb57903c1
523,dqn,592,random,ew_heavy,34.403141361256544,150.5,21.903333333333332,51,136,-161.0211377341249,191,55,0,1,0,0,300.0,-20.53437528514769,-12.764887503529458,-78.72187494544778,-49.0,49,3,191,0,fc5990c7c3974eef8c10891ffc49d85cc2a8a12c0570c07a57dc7a3a8fd8ca97
524,dqn,463,random,heavy,25.709486166007906,98.0,21.68166666666667,49,171,-148.8341709706693,253,82,0,2,0,0,300.0,-20.326562665053643,-10.31490000833219,-68.19270829728339,-50.0,50,3,253,0,631e202584a83d427c8284f7678f0175dedb62c23821fdd45737ccaf3769d157
525,dqn,89,random,low,34.23430962343096,211.5,27.273333333333333,63,164,-189.9741335373349,239,75,0,2,0,0,300.0,-25.56875023606699,-16.22517499951427,-98.18020830175374,-50.0,50,4,239,0,80952ea77ad04adeba23ba0f608c640f7dc7003cdc2da1321fc69155ace8e900
526,dqn,725,random,balanced,30.782222222222224,132.0,23.086666666666666,46,150,-167.8673462457089,225,75,0,2,0,0,300.0,-21.64375045208726,-13.902762510494357,-81.32083328312729,-51.0,51,3,225,0,20008adf1cef00009d5db0f41df8173a79f997d0212a2e7ddc97b15016e5156a
527,dqn,909,random,balanced,35.47487437185929,127.0,23.531666666666666,45,151,-167.20772101426692,199,48,0,2,0,0,300.0,-22.060937744565308,-13.44157500296569,-80.70520826673601,-51.0,51,3,199,0,caed48faee592b6587c11a396611f88ce90a17e4d2714c565003d0db941a9e99
528,dqn,771,random,left_heavy,23.54255319148936,58.0,14.753333333333334,33,148,-106.73393357660176,188,40,0,3,0,0,300.0,-13.831250266637653,-4.841225006720198,-39.06145830324385,-49.0,49,2,188,0,e00912487cd57d27215a1b34bfbe7cefbbc681a73edf02a490521a7446a0c3d6
529,dqn,568,random,heavy,33.82936507936508,114.0,28.416666666666668,63,141,-163.18211672144753,252,111,0,2,0,0,300.0,-26.640625208965503,-18.199824971768976,-63.34166654071305,-55.0,55,1,252,0,2b6f818d06e147671cbf7816ec6a378feb94f087733e99768d5f8e4ecd4dcf71
530,dqn,828,random,ns_heavy,20.10287081339713,127.5,14.005,40,146,-134.23114183564982,209,63,0,2,0,0,300.0,-13.129687780863605,-5.662912490976307,-67.43854156380985,-48.0,48,4,209,0,9c411d8d6c7369ab12b03a91e4c70571dec27596539d2b3d54a883f1da397be9
531,dqn,190,random,ns_heavy,30.475609756097562,119.0,24.99,52,152,-173.59704605862578,246,94,0,2,0,0,300.0,-23.42812520393636,-19.59808750450684,-82.57083335018251,-48.0,48,2,246,0,cfd2eca04d82417c2c101b5c8b2b187271375f0f6f226e5858c2e860fd8bb67b
532,dqn,447,random,ew_heavy,34.07692307692308,148.0,29.533333333333335,60,163,-175.9912753083931,260,97,0,2,0,0,300.0,-27.687500294996426,-17.919400008716913,-76.3843750046799,-54.0,54,2,260,0,454d144e27bc693fbec17011190ac0eeb328e1147ca57f151f5f7a4ad9dc8962
533,dqn,369,random,heavy,28.742236024844722,103.5,15.425,34,127,-135.66678770664515,161,34,0,1,0,0,300.0,-14.460937721421942,-7.790225006620313,-63.415624978602864,-50.0,50,3,161,0,67eeecdae59adbe12f4e9de7e3fac91ea4c1f6e9cd0b93d317efbd7baf1d2122
534,dqn,599,random,low,34.046875,136.0,32.685,78,168,-181.69935848551324,288,120,0,2,0,0,300.0,-30.64218776440248,-20.16758750727386,-78.88958321383689,-52.0,52,1,288,0,98db2c5f065a8c39fdb27fe79f003805a6ebf04c5ac4c93f7bbc4731d248004c
535,dqn,580,random,ns_heavy,20.747619047619047,122.5,14.523333333333333,38,173,-137.62140020015724,210,37,0,2,0,0,300.0,-13.615625289385207,-6.390149998106787,-69.61562491266523,-48.0,48,5,210,0,00c9f5313e9366e7f50e0de83f5a05213495722ff037dc410390eded57679a09
536,dqn,927,random,left_heavy,27.937888198757765,98.5,14.993333333333334,38,119,-129.05741693653474,161,42,0,1,0,0,300.0,-14.056250277440995,-7.178249999916443,-59.82291665917728,-48.0,48,3,161,0,6cd9902fde3319af4ac7bfb7b3aa41cfc2db4520620fb6282c725189e3094d2e
537,dqn,364,random,left_heavy,19.041666666666668,106.0,8.38,19,97,-117.61264599022756,132,35,5,16,0,0,300.0,-7.856250193784945,-3.832437504560949,-64.92395829188172,-41.0,41,5,137,5,1abd50723357566c2f22ed1da95d90dc213dae864a2c93eef4cfc3fa4d6afb29
538,dqn,413,random,ns_heavy,31.431318681318682,124.5,19.06833333333333,42,121,-146.40832101237245,182,61,0,2,0,0,300.0,-17.87656273553148,-11.464050013085217,-68.06770826375578,-49.0,49,3,182,0,21cf361e27022d77cc5d8baf0233c1c50cb8e50fa11cc6966b4483128489721d
539,dqn,714,random,low,31.38235294117647,118.0,17.783333333333335,42,123,-139.03495433711876,170,47,0,2,0,0,300.0,-16.671875210478902,-9.943287496519773,-63.41979163012002,-49.0,49,2,170,0,91197c12207e96928bbd54564e0fdf92d89a516385654e66f57f145791e506a4
540,dqn,498,random,ew_heavy,34.6,104.5,21.336666666666666,47,110,-145.75285458203075,185,75,0,1,0,0,300.0,-20.00312533567194,-13.111187511930629,-61.638541734428145,-51.0,51,3,185,0,79136ab87b1bdd037372a28e094bfc2fd7b5d4d80c2029386fbad40cdcd7f32f
541,dqn,936,random,heavy,37.08949416342413,136.5,31.773333333333333,63,155,-184.05797950982742,257,102,0,1,0,0,300.0,-29.78750031371601,-20.1788125082494,-81.09166668786202,-53.0,53,2,257,0,edacc4545fa970a97c2ca37ead33660d2dee923af26469c1dd4769f22faaa98c
542,dqn,342,random,heavy,22.47222222222222,90.5,10.786666666666667,26,118,-112.91785433619309,144,26,0,1,0,0,300.0,-10.112500205286779,-3.7074374955707747,-51.09791663533542,-48.0,48,3,144,0,a8b413df3274accd97bded972664f6060ad6abcce287132692bbd373448fbe63
543,dqn,106,random,left_heavy,38.839506172839506,125.0,31.461666666666666,61,139,-187.9336669173696,243,104,18,21,0,0,300.0,-29.49531277094502,-23.61231250885394,-81.8260416375706,-53.0,53,2,261,18,dc620d35bff553b52dcc05711ac3b564c1f8978c6ff60092f35eb7cd673970e4
544,dqn,655,random,ns_heavy,25.252155172413794,110.5,19.528333333333332,41,160,-150.33195444664523,232,72,0,2,0,0,300.0,-18.307812773738988,-10.435599994636867,-69.5885416782694,-52.0,52,3,232,0,cd734f17b097eb958f9715f9f9714b8827887a8266ab5f7346a55d9ba6ed2e72
545,dqn,680,random,low,30.33862433862434,97.0,19.113333333333333,44,136,-143.53126689758642,189,53,0,1,0,0,300.0,-17.918750293320045,-9.95522497712663,-61.657291627139784,-54.0,54,1,189,0,657f77ce38a3debf797ccbb404ae23820a2fb872190e7b314376aea10d0d2adf
546,dqn,579,random,low,28.6796875,89.0,18.355,50,128,-141.43773362923164,192,64,0,1,0,0,300.0,-17.207812760956585,-10.340337512877158,-63.88958335539792,-50.0,50,6,192,0,5ebe6f4f7b3264f8eb379ab29028c02f52c58725adbdd7b6e724ed04c9185ff4
547,dqn,995,random,heavy,32.48534201954397,147.5,33.24333333333333,85,179,-189.55877131410668,307,128,0,2,0,0,300.0,-31.165625386172906,-19.99731254124345,-84.39583338669036,-54.0,54,2,307,0,e4e5d3ec01a2cc85e504a9a5cb38abf5ccc927c9b955358cfad846cbd1e1660c
548,dqn,744,random,low,27.25665399239544,107.0,23.895,63,174,-148.03156701819026,263,89,0,2,0,0,300.0,-22.401562730432488,-11.62271250825361,-66.00729177950416,-48.0,48,4,263,0,aed4201f6b23f58da7731108c5b0271adaf8fb76de5662e4be3351f8c9073845
549,dqn,762,random,ew_heavy,25.93646408839779,103.5,15.648333333333333,34,142,-137.70881267258596,181,39,0,2,0,0,300.0,-14.67031274002511,-6.775999997916369,-62.26249993464444,-54.0,54,1,181,0,d2c486090fb6139f92af8623c33f36410ba043d3a3eb9b0f0f3e876e3b6d60d4
550,dqn,776,random,heavy,28.617363344051448,121.0,29.666666666666668,63,180,-167.77527520076325,311,131,0,2,0,0,300.0,-27.812500342493877,-16.07214993591842,-71.89062492235098,-52.0,52,3,311,0,997b285c128fbdc57ecf24d671ca979018d8d652cd366c8bbf03762acef403c2
551,dqn,881,random,ew_heavy,43.175862068965515,155.0,41.736666666666665,86,156,-202.9009417233035,290,134,0,2,0,0,300.0,-39.12812509492505,-29.431150001052437,-81.34166662732605,-53.0,53,2,290,0,2b3902fd23543fccd85de2bbc1dc8d80a9e22335bf21f81482ab5a3da9da54a9
552,dqn,122,random,low,30.125,109.0,20.886666666666667,45,138,-146.8257042138452,208,70,0,2,0,0,300.0,-19.58125016419217,-12.134037530546632,-62.110416519106366,-53.0,53,1,208,0,2461fb49df5f6d65d9c65c8c207e72d42796930288b8df5e7e71104fa41d9c47
553,dqn,535,random,ns_heavy,21.801169590643276,72.5,12.426666666666666,29,142,-109.330100158006,171,29,0,2,0,0,300.0,-11.650000127963722,-4.139475002545075,-45.5406250274973,-48.0,48,2,171,0,a65060576d5a617d26d82522c628c763a1ded56cadbc1041b31584eb4f352f77
554,dqn,869,random,left_heavy,33.486979166666664,96.0,21.43166666666667,47,115,-148.37643349620194,192,77,9,14,0,0,300.0,-20.092187715810724,-12.900912532537767,-69.38333324785344,-46.0,46,2,201,9,669dde01be600da2425b46495eb40602bb99322cb610fc14830cbdf8a0934380
555,dqn,277,random,balanced,19.115384615384617,104.0,8.283333333333333,18,115,-114.17477094689461,130,15,0,1,0,0,300.0,-7.7656251405132934,-3.2039374986670754,-58.2052083077142,-45.0,45,4,130,0,bac6b0f13d7ff30a325f5af5563d3b9eec09b57adf56a395b957de19961e0c59
556,dqn,753,random,ns_heavy,22.559006211180126,73.0,12.106666666666667,28,128,-112.87051273437604,161,33,0,1,0,0,300.0,-11.350000240607187,-4.870512502593192,-46.64999999117572,-50.0,50,3,161,0,b7070ebcb0457fdd464e9dd40fe2fd57ca170fdf88e687a081559392cde9d8a8
557,dqn,775,random,low,29.4726368159204,127.0,19.746666666666666,42,151,-145.05028364591064,201,50,0,1,0,0,300.0,-18.512500259443186,-9.241949997541818,-64.29583338892553,-53.0,53,2,201,0,fda729e9d350a3e1cb91c3eb6c70494f06bd9f505a6e1bce176f9d607838d3d4
558,dqn,108,random,balanced,23.627906976744185,90.5,13.546666666666667,33,141,-129.7511752273152,172,31,0,1,0,0,300.0,-12.70000020286534,-5.969924997045746,-59.08125002740417,-52.0,52,1,172,0,d48eee2da03c83692acaa5634d1638552c409350aaa30fee8ce63f224f1e7882
559,dqn,682,random,heavy,29.686046511627907,115.5,21.275,44,145,-143.79568360701592,215,70,0,3,0,0,300.0,-19.945312820142135,-12.642037493315735,-61.2083332935581,-50.0,50,2,215,0,6f2cfe0962d84c2ff1a9c353bbd3b2e8c7eb38d7f3c6a8dc7ccec3dbcb5dda8b
560,dqn,397,random,low,38.40926640926641,126.0,33.16,69,145,-181.30625452438323,259,114,0,1,0,0,300.0,-31.087500316207297,-22.04896255197891,-73.16979165619705,-55.0,55,1,259,0,4931f8d7f89bb17a482535b851f0855aa6621e99fc0207f453d937a8811676b2
561,dqn,816,random,ns_heavy,29.789823008849556,143.0,22.441666666666666,47,169,-163.99393782953481,226,57,0,2,0,0,300.0,-21.03906279965304,-11.523625006575456,-76.43125002330635,-55.0,55,2,226,0,9fe063bac8a2dc7692c71fcd56aa9bb383e05d9aed360c7b1e5c5052348d5080
562,dqn,290,random,ns_heavy,19.58823529411765,81.0,9.99,22,132,-109.90989601980912,153,21,0,3,0,0,300.0,-9.365625204402022,-3.245312500707949,-51.29895831469912,-46.0,46,5,153,0,4d67d5c5bee4554007fffd3cfd40273452e352b5fe7b61c46278e71639dc2644
563,dqn,977,random,heavy,31.57942238267148,151.5,29.158333333333335,58,186,-181.47022521601232,277,91,0,2,0,0,300.0,-27.335937727126293,-17.243662484578817,-81.89062500430737,-55.0,55,2,277,0,8c44976afab54d46686c7a0aeed299fbd08e91ce668dd0bebe01c0c15979d12d
564,dqn,704,random,left_heavy,42.62786885245902,135.0,43.345,75,155,-204.9885084842645,305,150,16,23,0,0,300.0,-40.635937733459286,-33.57861246022731,-74.77395829057787,-56.0,56,0,321,16,78ede428d382315c0dc057923d3e72030513cb5d6e92421e7309fff9c4e779e9
565,dqn,220,random,heavy,28.53112033195021,156.5,22.92,46,141,-165.84790853929087,241,100,0,2,0,0,300.0,-21.487500312854536,-14.95207500812903,-77.40833321830723,-52.0,52,2,241,0,cf330d3355edc1217b54389faa613f0e8645c24178fbbb582448f329b37ea4c3
566,dqn,999,random,heavy,33.110328638497656,137.0,23.508333333333333,46,146,-171.96486264838816,213,67,0,3,0,0,300.0,-22.03906268661376,-15.244550009248625,-79.68124995252583,-55.0,55,0,213,0,9b1373578232abf7038b7421cdf74ba225d19a88f8091da68014255f39c45f4b
567,dqn,862,random,low,28.15962441314554,142.0,19.993333333333332,43,158,-158.08980026070572,213,55,0,2,0,0,300.0,-18.74375023203902,-10.521049993905038,-78.82500003476162,-50.0,50,3,213,0,d6131a1002c6f1d6e65ae4abf80dc7deb4fb04c37e3a60f4b1cdc29a608d07c7
568,dqn,414,random,low,38.03125,107.5,30.425,69,159,-167.0818754230518,240,81,0,1,0,0,300.0,-28.523437907220796,-17.57406250966087,-67.98437500617001,-53.0,53,0,240,0,0004349dbbe924529ae4ea98c0c0632dee99bb1865a5fac6a3d177602e3533a8
569,dqn,268,random,heavy,33.99013157894737,137.0,34.443333333333335,75,170,-181.97810871014448,304,134,0,2,0,0,300.0,-32.290625452646054,-22.16039999038986,-73.52708326710854,-54.0,54,1,304,0,dafd59a73d6b138808b258f89a1c3c515ebd5447b7480a188af6f43809c45ebd
570,dqn,339,random,balanced,37.76323987538941,182.0,40.406666666666666,87,167,-202.71251278753988,321,154,0,2,0,0,300.0,-37.8812503144145,-27.671887551892,-89.1593749212334,-48.0,48,2,321,0,1ab825ab2115f843b642b7b44f7907d842e1ff14368fe03e57aa282564120324
571,dqn,959,random,ns_heavy,34.34722222222222,116.0,32.973333333333336,83,166,-175.44005847782907,288,122,0,2,0,0,300.0,-30.912500249687582,-19.03484999530556,-72.49270823283587,-53.0,53,2,288,0,e86a526b3b04f54e585acefc9df10dd628637343249122a882796ed8cf8c0d39
572,dqn,486,random,ew_heavy,28.25,148.0,24.861666666666668,56,155,-163.69269619363558,264,109,0,5,0,0,300.0,-23.30781284486875,-15.782800002309529,-73.60208334645722,-51.0,51,2,264,0,c48174d291d4179fa2478861367ed6d97846c57069e05b161ba92a842ac12403
573,dqn,264,random,balanced,29.264880952380953,85.5,16.388333333333332,40,126,-134.16154605307457,168,42,0,3,0,0,300.0,-15.364062810898758,-7.8703999895958985,-59.927083252579905,-51.0,51,2,168,0,73f329d58f7a00b8f2ce80b4a30402bdce9261a445fee5bf30baf2bae844c535
574,dqn,857,random,low,28.13888888888889,116.5,20.26,44,154,-144.28573760742287,216,62,0,2,0,0,300.0,-18.993750272784382,-10.160737475407949,-62.13124985923059,-53.0,53,4,216,0,6a2edb5df814ece24a2e2c271be596928aeb7e99e7547466c5fa893114fdf20f
575,dqn,176,random,ns_heavy,29.640077821011673,143.0,25.391666666666666,56,151,-184.18820029768386,257,106,0,2,0,0,300.0,-23.804687756462954,-15.70851253325818,-90.67500000796281,-54.0,54,2,257,0,bdf88e828a2cbc961f159d573e616bd3cfbc6993bab18c0dd6d0902ee4ad2219
576,dqn,181,random,heavy,34.224806201550386,156.0,29.433333333333334,70,174,-187.55663773455524,258,84,0,2,0,0,300.0,-27.593750196509063,-17.803512531131137,-91.15937500691507,-51.0,51,2,258,0,7cac1cfbc1518dee4b3cb703e0ff1c9c8eb812d8e88d10f315f22fd693a938f7
577,dqn,158,random,ew_heavy,29.302721088435373,120.5,28.716666666666665,77,161,-164.44942542971324,294,133,0,2,0,0,300.0,-26.92187541630119,-16.48067500095567,-68.04687501245644,-53.0,53,5,294,0,00e3ecfd39e9c003313ce9466ef1b385366bcb0cc258df2a9b7e51e9816d6390
578,dqn,717,random,balanced,26.0521327014218,80.5,18.323333333333334,46,156,-124.86862936032773,211,55,0,2,0,0,300.0,-17.178125272504985,-7.286337496818301,-48.40416659100447,-52.0,52,2,211,0,524683fe1390f5db95870f51548887fcd71c0d73b806d0bbb8133018300b3cf0
579,dqn,702,random,balanced,29.81983805668016,112.0,24.551666666666666,57,160,-159.13043775041515,247,87,0,2,0,0,300.0,-23.017187783843838,-14.74449999169373,-65.36874997487757,-56.0,56,1,247,0,e6fdd4d00899ba67f56a1effab5bb002437d0c35c1f967b3fd6e057ed8b6632e
580,dqn,308,random,left_heavy,37.10337552742616,127.5,29.32,53,142,-174.4997919465059,237,95,10,13,0,0,300.0,-27.48750026419293,-20.564375024998302,-73.44791665731464,-53.0,53,2,247,10,c84dc8f4f73a6dfff7e1721e7e9f92b3d31e3ab5aaf425b65088deea5a67f8ce
581,dqn,156,random,low,18.70618556701031,72.5,6.048333333333333,14,93,-89.09284603720663,97,4,0,1,0,0,300.0,-5.670312665170059,-1.867325003227597,-40.55520836880896,-41.0,41,4,97,0,a1ea2666482f410151a782cbc5b6cdecfa70b47b5b90ba8b3fe9cd1fead0935c
582,dqn,691,random,ns_heavy,26.566666666666666,105.5,15.94,43,135,-132.42212940651228,180,45,0,1,0,0,300.0,-14.943750256090425,-8.011712507146877,-59.46666664327495,-50.0,50,1,180,0,6e2e953eedaf9c14cf4c26ab73e223c0553ee3541cc291720aa2b4cd5c8e337e
583,dqn,705,random,ns_heavy,24.09493670886076,85.0,12.69,28,124,-121.72585010745456,158,34,0,2,0,0,300.0,-11.89687518007122,-5.057099997488695,-52.77187492989469,-52.0,52,2,158,0,b3f04c91220060ff04f08e22eddcf5c26c6348ef51223c9367900a6eb42fd69e
584,dqn,867,random,left_heavy,32.6075,136.5,21.745,51,125,-157.952275221733,200,75,14,17,0,0,300.0,-20.385937724262476,-15.125712504525291,-70.44062499294523,-52.0,52,1,214,14,c4d6cd4df46d599ac84496afa0f1b452708e246f5d9f9b5bee7f02431165c973
585,dqn,348,random,ns_heavy,32.663306451612904,118.0,27.001666666666665,61,157,-170.35093796140936,248,91,0,2,0,0,300.0,-25.314062839723192,-15.330625017913553,-73.70625010377262,-56.0,56,1,248,0,9cdf569300831fb0b864fbc86a5106a8196701740ad1c54da344573fa4019309
586,dqn,362,random,heavy,25.76764705882353,82.0,14.601666666666667,34,128,-116.56932108682743,170,42,0,1,0,0,300.0,-13.689062767894939,-5.946925003395157,-46.93333331553731,-50.0,50,2,170,0,1ddf3bf94dc131b689eb2d2e3512a82d27273412e73a3950fc56b7b19e57bfb0
587,dqn,235,random,heavy,25.511904761904763,85.5,10.715,29,100,-111.15060009691592,126,26,0,1,0,0,300.0,-10.045312706730329,-5.105287495774246,-48.9999998944113,-47.0,47,2,126,0,8b47b6468f0412005b2cecc495374c4b1d657d434c651f88c270a926f44cca3f
588,dqn,871,random,balanced,35.95985401459854,175.5,32.848333333333336,67,152,-195.1514168685673,274,122,4,13,0,0,300.0,-30.795312679954804,-25.5613124467338,-83.79479174187873,-55.0,55,3,278,4,a35a77512524efb380958e80a608831c48422649bee491464e4c6bf338251185
589,dqn,488,random,low,29.083333333333332,140.0,20.94,43,143,-169.12702520780587,216,73,0,2,0,0,300.0,-19.631250184727833,-12.380149989340865,-82.11562503373716,-55.0,55,2,216,0,f4f3e7519ea4b6edb2071c47320adce1c10a4dbd6edf63f9a3cd58606a5b50e4
590,dqn,626,random,heavy,33.37440758293839,98.0,23.473333333333333,56,122,-144.18022518895813,211,89,0,2,0,0,300.0,-22.006250242120586,-13.389599995801836,-56.784374951035716,-52.0,52,1,211,0,4d9a8962b3f07156427c2eb26335926f2f64fc447a49b232d8cf0857583dfc59
591,dqn,776,random,heavy,28.176848874598072,115.0,29.21,63,190,-161.99952513991806,311,121,0,2,0,0,300.0,-27.38437519723084,-17.149525007111517,-65.46562493557576,-52.0,52,3,311,0,997b285c128fbdc57ecf24d671ca979018d8d652cd366c8bbf03762acef403c2
592,dqn,559,random,balanced,36.112612612612615,134.5,40.085,86,185,-201.05563776733396,333,148,0,2,0,0,300.0,-37.57968780223746,-26.622824993944246,-83.85312497115228,-53.0,53,2,333,0,55d2e41af3e2ff3daaab55836e5a7575f7ddddadb34bd467d399a210dafcf1b4
593,dqn,960,random,ew_heavy,14.58,69.0,9.72,20,176,-98.25722519163463,200,24,0,2,0,0,300.0,-9.112500231713057,-2.7759749962198823,-41.3687499637017,-45.0,45,5,200,0,52978ccf146960f47420cdf655465656975e05da60510a373e8ebdac68bc22a0
594,dqn,619,random,ew_heavy,34.34728033472803,136.5,27.363333333333333,55,156,-172.66407928665222,239,83,0,1,0,0,300.0,-25.653125124401413,-17.0974125084751,-76.91354165377561,-53.0,53,2,239,0,7b14a41f6eecdbe6527ff94b2cacc1062f4c68d8cb241a50994f6aa0a5fd84c6
595,dqn,204,random,heavy,17.84393063583815,47.0,10.29,26,148,-91.58962513804799,173,25,0,1,0,0,300.0,-9.646875121048652,-2.6052500011435766,-30.337500015855767,-49.0,49,3,173,0,454867996975e041da5df5037a8b6d1ae2ae7b0aee6746dfbd81be27cfb658d1
596,dqn,126,random,ns_heavy,26.83411214953271,80.0,19.141666666666666,51,129,-130.1781417493249,214,85,0,2,0,0,300.0,-17.945312702911906,-12.25678747366255,-49.976041572750546,-50.0,50,2,214,0,4948c918ca2df16c0093025b831822601923b7f096d8741961703b8254d95164
597,dqn,982,random,left_heavy,31.954372623574145,127.5,28.016666666666666,63,152,-165.2907419274788,263,111,7,11,0,0,300.0,-26.265625311643817,-16.81157500788031,-69.21354160795454,-53.0,53,2,270,7,0600f734891fcd12257e7f2a96632317f78b548f1ae608b7d9f82325d53f1cb1
598,dqn,186,random,balanced,33.256802721088434,125.5,32.59166666666667,71,179,-176.78801274421065,294,115,0,2,0,0,300.0,-30.554687747266144,-17.83645001536133,-77.3968749815831,-51.0,51,1,294,0,537bc70cf66b225a15295c0ae796f794c2df44804e3cdb5fec58c920b55b125b
599,dqn,521,random,balanced,34.34263959390863,108.0,22.551666666666666,48,133,-151.97877515374643,197,64,0,2,0,0,300.0,-21.1421877425164,-13.117837505642822,-65.71874990558717,-52.0,52,0,197,0,1ef62ee3ff97f5f91b656237ca49088016e08e37e93c157108bbf3d50042a566
600,dqn,628,random,balanced,22.51169590643275,63.5,12.831666666666667,34,140,-109.69348347214039,171,31,0,1,0,0,300.0,-12.029687777743675,-5.636712494343373,-42.02708320005331,-50.0,50,2,171,0,0c9ca48dff7c8ede0455d8ef398e10bff93218dfa3fbaace879db09fd51859f7
601,dqn,275,random,ns_heavy,32.77173913043478,126.0,20.1,43,114,-150.09020430111482,184,70,0,1,0,0,300.0,-18.843750206404366,-11.857912494392798,-67.3885416003177,-52.0,52,3,184,0,4a14ce59eb996a8725d7f0662bb5974b0188150e1bec5be5091b85683e50a778
602,dqn,905,random,left_heavy,28.041208791208792,96.5,17.013333333333332,37,126,-132.30599600958445,182,56,5,15,0,0,300.0,-15.950000304263085,-9.253912507875793,-57.10208319744561,-50.0,50,2,187,5,0f5d4bdd08deab02733df099d05802f86cba5267b6ada5cb7d94fc7455310686
603,dqn,612,random,heavy,26.24757281553398,84.5,18.023333333333333,41,158,-127.42396699371228,206,48,0,1,0,0,300.0,-16.89687537169084,-8.74167499786199,-52.78541662415955,-49.0,49,2,206,0,e1913591c423689a644dc04aa0e493b241159eb256d9ff7e66338b3f81d74bbe
604,dqn,86,random,low,20.478378378378377,82.0,12.628333333333334,36,151,-118.44851258469426,185,34,0,2,0,0,300.0,-11.839062724029645,-4.8125749923303385,-53.79687486833427,-48.0,48,3,185,0,2e3a4046180862829637378301c190ecb66e7ee409b769088229a01c92de39e8
605,dqn,117,random,balanced,21.756756756756758,76.5,13.416666666666666,33,154,-109.42730020860117,185,31,0,1,0,0,300.0,-12.57812525134068,-4.408549995048816,-46.44062496221159,-46.0,46,2,185,0,7503aa03aec769da842fa75d86a1ea6aacf34d7e48f03362ca321bd432d5fa2f
606,dqn,579,random,low,18.635416666666668,63.5,11.926666666666666,27,147,-105.32566682329272,192,45,0,1,0,0,300.0,-11.181250259047374,-4.7840000074204,-43.36041655682493,-46.0,46,4,192,0,5ebe6f4f7b3264f8eb379ab29028c02f52c58725adbdd7b6e724ed04c9185ff4
607,dqn,349,random,heavy,32.81132075471698,92.0,28.983333333333334,82,151,-163.12142932736086,265,114,0,2,0,0,300.0,-27.17187521525193,-16.45788746927646,-64.49166664283257,-55.0,55,0,265,0,fa8c24e3dec5992c1ed769e67afd5eb0fc19fa755ad871ee6c8ead533055a231
608,dqn,929,random,ns_heavy,31.69795918367347,122.0,25.886666666666667,59,170,-159.51820858549186,245,75,0,1,0,0,300.0,-24.268750137765892,-14.77237502990611,-73.47708341781981,-47.0,47,3,245,0,d48f50c6fa3bb045ccec665368436929f18911df8bf3875923baf3765bb1fb0b
609,dqn,918,random,heavy,29.181818181818183,99.0,18.19,44,138,-142.66936676677793,187,49,0,3,0,0,300.0,-17.053125227219425,-9.996449995865257,-66.61979154369328,-49.0,49,3,187,0,6577b86280988a85deba2a9663b7f0f5a4dfcc45491b3e526dd927999a4df36c
610,dqn,682,random,heavy,27.39767441860465,107.5,19.635,40,147,-138.90119198405668,215,68,0,3,0,0,300.0,-18.407812855788507,-10.795462495167888,-61.69791663310025,-48.0,48,2,215,0,6f2cfe0962d84c2ff1a9c353bbd3b2e8c7eb38d7f3c6a8dc7ccec3dbcb5dda8b
611,dqn,538,random,balanced,15.334782608695653,62.0,11.756666666666666,45,190,-85.24021682643725,230,40,0,2,0,0,300.0,-11.021875200327486,-3.5360500004600914,-31.68229162564967,-39.0,39,4,230,0,d02d3b3c0a8650f1791b65dbd14f015a3cee0fdb8abfe9630cbe0c838e9f1cb7
612,dqn,784,random,low,18.248571428571427,73.5,10.645,25,147,-105.34824192125811,175,28,0,3,0,0,300.0,-9.979687743471004,-3.63313749837689,-45.735416679410264,-46.0,46,2,175,0,2412343e38240f1d9a072a7b95b0fa2accd949acd36c0a97405822e0106b755d
613,dqn,435,random,left_heavy,24.505847953216374,85.5,13.968333333333334,32,127,-103.18028354102647,171,44,0,1,0,0,300.0,-13.095312773366459,-5.517262495522303,-42.56770827213768,-42.0,42,3,171,0,d173a13888e259843d14dd1f13d1d37de5ea09550aecc7ed3568f53545678d6a
614,dqn,848,random,balanced,10.545454545454545,36.0,3.0933333333333333,9,84,-55.51732506445989,88,4,0,1,0,0,300.0,-2.900000066263601,-0.5423250010368067,-19.074999997159466,-33.0,33,6,88,0,91ee3e01d94e54d057b608ed39661e72666243487c6e91ee96dc051a8fad0f0c
615,dqn,815,random,low,40.99848942598187,135.5,45.235,89,176,-213.3688209824867,331,155,0,2,0,0,300.0,-42.407812706544064,-31.490175005481426,-86.4708332704613,-53.0,53,2,331,0,6f974eb5b68496665b90463eed9cd2e0b246a9c83e4a6c5a12cd120f14cc5a51
616,dqn,500,random,left_heavy,26.77533039647577,96.5,20.26,42,164,-132.85186262819118,227,63,0,1,0,0,300.0,-18.993750193272717,-9.779987492078364,-55.07812494284008,-49.0,49,1,227,0,960b4f8a37cb30f594872518b915d2fb88deaa3f72f1f908eb3f62285d674c15
617,dqn,583,random,ns_heavy,19.581560283687942,67.5,9.203333333333333,19,123,-100.06168768710849,141,18,0,1,0,0,300.0,-8.62812520225998,-3.1585624966995955,-44.27499998814892,-44.0,44,3,141,0,78326943eb5be11606f878166cb29e4f13afb39ea45c2bc6ef098e9e52931751
618,dqn,549,random,ew_heavy,15.159375,71.0,8.085,20,144,-88.52213346388817,160,16,0,1,0,0,300.0,-7.579687651828863,-2.1341125007129453,-39.80833331134636,-39.0,39,3,160,0,655c096e881d28cb4fb375bbc1537ab080af26c10bb542f7c102184396d033af
619,dqn,45,random,low,38.542910447761194,134.0,34.431666666666665,72,177,-182.61730427179495,268,91,0,2,0,0,300.0,-32.279687649803236,-21.289699994851976,-75.04791662713978,-54.0,54,3,268,0,52d61a3051ffc8dfd9262c84912d30370521048ffd25585a3573fe9c2b676d0c
620,dqn,894,random,ew_heavy,31.44142259414226,121.5,25.048333333333332,56,145,-179.06166700430262,239,94,0,1,0,0,300.0,-23.482812798814848,-15.037187509057555,-85.54166669643018,-55.0,55,0,239,0,ea4080d54d0b2007c5908d0cc9a071c307d8b2de0d15c0101d2d7b51bca71341
621,dqn,805,random,ns_heavy,16.51271186440678,64.0,6.495,19,105,-81.87400432553476,118,13,0,1,0,0,300.0,-6.089062641025521,-1.90890000149011,-37.87604168301914,-36.0,36,4,118,0,7428892fe51292db1d2d4da7c24f51316373fa2e9eef35907d9e002fac91de7e
622,dqn,68,random,ew_heavy,40.993788819875775,105.0,44.0,89,168,-201.37893376304487,322,154,0,2,0,0,300.0,-41.25000034074765,-31.317475066899345,-76.81145835539792,-52.0,52,1,322,0,983c67d6219671bc2be21c849a1a434e76217e9755f8a71a421690e4c9f2613f
623,dqn,347,random,heavy,31.835164835164836,120.0,28.97,67,159,-156.98660834491088,273,114,0,2,0,0,300.0,-27.15937509399373,-15.143899952609353,-64.68333329830784,-50.0,50,2,273,0,73ec87c761e3e04e71dabb2ef86f53d3c657c856bd6d5b750c94695c9e5f1301
624,dqn,695,random,balanced,30.027372262773724,120.0,27.425,64,175,-171.77042933936238,274,99,0,2,0,0,300.0,-25.71093773515895,-19.086574994013784,-74.97291661018971,-52.0,52,2,274,0,94ca6bda60dde2e09ad14b2ddac97f5f443cc9a34eeca695a2c59311bf52ee38
625,dqn,691,random,ns_heavy,28.42222222222222,119.5,17.053333333333335,38,135,-142.35721687550904,180,45,0,1,0,0,300.0,-15.98750023485627,-10.146799994141475,-72.2229166465113,-44.0,44,3,180,0,6e2e953eedaf9c14cf4c26ab73e223c0553ee3541cc291720aa2b4cd5c8e337e
626,dqn,755,random,ew_heavy,31.20212765957447,110.0,29.33,58,171,-169.44870858463182,282,111,0,1,0,0,300.0,-27.49687525385525,-18.92475003200307,-72.0270832987735,-51.0,51,3,282,0,f88efc6a728ad30457ebce74b3b137f6c823d28eb0bd9b2c06b5f5d2ab811e56
627,dqn,183,random,low,27.560606060606062,100.5,24.253333333333334,62,156,-141.78834625398156,264,108,0,2,0,0,300.0,-22.737500392482616,-12.233137497509594,-58.81770836398937,-48.0,48,3,264,0,475cb8dd272a12bc0e2297496e126032ba1c42481da64089f5815708a94ac15b
628,dqn,844,random,ew_heavy,26.691244239631338,117.0,19.30666666666667,39,168,-147.27234612047246,217,49,0,1,0,0,300.0,-18.100000171922147,-11.348387496807113,-72.82395845174324,-45.0,45,3,217,0,747b89d9d0cb1ab18ed566d5909aa9620a2da301c1e25775ce2eb4ce4398447a
629,dqn,9,random,ew_heavy,36.50389105058366,136.0,31.27166666666667,65,164,-173.58218368143497,257,93,0,2,0,0,300.0,-29.317187808221206,-19.394162518560925,-71.87083335465286,-53.0,53,2,257,0,3b261f67d24bd2225cdaad04dd441765117e5caa5216074c9efa81b6d8eeb2dc
630,dqn,539,random,ns_heavy,34.016194331983804,94.0,28.006666666666668,68,149,-151.6720417461118,247,98,0,2,0,0,300.0,-26.25625015422702,-17.267875004233066,-56.14791658765171,-52.0,52,1,247,0,728120cc01ea7d8517ede201f39b3a5f2ed1a8f6bdde01e117fc965068cb0233
631,dqn,602,random,ns_heavy,34.833333333333336,145.5,30.653333333333332,67,149,-177.60764193460122,264,115,0,2,0,0,300.0,-28.737500268151052,-19.381599982686012,-78.4885416837642,-51.0,51,3,264,0,c0f401ab8b142d995def02c7ea1d8fa2f258092bf9f89c64bb00a105dd2a6fce
632,dqn,817,random,heavy,37.43231441048035,95.0,28.573333333333334,62,150,-145.77265438240505,229,79,0,2,0,0,300.0,-26.787500297185034,-15.277862472236302,-57.70729161298368,-46.0,46,3,229,0,1e81a63a7ec4ff91033d324721fc6ecdc883aa158673ee3d508d88097636ed38
633,dqn,123,random,balanced,21.666666666666668,88.0,8.016666666666667,23,95,-88.00395845198145,111,16,0,1,0,0,300.0,-7.51562512491364,-3.4425000005408957,-45.04583332652692,-32.0,32,10,111,0,74a76abc2d6a01ae3d3b512783dfefc6cb6aacccd51deade644c6b990ea6c72c
634,dqn,932,random,ns_heavy,30.08407079646018,95.5,22.663333333333334,60,165,-148.90914189266698,226,61,0,1,0,0,300.0,-21.246875194949098,-12.442475023080627,-64.21979167463724,-51.0,51,2,226,0,f0656e04c11bde5e78ef8fed9d64556e11cb70395092fc1ec3d0c7e874edbbfe
635,dqn,154,random,ns_heavy,20.28894472361809,68.0,13.458333333333334,34,161,-108.20752920386074,199,38,0,1,0,0,300.0,-12.617187662282959,-5.739300009805448,-46.85104153177235,-43.0,43,3,199,0,ad04d7efaf4e1455183e65d11b015b6c06b3b397860fbe663be7446f2bc86501
636,dqn,48,random,balanced,38.332752613240416,116.0,36.67166666666667,74,177,-186.5609796168014,287,110,0,1,0,0,300.0,-34.379687903798185,-23.03650002551366,-79.14479168748949,-50.0,50,3,287,0,9b51f8938d7154acf52c4cd404ea4f2157f848da061aeaf0fe870e3edd37bce2
637,dqn,584,random,ns_heavy,27.5,122.5,20.35,43,165,-144.7655376501418,222,57,0,2,0,0,300.0,-19.078125229571015,-9.106162491886787,-67.58124992868397,-49.0,49,4,222,0,6447ff4f13ce69f234ff5ba742715fff353dc7a116d9ac071aefec3c27976de6
638,dqn,12,random,left_heavy,24.587349397590362,86.0,13.606666666666667,31,141,-114.91660851334527,166,25,0,2,0,0,300.0,-12.756250294740312,-5.783275000297728,-56.377083218307234,-40.0,40,5,166,0,b8d2e9ca3c4b726f93b9df1de33b18813e46fc44c42e0299929d927fcae2f264
639,dqn,679,random,left_heavy,22.676666666666666,75.0,11.343333333333334,27,106,-96.73927523728851,150,44,0,12,0,0,300.0,-10.634375200723298,-3.9799000080434794,-44.125000028521754,-38.0,38,7,150,0,8da9a28253ea8377ab7e3782a50f72ccf79362b65bbec2973e612616dfdf68ae
640,dqn,149,random,ns_heavy,28.39090909090909,105.5,20.82,54,166,-140.49541692007992,220,54,0,2,0,0,300.0,-19.518750294926576,-9.72562499894484,-61.25104162620846,-50.0,50,2,220,0,9449e19f3f314eabedcf5df37a2ec26a9fdd05eb2eb4987b19317825cea1f2b5
641,dqn,849,random,low,26.66759776536313,86.0,15.911666666666667,36,139,-123.30098763415229,179,40,0,1,0,0,300.0,-14.917187715414912,-6.383800001042982,-53.99999991769437,-48.0,48,3,179,0,e3b3f6f7262bdb42cf1563d012b38205c72140f9c1ff0b9589bc8f60ecc24cb6
642,dqn,695,random,balanced,30.42883211678832,115.0,27.791666666666668,63,171,-163.72607940567028,274,103,0,2,0,0,300.0,-26.0546877568122,-17.110975000111647,-70.56041664874647,-50.0,50,4,274,0,94ca6bda60dde2e09ad14b2ddac97f5f443cc9a34eeca695a2c59311bf52ee38
643,dqn,536,random,low,15.163461538461538,76.0,7.885,19,146,-99.3322167995336,156,10,0,1,0,0,300.0,-7.39218766905833,-2.776487495325999,-49.16354163514916,-40.0,40,6,156,0,3ef97edf8fff93fbe1b04394d5717988e6d4f2d39e0742f7949217fa55712e56
644,dqn,164,random,left_heavy,19.454545454545453,79.0,12.126666666666667,24,156,-101.05851684361332,187,31,0,2,0,0,300.0,-11.368750182911754,-3.9168499948187674,-47.7729166658828,-38.0,38,5,187,0,568a03fa642ac7e48a79bca2bcb937142f4ccabda61d65484c83d4da4f4bdd68
645,dqn,929,random,ns_heavy,36.19795918367347,110.5,29.561666666666667,61,157,-164.2120129009716,245,88,0,1,0,0,300.0,-27.714062775834464,-17.513575003483144,-66.98437512165401,-52.0,52,1,245,0,d48f50c6fa3bb045ccec665368436929f18911df8bf3875923baf3765bb1fb0b
646,dqn,29,random,low,20.910614525139664,64.5,12.476666666666667,33,149,-96.98737516334592,179,30,0,1,0,0,300.0,-11.69687523052562,-3.7467500019010926,-40.54374993091915,-41.0,41,5,179,0,99f2846174037385b882a4c714e8234606c6ee9e277f5812400eb4ce8dda25be
647,dqn,974,random,left_heavy,32.28305084745763,136.5,31.753333333333334,74,162,-173.86035852808638,295,133,19,24,0,0,300.0,-29.768750290735625,-21.57077494192999,-70.52083329542074,-52.0,52,3,314,19,abaacb35f2a8ad89c6a8919e3632f72b0f76f64753dfdb3bc716f36d8368ef5f
648,dqn,639,random,low,29.61111111111111,85.5,20.43166666666667,42,139,-131.86873777208316,207,68,0,2,0,0,300.0,-19.15468783210963,-11.154675001603751,-53.55937493836973,-48.0,48,2,207,0,31cb5eb2a8fb03db4cecfa664e31d87d7c4ebaad5f021cd3ba066856b22def51
649,dqn,300,random,balanced,32.21030042918455,119.5,25.016666666666666,60,158,-165.38735442629618,233,75,0,2,0,0,300.0,-23.453125275904313,-14.648812522507066,-74.28541662788484,-53.0,53,3,233,0,fdaab5e29aa531c9014ba3c319748171b2dcb96e48497de301d95e570c40fd4b
650,dqn,208,random,low,36.91891891891892,134.5,31.876666666666665,72,149,-181.4653544190521,259,110,0,5,0,0,300.0,-29.88437523972243,-20.095562485134717,-81.48541669419501,-50.0,50,2,259,0,78b8bb9f38246d47790a68a21473ff5a9498a8d0225d5383a28368990860a06c
651,dqn,104,random,heavy,19.882911392405063,82.0,10.471666666666666,31,131,-104.368616922314,158,27,0,1,0,0,300.0,-9.817187724285759,-3.7222625066271577,-44.82916669140104,-46.0,46,3,158,0,5284a70c0b981cc4da06b70d42388da55b10dc1c92e41d8e39091cf1d447936b
652,dqn,212,random,balanced,23.374233128834355,92.5,12.7,32,132,-105.42920439648589,163,31,0,1,0,0,300.0,-11.90625026426278,-4.975037506945956,-47.54791662527714,-41.0,41,3,163,0,c9fc0d8c4dc8bf92610f5cc8c4dca6b6072a52866b528ed588d79e755810ffd8
653,dqn,399,random,low,28.815891472868216,86.0,24.781666666666666,53,174,-135.93183347994852,258,84,0,2,0,0,300.0,-23.232812679256313,-12.243812485527448,-54.45520831516478,-46.0,46,1,258,0,29991776368f820f57f188855e057eeea4c16fabcf7f6de076687eede13b0041
654,dqn,685,random,low,28.338983050847457,170.0,22.293333333333333,48,165,-155.86906272243436,236,71,0,2,0,0,300.0,-20.900000256602652,-11.55968750641405,-73.40937495941762,-50.0,50,4,236,0,568243bc33b127032363a42c024179871613468783101c1ea842ca151d3cfb65
655,dqn,144,random,ns_heavy,17.266666666666666,67.0,6.043333333333333,16,101,-77.22313338476889,105,4,0,1,0,0,300.0,-5.66562508943025,-2.0585500032706467,-36.49895829206798,-33.0,33,10,105,0,57907eaa162bbb511688c8ee3d4cf617ee3c1b5f6fb7a893f50806d4d3aec66c
656,dqn,548,random,ew_heavy,32.886,169.5,27.405,64,165,-170.7299545884431,250,85,0,2,0,0,300.0,-25.69218790170271,-15.433599994035461,-81.6041666927049,-48.0,48,4,250,0,646ac64f80e222ddf12fcb6ab91e240994180b91884f1d6cfea08cfe1560475a
657,dqn,419,random,heavy,26.256038647342994,74.5,18.116666666666667,44,167,-123.24768357527572,207,40,0,2,0,0,300.0,-16.984375258907676,-8.017474991517515,-54.24583332485054,-44.0,44,3,207,0,d72e9cb29f2a56bbe97ee8fc0ac27ec97e8178c207908a023a235102c04db75b
658,dqn,697,random,heavy,35.77845528455285,134.5,29.34,59,151,-185.38515425276643,246,95,0,2,0,0,300.0,-27.506250083562918,-18.855987518920298,-84.02291665028315,-55.0,55,2,246,0,7871f37e9e9ae5d0011fffb3d735302428f11f9f2dc3f9a8ad47be4233562927
659,dqn,61,random,ew_heavy,28.513059701492537,131.0,25.471666666666668,64,196,-157.15130033498713,268,72,0,2,0,0,300.0,-23.879687744774856,-13.87473752515944,-74.39687506505288,-45.0,45,5,268,0,6a388d1c5460a7dea110c7852817b55367058b04ad73f82c7650cbb78022e94a
660,dqn,350,random,ew_heavy,40.44897959183673,140.5,33.03333333333333,66,152,-190.78480035540485,245,93,0,1,0,0,300.0,-30.968750352272764,-22.866049971630122,-84.95000003150199,-52.0,52,2,245,0,5d472a3d9f86e94612887a5d57d839efb06fec310d2f81de694dd0e84d929c3d
661,dqn,55,random,low,28.275,137.0,20.735,54,148,-146.70736266185781,220,72,0,2,0,0,300.0,-19.439062715740874,-11.602674997316358,-64.66562494880054,-51.0,51,2,220,0,0723c88980d3191aef6ebeb946599b70cd3ed4610b86fee7c46d1423d6df8a19
662,dqn,626,random,heavy,30.454976303317537,129.5,21.42,53,138,-156.08577947325617,211,73,0,2,0,0,300.0,-20.081250300863758,-14.419112506509562,-72.5854166658828,-49.0,49,4,211,0,4d9a8962b3f07156427c2eb26335926f2f64fc447a49b232d8cf0857583dfc59
663,dqn,839,random,heavy,26.350993377483444,99.5,13.263333333333334,28,121,-133.65807531651308,151,30,0,1,0,0,300.0,-12.434375246055424,-6.423699992761977,-68.80000007769559,-46.0,46,4,151,0,1c3011e96b4e9a35f254df33adb27574a666b1e9c9f3afae1fce317b66455751
664,dqn,644,random,left_heavy,35.69153225806452,102.5,29.511666666666667,65,152,-168.48437939509674,248,96,11,15,0,0,300.0,-27.667187839280814,-17.547399985440276,-69.26979157037567,-54.0,54,1,259,11,39e6523d0e586ce27988166a4cdb8ee700344fac847e5cc60220dc3a1a8b2d06
665,dqn,289,random,left_heavy,34.39545454545455,125.0,25.226666666666667,54,142,-172.6306211177849,220,78,5,8,0,0,300.0,-23.650000293157063,-17.131662501267417,-81.84895832336042,-50.0,50,3,225,5,c9d06557ede6c876984102f230b7380b90aab3bb9081c79babf6fe8efc9438ec
666,dqn,9,random,ew_heavy,39.9863813229572,119.0,34.255,73,151,-177.8973293571144,257,106,0,2,0,0,300.0,-32.11406274314504,-20.63222495991432,-70.151041654055,-55.0,55,0,257,0,3b261f67d24bd2225cdaad04dd441765117e5caa5216074c9efa81b6d8eeb2dc
