episode,controller,seed,traffic_scenario,avg_waiting_time,max_waiting_time,avg_queue,max_queue,throughput,phase_changes,forced_changes,episode_reward,departed,unfinished,pending,max_pending,collisions,teleports,duration,experiment,alpha,beta,switch_gamma,candidate_id,waiting_weight,max_waiting_weight,switch_penalty,training_seed,train_seed,training_steps,evaluation_seed,scenario,split,is_incumbent,demand_sha256,model_path,avg_waiting_time_change_pct,avg_waiting_time_difference,max_waiting_time_change_pct,max_waiting_time_difference,avg_queue_change_pct,avg_queue_difference,phase_changes_change_pct,phase_changes_difference,throughput_change_pct,throughput_difference
0,Sensitivity-DQN,8001,random,31.26876876876877,95.0,34.708333333333336,65.0,233,42,20,-205.06574166666664,333,100,0,2,0,0,300.0,5,0.2,0.5,0.5,5,0.2,0.5,0.5,22,22,50000,8001,random,validation,False,8dd341828f90c6befd05da39f6398cba989e90169d9b64a606076b6fb9fb603c,C:\Users\권민우\traffic-control\model\results\reward_fine_search_2026-10-09\runs\fine\seed_22\candidate_5\attempt_001\experiment_5\final.zip,-2.3080170755734764,-0.7387387387387356,-3.0612244897959218,-3.0,-2.3080170755734875,-0.8200000000000003,7.692307692307687,3.0,-4.897959183673473,-12.0
1,Sensitivity-DQN,8002,random,18.595555555555556,67.5,13.946666666666667,33.0,205,38,21,-116.00635833333335,225,20,0,2,0,0,300.0,5,0.2,0.5,0.5,5,0.2,0.5,0.5,22,22,50000,8002,random,validation,False,2821177a095106802fb7dc55d27cc7e848d70ca889c81c04df6e242d9b95dc2c,C:\Users\권민우\traffic-control\model\results\reward_fine_search_2026-10-09\runs\fine\seed_22\candidate_5\attempt_001\experiment_5\final.zip,9.442845932513745,1.6044444444444466,5.46875,3.5,9.442845932513722,1.2033333333333331,-13.636363636363635,-6.0,-1.9138755980861233,-4.0
2,Sensitivity-DQN,8003,random,18.44808743169399,57.0,11.253333333333334,23.0,165,44,18,-106.75096666666667,183,18,0,2,0,0,300.0,5,0.2,0.5,0.5,5,0.2,0.5,0.5,22,22,50000,8003,random,validation,False,9354c03af629ff819755229f14e05b8a1326de925c77653ba23425fd1637b4b4,C:\Users\권민우\traffic-control\model\results\reward_fine_search_2026-10-09\runs\fine\seed_22\candidate_5\attempt_001\experiment_5\final.zip,3.4789272030651297,0.6202185792349724,-24.0,-18.0,3.4789272030651297,0.37833333333333385,-6.382978723404253,-3.0,0.6097560975609762,1.0
3,Sensitivity-DQN,8004,random,14.83411214953271,58.0,10.583333333333334,27.0,190,45,21,-97.32515833333328,214,24,0,2,0,0,300.0,5,0.2,0.5,0.5,5,0.2,0.5,0.5,22,22,50000,8004,random,validation,False,b79c500713d892f6e4ec75115e41bf065a3f2b239f70ef745728c491621d13e9,C:\Users\권민우\traffic-control\model\results\reward_fine_search_2026-10-09\runs\fine\seed_22\candidate_5\attempt_001\experiment_5\final.zip,-10.070821529745045,-1.6612149532710276,4.504504504504503,2.5,-10.056657223796039,-1.1833333333333336,-2.1739130434782594,-1.0,4.395604395604402,8.0
4,Sensitivity-DQN,8005,random,31.144444444444446,100.5,32.70166666666667,77.0,232,41,20,-193.32220833333335,315,83,0,2,0,0,300.0,5,0.2,0.5,0.5,5,0.2,0.5,0.5,22,22,50000,8005,random,validation,False,dad8b07ae7aacd3f44de4c3b859fd5a3b640cf23c3bd71481a1f0ec1a70332aa,C:\Users\권민우\traffic-control\model\results\reward_fine_search_2026-10-09\runs\fine\seed_22\candidate_5\attempt_001\experiment_5\final.zip,7.3417583018764665,2.1301587301587297,15.517241379310342,13.5,7.3417583018764665,2.236666666666668,0.0,0.0,-5.306122448979589,-13.0
5,Sensitivity-DQN,8006,random,14.2,57.0,8.52,17.0,160,42,21,-87.09684166666663,180,20,0,1,0,0,300.0,5,0.2,0.5,0.5,5,0.2,0.5,0.5,22,22,50000,8006,random,validation,False,ef2f623673927b137a233a73ec5cbcb6c8ce5ecf794f5e6abec53433d205ec06,C:\Users\권민우\traffic-control\model\results\reward_fine_search_2026-10-09\runs\fine\seed_22\candidate_5\attempt_001\experiment_5\final.zip,3.4817813765182226,0.47777777777777786,15.15151515151516,7.5,3.4817813765182226,0.28666666666666707,0.0,0.0,-1.2345679012345734,-2.0
6,Sensitivity-DQN,8007,random,21.281938325991188,74.0,16.10333333333333,35.0,199,44,19,-132.87413333333342,227,28,0,2,0,0,300.0,5,0.2,0.5,0.5,5,0.2,0.5,0.5,22,22,50000,8007,random,validation,False,fa89c69d4df65396b556c47c51886af5f1a02287f4ec90fae5d842865d09b2b9,C:\Users\권민우\traffic-control\model\results\reward_fine_search_2026-10-09\runs\fine\seed_22\candidate_5\attempt_001\experiment_5\final.zip,-17.6300085251492,-4.555066079295155,-24.873096446700504,-24.5,-17.6300085251492,-3.446666666666669,-2.2222222222222254,-1.0,9.944751381215466,18.0
7,Sensitivity-DQN,8008,random,13.473684210526315,47.0,9.386666666666667,21.0,189,42,16,-87.20296666666667,209,20,0,1,0,0,300.0,5,0.2,0.5,0.5,5,0.2,0.5,0.5,22,22,50000,8008,random,validation,False,85fdc4042e94b886aca1df437c5f5a2d379d3c3162408629c0b305b7392e680b,C:\Users\권민우\traffic-control\model\results\reward_fine_search_2026-10-09\runs\fine\seed_22\candidate_5\attempt_001\experiment_5\final.zip,14.216183329953358,1.6770334928229662,-7.843137254901967,-4.0,14.216183329953358,1.168333333333333,-2.3255813953488413,-1.0,-2.072538860103623,-4.0
8,Sensitivity-DQN,8009,random,15.223118279569892,70.0,9.438333333333333,25.0,176,43,20,-99.75120000000001,186,10,0,2,0,0,300.0,5,0.2,0.5,0.5,5,0.2,0.5,0.5,22,22,50000,8009,random,validation,False,776e63c43ae4b74af8684e652ee35e575d3c68422d440ebcdb28cfcfa668a94e,C:\Users\권민우\traffic-control\model\results\reward_fine_search_2026-10-09\runs\fine\seed_22\candidate_5\attempt_001\experiment_5\final.zip,3.4526854219948833,0.508064516129032,6.060606060606055,4.0,3.4526854219948833,0.3149999999999995,-2.2727272727272707,-1.0,0.0,0.0
9,Sensitivity-DQN,8010,random,29.10452961672474,120.5,27.843333333333334,69.0,214,42,20,-177.60289999999995,287,73,0,1,0,0,300.0,5,0.2,0.5,0.5,5,0.2,0.5,0.5,22,22,50000,8010,random,validation,False,a840059b85bbd9b6a912132b0c970d4d51ecdf0326cf009aaea2e9fad68f7bba,C:\Users\권민우\traffic-control\model\results\reward_fine_search_2026-10-09\runs\fine\seed_22\candidate_5\attempt_001\experiment_5\final.zip,-2.792971022925639,-0.8362369337979096,12.09302325581396,13.0,-2.798626869145282,-0.8016666666666659,-10.63829787234043,-5.0,8.080808080808088,16.0
10,Sensitivity-DQN,8011,random,34.22385620915033,128.5,34.90833333333333,69.0,231,43,21,-228.98970833333343,306,75,0,1,0,0,300.0,5,0.2,0.5,0.5,5,0.2,0.5,0.5,22,22,50000,8011,random,validation,False,3cb7167c2c2b34c1ebf11e7fdb965ba96a41e8a0e843c8e986e324a3722c4171,C:\Users\권민우\traffic-control\model\results\reward_fine_search_2026-10-09\runs\fine\seed_22\candidate_5\attempt_001\experiment_5\final.zip,-3.6435570685927288,-1.294117647058826,21.800947867298582,23.0,-3.6435570685927177,-1.3200000000000003,0.0,0.0,1.7621145374449254,4.0
11,Sensitivity-DQN,8012,random,33.985759493670884,104.0,35.79833333333333,90.0,219,40,23,-191.21057500000006,316,97,0,2,0,0,300.0,5,0.2,0.5,0.5,5,0.2,0.5,0.5,22,22,50000,8012,random,validation,False,a43af6ff2bb883b6d9a617961af61470161a2cebdc9b5d49bdb4318dbb7f654b,C:\Users\권민우\traffic-control\model\results\reward_fine_search_2026-10-09\runs\fine\seed_22\candidate_5\attempt_001\experiment_5\final.zip,17.82873443414339,5.142405063291136,9.473684210526322,9.0,17.82873443414339,5.416666666666664,-4.761904761904767,-2.0,0.4587155963302836,1.0
12,Sensitivity-DQN,8013,random,14.644486692015208,69.5,12.838333333333333,37.0,224,42,19,-109.53859166666676,263,39,0,1,0,0,300.0,5,0.2,0.5,0.5,5,0.2,0.5,0.5,22,22,50000,8013,random,validation,False,dc72dfa2fd6460529e83df749d8d9abea9bcee3755fb816ec851d7258e8920db,C:\Users\권민우\traffic-control\model\results\reward_fine_search_2026-10-09\runs\fine\seed_22\candidate_5\attempt_001\experiment_5\final.zip,-17.30542136339237,-3.0646387832699613,-1.4184397163120588,-1.0,-17.30542136339238,-2.6866666666666674,0.0,0.0,0.0,0.0
13,Sensitivity-DQN,8014,random,23.299568965517242,85.0,18.018333333333334,47.0,180,46,23,-134.82228333333333,232,52,0,2,0,0,300.0,5,0.2,0.5,0.5,5,0.2,0.5,0.5,22,22,50000,8014,random,validation,False,55cd1036a4d9d8cba7cc7d7ac04aa9661b6e4c0235b398b071eadc518fa79e7e,C:\Users\권민우\traffic-control\model\results\reward_fine_search_2026-10-09\runs\fine\seed_22\candidate_5\attempt_001\experiment_5\final.zip,15.72468422179405,3.165948275862071,-18.66028708133971,-19.5,15.72468422179405,2.448333333333334,4.545454545454541,2.0,-3.7433155080213942,-7.0
14,Sensitivity-DQN,8015,random,24.41726618705036,90.0,22.626666666666665,58.0,220,43,24,-155.9658583333334,278,58,0,3,0,0,300.0,5,0.2,0.5,0.5,5,0.2,0.5,0.5,22,22,50000,8015,random,validation,False,4b5952cea76dd251669c9507a7f12fefeb3138a19302395b7893ec16755927b3,C:\Users\권민우\traffic-control\model\results\reward_fine_search_2026-10-09\runs\fine\seed_22\candidate_5\attempt_001\experiment_5\final.zip,5.199535063928695,1.2068345323740992,4.046242774566466,3.5,5.199535063928695,1.1183333333333323,-4.444444444444439,-2.0,-2.2222222222222254,-5.0
15,Sensitivity-DQN,8016,random,30.125806451612902,88.0,31.13,71.0,231,41,20,-186.70977499999998,310,79,0,2,0,0,300.0,5,0.2,0.5,0.5,5,0.2,0.5,0.5,22,22,50000,8016,random,validation,False,5d676c5c894eac0f3d9f703037c1ebf9802829a4819393f69c0acc1492442857,C:\Users\권민우\traffic-control\model\results\reward_fine_search_2026-10-09\runs\fine\seed_22\candidate_5\attempt_001\experiment_5\final.zip,11.463865847108679,3.098387096774193,4.142011834319526,3.5,11.463865847108657,3.2016666666666644,-4.651162790697672,-2.0,0.43478260869564966,1.0
16,Sensitivity-DQN,8017,random,21.51792828685259,82.0,18.003333333333334,41.0,212,42,21,-139.15646666666677,251,39,0,3,0,0,300.0,5,0.2,0.5,0.5,5,0.2,0.5,0.5,22,22,50000,8017,random,validation,False,658c6c23978d040d2ba3fee1c2044362083690f1063d980fbf123a6eeec43fd8,C:\Users\권민우\traffic-control\model\results\reward_fine_search_2026-10-09\runs\fine\seed_22\candidate_5\attempt_001\experiment_5\final.zip,-0.8899899073309347,-0.19322709163346374,-12.299465240641716,-11.5,-0.8899899073309347,-0.1616666666666653,0.0,0.0,2.4154589371980784,5.0
17,Sensitivity-DQN,8018,random,8.434615384615384,47.0,3.655,10.0,121,42,22,-57.51656666666664,130,9,0,1,0,0,300.0,5,0.2,0.5,0.5,5,0.2,0.5,0.5,22,22,50000,8018,random,validation,False,f44facdd126218ef97befa1789def0801faaa77ceb04886a6bc156a900691cfc,C:\Users\권민우\traffic-control\model\results\reward_fine_search_2026-10-09\runs\fine\seed_22\candidate_5\attempt_001\experiment_5\final.zip,-23.079621185548927,-2.5307692307692307,6.818181818181812,3.0,-23.079621185548937,-1.0966666666666671,0.0,0.0,0.0,0.0
18,Sensitivity-DQN,8019,random,30.883757961783438,100.0,32.325,63.0,237,44,23,-217.9421666666667,314,77,0,3,0,0,300.0,5,0.2,0.5,0.5,5,0.2,0.5,0.5,22,22,50000,8019,random,validation,False,52131aa9c898a5842eac0e7769a57b7442cca0dfa41dd4cce841370fc6b0060c,C:\Users\권민우\traffic-control\model\results\reward_fine_search_2026-10-09\runs\fine\seed_22\candidate_5\attempt_001\experiment_5\final.zip,-0.41078305519897107,-0.127388535031848,-21.259842519685034,-27.0,-0.41078305519897107,-0.13333333333333286,4.761904761904767,2.0,-0.8368200836820106,-2.0
19,Sensitivity-DQN,8020,random,17.347619047619048,71.5,12.143333333333333,28.0,180,46,21,-114.35162500000004,210,30,0,1,0,0,300.0,5,0.2,0.5,0.5,5,0.2,0.5,0.5,22,22,50000,8020,random,validation,False,8b6b3d586b585e66f3e99748305f4810b898bce1de2bf34ea783f93ef8efbc3c,C:\Users\권민우\traffic-control\model\results\reward_fine_search_2026-10-09\runs\fine\seed_22\candidate_5\attempt_001\experiment_5\final.zip,-9.546865301055242,-1.8309523809523789,0.7042253521126751,0.5,-9.546865301055252,-1.281666666666668,2.2222222222222143,1.0,-1.098901098901095,-2.0
0,Sensitivity-DQN,8001,random,37.4024024024024,122.0,41.516666666666666,80.0,229,40,22,-209.13550833333346,333,104,0,2,0,0,300.0,2,0.2,0.4,0.5,2,0.2,0.4,0.5,22,22,50000,8001,random,validation,False,8dd341828f90c6befd05da39f6398cba989e90169d9b64a606076b6fb9fb603c,C:\Users\권민우\traffic-control\model\results\reward_fine_search_2026-10-09\runs\fine\seed_22\candidate_2\attempt_001\experiment_2\final.zip,16.85509217995027,5.394894894894897,24.489795918367353,24.0,16.85509217995027,5.98833333333333,2.564102564102555,1.0,-6.530612244897959,-16.0
1,Sensitivity-DQN,8002,random,18.75111111111111,74.0,14.063333333333333,37.0,200,40,21,-110.33730000000004,225,25,0,2,0,0,300.0,2,0.2,0.4,0.5,2,0.2,0.4,0.5,22,22,50000,8002,random,validation,False,2821177a095106802fb7dc55d27cc7e848d70ca889c81c04df6e242d9b95dc2c,C:\Users\권민우\traffic-control\model\results\reward_fine_search_2026-10-09\runs\fine\seed_22\candidate_2\attempt_001\experiment_2\final.zip,10.358357311012313,1.7600000000000016,15.625,10.0,10.35835731101229,1.3199999999999985,-9.090909090909093,-4.0,-4.30622009569378,-9.0
2,Sensitivity-DQN,8003,random,18.92622950819672,61.5,11.545,23.0,166,42,20,-97.53804166666669,183,17,0,2,0,0,300.0,2,0.2,0.4,0.5,2,0.2,0.4,0.5,22,22,50000,8003,random,validation,False,9354c03af629ff819755229f14e05b8a1326de925c77653ba23425fd1637b4b4,C:\Users\권민우\traffic-control\model\results\reward_fine_search_2026-10-09\runs\fine\seed_22\candidate_2\attempt_001\experiment_2\final.zip,6.160919540229881,1.0983606557377037,-18.000000000000004,-13.5,6.160919540229881,0.6699999999999999,-10.63829787234043,-5.0,1.2195121951219523,2.0
3,Sensitivity-DQN,8004,random,12.408878504672897,83.5,8.851666666666667,25.0,195,41,20,-93.94255000000007,214,19,0,2,0,0,300.0,2,0.2,0.4,0.5,2,0.2,0.4,0.5,22,22,50000,8004,random,validation,False,b79c500713d892f6e4ec75115e41bf065a3f2b239f70ef745728c491621d13e9,C:\Users\권민우\traffic-control\model\results\reward_fine_search_2026-10-09\runs\fine\seed_22\candidate_2\attempt_001\experiment_2\final.zip,-24.773371104815865,-4.086448598130842,50.45045045045045,28.0,-24.773371104815865,-2.915000000000001,-10.869565217391308,-5.0,7.14285714285714,13.0
4,Sensitivity-DQN,8005,random,31.615873015873017,128.5,33.196666666666665,84.0,229,41,21,-195.7092000000001,315,86,0,2,0,0,300.0,2,0.2,0.4,0.5,2,0.2,0.4,0.5,22,22,50000,8005,random,validation,False,dad8b07ae7aacd3f44de4c3b859fd5a3b640cf23c3bd71481a1f0ec1a70332aa,C:\Users\권민우\traffic-control\model\results\reward_fine_search_2026-10-09\runs\fine\seed_22\candidate_2\attempt_001\experiment_2\final.zip,8.966573663767164,2.6015873015873012,47.70114942528736,41.5,8.966573663767164,2.7316666666666656,0.0,0.0,-6.530612244897959,-16.0
5,Sensitivity-DQN,8006,random,14.119444444444444,49.0,8.473333333333333,21.0,158,40,19,-80.71491666666665,180,22,0,1,0,0,300.0,2,0.2,0.4,0.5,2,0.2,0.4,0.5,22,22,50000,8006,random,validation,False,ef2f623673927b137a233a73ec5cbcb6c8ce5ecf794f5e6abec53433d205ec06,C:\Users\권민우\traffic-control\model\results\reward_fine_search_2026-10-09\runs\fine\seed_22\candidate_2\attempt_001\experiment_2\final.zip,2.894736842105261,0.39722222222222214,-1.0101010101010055,-0.5,2.9149797570850122,0.2400000000000002,-4.761904761904767,-2.0,-2.4691358024691357,-4.0
6,Sensitivity-DQN,8007,random,24.08149779735683,86.0,18.221666666666668,41.0,186,41,20,-130.64101666666662,227,41,0,2,0,0,300.0,2,0.2,0.4,0.5,2,0.2,0.4,0.5,22,22,50000,8007,random,validation,False,fa89c69d4df65396b556c47c51886af5f1a02287f4ec90fae5d842865d09b2b9,C:\Users\권민우\traffic-control\model\results\reward_fine_search_2026-10-09\runs\fine\seed_22\candidate_2\attempt_001\experiment_2\final.zip,-6.794543904518324,-1.7555066079295152,-12.690355329949243,-12.5,-6.794543904518324,-1.3283333333333331,-8.888888888888891,-4.0,2.7624309392265234,5.0
7,Sensitivity-DQN,8008,random,15.129186602870814,80.5,10.54,26.0,191,44,18,-96.65324166666663,209,18,0,1,0,0,300.0,2,0.2,0.4,0.5,2,0.2,0.4,0.5,22,22,50000,8008,random,validation,False,85fdc4042e94b886aca1df437c5f5a2d379d3c3162408629c0b305b7392e680b,C:\Users\권민우\traffic-control\model\results\reward_fine_search_2026-10-09\runs\fine\seed_22\candidate_2\attempt_001\experiment_2\final.zip,28.249847901034286,3.3325358851674647,57.843137254901954,29.5,28.249847901034265,2.3216666666666654,2.3255813953488413,1.0,-1.0362694300518172,-2.0
8,Sensitivity-DQN,8009,random,10.763440860215054,79.0,6.673333333333333,18.0,180,39,18,-73.58115833333339,186,6,0,2,0,0,300.0,2,0.2,0.4,0.5,2,0.2,0.4,0.5,22,22,50000,8009,random,validation,False,776e63c43ae4b74af8684e652ee35e575d3c68422d440ebcdb28cfcfa668a94e,C:\Users\권민우\traffic-control\model\results\reward_fine_search_2026-10-09\runs\fine\seed_22\candidate_2\attempt_001\experiment_2\final.zip,-26.8542199488491,-3.951612903225806,19.696969696969703,13.0,-26.854219948849114,-2.45,-11.363636363636365,-5.0,2.2727272727272707,4.0
9,Sensitivity-DQN,8010,random,27.013937282229964,105.0,25.843333333333334,59.0,220,41,20,-154.95074166666663,287,67,0,1,0,0,300.0,2,0.2,0.4,0.5,2,0.2,0.4,0.5,22,22,50000,8010,random,validation,False,a840059b85bbd9b6a912132b0c970d4d51ecdf0326cf009aaea2e9fad68f7bba,C:\Users\권민우\traffic-control\model\results\reward_fine_search_2026-10-09\runs\fine\seed_22\candidate_2\attempt_001\experiment_2\final.zip,-9.775398580239736,-2.9268292682926855,-2.3255813953488413,-2.5,-9.780648164310236,-2.801666666666666,-12.765957446808507,-6.0,11.111111111111116,22.0
10,Sensitivity-DQN,8011,random,34.77124183006536,135.0,35.46666666666667,79.0,228,41,18,-218.02863333333352,306,78,0,1,0,0,300.0,2,0.2,0.4,0.5,2,0.2,0.4,0.5,22,22,50000,8011,random,validation,False,3cb7167c2c2b34c1ebf11e7fdb965ba96a41e8a0e843c8e986e324a3722c4171,C:\Users\권민우\traffic-control\model\results\reward_fine_search_2026-10-09\runs\fine\seed_22\candidate_2\attempt_001\experiment_2\final.zip,-2.1024060357915264,-0.7467320261437962,27.96208530805686,29.5,-2.102406035791493,-0.7616666666666632,-4.651162790697672,-2.0,0.4405286343612369,1.0
11,Sensitivity-DQN,8012,random,30.161392405063292,134.0,31.77166666666667,77.0,223,42,24,-183.74188333333322,316,93,0,3,0,0,300.0,2,0.2,0.4,0.5,2,0.2,0.4,0.5,22,22,50000,8012,random,validation,False,a43af6ff2bb883b6d9a617961af61470161a2cebdc9b5d49bdb4318dbb7f654b,C:\Users\권민우\traffic-control\model\results\reward_fine_search_2026-10-09\runs\fine\seed_22\candidate_2\attempt_001\experiment_2\final.zip,4.56964177958199,1.3180379746835449,41.05263157894736,39.0,4.575127544023272,1.3900000000000006,0.0,0.0,2.2935779816513735,5.0
12,Sensitivity-DQN,8013,random,21.952471482889734,66.0,19.245,52.0,206,44,22,-129.89261666666667,263,57,0,1,0,0,300.0,2,0.2,0.4,0.5,2,0.2,0.4,0.5,22,22,50000,8013,random,validation,False,dc72dfa2fd6460529e83df749d8d9abea9bcee3755fb816ec851d7258e8920db,C:\Users\권민우\traffic-control\model\results\reward_fine_search_2026-10-09\runs\fine\seed_22\candidate_2\attempt_001\experiment_2\final.zip,23.961352657004852,4.243346007604565,-6.382978723404253,-4.5,23.96135265700483,3.7200000000000006,4.761904761904767,2.0,-8.03571428571429,-18.0
13,Sensitivity-DQN,8014,random,20.32758620689655,76.0,15.72,35.0,189,41,22,-109.56865833333332,232,43,0,2,0,0,300.0,2,0.2,0.4,0.5,2,0.2,0.4,0.5,22,22,50000,8014,random,validation,False,55cd1036a4d9d8cba7cc7d7ac04aa9661b6e4c0235b398b071eadc518fa79e7e,C:\Users\권민우\traffic-control\model\results\reward_fine_search_2026-10-09\runs\fine\seed_22\candidate_2\attempt_001\experiment_2\final.zip,0.9633911368015502,0.19396551724138078,-27.27272727272727,-28.5,0.9633911368015502,0.15000000000000036,-6.818181818181824,-3.0,1.0695187165775444,2.0
14,Sensitivity-DQN,8015,random,29.16906474820144,104.0,27.03,56.0,214,43,21,-169.55628333333348,278,64,0,3,0,0,300.0,2,0.2,0.4,0.5,2,0.2,0.4,0.5,22,22,50000,8015,random,validation,False,4b5952cea76dd251669c9507a7f12fefeb3138a19302395b7893ec16755927b3,C:\Users\권민우\traffic-control\model\results\reward_fine_search_2026-10-09\runs\fine\seed_22\candidate_2\attempt_001\experiment_2\final.zip,25.672220069740415,5.9586330935251794,20.231213872832377,17.5,25.672220069740415,5.521666666666668,-4.444444444444439,-2.0,-4.8888888888888875,-11.0
15,Sensitivity-DQN,8016,random,30.801612903225806,100.5,31.83,84.0,224,40,21,-175.2921750000001,310,86,0,2,0,0,300.0,2,0.2,0.4,0.5,2,0.2,0.4,0.5,22,22,50000,8016,random,validation,False,5d676c5c894eac0f3d9f703037c1ebf9802829a4819393f69c0acc1492442857,C:\Users\권민우\traffic-control\model\results\reward_fine_search_2026-10-09\runs\fine\seed_22\candidate_2\attempt_001\experiment_2\final.zip,13.96431342125679,3.774193548387096,18.934911242603558,16.0,13.970281076565016,3.9016666666666637,-6.976744186046513,-3.0,-2.608695652173909,-6.0
16,Sensitivity-DQN,8017,random,18.762948207171316,114.0,15.698333333333334,31.0,218,41,20,-136.61302499999988,251,33,0,3,0,0,300.0,2,0.2,0.4,0.5,2,0.2,0.4,0.5,22,22,50000,8017,random,validation,False,658c6c23978d040d2ba3fee1c2044362083690f1063d980fbf123a6eeec43fd8,C:\Users\권민우\traffic-control\model\results\reward_fine_search_2026-10-09\runs\fine\seed_22\candidate_2\attempt_001\experiment_2\final.zip,-13.579227452059806,-2.9482071713147384,21.92513368983957,20.5,-13.579227452059817,-2.466666666666665,-2.3809523809523836,-1.0,5.31400966183575,11.0
17,Sensitivity-DQN,8018,random,8.169230769230769,44.0,3.54,11.0,124,38,23,-48.94279999999997,130,6,0,1,0,0,300.0,2,0.2,0.4,0.5,2,0.2,0.4,0.5,22,22,50000,8018,random,validation,False,f44facdd126218ef97befa1789def0801faaa77ceb04886a6bc156a900691cfc,C:\Users\권민우\traffic-control\model\results\reward_fine_search_2026-10-09\runs\fine\seed_22\candidate_2\attempt_001\experiment_2\final.zip,-25.499824622939315,-2.796153846153846,0.0,0.0,-25.499824622939325,-1.211666666666667,-9.523809523809524,-4.0,2.4793388429751984,3.0
18,Sensitivity-DQN,8019,random,28.691082802547772,100.0,30.03,66.0,238,44,23,-180.2156999999999,314,76,0,3,0,0,300.0,2,0.2,0.4,0.5,2,0.2,0.4,0.5,22,22,50000,8019,random,validation,False,52131aa9c898a5842eac0e7769a57b7442cca0dfa41dd4cce841370fc6b0060c,C:\Users\권민우\traffic-control\model\results\reward_fine_search_2026-10-09\runs\fine\seed_22\candidate_2\attempt_001\experiment_2\final.zip,-7.481386392811295,-2.320063694267514,-21.259842519685034,-27.0,-7.481386392811295,-2.4283333333333346,4.761904761904767,2.0,-0.4184100418409997,-1.0
19,Sensitivity-DQN,8020,random,16.857142857142858,67.0,11.8,31.0,185,44,23,-100.2803833333333,210,25,0,1,0,0,300.0,2,0.2,0.4,0.5,2,0.2,0.4,0.5,22,22,50000,8020,random,validation,False,8b6b3d586b585e66f3e99748305f4810b898bce1de2bf34ea783f93ef8efbc3c,C:\Users\권민우\traffic-control\model\results\reward_fine_search_2026-10-09\runs\fine\seed_22\candidate_2\attempt_001\experiment_2\final.zip,-12.104283054003718,-2.3214285714285694,-5.633802816901412,-4.0,-12.104283054003728,-1.625,-2.2222222222222254,-1.0,1.6483516483516425,3.0
0,Sensitivity-DQN,8001,random,36.77477477477478,148.0,40.82,92.0,235,40,22,-217.8876416666666,333,98,0,2,0,0,300.0,3,0.2,0.4,0.6,3,0.2,0.4,0.6,22,22,50000,8001,random,validation,False,8dd341828f90c6befd05da39f6398cba989e90169d9b64a606076b6fb9fb603c,C:\Users\권민우\traffic-control\model\results\reward_fine_search_2026-10-09\runs\fine\seed_22\candidate_3\attempt_001\experiment_3\final.zip,14.894215884036232,4.767267267267272,51.020408163265294,50.0,14.89421588403621,5.291666666666664,2.564102564102555,1.0,-4.081632653061229,-10.0
1,Sensitivity-DQN,8002,random,18.424444444444443,56.5,13.818333333333333,30.0,202,38,17,-107.58315833333337,225,23,0,2,0,0,300.0,3,0.2,0.4,0.6,3,0.2,0.4,0.6,22,22,50000,8002,random,validation,False,2821177a095106802fb7dc55d27cc7e848d70ca889c81c04df6e242d9b95dc2c,C:\Users\권민우\traffic-control\model\results\reward_fine_search_2026-10-09\runs\fine\seed_22\candidate_3\attempt_001\experiment_3\final.zip,8.435783416165311,1.4333333333333336,-11.71875,-7.5,8.435783416165311,1.0749999999999993,-13.636363636363635,-6.0,-3.349282296650713,-7.0
2,Sensitivity-DQN,8003,random,16.524590163934427,57.5,10.08,23.0,166,43,21,-97.58073333333334,183,17,0,2,0,0,300.0,3,0.2,0.4,0.6,3,0.2,0.4,0.6,22,22,50000,8003,random,validation,False,9354c03af629ff819755229f14e05b8a1326de925c77653ba23425fd1637b4b4,C:\Users\권민우\traffic-control\model\results\reward_fine_search_2026-10-09\runs\fine\seed_22\candidate_3\attempt_001\experiment_3\final.zip,-7.310344827586201,-1.303278688524589,-23.33333333333333,-17.5,-7.310344827586201,-0.7949999999999999,-8.510638297872342,-4.0,1.2195121951219523,2.0
3,Sensitivity-DQN,8004,random,17.542056074766354,70.0,12.513333333333334,30.0,181,41,25,-108.09745,214,33,0,2,0,0,300.0,3,0.2,0.4,0.6,3,0.2,0.4,0.6,22,22,50000,8004,random,validation,False,b79c500713d892f6e4ec75115e41bf065a3f2b239f70ef745728c491621d13e9,C:\Users\권민우\traffic-control\model\results\reward_fine_search_2026-10-09\runs\fine\seed_22\candidate_3\attempt_001\experiment_3\final.zip,6.3456090651557995,1.0467289719626152,26.126126126126124,14.5,6.3456090651557995,0.7466666666666661,-10.869565217391308,-5.0,-0.5494505494505475,-1.0
4,Sensitivity-DQN,8005,random,27.653968253968255,76.5,29.036666666666665,73.0,236,41,20,-162.23476666666653,315,79,0,2,0,0,300.0,3,0.2,0.4,0.6,3,0.2,0.4,0.6,22,22,50000,8005,random,validation,False,dad8b07ae7aacd3f44de4c3b859fd5a3b640cf23c3bd71481a1f0ec1a70332aa,C:\Users\권민우\traffic-control\model\results\reward_fine_search_2026-10-09\runs\fine\seed_22\candidate_3\attempt_001\experiment_3\final.zip,-4.6884402866677615,-1.3603174603174608,-12.06896551724138,-10.5,-4.6884402866677615,-1.4283333333333346,0.0,0.0,-3.6734693877551017,-9.0
5,Sensitivity-DQN,8006,random,14.511111111111111,58.0,8.706666666666667,20.0,160,40,21,-85.94439999999996,180,20,0,1,0,0,300.0,3,0.2,0.4,0.6,3,0.2,0.4,0.6,22,22,50000,8006,random,validation,False,ef2f623673927b137a233a73ec5cbcb6c8ce5ecf794f5e6abec53433d205ec06,C:\Users\권민우\traffic-control\model\results\reward_fine_search_2026-10-09\runs\fine\seed_22\candidate_3\attempt_001\experiment_3\final.zip,5.74898785425102,0.7888888888888896,17.17171717171717,8.5,5.74898785425102,0.4733333333333345,-4.761904761904767,-2.0,-1.2345679012345734,-2.0
6,Sensitivity-DQN,8007,random,19.292951541850222,57.5,14.598333333333333,31.0,193,41,20,-112.50662500000004,227,34,0,2,0,0,300.0,3,0.2,0.4,0.6,3,0.2,0.4,0.6,22,22,50000,8007,random,validation,False,fa89c69d4df65396b556c47c51886af5f1a02287f4ec90fae5d842865d09b2b9,C:\Users\권민우\traffic-control\model\results\reward_fine_search_2026-10-09\runs\fine\seed_22\candidate_3\attempt_001\experiment_3\final.zip,-25.328218243819258,-6.5440528634361215,-41.62436548223351,-41.0,-25.32821824381928,-4.951666666666668,-8.888888888888891,-4.0,6.629834254143652,12.0
7,Sensitivity-DQN,8008,random,14.796650717703349,61.5,10.308333333333334,24.0,189,44,19,-98.87135,209,20,0,1,0,0,300.0,3,0.2,0.4,0.6,3,0.2,0.4,0.6,22,22,50000,8008,random,validation,False,85fdc4042e94b886aca1df437c5f5a2d379d3c3162408629c0b305b7392e680b,C:\Users\권민우\traffic-control\model\results\reward_fine_search_2026-10-09\runs\fine\seed_22\candidate_3\attempt_001\experiment_3\final.zip,25.430947069559927,3.0,20.58823529411764,10.5,25.430947069559927,2.09,2.3255813953488413,1.0,-2.072538860103623,-4.0
8,Sensitivity-DQN,8009,random,15.258064516129032,70.0,9.46,25.0,181,39,19,-92.59989999999999,186,5,0,2,0,0,300.0,3,0.2,0.4,0.6,3,0.2,0.4,0.6,22,22,50000,8009,random,validation,False,776e63c43ae4b74af8684e652ee35e575d3c68422d440ebcdb28cfcfa668a94e,C:\Users\권민우\traffic-control\model\results\reward_fine_search_2026-10-09\runs\fine\seed_22\candidate_3\attempt_001\experiment_3\final.zip,3.6901717208622564,0.543010752688172,6.060606060606055,4.0,3.6901717208622786,0.3366666666666678,-11.363636363636365,-5.0,2.840909090909083,5.0
9,Sensitivity-DQN,8010,random,28.381533101045296,122.0,27.151666666666667,56.0,215,42,19,-175.50015833333333,287,72,0,1,0,0,300.0,3,0.2,0.4,0.6,3,0.2,0.4,0.6,22,22,50000,8010,random,validation,False,a840059b85bbd9b6a912132b0c970d4d51ecdf0326cf009aaea2e9fad68f7bba,C:\Users\권민우\traffic-control\model\results\reward_fine_search_2026-10-09\runs\fine\seed_22\candidate_3\attempt_001\experiment_3\final.zip,-5.207727219830105,-1.5592334494773539,13.488372093023248,14.5,-5.213242567056497,-1.4933333333333323,-10.63829787234043,-5.0,8.585858585858585,17.0
10,Sensitivity-DQN,8011,random,32.681372549019606,111.5,33.335,59.0,229,42,22,-206.17042500000008,306,77,0,1,0,0,300.0,3,0.2,0.4,0.6,3,0.2,0.4,0.6,22,22,50000,8011,random,validation,False,3cb7167c2c2b34c1ebf11e7fdb965ba96a41e8a0e843c8e986e324a3722c4171,C:\Users\권민우\traffic-control\model\results\reward_fine_search_2026-10-09\runs\fine\seed_22\candidate_3\attempt_001\experiment_3\final.zip,-7.986382665501235,-2.8366013071895466,5.687203791469186,6.0,-7.986382665501212,-2.893333333333331,-2.3255813953488413,-1.0,0.8810572687224738,2.0
11,Sensitivity-DQN,8012,random,28.800632911392405,85.0,30.336666666666666,77.0,225,39,23,-170.77595833333336,316,91,0,2,0,0,300.0,3,0.2,0.4,0.6,3,0.2,0.4,0.6,22,22,50000,8012,random,validation,False,a43af6ff2bb883b6d9a617961af61470161a2cebdc9b5d49bdb4318dbb7f654b,C:\Users\권민우\traffic-control\model\results\reward_fine_search_2026-10-09\runs\fine\seed_22\candidate_3\attempt_001\experiment_3\final.zip,-0.14811563991442567,-0.04272151898734222,-10.526315789473683,-10.0,-0.14811563991442567,-0.045000000000001705,-7.14285714285714,-3.0,3.2110091743119185,7.0
12,Sensitivity-DQN,8013,random,15.26615969581749,64.5,13.383333333333333,33.0,220,44,20,-108.01074166666669,263,43,0,1,0,0,300.0,3,0.2,0.4,0.6,3,0.2,0.4,0.6,22,22,50000,8013,random,validation,False,dc72dfa2fd6460529e83df749d8d9abea9bcee3755fb816ec851d7258e8920db,C:\Users\권민우\traffic-control\model\results\reward_fine_search_2026-10-09\runs\fine\seed_22\candidate_3\attempt_001\experiment_3\final.zip,-13.794954374664513,-2.442965779467679,-8.510638297872342,-6.0,-13.794954374664526,-2.1416666666666675,4.761904761904767,2.0,-1.7857142857142905,-4.0
13,Sensitivity-DQN,8014,random,24.676724137931036,90.0,19.083333333333332,50.0,177,46,22,-118.17149166666664,232,55,0,2,0,0,300.0,3,0.2,0.4,0.6,3,0.2,0.4,0.6,22,22,50000,8014,random,validation,False,55cd1036a4d9d8cba7cc7d7ac04aa9661b6e4c0235b398b071eadc518fa79e7e,C:\Users\권민우\traffic-control\model\results\reward_fine_search_2026-10-09\runs\fine\seed_22\candidate_3\attempt_001\experiment_3\final.zip,22.564761293085,4.543103448275865,-13.875598086124397,-14.5,22.564761293084977,3.513333333333332,4.545454545454541,2.0,-5.3475935828877,-10.0
14,Sensitivity-DQN,8015,random,22.712230215827336,108.0,21.046666666666667,45.0,229,43,18,-152.49649166666677,278,49,0,3,0,0,300.0,3,0.2,0.4,0.6,3,0.2,0.4,0.6,22,22,50000,8015,random,validation,False,4b5952cea76dd251669c9507a7f12fefeb3138a19302395b7893ec16755927b3,C:\Users\권민우\traffic-control\model\results\reward_fine_search_2026-10-09\runs\fine\seed_22\candidate_3\attempt_001\experiment_3\final.zip,-2.146454862456426,-0.4982014388489233,24.855491329479772,21.5,-2.146454862456404,-0.461666666666666,-4.444444444444439,-2.0,1.777777777777767,4.0
15,Sensitivity-DQN,8016,random,30.496774193548386,88.5,31.513333333333332,89.0,220,42,21,-178.00832499999981,310,90,0,2,0,0,300.0,3,0.2,0.4,0.6,3,0.2,0.4,0.6,22,22,50000,8016,random,validation,False,5d676c5c894eac0f3d9f703037c1ebf9802829a4819393f69c0acc1492442857,C:\Users\권민우\traffic-control\model\results\reward_fine_search_2026-10-09\runs\fine\seed_22\candidate_3\attempt_001\experiment_3\final.zip,12.836426568001436,3.469354838709677,4.7337278106508895,4.0,12.836426568001414,3.5849999999999973,-2.3255813953488413,-1.0,-4.347826086956519,-10.0
16,Sensitivity-DQN,8017,random,26.62948207171315,114.5,22.28,48.0,200,41,22,-160.30830833333331,251,51,0,3,0,0,300.0,3,0.2,0.4,0.6,3,0.2,0.4,0.6,22,22,50000,8017,random,validation,False,658c6c23978d040d2ba3fee1c2044362083690f1063d980fbf123a6eeec43fd8,C:\Users\권민우\traffic-control\model\results\reward_fine_search_2026-10-09\runs\fine\seed_22\candidate_3\attempt_001\experiment_3\final.zip,22.653454445361977,4.918326693227094,22.459893048128343,21.0,22.653454445361977,4.115000000000002,-2.3809523809523836,-1.0,-3.3816425120772986,-7.0
17,Sensitivity-DQN,8018,random,10.38076923076923,45.0,4.498333333333333,14.0,123,41,23,-63.20706666666662,130,7,0,1,0,0,300.0,3,0.2,0.4,0.6,3,0.2,0.4,0.6,22,22,50000,8018,random,validation,False,f44facdd126218ef97befa1789def0801faaa77ceb04886a6bc156a900691cfc,C:\Users\권민우\traffic-control\model\results\reward_fine_search_2026-10-09\runs\fine\seed_22\candidate_3\attempt_001\experiment_3\final.zip,-5.331462644686069,-0.5846153846153843,2.2727272727272707,1.0,-5.331462644686081,-0.25333333333333385,-2.3809523809523836,-1.0,1.6528925619834656,2.0
18,Sensitivity-DQN,8019,random,34.30095541401274,87.5,35.901666666666664,69.0,222,43,24,-196.29070000000016,314,92,0,3,0,0,300.0,3,0.2,0.4,0.6,3,0.2,0.4,0.6,22,22,50000,8019,random,validation,False,52131aa9c898a5842eac0e7769a57b7442cca0dfa41dd4cce841370fc6b0060c,C:\Users\권민우\traffic-control\model\results\reward_fine_search_2026-10-09\runs\fine\seed_22\candidate_3\attempt_001\experiment_3\final.zip,10.608472400513481,3.2898089171974547,-31.10236220472441,-39.5,10.608472400513458,3.443333333333328,2.3809523809523725,1.0,-7.1129707112970735,-17.0
19,Sensitivity-DQN,8020,random,18.895238095238096,58.5,13.226666666666667,34.0,180,43,19,-106.93204999999999,210,30,0,1,0,0,300.0,3,0.2,0.4,0.6,3,0.2,0.4,0.6,22,22,50000,8020,random,validation,False,8b6b3d586b585e66f3e99748305f4810b898bce1de2bf34ea783f93ef8efbc3c,C:\Users\권민우\traffic-control\model\results\reward_fine_search_2026-10-09\runs\fine\seed_22\candidate_3\attempt_001\experiment_3\final.zip,-1.4773432650527552,-0.28333333333333144,-17.6056338028169,-12.5,-1.4773432650527663,-0.19833333333333414,-4.444444444444439,-2.0,-1.098901098901095,-2.0
0,Sensitivity-DQN,8001,random,32.088588588588586,88.5,35.62,84.0,229,45,20,-188.03072499999996,333,104,0,2,0,0,300.0,1,0.2,0.4,0.4,1,0.2,0.4,0.4,22,22,50000,8001,random,validation,False,8dd341828f90c6befd05da39f6398cba989e90169d9b64a606076b6fb9fb603c,C:\Users\권민우\traffic-control\model\results\reward_fine_search_2026-10-09\runs\fine\seed_22\candidate_1\attempt_001\experiment_1\final.zip,0.2533189473190367,0.0810810810810807,-9.693877551020414,-9.5,0.2580100389360407,0.09166666666666146,15.384615384615374,6.0,-6.530612244897959,-16.0
1,Sensitivity-DQN,8002,random,16.9,68.5,12.675,30.0,199,46,17,-101.90312499999999,225,26,0,2,0,0,300.0,1,0.2,0.4,0.4,1,0.2,0.4,0.4,22,22,50000,8002,random,validation,False,2821177a095106802fb7dc55d27cc7e848d70ca889c81c04df6e242d9b95dc2c,C:\Users\권민우\traffic-control\model\results\reward_fine_search_2026-10-09\runs\fine\seed_22\candidate_1\attempt_001\experiment_1\final.zip,-0.5362280931205832,-0.09111111111111114,7.03125,4.5,-0.5362280931205832,-0.06833333333333336,4.545454545454541,2.0,-4.784688995215314,-10.0
2,Sensitivity-DQN,8003,random,16.15846994535519,70.5,9.856666666666667,22.0,170,46,19,-91.63594166666667,183,13,0,2,0,0,300.0,1,0.2,0.4,0.4,1,0.2,0.4,0.4,22,22,50000,8003,random,validation,False,9354c03af629ff819755229f14e05b8a1326de925c77653ba23425fd1637b4b4,C:\Users\권민우\traffic-control\model\results\reward_fine_search_2026-10-09\runs\fine\seed_22\candidate_1\attempt_001\experiment_1\final.zip,-9.363984674329506,-1.669398907103826,-6.000000000000005,-4.5,-9.363984674329496,-1.0183333333333326,-2.127659574468088,-1.0,3.658536585365857,6.0
3,Sensitivity-DQN,8004,random,15.542056074766355,67.0,11.086666666666666,28.0,191,44,21,-91.31850833333331,214,23,0,2,0,0,300.0,1,0.2,0.4,0.4,1,0.2,0.4,0.4,22,22,50000,8004,random,validation,False,b79c500713d892f6e4ec75115e41bf065a3f2b239f70ef745728c491621d13e9,C:\Users\권민우\traffic-control\model\results\reward_fine_search_2026-10-09\runs\fine\seed_22\candidate_1\attempt_001\experiment_1\final.zip,-5.779036827195472,-0.9532710280373831,20.72072072072073,11.5,-5.779036827195483,-0.6800000000000015,-4.347826086956519,-2.0,4.94505494505495,9.0
4,Sensitivity-DQN,8005,random,31.16190476190476,82.5,32.72,89.0,218,43,22,-176.28625000000002,315,97,0,2,0,0,300.0,1,0.2,0.4,0.4,1,0.2,0.4,0.4,22,22,50000,8005,random,validation,False,dad8b07ae7aacd3f44de4c3b859fd5a3b640cf23c3bd71481a1f0ec1a70332aa,C:\Users\권민우\traffic-control\model\results\reward_fine_search_2026-10-09\runs\fine\seed_22\candidate_1\attempt_001\experiment_1\final.zip,7.40193664861315,2.1476190476190453,-5.1724137931034475,-4.5,7.40193664861315,2.254999999999999,4.878048780487809,2.0,-11.020408163265305,-27.0
5,Sensitivity-DQN,8006,random,13.091666666666667,62.5,7.855,18.0,156,50,19,-77.02353333333336,180,24,0,1,0,0,300.0,1,0.2,0.4,0.4,1,0.2,0.4,0.4,22,22,50000,8006,random,validation,False,ef2f623673927b137a233a73ec5cbcb6c8ce5ecf794f5e6abec53433d205ec06,C:\Users\권민우\traffic-control\model\results\reward_fine_search_2026-10-09\runs\fine\seed_22\candidate_1\attempt_001\experiment_1\final.zip,-4.595141700404848,-0.6305555555555546,26.262626262626256,13.0,-4.595141700404848,-0.3783333333333321,19.047619047619047,8.0,-3.703703703703709,-6.0
6,Sensitivity-DQN,8007,random,24.665198237885463,71.5,18.663333333333334,49.0,183,45,20,-130.33365,227,44,0,2,0,0,300.0,1,0.2,0.4,0.4,1,0.2,0.4,0.4,22,22,50000,8007,random,validation,False,fa89c69d4df65396b556c47c51886af5f1a02287f4ec90fae5d842865d09b2b9,C:\Users\권민우\traffic-control\model\results\reward_fine_search_2026-10-09\runs\fine\seed_22\candidate_1\attempt_001\experiment_1\final.zip,-4.535379369138958,-1.1718061674008808,-27.41116751269036,-27.0,-4.535379369138958,-0.8866666666666667,0.0,0.0,1.104972375690605,2.0
7,Sensitivity-DQN,8008,random,16.145933014354068,68.5,11.248333333333333,30.0,187,47,16,-94.45042500000004,209,22,0,1,0,0,300.0,1,0.2,0.4,0.4,1,0.2,0.4,0.4,22,22,50000,8008,random,validation,False,85fdc4042e94b886aca1df437c5f5a2d379d3c3162408629c0b305b7392e680b,C:\Users\권민우\traffic-control\model\results\reward_fine_search_2026-10-09\runs\fine\seed_22\candidate_1\attempt_001\experiment_1\final.zip,36.868789292232826,4.349282296650719,34.31372549019607,17.5,36.868789292232805,3.0299999999999994,9.302325581395344,4.0,-3.1088082901554404,-6.0
8,Sensitivity-DQN,8009,random,12.016129032258064,57.5,7.45,19.0,178,42,18,-73.35793333333332,186,8,0,2,0,0,300.0,1,0.2,0.4,0.4,1,0.2,0.4,0.4,22,22,50000,8009,random,validation,False,776e63c43ae4b74af8684e652ee35e575d3c68422d440ebcdb28cfcfa668a94e,C:\Users\권민우\traffic-control\model\results\reward_fine_search_2026-10-09\runs\fine\seed_22\candidate_1\attempt_001\experiment_1\final.zip,-18.34124954329558,-2.698924731182796,-12.878787878787879,-8.5,-18.34124954329558,-1.673333333333333,-4.545454545454541,-2.0,1.1363636363636465,2.0
9,Sensitivity-DQN,8010,random,28.646341463414632,96.0,27.405,62.0,218,42,20,-159.23055833333342,287,69,0,1,0,0,300.0,1,0.2,0.4,0.4,1,0.2,0.4,0.4,22,22,50000,8010,random,validation,False,a840059b85bbd9b6a912132b0c970d4d51ecdf0326cf009aaea2e9fad68f7bba,C:\Users\권민우\traffic-control\model\results\reward_fine_search_2026-10-09\runs\fine\seed_22\candidate_1\attempt_001\experiment_1\final.zip,-4.323286395903658,-1.2944250871080172,-10.697674418604652,-11.5,-4.328853203002259,-1.2399999999999984,-10.63829787234043,-5.0,10.1010101010101,20.0
10,Sensitivity-DQN,8011,random,36.87908496732026,111.5,37.61666666666667,74.0,216,45,20,-211.58265833333323,306,90,0,1,0,0,300.0,1,0.2,0.4,0.4,1,0.2,0.4,0.4,22,22,50000,8011,random,validation,False,3cb7167c2c2b34c1ebf11e7fdb965ba96a41e8a0e843c8e986e324a3722c4171,C:\Users\권민우\traffic-control\model\results\reward_fine_search_2026-10-09\runs\fine\seed_22\candidate_1\attempt_001\experiment_1\final.zip,3.832175553204209,1.3611111111111072,5.687203791469186,6.0,3.832175553204209,1.3883333333333354,4.651162790697683,2.0,-4.845814977973573,-11.0
11,Sensitivity-DQN,8012,random,28.314873417721518,81.0,29.825,76.0,219,43,21,-155.81975000000006,316,97,0,2,0,0,300.0,1,0.2,0.4,0.4,1,0.2,0.4,0.4,22,22,50000,8012,random,validation,False,a43af6ff2bb883b6d9a617961af61470161a2cebdc9b5d49bdb4318dbb7f654b,C:\Users\권민우\traffic-control\model\results\reward_fine_search_2026-10-09\runs\fine\seed_22\candidate_1\attempt_001\experiment_1\final.zip,-1.8322453233858171,-0.5284810126582293,-14.73684210526316,-14.0,-1.8322453233858171,-0.5566666666666684,2.3809523809523725,1.0,0.4587155963302836,1.0
12,Sensitivity-DQN,8013,random,18.02851711026616,70.0,15.805,45.0,208,44,21,-109.4955,263,55,0,1,0,0,300.0,1,0.2,0.4,0.4,1,0.2,0.4,0.4,22,22,50000,8013,random,validation,False,dc72dfa2fd6460529e83df749d8d9abea9bcee3755fb816ec851d7258e8920db,C:\Users\권민우\traffic-control\model\results\reward_fine_search_2026-10-09\runs\fine\seed_22\candidate_1\attempt_001\experiment_1\final.zip,1.8035426731079163,0.31939163498099177,-0.7092198581560294,-0.5,1.803542673107894,0.27999999999999936,4.761904761904767,2.0,-7.14285714285714,-16.0
13,Sensitivity-DQN,8014,random,20.674568965517242,90.0,15.988333333333333,44.0,182,47,21,-115.50442499999998,232,50,0,2,0,0,300.0,1,0.2,0.4,0.4,1,0.2,0.4,0.4,22,22,50000,8014,random,validation,False,55cd1036a4d9d8cba7cc7d7ac04aa9661b6e4c0235b398b071eadc518fa79e7e,C:\Users\권민우\traffic-control\model\results\reward_fine_search_2026-10-09\runs\fine\seed_22\candidate_1\attempt_001\experiment_1\final.zip,2.6867908370798554,0.5409482758620712,-13.875598086124397,-14.5,2.6867908370798554,0.418333333333333,6.818181818181812,3.0,-2.67379679144385,-5.0
14,Sensitivity-DQN,8015,random,21.92086330935252,89.0,20.313333333333333,50.0,225,47,20,-133.80950833333335,278,53,0,3,0,0,300.0,1,0.2,0.4,0.4,1,0.2,0.4,0.4,22,22,50000,8015,random,validation,False,4b5952cea76dd251669c9507a7f12fefeb3138a19302395b7893ec16755927b3,C:\Users\권민우\traffic-control\model\results\reward_fine_search_2026-10-09\runs\fine\seed_22\candidate_1\attempt_001\experiment_1\final.zip,-5.555986051917861,-1.2895683453237403,2.8901734104046284,2.5,-5.555986051917861,-1.1950000000000003,4.444444444444451,2.0,0.0,0.0
15,Sensitivity-DQN,8016,random,31.233870967741936,94.0,32.275,69.0,219,43,20,-177.33124999999993,310,91,0,2,0,0,300.0,1,0.2,0.4,0.4,1,0.2,0.4,0.4,22,22,50000,8016,random,validation,False,5d676c5c894eac0f3d9f703037c1ebf9802829a4819393f69c0acc1492442857,C:\Users\권민우\traffic-control\model\results\reward_fine_search_2026-10-09\runs\fine\seed_22\candidate_1\attempt_001\experiment_1\final.zip,15.563645043862273,4.206451612903226,11.242603550295849,9.5,15.563645043862252,4.346666666666664,0.0,0.0,-4.7826086956521685,-11.0
16,Sensitivity-DQN,8017,random,22.53187250996016,78.5,18.851666666666667,45.0,206,45,19,-125.716675,251,45,0,3,0,0,300.0,1,0.2,0.4,0.4,1,0.2,0.4,0.4,22,22,50000,8017,random,validation,False,658c6c23978d040d2ba3fee1c2044362083690f1063d980fbf123a6eeec43fd8,C:\Users\권민우\traffic-control\model\results\reward_fine_search_2026-10-09\runs\fine\seed_22\candidate_1\attempt_001\experiment_1\final.zip,3.7801633177355853,0.8207171314741046,-16.042780748663098,-15.0,3.7801633177355853,0.6866666666666674,7.14285714285714,3.0,-0.48309178743961567,-1.0
17,Sensitivity-DQN,8018,random,8.942307692307692,40.5,3.875,12.0,125,42,21,-50.44825000000002,130,5,0,1,0,0,300.0,1,0.2,0.4,0.4,1,0.2,0.4,0.4,22,22,50000,8018,random,validation,False,f44facdd126218ef97befa1789def0801faaa77ceb04886a6bc156a900691cfc,C:\Users\권민우\traffic-control\model\results\reward_fine_search_2026-10-09\runs\fine\seed_22\candidate_1\attempt_001\experiment_1\final.zip,-18.449666783584707,-2.023076923076923,-7.954545454545459,-3.5,-18.449666783584707,-0.8766666666666669,0.0,0.0,3.305785123966931,4.0
18,Sensitivity-DQN,8019,random,31.754777070063696,98.5,33.236666666666665,77.0,243,43,21,-185.25796666666665,314,71,0,3,0,0,300.0,1,0.2,0.4,0.4,1,0.2,0.4,0.4,22,22,50000,8019,random,validation,False,52131aa9c898a5842eac0e7769a57b7442cca0dfa41dd4cce841370fc6b0060c,C:\Users\권민우\traffic-control\model\results\reward_fine_search_2026-10-09\runs\fine\seed_22\candidate_1\attempt_001\experiment_1\final.zip,2.397946084724012,0.7436305732484101,-22.44094488188977,-28.5,2.3979460847239897,0.7783333333333289,2.3809523809523725,1.0,1.673640167364021,4.0
19,Sensitivity-DQN,8020,random,17.25,69.0,12.075,29.0,186,46,19,-96.1533416666667,210,24,0,1,0,0,300.0,1,0.2,0.4,0.4,1,0.2,0.4,0.4,22,22,50000,8020,random,validation,False,8b6b3d586b585e66f3e99748305f4810b898bce1de2bf34ea783f93ef8efbc3c,C:\Users\권민우\traffic-control\model\results\reward_fine_search_2026-10-09\runs\fine\seed_22\candidate_1\attempt_001\experiment_1\final.zip,-10.0558659217877,-1.928571428571427,-2.8169014084507005,-2.0,-10.05586592178772,-1.3500000000000014,2.2222222222222143,1.0,2.19780219780219,4.0
0,Sensitivity-DQN,8001,random,34.18468468468468,87.5,37.946666666666665,76.0,239,40,18,-208.93920833333326,333,94,0,2,0,0,300.0,6,0.2,0.5,0.6,6,0.2,0.5,0.6,22,22,50000,8001,random,validation,False,8dd341828f90c6befd05da39f6398cba989e90169d9b64a606076b6fb9fb603c,C:\Users\권민우\traffic-control\model\results\reward_fine_search_2026-10-09\runs\fine\seed_22\candidate_6\attempt_001\experiment_6\final.zip,6.802082844677959,2.177177177177178,-10.71428571428571,-10.5,6.806773936294963,2.4183333333333294,2.564102564102555,1.0,-2.4489795918367308,-6.0
1,Sensitivity-DQN,8002,random,17.444444444444443,73.0,13.083333333333334,29.0,195,41,18,-119.36481666666663,225,30,0,2,0,0,300.0,6,0.2,0.5,0.6,6,0.2,0.5,0.6,22,22,50000,8002,random,validation,False,2821177a095106802fb7dc55d27cc7e848d70ca889c81c04df6e242d9b95dc2c,C:\Users\권민우\traffic-control\model\results\reward_fine_search_2026-10-09\runs\fine\seed_22\candidate_6\attempt_001\experiment_6\final.zip,2.6680617316243715,0.45333333333333314,14.0625,9.0,2.6680617316243715,0.33999999999999986,-6.818181818181824,-3.0,-6.6985645933014375,-14.0
2,Sensitivity-DQN,8003,random,11.901639344262295,49.0,7.26,21.0,176,40,18,-83.09312499999997,183,7,0,2,0,0,300.0,6,0.2,0.5,0.6,6,0.2,0.5,0.6,22,22,50000,8003,random,validation,False,9354c03af629ff819755229f14e05b8a1326de925c77653ba23425fd1637b4b4,C:\Users\권민우\traffic-control\model\results\reward_fine_search_2026-10-09\runs\fine\seed_22\candidate_6\attempt_001\experiment_6\final.zip,-33.24137931034483,-5.926229508196721,-34.66666666666667,-26.0,-33.24137931034483,-3.615,-14.893617021276595,-7.0,7.317073170731714,12.0
3,Sensitivity-DQN,8004,random,15.44626168224299,78.5,11.018333333333333,31.0,189,43,20,-114.1798416666667,214,25,0,2,0,0,300.0,6,0.2,0.5,0.6,6,0.2,0.5,0.6,22,22,50000,8004,random,validation,False,b79c500713d892f6e4ec75115e41bf065a3f2b239f70ef745728c491621d13e9,C:\Users\권민우\traffic-control\model\results\reward_fine_search_2026-10-09\runs\fine\seed_22\candidate_6\attempt_001\experiment_6\final.zip,-6.359773371104815,-1.0490654205607477,41.44144144144144,23.0,-6.3597733711048265,-0.7483333333333348,-6.521739130434778,-3.0,3.8461538461538547,7.0
4,Sensitivity-DQN,8005,random,34.833333333333336,111.0,36.575,107.0,205,44,22,-203.70002499999987,315,110,0,2,0,0,300.0,6,0.2,0.5,0.6,6,0.2,0.5,0.6,22,22,50000,8005,random,validation,False,dad8b07ae7aacd3f44de4c3b859fd5a3b640cf23c3bd71481a1f0ec1a70332aa,C:\Users\권민우\traffic-control\model\results\reward_fine_search_2026-10-09\runs\fine\seed_22\candidate_6\attempt_001\experiment_6\final.zip,20.055801739701295,5.81904761904762,27.586206896551737,24.0,20.055801739701295,6.110000000000003,7.317073170731714,3.0,-16.326530612244895,-40.0
5,Sensitivity-DQN,8006,random,16.725,47.5,10.035,24.0,157,41,20,-97.74419166666658,180,23,0,1,0,0,300.0,6,0.2,0.5,0.6,6,0.2,0.5,0.6,22,22,50000,8006,random,validation,False,ef2f623673927b137a233a73ec5cbcb6c8ce5ecf794f5e6abec53433d205ec06,C:\Users\권민우\traffic-control\model\results\reward_fine_search_2026-10-09\runs\fine\seed_22\candidate_6\attempt_001\experiment_6\final.zip,21.882591093117433,3.00277777777778,-4.040404040404044,-2.0,21.882591093117433,1.8016666666666676,-2.3809523809523836,-1.0,-3.0864197530864224,-5.0
6,Sensitivity-DQN,8007,random,21.709251101321588,84.5,16.426666666666666,34.0,196,42,22,-139.67710000000002,227,31,0,2,0,0,300.0,6,0.2,0.5,0.6,6,0.2,0.5,0.6,22,22,50000,8007,random,validation,False,fa89c69d4df65396b556c47c51886af5f1a02287f4ec90fae5d842865d09b2b9,C:\Users\권민우\traffic-control\model\results\reward_fine_search_2026-10-09\runs\fine\seed_22\candidate_6\attempt_001\experiment_6\final.zip,-15.976129582267685,-4.127753303964756,-14.213197969543145,-14.0,-15.976129582267696,-3.123333333333335,-6.666666666666665,-3.0,8.287292817679548,15.0
7,Sensitivity-DQN,8008,random,14.289473684210526,55.5,9.955,26.0,184,45,19,-103.81196666666666,209,25,0,1,0,0,300.0,6,0.2,0.5,0.6,6,0.2,0.5,0.6,22,22,50000,8008,random,validation,False,85fdc4042e94b886aca1df437c5f5a2d379d3c3162408629c0b305b7392e680b,C:\Users\권민우\traffic-control\model\results\reward_fine_search_2026-10-09\runs\fine\seed_22\candidate_6\attempt_001\experiment_6\final.zip,21.131616305009125,2.492822966507177,8.823529411764696,4.5,21.131616305009125,1.7366666666666664,4.651162790697683,2.0,-4.6632124352331665,-9.0
8,Sensitivity-DQN,8009,random,13.89247311827957,49.0,8.613333333333333,21.0,176,41,21,-90.305025,186,10,0,2,0,0,300.0,6,0.2,0.5,0.6,6,0.2,0.5,0.6,22,22,50000,8009,random,validation,False,776e63c43ae4b74af8684e652ee35e575d3c68422d440ebcdb28cfcfa668a94e,C:\Users\권민우\traffic-control\model\results\reward_fine_search_2026-10-09\runs\fine\seed_22\candidate_6\attempt_001\experiment_6\final.zip,-5.590062111801242,-0.82258064516129,-25.757575757575758,-17.0,-5.590062111801242,-0.5099999999999998,-6.818181818181824,-3.0,0.0,0.0
9,Sensitivity-DQN,8010,random,30.05923344947735,99.5,28.756666666666668,67.0,210,42,23,-200.75835000000004,287,77,0,1,0,0,300.0,6,0.2,0.5,0.6,6,0.2,0.5,0.6,22,22,50000,8010,random,validation,False,a840059b85bbd9b6a912132b0c970d4d51ecdf0326cf009aaea2e9fad68f7bba,C:\Users\권민우\traffic-control\model\results\reward_fine_search_2026-10-09\runs\fine\seed_22\candidate_6\attempt_001\experiment_6\final.zip,0.39567089491445717,0.11846689895470064,-7.441860465116279,-8.0,0.38982952231338963,0.11166666666666814,-10.63829787234043,-5.0,6.060606060606055,12.0
10,Sensitivity-DQN,8011,random,35.12581699346405,114.5,35.82833333333333,71.0,233,41,21,-238.73171666666667,306,73,0,1,0,0,300.0,6,0.2,0.5,0.6,6,0.2,0.5,0.6,22,22,50000,8011,random,validation,False,3cb7167c2c2b34c1ebf11e7fdb965ba96a41e8a0e843c8e986e324a3722c4171,C:\Users\권민우\traffic-control\model\results\reward_fine_search_2026-10-09\runs\fine\seed_22\candidate_6\attempt_001\experiment_6\final.zip,-1.1041082026038707,-0.39215686274510375,8.530805687203792,9.0,-1.1041082026038485,-0.3999999999999986,-4.651162790697672,-2.0,2.643171806167399,6.0
11,Sensitivity-DQN,8012,random,32.075949367088604,96.5,33.78666666666667,81.0,209,42,22,-187.46989166666665,316,107,0,2,0,0,300.0,6,0.2,0.5,0.6,6,0.2,0.5,0.6,22,22,50000,8012,random,validation,False,a43af6ff2bb883b6d9a617961af61470161a2cebdc9b5d49bdb4318dbb7f654b,C:\Users\권민우\traffic-control\model\results\reward_fine_search_2026-10-09\runs\fine\seed_22\candidate_6\attempt_001\experiment_6\final.zip,11.20741675352459,3.232594936708857,1.5789473684210575,1.5,11.207416753524612,3.405000000000001,0.0,0.0,-4.128440366972475,-9.0
12,Sensitivity-DQN,8013,random,22.184410646387832,69.5,19.448333333333334,49.0,199,45,22,-144.59616666666668,263,64,0,1,0,0,300.0,6,0.2,0.5,0.6,6,0.2,0.5,0.6,22,22,50000,8013,random,validation,False,dc72dfa2fd6460529e83df749d8d9abea9bcee3755fb816ec851d7258e8920db,C:\Users\권민우\traffic-control\model\results\reward_fine_search_2026-10-09\runs\fine\seed_22\candidate_6\attempt_001\experiment_6\final.zip,25.271068169618903,4.475285171102662,-1.4184397163120588,-1.0,25.271068169618903,3.923333333333334,7.14285714285714,3.0,-11.16071428571429,-25.0
13,Sensitivity-DQN,8014,random,22.59051724137931,84.0,17.47,37.0,183,44,24,-139.12020833333332,232,49,0,2,0,0,300.0,6,0.2,0.5,0.6,6,0.2,0.5,0.6,22,22,50000,8014,random,validation,False,55cd1036a4d9d8cba7cc7d7ac04aa9661b6e4c0235b398b071eadc518fa79e7e,C:\Users\권민우\traffic-control\model\results\reward_fine_search_2026-10-09\runs\fine\seed_22\candidate_6\attempt_001\experiment_6\final.zip,12.202954399486199,2.456896551724139,-19.61722488038278,-20.5,12.202954399486178,1.8999999999999986,0.0,0.0,-2.1390374331550777,-4.0
14,Sensitivity-DQN,8015,random,27.084532374100718,96.0,25.098333333333333,56.0,218,44,21,-174.78185000000008,278,60,0,3,0,0,300.0,6,0.2,0.5,0.6,6,0.2,0.5,0.6,22,22,50000,8015,random,validation,False,4b5952cea76dd251669c9507a7f12fefeb3138a19302395b7893ec16755927b3,C:\Users\권민우\traffic-control\model\results\reward_fine_search_2026-10-09\runs\fine\seed_22\candidate_6\attempt_001\experiment_6\final.zip,16.691204959318085,3.874100719424458,10.982658959537561,9.5,16.691204959318085,3.59,-2.2222222222222254,-1.0,-3.111111111111109,-7.0
15,Sensitivity-DQN,8016,random,27.65,107.5,28.571666666666665,71.0,227,44,20,-191.25665833333335,310,83,0,2,0,0,300.0,6,0.2,0.5,0.6,6,0.2,0.5,0.6,22,22,50000,8016,random,validation,False,5d676c5c894eac0f3d9f703037c1ebf9802829a4819393f69c0acc1492442857,C:\Users\권민우\traffic-control\model\results\reward_fine_search_2026-10-09\runs\fine\seed_22\candidate_6\attempt_001\experiment_6\final.zip,2.303514948976537,0.622580645161289,27.21893491124261,23.0,2.303514948976537,0.6433333333333309,2.3255813953488413,1.0,-1.30434782608696,-3.0
16,Sensitivity-DQN,8017,random,24.171314741035857,90.5,20.223333333333333,49.0,206,42,23,-155.40210000000002,251,45,0,3,0,0,300.0,6,0.2,0.5,0.6,6,0.2,0.5,0.6,22,22,50000,8017,random,validation,False,658c6c23978d040d2ba3fee1c2044362083690f1063d980fbf123a6eeec43fd8,C:\Users\권민우\traffic-control\model\results\reward_fine_search_2026-10-09\runs\fine\seed_22\candidate_6\attempt_001\experiment_6\final.zip,11.331314799522897,2.4601593625498026,-3.208556149732622,-3.0,11.331314799522897,2.0583333333333336,0.0,0.0,-0.48309178743961567,-1.0
17,Sensitivity-DQN,8018,random,8.692307692307692,49.5,3.7666666666666666,10.0,124,39,19,-62.06962500000001,130,6,0,1,0,0,300.0,6,0.2,0.5,0.6,6,0.2,0.5,0.6,22,22,50000,8018,random,validation,False,f44facdd126218ef97befa1789def0801faaa77ceb04886a6bc156a900691cfc,C:\Users\권민우\traffic-control\model\results\reward_fine_search_2026-10-09\runs\fine\seed_22\candidate_6\attempt_001\experiment_6\final.zip,-20.729568572430722,-2.273076923076923,12.5,5.5,-20.729568572430736,-0.9850000000000003,-7.14285714285714,-3.0,2.4793388429751984,3.0
18,Sensitivity-DQN,8019,random,31.97452229299363,117.5,33.46666666666667,60.0,247,42,22,-218.66730000000007,314,67,0,3,0,0,300.0,6,0.2,0.5,0.6,6,0.2,0.5,0.6,22,22,50000,8019,random,validation,False,52131aa9c898a5842eac0e7769a57b7442cca0dfa41dd4cce841370fc6b0060c,C:\Users\권민우\traffic-control\model\results\reward_fine_search_2026-10-09\runs\fine\seed_22\candidate_6\attempt_001\experiment_6\final.zip,3.106546854942227,0.9633757961783438,-7.480314960629919,-9.5,3.106546854942227,1.0083333333333329,0.0,0.0,3.347280334728042,8.0
19,Sensitivity-DQN,8020,random,20.776190476190475,67.0,14.543333333333333,36.0,178,40,25,-121.99590833333338,210,32,0,1,0,0,300.0,6,0.2,0.5,0.6,6,0.2,0.5,0.6,22,22,50000,8020,random,validation,False,8b6b3d586b585e66f3e99748305f4810b898bce1de2bf34ea783f93ef8efbc3c,C:\Users\권민우\traffic-control\model\results\reward_fine_search_2026-10-09\runs\fine\seed_22\candidate_6\attempt_001\experiment_6\final.zip,8.330229671011802,1.5976190476190482,-5.633802816901412,-4.0,8.330229671011779,1.1183333333333323,-11.111111111111116,-5.0,-2.197802197802201,-4.0
0,Sensitivity-DQN,8001,random,32.13813813813814,93.5,35.67333333333333,73.0,236,43,18,-205.2592250000001,333,97,0,2,0,0,300.0,4,0.2,0.5,0.4,4,0.2,0.5,0.4,22,22,50000,8001,random,validation,False,8dd341828f90c6befd05da39f6398cba989e90169d9b64a606076b6fb9fb603c,C:\Users\권민우\traffic-control\model\results\reward_fine_search_2026-10-09\runs\fine\seed_22\candidate_4\attempt_001\experiment_4\final.zip,0.4081249706806789,0.13063063063063396,-4.591836734693877,-4.5,0.4081249706806567,0.14499999999999602,10.256410256410264,4.0,-3.6734693877551017,-9.0
1,Sensitivity-DQN,8002,random,19.64,65.0,14.73,34.0,199,44,16,-115.30201666666662,225,26,0,2,0,0,300.0,4,0.2,0.5,0.4,4,0.2,0.5,0.4,22,22,50000,8002,random,validation,False,2821177a095106802fb7dc55d27cc7e848d70ca889c81c04df6e242d9b95dc2c,C:\Users\권민우\traffic-control\model\results\reward_fine_search_2026-10-09\runs\fine\seed_22\candidate_4\attempt_001\experiment_4\final.zip,15.589850902432655,2.648888888888891,1.5625,1.0,15.589850902432634,1.9866666666666664,0.0,0.0,-4.784688995215314,-10.0
2,Sensitivity-DQN,8003,random,16.3224043715847,59.0,9.956666666666667,23.0,167,47,19,-95.97245000000002,183,16,0,2,0,0,300.0,4,0.2,0.5,0.4,4,0.2,0.5,0.4,22,22,50000,8003,random,validation,False,9354c03af629ff819755229f14e05b8a1326de925c77653ba23425fd1637b4b4,C:\Users\권민우\traffic-control\model\results\reward_fine_search_2026-10-09\runs\fine\seed_22\candidate_4\attempt_001\experiment_4\final.zip,-8.444444444444443,-1.5054644808743163,-21.333333333333336,-16.0,-8.444444444444443,-0.918333333333333,0.0,0.0,1.8292682926829285,3.0
3,Sensitivity-DQN,8004,random,15.02803738317757,88.0,10.72,29.0,196,43,20,-108.17451666666669,214,18,0,2,0,0,300.0,4,0.2,0.5,0.4,4,0.2,0.5,0.4,22,22,50000,8004,random,validation,False,b79c500713d892f6e4ec75115e41bf065a3f2b239f70ef745728c491621d13e9,C:\Users\권민우\traffic-control\model\results\reward_fine_search_2026-10-09\runs\fine\seed_22\candidate_4\attempt_001\experiment_4\final.zip,-8.89518413597733,-1.4672897196261676,58.55855855855856,32.5,-8.895184135977342,-1.0466666666666669,-6.521739130434778,-3.0,7.692307692307687,14.0
4,Sensitivity-DQN,8005,random,26.134920634920636,88.5,27.441666666666666,69.0,242,45,22,-170.71446666666662,315,73,0,2,0,0,300.0,4,0.2,0.5,0.4,4,0.2,0.5,0.4,22,22,50000,8005,random,validation,False,dad8b07ae7aacd3f44de4c3b859fd5a3b640cf23c3bd71481a1f0ec1a70332aa,C:\Users\권민우\traffic-control\model\results\reward_fine_search_2026-10-09\runs\fine\seed_22\candidate_4\attempt_001\experiment_4\final.zip,-9.923956452759997,-2.87936507936508,1.724137931034475,1.5,-9.923956452759997,-3.0233333333333334,9.756097560975618,4.0,-1.224489795918371,-3.0
5,Sensitivity-DQN,8006,random,13.275,55.0,7.965,23.0,159,43,21,-79.46173333333334,180,21,0,1,0,0,300.0,4,0.2,0.5,0.4,4,0.2,0.5,0.4,22,22,50000,8006,random,validation,False,ef2f623673927b137a233a73ec5cbcb6c8ce5ecf794f5e6abec53433d205ec06,C:\Users\권민우\traffic-control\model\results\reward_fine_search_2026-10-09\runs\fine\seed_22\candidate_4\attempt_001\experiment_4\final.zip,-3.259109311740882,-0.4472222222222211,11.111111111111116,5.5,-3.259109311740882,-0.26833333333333265,2.3809523809523725,1.0,-1.851851851851849,-3.0
6,Sensitivity-DQN,8007,random,24.277533039647576,81.0,18.37,40.0,185,43,18,-142.48278333333337,227,42,0,2,0,0,300.0,4,0.2,0.5,0.4,4,0.2,0.5,0.4,22,22,50000,8007,random,validation,False,fa89c69d4df65396b556c47c51886af5f1a02287f4ec90fae5d842865d09b2b9,C:\Users\권민우\traffic-control\model\results\reward_fine_search_2026-10-09\runs\fine\seed_22\candidate_4\attempt_001\experiment_4\final.zip,-6.035805626598467,-1.5594713656387675,-17.76649746192893,-17.5,-6.035805626598467,-1.1799999999999997,-4.444444444444439,-2.0,2.20994475138121,4.0
7,Sensitivity-DQN,8008,random,14.92822966507177,51.5,10.4,25.0,188,45,17,-92.474525,209,21,0,1,0,0,300.0,4,0.2,0.5,0.4,4,0.2,0.5,0.4,22,22,50000,8008,random,validation,False,85fdc4042e94b886aca1df437c5f5a2d379d3c3162408629c0b305b7392e680b,C:\Users\권민우\traffic-control\model\results\reward_fine_search_2026-10-09\runs\fine\seed_22\candidate_4\attempt_001\experiment_4\final.zip,26.54633948489151,3.1315789473684212,0.9803921568627416,0.5,26.54633948489149,2.1816666666666666,4.651162790697683,2.0,-2.590673575129532,-5.0
8,Sensitivity-DQN,8009,random,15.088709677419354,79.5,9.355,29.0,174,46,17,-94.485175,186,12,0,2,0,0,300.0,4,0.2,0.5,0.4,4,0.2,0.5,0.4,22,22,50000,8009,random,validation,False,776e63c43ae4b74af8684e652ee35e575d3c68422d440ebcdb28cfcfa668a94e,C:\Users\권민우\traffic-control\model\results\reward_fine_search_2026-10-09\runs\fine\seed_22\candidate_4\attempt_001\experiment_4\final.zip,2.5392765801973027,0.37365591397849407,20.45454545454546,13.5,2.5392765801973027,0.23166666666666735,4.545454545454541,2.0,-1.1363636363636354,-2.0
9,Sensitivity-DQN,8010,random,29.674216027874564,93.5,28.388333333333332,64.0,208,43,18,-177.2319583333333,287,79,0,1,0,0,300.0,4,0.2,0.5,0.4,4,0.2,0.5,0.4,22,22,50000,8010,random,validation,False,a840059b85bbd9b6a912132b0c970d4d51ecdf0326cf009aaea2e9fad68f7bba,C:\Users\권민우\traffic-control\model\results\reward_fine_search_2026-10-09\runs\fine\seed_22\candidate_4\attempt_001\experiment_4\final.zip,-0.8902595135575564,-0.2665505226480853,-13.023255813953494,-14.0,-0.8960260662128405,-0.2566666666666677,-8.510638297872342,-4.0,5.050505050505061,10.0
10,Sensitivity-DQN,8011,random,31.08823529411765,113.0,31.71,62.0,237,44,19,-207.0592666666666,306,69,0,1,0,0,300.0,4,0.2,0.5,0.4,4,0.2,0.5,0.4,22,22,50000,8011,random,validation,False,3cb7167c2c2b34c1ebf11e7fdb965ba96a41e8a0e843c8e986e324a3722c4171,C:\Users\권민우\traffic-control\model\results\reward_fine_search_2026-10-09\runs\fine\seed_22\candidate_4\attempt_001\experiment_4\final.zip,-12.471822238579378,-4.429738562091504,7.109004739336489,7.5,-12.471822238579378,-4.518333333333331,2.3255813953488413,1.0,4.405286343612325,10.0
11,Sensitivity-DQN,8012,random,29.367088607594937,95.5,30.933333333333334,73.0,218,41,23,-184.05975000000004,316,98,0,2,0,0,300.0,4,0.2,0.5,0.4,4,0.2,0.5,0.4,22,22,50000,8012,random,validation,False,a43af6ff2bb883b6d9a617961af61470161a2cebdc9b5d49bdb4318dbb7f654b,C:\Users\권민우\traffic-control\model\results\reward_fine_search_2026-10-09\runs\fine\seed_22\candidate_4\attempt_001\experiment_4\final.zip,1.8157880300619933,0.5237341772151893,0.5263157894736858,0.5,1.8157880300619933,0.5516666666666659,-2.3809523809523836,-1.0,0.0,0.0
12,Sensitivity-DQN,8013,random,16.931558935361217,71.0,14.843333333333334,41.0,216,47,17,-117.46663333333336,263,47,0,1,0,0,300.0,4,0.2,0.5,0.4,4,0.2,0.5,0.4,22,22,50000,8013,random,validation,False,dc72dfa2fd6460529e83df749d8d9abea9bcee3755fb816ec851d7258e8920db,C:\Users\권민우\traffic-control\model\results\reward_fine_search_2026-10-09\runs\fine\seed_22\candidate_4\attempt_001\experiment_4\final.zip,-4.390767579173371,-0.7775665399239529,0.7092198581560183,0.5,-4.390767579173371,-0.6816666666666666,11.904761904761907,5.0,-3.57142857142857,-8.0
13,Sensitivity-DQN,8014,random,25.31896551724138,105.0,19.58,48.0,176,47,23,-138.47871666666668,232,56,0,2,0,0,300.0,4,0.2,0.5,0.4,4,0.2,0.5,0.4,22,22,50000,8014,random,validation,False,55cd1036a4d9d8cba7cc7d7ac04aa9661b6e4c0235b398b071eadc518fa79e7e,C:\Users\권민우\traffic-control\model\results\reward_fine_search_2026-10-09\runs\fine\seed_22\candidate_4\attempt_001\experiment_4\final.zip,25.754656390494567,5.18534482758621,0.4784688995215225,0.5,25.754656390494524,4.009999999999998,6.818181818181812,3.0,-5.882352941176472,-11.0
14,Sensitivity-DQN,8015,random,24.87769784172662,109.5,23.053333333333335,47.0,224,43,23,-169.4777333333334,278,54,0,3,0,0,300.0,4,0.2,0.5,0.4,4,0.2,0.5,0.4,22,22,50000,8015,random,validation,False,4b5952cea76dd251669c9507a7f12fefeb3138a19302395b7893ec16755927b3,C:\Users\권민우\traffic-control\model\results\reward_fine_search_2026-10-09\runs\fine\seed_22\candidate_4\attempt_001\experiment_4\final.zip,7.183262301433557,1.667266187050359,26.589595375722542,23.0,7.183262301433557,1.5450000000000017,-4.444444444444439,-2.0,-0.4444444444444473,-1.0
15,Sensitivity-DQN,8016,random,33.10645161290323,98.0,34.21,94.0,218,45,17,-188.2738083333334,310,92,0,2,0,0,300.0,4,0.2,0.5,0.4,4,0.2,0.5,0.4,22,22,50000,8016,random,validation,False,5d676c5c894eac0f3d9f703037c1ebf9802829a4819393f69c0acc1492442857,C:\Users\권민우\traffic-control\model\results\reward_fine_search_2026-10-09\runs\fine\seed_22\candidate_4\attempt_001\experiment_4\final.zip,22.492092856716607,6.079032258064519,15.976331360946737,13.5,22.49209285671658,6.281666666666666,4.651162790697683,2.0,-5.21739130434783,-12.0
16,Sensitivity-DQN,8017,random,21.5796812749004,78.5,18.055,43.0,202,46,21,-131.43595000000005,251,49,0,3,0,0,300.0,4,0.2,0.5,0.4,4,0.2,0.5,0.4,22,22,50000,8017,random,validation,False,658c6c23978d040d2ba3fee1c2044362083690f1063d980fbf123a6eeec43fd8,C:\Users\권민우\traffic-control\model\results\reward_fine_search_2026-10-09\runs\fine\seed_22\candidate_4\attempt_001\experiment_4\final.zip,-0.6055601431323887,-0.13147410358565637,-16.042780748663098,-15.0,-0.6055601431323998,-0.10999999999999943,9.523809523809534,4.0,-2.4154589371980673,-5.0
17,Sensitivity-DQN,8018,random,7.961538461538462,50.5,3.45,12.0,124,46,19,-52.31849999999998,130,6,0,1,0,0,300.0,4,0.2,0.5,0.4,4,0.2,0.5,0.4,22,22,50000,8018,random,validation,False,f44facdd126218ef97befa1789def0801faaa77ceb04886a6bc156a900691cfc,C:\Users\권민우\traffic-control\model\results\reward_fine_search_2026-10-09\runs\fine\seed_22\candidate_4\attempt_001\experiment_4\final.zip,-27.393896878288317,-3.003846153846153,14.77272727272727,6.5,-27.393896878288317,-1.3016666666666667,9.523809523809534,4.0,2.4793388429751984,3.0
18,Sensitivity-DQN,8019,random,28.10031847133758,134.5,29.411666666666665,59.0,255,42,20,-211.17443333333335,314,59,0,3,0,0,300.0,4,0.2,0.5,0.4,4,0.2,0.5,0.4,22,22,50000,8019,random,validation,False,52131aa9c898a5842eac0e7769a57b7442cca0dfa41dd4cce841370fc6b0060c,C:\Users\권민우\traffic-control\model\results\reward_fine_search_2026-10-09\runs\fine\seed_22\candidate_4\attempt_001\experiment_4\final.zip,-9.38639281129653,-2.9108280254777057,5.905511811023612,7.5,-9.38639281129654,-3.0466666666666704,0.0,0.0,6.694560669456062,16.0
19,Sensitivity-DQN,8020,random,19.97142857142857,82.5,13.98,35.0,175,44,18,-116.48114999999997,210,35,0,1,0,0,300.0,4,0.2,0.5,0.4,4,0.2,0.5,0.4,22,22,50000,8020,random,validation,False,8b6b3d586b585e66f3e99748305f4810b898bce1de2bf34ea783f93ef8efbc3c,C:\Users\권민우\traffic-control\model\results\reward_fine_search_2026-10-09\runs\fine\seed_22\candidate_4\attempt_001\experiment_4\final.zip,4.134078212290504,0.7928571428571445,16.19718309859155,11.5,4.134078212290504,0.5549999999999997,-2.2222222222222254,-1.0,-3.8461538461538436,-7.0
0,Sensitivity-DQN,8001,random,38.35735735735736,138.0,42.57666666666667,92.0,222,42,21,-239.09538333333313,333,111,0,2,0,0,300.0,7,0.2,0.6,0.4,7,0.2,0.6,0.4,22,22,50000,8001,random,validation,False,8dd341828f90c6befd05da39f6398cba989e90169d9b64a606076b6fb9fb603c,C:\Users\권민우\traffic-control\model\results\reward_fine_search_2026-10-09\runs\fine\seed_22\candidate_7\attempt_001\experiment_7\final.zip,19.83862644837455,6.3498498498498535,40.816326530612244,40.0,19.83862644837453,7.048333333333332,7.692307692307687,3.0,-9.387755102040817,-23.0
1,Sensitivity-DQN,8002,random,17.32,51.0,12.99,31.0,199,43,20,-111.33141666666668,225,26,0,2,0,0,300.0,7,0.2,0.6,0.4,7,0.2,0.6,0.4,22,22,50000,8002,random,validation,False,2821177a095106802fb7dc55d27cc7e848d70ca889c81c04df6e242d9b95dc2c,C:\Users\권민우\traffic-control\model\results\reward_fine_search_2026-10-09\runs\fine\seed_22\candidate_7\attempt_001\experiment_7\final.zip,1.935652628825535,0.32888888888889056,-20.3125,-13.0,1.935652628825535,0.24666666666666615,-2.2727272727272707,-1.0,-4.784688995215314,-10.0
2,Sensitivity-DQN,8003,random,15.065573770491802,58.0,9.19,23.0,173,44,19,-92.3308916666666,183,10,0,2,0,0,300.0,7,0.2,0.6,0.4,7,0.2,0.6,0.4,22,22,50000,8003,random,validation,False,9354c03af629ff819755229f14e05b8a1326de925c77653ba23425fd1637b4b4,C:\Users\권민우\traffic-control\model\results\reward_fine_search_2026-10-09\runs\fine\seed_22\candidate_7\attempt_001\experiment_7\final.zip,-15.49425287356322,-2.7622950819672134,-22.666666666666668,-17.0,-15.49425287356322,-1.6850000000000005,-6.382978723404253,-3.0,5.487804878048785,9.0
3,Sensitivity-DQN,8004,random,16.549065420560748,53.5,11.805,29.0,182,45,19,-100.90950833333336,214,32,0,2,0,0,300.0,7,0.2,0.6,0.4,7,0.2,0.6,0.4,22,22,50000,8004,random,validation,False,b79c500713d892f6e4ec75115e41bf065a3f2b239f70ef745728c491621d13e9,C:\Users\권민우\traffic-control\model\results\reward_fine_search_2026-10-09\runs\fine\seed_22\candidate_7\attempt_001\experiment_7\final.zip,0.32577903682720066,0.05373831775700921,-3.6036036036036,-2.0,0.32577903682717846,0.03833333333333222,-2.1739130434782594,-1.0,0.0,0.0
4,Sensitivity-DQN,8005,random,33.736507936507934,115.5,35.42333333333333,95.0,214,46,19,-209.73121666666674,315,101,0,2,0,0,300.0,7,0.2,0.6,0.4,7,0.2,0.6,0.4,22,22,50000,8005,random,validation,False,dad8b07ae7aacd3f44de4c3b859fd5a3b640cf23c3bd71481a1f0ec1a70332aa,C:\Users\권민우\traffic-control\model\results\reward_fine_search_2026-10-09\runs\fine\seed_22\candidate_7\attempt_001\experiment_7\final.zip,16.275507412878156,4.722222222222218,32.75862068965518,28.5,16.275507412878156,4.958333333333332,12.195121951219523,5.0,-12.653061224489793,-31.0
5,Sensitivity-DQN,8006,random,12.922222222222222,52.5,7.753333333333333,17.0,167,41,20,-84.55824166666666,180,13,0,1,0,0,300.0,7,0.2,0.6,0.4,7,0.2,0.6,0.4,22,22,50000,8006,random,validation,False,ef2f623673927b137a233a73ec5cbcb6c8ce5ecf794f5e6abec53433d205ec06,C:\Users\권민우\traffic-control\model\results\reward_fine_search_2026-10-09\runs\fine\seed_22\candidate_7\attempt_001\experiment_7\final.zip,-5.829959514170035,-0.7999999999999989,6.060606060606055,3.0,-5.829959514170035,-0.47999999999999954,-2.3809523809523836,-1.0,3.0864197530864113,5.0
6,Sensitivity-DQN,8007,random,27.165198237885463,69.5,20.555,40.0,183,44,22,-160.81265833333322,227,44,0,2,0,0,300.0,7,0.2,0.6,0.4,7,0.2,0.6,0.4,22,22,50000,8007,random,validation,False,fa89c69d4df65396b556c47c51886af5f1a02287f4ec90fae5d842865d09b2b9,C:\Users\권민우\traffic-control\model\results\reward_fine_search_2026-10-09\runs\fine\seed_22\candidate_7\attempt_001\experiment_7\final.zip,5.140664961636832,1.3281938325991192,-29.441624365482234,-29.0,5.140664961636832,1.004999999999999,-2.2222222222222254,-1.0,1.104972375690605,2.0
7,Sensitivity-DQN,8008,random,14.956937799043063,67.5,10.42,27.0,188,44,21,-105.62584999999993,209,21,0,1,0,0,300.0,7,0.2,0.6,0.4,7,0.2,0.6,0.4,22,22,50000,8008,random,validation,False,85fdc4042e94b886aca1df437c5f5a2d379d3c3162408629c0b305b7392e680b,C:\Users\권민우\traffic-control\model\results\reward_fine_search_2026-10-09\runs\fine\seed_22\candidate_7\attempt_001\experiment_7\final.zip,26.78969783005476,3.160287081339714,32.35294117647059,16.5,26.78969783005476,2.201666666666666,2.3255813953488413,1.0,-2.590673575129532,-5.0
8,Sensitivity-DQN,8009,random,13.478494623655914,46.0,8.356666666666667,22.0,175,45,19,-87.97232500000005,186,11,0,2,0,0,300.0,7,0.2,0.6,0.4,7,0.2,0.6,0.4,22,22,50000,8009,random,validation,False,776e63c43ae4b74af8684e652ee35e575d3c68422d440ebcdb28cfcfa668a94e,C:\Users\권민우\traffic-control\model\results\reward_fine_search_2026-10-09\runs\fine\seed_22\candidate_7\attempt_001\experiment_7\final.zip,-8.403361344537819,-1.236559139784946,-30.303030303030297,-20.0,-8.403361344537807,-0.7666666666666657,2.2727272727272707,1.0,-0.5681818181818232,-1.0
9,Sensitivity-DQN,8010,random,29.076655052264808,112.5,27.816666666666666,65.0,217,42,18,-180.93683333333325,287,70,0,1,0,0,300.0,7,0.2,0.6,0.4,7,0.2,0.6,0.4,22,22,50000,8010,random,validation,False,a840059b85bbd9b6a912132b0c970d4d51ecdf0326cf009aaea2e9fad68f7bba,C:\Users\권민우\traffic-control\model\results\reward_fine_search_2026-10-09\runs\fine\seed_22\candidate_7\attempt_001\experiment_7\final.zip,-2.88607005702316,-0.8641114982578415,4.651162790697683,5.0,-2.891720486414151,-0.8283333333333331,-10.63829787234043,-5.0,9.595959595959602,19.0
10,Sensitivity-DQN,8011,random,37.13398692810458,105.5,37.876666666666665,80.0,230,41,21,-234.4020166666666,306,76,0,1,0,0,300.0,7,0.2,0.6,0.4,7,0.2,0.6,0.4,22,22,50000,8011,random,validation,False,3cb7167c2c2b34c1ebf11e7fdb965ba96a41e8a0e843c8e986e324a3722c4171,C:\Users\권민우\traffic-control\model\results\reward_fine_search_2026-10-09\runs\fine\seed_22\candidate_7\attempt_001\experiment_7\final.zip,4.549845884896708,1.6160130718954235,0.0,0.0,4.5498458848967305,1.6483333333333334,-4.651162790697672,-2.0,1.3215859030837107,3.0
11,Sensitivity-DQN,8012,random,29.835443037974684,95.0,31.426666666666666,72.0,210,42,20,-181.0112916666666,316,106,0,2,0,0,300.0,7,0.2,0.6,0.4,7,0.2,0.6,0.4,22,22,50000,8012,random,validation,False,a43af6ff2bb883b6d9a617961af61470161a2cebdc9b5d49bdb4318dbb7f654b,C:\Users\권민우\traffic-control\model\results\reward_fine_search_2026-10-09\runs\fine\seed_22\candidate_7\attempt_001\experiment_7\final.zip,3.4395743046793603,0.9920886075949369,0.0,0.0,3.4395743046793603,1.0449999999999982,0.0,0.0,-3.669724770642202,-8.0
12,Sensitivity-DQN,8013,random,17.730038022813687,66.5,15.543333333333333,54.0,216,46,19,-121.33025000000006,263,47,0,1,0,0,300.0,7,0.2,0.6,0.4,7,0.2,0.6,0.4,22,22,50000,8013,random,validation,False,dc72dfa2fd6460529e83df749d8d9abea9bcee3755fb816ec851d7258e8920db,C:\Users\권민우\traffic-control\model\results\reward_fine_search_2026-10-09\runs\fine\seed_22\candidate_7\attempt_001\experiment_7\final.zip,0.11808910359636382,0.020912547528517678,-5.6737588652482245,-4.0,0.11808910359634162,0.018333333333332646,9.523809523809534,4.0,-3.57142857142857,-8.0
13,Sensitivity-DQN,8014,random,22.56896551724138,92.0,17.453333333333333,38.0,182,43,20,-139.25953333333325,232,50,0,2,0,0,300.0,7,0.2,0.6,0.4,7,0.2,0.6,0.4,22,22,50000,8014,random,validation,False,55cd1036a4d9d8cba7cc7d7ac04aa9661b6e4c0235b398b071eadc518fa79e7e,C:\Users\권민우\traffic-control\model\results\reward_fine_search_2026-10-09\runs\fine\seed_22\candidate_7\attempt_001\experiment_7\final.zip,12.095910939841591,2.43534482758621,-11.961722488038273,-12.5,12.09591093984157,1.8833333333333329,-2.2727272727272707,-1.0,-2.67379679144385,-5.0
14,Sensitivity-DQN,8015,random,33.273381294964025,90.0,30.833333333333332,62.0,203,46,23,-201.81113333333334,278,75,0,3,0,0,300.0,7,0.2,0.6,0.4,7,0.2,0.6,0.4,22,22,50000,8015,random,validation,False,4b5952cea76dd251669c9507a7f12fefeb3138a19302395b7893ec16755927b3,C:\Users\권민우\traffic-control\model\results\reward_fine_search_2026-10-09\runs\fine\seed_22\candidate_7\attempt_001\experiment_7\final.zip,43.35528864781091,10.062949640287766,4.046242774566466,3.5,43.35528864781093,9.325,2.2222222222222143,1.0,-9.777777777777775,-22.0
15,Sensitivity-DQN,8016,random,30.23709677419355,117.5,31.245,80.0,215,44,20,-209.37055833333318,310,95,0,2,0,0,300.0,7,0.2,0.6,0.4,7,0.2,0.6,0.4,22,22,50000,8016,random,validation,False,5d676c5c894eac0f3d9f703037c1ebf9802829a4819393f69c0acc1492442857,C:\Users\권민우\traffic-control\model\results\reward_fine_search_2026-10-09\runs\fine\seed_22\candidate_7\attempt_001\experiment_7\final.zip,11.875634063376506,3.20967741935484,39.053254437869825,33.0,11.875634063376506,3.3166666666666664,2.3255813953488413,1.0,-6.521739130434778,-15.0
16,Sensitivity-DQN,8017,random,24.06972111553785,77.5,20.138333333333332,49.0,206,44,17,-150.60035000000005,251,45,0,3,0,0,300.0,7,0.2,0.6,0.4,7,0.2,0.6,0.4,22,22,50000,8017,random,validation,False,658c6c23978d040d2ba3fee1c2044362083690f1063d980fbf123a6eeec43fd8,C:\Users\권민우\traffic-control\model\results\reward_fine_search_2026-10-09\runs\fine\seed_22\candidate_7\attempt_001\experiment_7\final.zip,10.863381961647868,2.3585657370517943,-17.112299465240643,-16.0,10.863381961647844,1.9733333333333327,4.761904761904767,2.0,-0.48309178743961567,-1.0
17,Sensitivity-DQN,8018,random,9.388461538461538,44.5,4.068333333333333,12.0,124,41,21,-58.41940833333332,130,6,0,1,0,0,300.0,7,0.2,0.6,0.4,7,0.2,0.6,0.4,22,22,50000,8018,random,validation,False,f44facdd126218ef97befa1789def0801faaa77ceb04886a6bc156a900691cfc,C:\Users\권민우\traffic-control\model\results\reward_fine_search_2026-10-09\runs\fine\seed_22\candidate_7\attempt_001\experiment_7\final.zip,-14.380918975797963,-1.5769230769230766,1.1363636363636465,0.5,-14.380918975797973,-0.6833333333333336,-2.3809523809523836,-1.0,2.4793388429751984,3.0
18,Sensitivity-DQN,8019,random,26.089171974522294,95.0,27.30666666666667,61.0,246,46,19,-179.03921666666668,314,68,0,3,0,0,300.0,7,0.2,0.6,0.4,7,0.2,0.6,0.4,22,22,50000,8019,random,validation,False,52131aa9c898a5842eac0e7769a57b7442cca0dfa41dd4cce841370fc6b0060c,C:\Users\권민우\traffic-control\model\results\reward_fine_search_2026-10-09\runs\fine\seed_22\candidate_7\attempt_001\experiment_7\final.zip,-15.871630295250316,-4.921974522292992,-25.196850393700785,-32.0,-15.871630295250316,-5.151666666666667,9.523809523809534,4.0,2.9288702928870203,7.0
19,Sensitivity-DQN,8020,random,17.669047619047618,61.5,12.368333333333334,32.0,185,45,19,-112.85065833333346,210,25,0,1,0,0,300.0,7,0.2,0.6,0.4,7,0.2,0.6,0.4,22,22,50000,8020,random,validation,False,8b6b3d586b585e66f3e99748305f4810b898bce1de2bf34ea783f93ef8efbc3c,C:\Users\권민우\traffic-control\model\results\reward_fine_search_2026-10-09\runs\fine\seed_22\candidate_7\attempt_001\experiment_7\final.zip,-7.870887647423963,-1.5095238095238095,-13.38028169014085,-9.5,-7.870887647423963,-1.0566666666666666,0.0,0.0,1.6483516483516425,3.0
0,Sensitivity-DQN,8001,random,35.953453453453456,112.5,39.90833333333333,89.0,225,43,24,-234.75085833333335,333,108,0,2,0,0,300.0,9,0.2,0.6,0.6,9,0.2,0.6,0.6,22,22,50000,8001,random,validation,False,8dd341828f90c6befd05da39f6398cba989e90169d9b64a606076b6fb9fb603c,C:\Users\권민우\traffic-control\model\results\reward_fine_search_2026-10-09\runs\fine\seed_22\candidate_9\attempt_001\experiment_9\final.zip,12.328188769526683,3.945945945945951,14.79591836734695,14.5,12.32818876952666,4.3799999999999955,10.256410256410264,4.0,-8.163265306122447,-20.0
1,Sensitivity-DQN,8002,random,17.224444444444444,60.0,12.918333333333333,30.0,201,40,17,-120.04639166666666,225,24,0,2,0,0,300.0,9,0.2,0.6,0.6,9,0.2,0.6,0.6,22,22,50000,8002,random,validation,False,2821177a095106802fb7dc55d27cc7e848d70ca889c81c04df6e242d9b95dc2c,C:\Users\권민우\traffic-control\model\results\reward_fine_search_2026-10-09\runs\fine\seed_22\candidate_9\attempt_001\experiment_9\final.zip,1.373267067747852,0.23333333333333428,-6.25,-4.0,1.3732670677478298,0.17499999999999893,-9.090909090909093,-4.0,-3.8277511961722466,-8.0
2,Sensitivity-DQN,8003,random,14.259562841530055,53.5,8.698333333333334,22.0,173,43,18,-101.84417499999998,183,10,0,2,0,0,300.0,9,0.2,0.6,0.6,9,0.2,0.6,0.6,22,22,50000,8003,random,validation,False,9354c03af629ff819755229f14e05b8a1326de925c77653ba23425fd1637b4b4,C:\Users\권민우\traffic-control\model\results\reward_fine_search_2026-10-09\runs\fine\seed_22\candidate_9\attempt_001\experiment_9\final.zip,-20.015325670498076,-3.5683060109289606,-28.666666666666664,-21.5,-20.015325670498076,-2.176666666666666,-8.510638297872342,-4.0,5.487804878048785,9.0
3,Sensitivity-DQN,8004,random,15.310747663551401,77.0,10.921666666666667,29.0,191,41,19,-124.69045833333338,214,23,0,2,0,0,300.0,9,0.2,0.6,0.6,9,0.2,0.6,0.6,22,22,50000,8004,random,validation,False,b79c500713d892f6e4ec75115e41bf065a3f2b239f70ef745728c491621d13e9,C:\Users\권민우\traffic-control\model\results\reward_fine_search_2026-10-09\runs\fine\seed_22\candidate_9\attempt_001\experiment_9\final.zip,-7.181303116147308,-1.184579439252337,38.738738738738746,21.5,-7.181303116147308,-0.8450000000000006,-10.869565217391308,-5.0,4.94505494505495,9.0
4,Sensitivity-DQN,8005,random,28.479365079365078,106.0,29.903333333333332,72.0,242,42,16,-202.09608333333338,315,73,0,2,0,0,300.0,9,0.2,0.6,0.6,9,0.2,0.6,0.6,22,22,50000,8005,random,validation,False,dad8b07ae7aacd3f44de4c3b859fd5a3b640cf23c3bd71481a1f0ec1a70332aa,C:\Users\권민우\traffic-control\model\results\reward_fine_search_2026-10-09\runs\fine\seed_22\candidate_9\attempt_001\experiment_9\final.zip,-1.8436457136604911,-0.5349206349206383,21.839080459770123,19.0,-1.8436457136604911,-0.5616666666666674,2.4390243902439046,1.0,-1.224489795918371,-3.0
5,Sensitivity-DQN,8006,random,14.969444444444445,54.0,8.981666666666667,20.0,159,45,22,-104.09432500000004,180,21,0,1,0,0,300.0,9,0.2,0.6,0.6,9,0.2,0.6,0.6,22,22,50000,8006,random,validation,False,ef2f623673927b137a233a73ec5cbcb6c8ce5ecf794f5e6abec53433d205ec06,C:\Users\권민우\traffic-control\model\results\reward_fine_search_2026-10-09\runs\fine\seed_22\candidate_9\attempt_001\experiment_9\final.zip,9.089068825910939,1.2472222222222236,9.090909090909083,4.5,9.089068825910939,0.7483333333333348,7.14285714285714,3.0,-1.851851851851849,-3.0
6,Sensitivity-DQN,8007,random,19.572687224669604,61.5,14.81,32.0,194,44,20,-129.5237666666667,227,33,0,2,0,0,300.0,9,0.2,0.6,0.6,9,0.2,0.6,0.6,22,22,50000,8007,random,validation,False,fa89c69d4df65396b556c47c51886af5f1a02287f4ec90fae5d842865d09b2b9,C:\Users\권민우\traffic-control\model\results\reward_fine_search_2026-10-09\runs\fine\seed_22\candidate_9\attempt_001\experiment_9\final.zip,-24.245524296675192,-6.2643171806167395,-37.56345177664975,-37.0,-24.245524296675192,-4.74,-2.2222222222222254,-1.0,7.182320441988943,13.0
7,Sensitivity-DQN,8008,random,15.68421052631579,64.0,10.926666666666666,28.0,194,41,21,-115.3761416666666,209,15,0,1,0,0,300.0,9,0.2,0.6,0.6,9,0.2,0.6,0.6,22,22,50000,8008,random,validation,False,85fdc4042e94b886aca1df437c5f5a2d379d3c3162408629c0b305b7392e680b,C:\Users\권민우\traffic-control\model\results\reward_fine_search_2026-10-09\runs\fine\seed_22\candidate_9\attempt_001\experiment_9\final.zip,32.954775907523825,3.8875598086124405,25.49019607843137,13.0,32.9547759075238,2.708333333333332,-4.651162790697672,-2.0,0.5181347150259086,1.0
8,Sensitivity-DQN,8009,random,15.373655913978494,80.0,9.531666666666666,24.0,176,42,18,-107.21138333333333,186,10,0,2,0,0,300.0,9,0.2,0.6,0.6,9,0.2,0.6,0.6,22,22,50000,8009,random,validation,False,776e63c43ae4b74af8684e652ee35e575d3c68422d440ebcdb28cfcfa668a94e,C:\Users\권민우\traffic-control\model\results\reward_fine_search_2026-10-09\runs\fine\seed_22\candidate_9\attempt_001\experiment_9\final.zip,4.475703324808178,0.658602150537634,21.212121212121215,14.0,4.475703324808178,0.4083333333333332,-4.545454545454541,-2.0,0.0,0.0
9,Sensitivity-DQN,8010,random,27.416376306620208,92.0,26.22833333333333,59.0,225,39,18,-189.80700833333316,287,62,0,1,0,0,300.0,9,0.2,0.6,0.6,9,0.2,0.6,0.6,22,22,50000,8010,random,validation,False,a840059b85bbd9b6a912132b0c970d4d51ecdf0326cf009aaea2e9fad68f7bba,C:\Users\권민우\traffic-control\model\results\reward_fine_search_2026-10-09\runs\fine\seed_22\candidate_9\attempt_001\experiment_9\final.zip,-8.431281275456781,-2.5243902439024417,-14.418604651162791,-15.5,-8.436609064990986,-2.416666666666668,-17.021276595744684,-8.0,13.636363636363647,27.0
10,Sensitivity-DQN,8011,random,38.80882352941177,106.5,39.585,75.0,218,44,20,-255.39838333333344,306,88,0,1,0,0,300.0,9,0.2,0.6,0.6,9,0.2,0.6,0.6,22,22,50000,8011,random,validation,False,3cb7167c2c2b34c1ebf11e7fdb965ba96a41e8a0e843c8e986e324a3722c4171,C:\Users\권민우\traffic-control\model\results\reward_fine_search_2026-10-09\runs\fine\seed_22\candidate_9\attempt_001\experiment_9\final.zip,9.265308000184014,3.290849673202615,0.9478672985782088,1.0,9.265308000184035,3.356666666666669,2.3255813953488413,1.0,-3.964757709251099,-9.0
11,Sensitivity-DQN,8012,random,29.24367088607595,94.5,30.803333333333335,76.0,219,41,18,-184.6965583333334,316,97,0,2,0,0,300.0,9,0.2,0.6,0.6,9,0.2,0.6,0.6,22,22,50000,8012,random,validation,False,a43af6ff2bb883b6d9a617961af61470161a2cebdc9b5d49bdb4318dbb7f654b,C:\Users\권민우\traffic-control\model\results\reward_fine_search_2026-10-09\runs\fine\seed_22\candidate_9\attempt_001\experiment_9\final.zip,1.3878984036425512,0.40031645569620267,-0.5263157894736858,-0.5,1.3878984036425512,0.42166666666666686,-2.3809523809523836,-1.0,0.4587155963302836,1.0
12,Sensitivity-DQN,8013,random,20.184410646387832,62.0,17.695,57.0,209,41,18,-141.65966666666674,263,54,0,1,0,0,300.0,9,0.2,0.6,0.6,9,0.2,0.6,0.6,22,22,50000,8013,random,validation,False,dc72dfa2fd6460529e83df749d8d9abea9bcee3755fb816ec851d7258e8920db,C:\Users\권민우\traffic-control\model\results\reward_fine_search_2026-10-09\runs\fine\seed_22\candidate_9\attempt_001\experiment_9\final.zip,13.977455716586151,2.475285171102662,-12.056737588652478,-8.5,13.977455716586151,2.17,-2.3809523809523836,-1.0,-6.696428571428569,-15.0
13,Sensitivity-DQN,8014,random,22.33189655172414,111.0,17.27,48.0,186,43,23,-150.30813333333327,232,46,0,2,0,0,300.0,9,0.2,0.6,0.6,9,0.2,0.6,0.6,22,22,50000,8014,random,validation,False,55cd1036a4d9d8cba7cc7d7ac04aa9661b6e4c0235b398b071eadc518fa79e7e,C:\Users\권민우\traffic-control\model\results\reward_fine_search_2026-10-09\runs\fine\seed_22\candidate_9\attempt_001\experiment_9\final.zip,10.918432883750807,2.198275862068968,6.2200956937799035,6.5,10.918432883750807,1.6999999999999993,-2.2727272727272707,-1.0,-0.5347593582887722,-1.0
14,Sensitivity-DQN,8015,random,29.04136690647482,106.0,26.911666666666665,61.0,216,42,20,-195.78223333333332,278,62,0,3,0,0,300.0,9,0.2,0.6,0.6,9,0.2,0.6,0.6,22,22,50000,8015,random,validation,False,4b5952cea76dd251669c9507a7f12fefeb3138a19302395b7893ec16755927b3,C:\Users\권민우\traffic-control\model\results\reward_fine_search_2026-10-09\runs\fine\seed_22\candidate_9\attempt_001\experiment_9\final.zip,25.122045718713682,5.830935251798561,22.543352601156073,19.5,25.122045718713682,5.403333333333332,-6.666666666666665,-3.0,-4.0000000000000036,-9.0
15,Sensitivity-DQN,8016,random,35.251612903225805,79.5,36.42666666666667,98.0,209,41,23,-214.77855000000008,310,101,0,2,0,0,300.0,9,0.2,0.6,0.6,9,0.2,0.6,0.6,22,22,50000,8016,random,validation,False,5d676c5c894eac0f3d9f703037c1ebf9802829a4819393f69c0acc1492442857,C:\Users\권민우\traffic-control\model\results\reward_fine_search_2026-10-09\runs\fine\seed_22\candidate_9\attempt_001\experiment_9\final.zip,30.429074416661695,8.224193548387095,-5.917159763313606,-5.0,30.429074416661695,8.498333333333335,-4.651162790697672,-2.0,-9.130434782608699,-21.0
16,Sensitivity-DQN,8017,random,24.07171314741036,73.5,20.14,47.0,194,44,21,-162.2902833333334,251,57,0,3,0,0,300.0,9,0.2,0.6,0.6,9,0.2,0.6,0.6,22,22,50000,8017,random,validation,False,658c6c23978d040d2ba3fee1c2044362083690f1063d980fbf123a6eeec43fd8,C:\Users\권민우\traffic-control\model\results\reward_fine_search_2026-10-09\runs\fine\seed_22\candidate_9\attempt_001\experiment_9\final.zip,10.872557115331706,2.3605577689243056,-21.3903743315508,-20.0,10.872557115331682,1.9750000000000014,4.761904761904767,2.0,-6.28019323671497,-13.0
17,Sensitivity-DQN,8018,random,10.326923076923077,43.0,4.475,13.0,124,38,20,-68.24854166666664,130,6,0,1,0,0,300.0,9,0.2,0.6,0.6,9,0.2,0.6,0.6,22,22,50000,8018,random,validation,False,f44facdd126218ef97befa1789def0801faaa77ceb04886a6bc156a900691cfc,C:\Users\권민우\traffic-control\model\results\reward_fine_search_2026-10-09\runs\fine\seed_22\candidate_9\attempt_001\experiment_9\final.zip,-5.8225184145913715,-0.638461538461538,-2.2727272727272707,-1.0,-5.822518414591382,-0.2766666666666673,-9.523809523809524,-4.0,2.4793388429751984,3.0
18,Sensitivity-DQN,8019,random,30.331210191082803,83.5,31.746666666666666,70.0,241,41,24,-204.59865833333328,314,73,0,3,0,0,300.0,9,0.2,0.6,0.6,9,0.2,0.6,0.6,22,22,50000,8019,random,validation,False,52131aa9c898a5842eac0e7769a57b7442cca0dfa41dd4cce841370fc6b0060c,C:\Users\권민우\traffic-control\model\results\reward_fine_search_2026-10-09\runs\fine\seed_22\candidate_9\attempt_001\experiment_9\final.zip,-2.1925545571245153,-0.6799363057324825,-34.251968503937,-43.5,-2.1925545571245264,-0.7116666666666696,-2.3809523809523836,-1.0,0.8368200836819994,2.0
19,Sensitivity-DQN,8020,random,19.21904761904762,74.0,13.453333333333333,33.0,181,40,21,-125.88801666666667,210,29,0,1,0,0,300.0,9,0.2,0.6,0.6,9,0.2,0.6,0.6,22,22,50000,8020,random,validation,False,8b6b3d586b585e66f3e99748305f4810b898bce1de2bf34ea783f93ef8efbc3c,C:\Users\권민우\traffic-control\model\results\reward_fine_search_2026-10-09\runs\fine\seed_22\candidate_9\attempt_001\experiment_9\final.zip,0.21104903786468565,0.04047619047619122,4.225352112676051,3.0,0.21104903786466345,0.028333333333332433,-11.111111111111116,-5.0,-0.5494505494505475,-1.0
0,Sensitivity-DQN,8001,random,39.466966966966964,122.5,43.80833333333333,94.0,214,46,20,-259.10989166666667,333,119,0,2,0,0,300.0,8,0.2,0.6,0.5,8,0.2,0.6,0.5,22,22,50000,8001,random,validation,False,8dd341828f90c6befd05da39f6398cba989e90169d9b64a606076b6fb9fb603c,C:\Users\권민우\traffic-control\model\results\reward_fine_search_2026-10-09\runs\fine\seed_22\candidate_8\attempt_001\experiment_8\final.zip,23.3053431533518,7.45945945945946,25.0,24.5,23.305343153351778,8.279999999999994,17.948717948717952,7.0,-12.653061224489793,-31.0
1,Sensitivity-DQN,8002,random,19.602222222222224,77.0,14.701666666666666,34.0,197,43,19,-132.0179666666666,225,28,0,2,0,0,300.0,8,0.2,0.6,0.5,8,0.2,0.6,0.5,22,22,50000,8002,random,validation,False,2821177a095106802fb7dc55d27cc7e848d70ca889c81c04df6e242d9b95dc2c,C:\Users\권민우\traffic-control\model\results\reward_fine_search_2026-10-09\runs\fine\seed_22\candidate_8\attempt_001\experiment_8\final.zip,15.367512424797303,2.6111111111111143,20.3125,13.0,15.36751242479728,1.9583333333333321,-2.2727272727272707,-1.0,-5.741626794258369,-12.0
2,Sensitivity-DQN,8003,random,19.262295081967213,67.5,11.75,28.0,163,45,18,-120.0500666666667,183,20,0,2,0,0,300.0,8,0.2,0.6,0.5,8,0.2,0.6,0.5,22,22,50000,8003,random,validation,False,9354c03af629ff819755229f14e05b8a1326de925c77653ba23425fd1637b4b4,C:\Users\권민우\traffic-control\model\results\reward_fine_search_2026-10-09\runs\fine\seed_22\candidate_8\attempt_001\experiment_8\final.zip,8.045977011494255,1.4344262295081975,-9.999999999999998,-7.5,8.045977011494255,0.875,-4.255319148936165,-2.0,-0.6097560975609762,-1.0
3,Sensitivity-DQN,8004,random,19.57943925233645,79.0,13.966666666666667,32.0,186,42,22,-124.4125083333334,214,28,0,2,0,0,300.0,8,0.2,0.6,0.5,8,0.2,0.6,0.5,22,22,50000,8004,random,validation,False,b79c500713d892f6e4ec75115e41bf065a3f2b239f70ef745728c491621d13e9,C:\Users\권민우\traffic-control\model\results\reward_fine_search_2026-10-09\runs\fine\seed_22\candidate_8\attempt_001\experiment_8\final.zip,18.696883852691215,3.084112149532711,42.342342342342334,23.5,18.696883852691215,2.1999999999999993,-8.695652173913048,-4.0,2.19780219780219,4.0
4,Sensitivity-DQN,8005,random,28.052380952380954,99.0,29.455,86.0,234,41,24,-208.79030833333337,315,81,0,2,0,0,300.0,8,0.2,0.6,0.5,8,0.2,0.6,0.5,22,22,50000,8005,random,validation,False,dad8b07ae7aacd3f44de4c3b859fd5a3b640cf23c3bd71481a1f0ec1a70332aa,C:\Users\권민우\traffic-control\model\results\reward_fine_search_2026-10-09\runs\fine\seed_22\candidate_8\attempt_001\experiment_8\final.zip,-3.315279829312323,-0.961904761904762,13.793103448275868,12.0,-3.3152798293123342,-1.0100000000000016,0.0,0.0,-4.489795918367346,-11.0
5,Sensitivity-DQN,8006,random,12.1,53.0,7.26,15.0,162,45,17,-87.36298333333339,180,18,0,1,0,0,300.0,8,0.2,0.6,0.5,8,0.2,0.6,0.5,22,22,50000,8006,random,validation,False,ef2f623673927b137a233a73ec5cbcb6c8ce5ecf794f5e6abec53433d205ec06,C:\Users\권민우\traffic-control\model\results\reward_fine_search_2026-10-09\runs\fine\seed_22\candidate_8\attempt_001\experiment_8\final.zip,-11.821862348178136,-1.6222222222222218,7.070707070707072,3.5,-11.821862348178136,-0.9733333333333327,7.14285714285714,3.0,0.0,0.0
6,Sensitivity-DQN,8007,random,28.566079295154186,102.0,21.616666666666667,42.0,178,46,19,-175.1068583333334,227,49,0,2,0,0,300.0,8,0.2,0.6,0.5,8,0.2,0.6,0.5,22,22,50000,8007,random,validation,False,fa89c69d4df65396b556c47c51886af5f1a02287f4ec90fae5d842865d09b2b9,C:\Users\권민우\traffic-control\model\results\reward_fine_search_2026-10-09\runs\fine\seed_22\candidate_8\attempt_001\experiment_8\final.zip,10.562659846547318,2.7290748898678423,3.5532994923857864,3.5,10.571184995737415,2.0666666666666664,2.2222222222222143,1.0,-1.6574585635359074,-3.0
7,Sensitivity-DQN,8008,random,18.782296650717704,60.0,13.085,35.0,181,45,20,-125.48276666666665,209,28,0,1,0,0,300.0,8,0.2,0.6,0.5,8,0.2,0.6,0.5,22,22,50000,8008,random,validation,False,85fdc4042e94b886aca1df437c5f5a2d379d3c3162408629c0b305b7392e680b,C:\Users\권민우\traffic-control\model\results\reward_fine_search_2026-10-09\runs\fine\seed_22\candidate_8\attempt_001\experiment_8\final.zip,59.217197323058215,6.985645933014355,17.647058823529417,9.0,59.217197323058215,4.866666666666667,4.651162790697683,2.0,-6.217616580310881,-12.0
8,Sensitivity-DQN,8009,random,13.64247311827957,74.0,8.458333333333334,23.0,182,40,20,-93.85412499999995,186,4,0,2,0,0,300.0,8,0.2,0.6,0.5,8,0.2,0.6,0.5,22,22,50000,8009,random,validation,False,776e63c43ae4b74af8684e652ee35e575d3c68422d440ebcdb28cfcfa668a94e,C:\Users\권민우\traffic-control\model\results\reward_fine_search_2026-10-09\runs\fine\seed_22\candidate_8\attempt_001\experiment_8\final.zip,-7.289002557544755,-1.07258064516129,12.12121212121211,8.0,-7.289002557544744,-0.6649999999999991,-9.090909090909093,-4.0,3.409090909090917,6.0
9,Sensitivity-DQN,8010,random,30.407665505226483,109.0,29.09,66.0,210,41,19,-200.17631666666668,287,77,0,1,0,0,300.0,8,0.2,0.6,0.5,8,0.2,0.6,0.5,22,22,50000,8010,random,validation,False,a840059b85bbd9b6a912132b0c970d4d51ecdf0326cf009aaea2e9fad68f7bba,C:\Users\권민우\traffic-control\model\results\reward_fine_search_2026-10-09\runs\fine\seed_22\candidate_8\attempt_001\experiment_8\final.zip,1.559408821133479,0.4668989547038329,1.3953488372093092,1.5,1.5534997381742022,0.4450000000000003,-12.765957446808507,-6.0,6.060606060606055,12.0
10,Sensitivity-DQN,8011,random,37.22875816993464,111.0,37.973333333333336,72.0,224,45,18,-251.6239416666667,306,82,0,1,0,0,300.0,8,0.2,0.6,0.5,8,0.2,0.6,0.5,22,22,50000,8011,random,validation,False,3cb7167c2c2b34c1ebf11e7fdb965ba96a41e8a0e843c8e986e324a3722c4171,C:\Users\권민우\traffic-control\model\results\reward_fine_search_2026-10-09\runs\fine\seed_22\candidate_8\attempt_001\experiment_8\final.zip,4.816672033859315,1.7107843137254903,5.213270142180093,5.5,4.816672033859337,1.7450000000000045,4.651162790697683,2.0,-1.3215859030836996,-3.0
11,Sensitivity-DQN,8012,random,30.768987341772153,91.5,32.41,73.0,219,43,22,-198.24748333333326,316,97,0,2,0,0,300.0,8,0.2,0.6,0.5,8,0.2,0.6,0.5,22,22,50000,8012,random,validation,False,a43af6ff2bb883b6d9a617961af61470161a2cebdc9b5d49bdb4318dbb7f654b,C:\Users\권민우\traffic-control\model\results\reward_fine_search_2026-10-09\runs\fine\seed_22\candidate_8\attempt_001\experiment_8\final.zip,6.6761753250315525,1.9256329113924053,-3.68421052631579,-3.5,6.67617532503153,2.028333333333329,2.3809523809523725,1.0,0.4587155963302836,1.0
12,Sensitivity-DQN,8013,random,19.96958174904943,87.0,17.506666666666668,45.0,213,44,21,-153.56034166666666,263,50,0,1,0,0,300.0,8,0.2,0.6,0.5,8,0.2,0.6,0.5,22,22,50000,8013,random,validation,False,dc72dfa2fd6460529e83df749d8d9abea9bcee3755fb816ec851d7258e8920db,C:\Users\권민우\traffic-control\model\results\reward_fine_search_2026-10-09\runs\fine\seed_22\candidate_8\attempt_001\experiment_8\final.zip,12.76435856146001,2.260456273764259,23.404255319148938,16.5,12.76435856146001,1.9816666666666674,4.761904761904767,2.0,-4.91071428571429,-11.0
13,Sensitivity-DQN,8014,random,24.754310344827587,78.5,19.143333333333334,57.0,181,43,23,-143.0178416666667,232,51,0,2,0,0,300.0,8,0.2,0.6,0.5,8,0.2,0.6,0.5,22,22,50000,8014,random,validation,False,55cd1036a4d9d8cba7cc7d7ac04aa9661b6e4c0235b398b071eadc518fa79e7e,C:\Users\권민우\traffic-control\model\results\reward_fine_search_2026-10-09\runs\fine\seed_22\candidate_8\attempt_001\experiment_8\final.zip,22.95011774780562,4.620689655172416,-24.880382775119614,-26.0,22.95011774780562,3.573333333333334,-2.2727272727272707,-1.0,-3.208556149732622,-6.0
14,Sensitivity-DQN,8015,random,30.14388489208633,111.5,27.933333333333334,55.0,213,44,24,-203.30967499999988,278,65,0,3,0,0,300.0,8,0.2,0.6,0.5,8,0.2,0.6,0.5,22,22,50000,8015,random,validation,False,4b5952cea76dd251669c9507a7f12fefeb3138a19302395b7893ec16755927b3,C:\Users\권민우\traffic-control\model\results\reward_fine_search_2026-10-09\runs\fine\seed_22\candidate_8\attempt_001\experiment_8\final.zip,29.872142580395188,6.93345323741007,28.90173410404624,25.0,29.872142580395188,6.425000000000001,-2.2222222222222254,-1.0,-5.333333333333334,-12.0
15,Sensitivity-DQN,8016,random,31.662903225806453,86.0,32.718333333333334,96.0,213,43,22,-201.35269166666654,310,97,0,2,0,0,300.0,8,0.2,0.6,0.5,8,0.2,0.6,0.5,22,22,50000,8016,random,validation,False,5d676c5c894eac0f3d9f703037c1ebf9802829a4819393f69c0acc1492442857,C:\Users\권민우\traffic-control\model\results\reward_fine_search_2026-10-09\runs\fine\seed_22\candidate_8\attempt_001\experiment_8\final.zip,17.151041355851284,4.635483870967743,1.775147928994092,1.5,17.151041355851284,4.789999999999999,0.0,0.0,-7.391304347826089,-17.0
16,Sensitivity-DQN,8017,random,28.08167330677291,96.5,23.495,54.0,207,41,21,-181.9792500000001,251,44,0,3,0,0,300.0,8,0.2,0.6,0.5,8,0.2,0.6,0.5,22,22,50000,8017,random,validation,False,658c6c23978d040d2ba3fee1c2044362083690f1063d980fbf123a6eeec43fd8,C:\Users\권민우\traffic-control\model\results\reward_fine_search_2026-10-09\runs\fine\seed_22\candidate_8\attempt_001\experiment_8\final.zip,29.34214148086982,6.370517928286855,3.208556149732611,3.0,29.34214148086982,5.330000000000002,-2.3809523809523836,-1.0,0.0,0.0
17,Sensitivity-DQN,8018,random,8.515384615384615,41.5,3.69,10.0,125,42,21,-63.597625000000065,130,5,0,1,0,0,300.0,8,0.2,0.6,0.5,8,0.2,0.6,0.5,22,22,50000,8018,random,validation,False,f44facdd126218ef97befa1789def0801faaa77ceb04886a6bc156a900691cfc,C:\Users\권민우\traffic-control\model\results\reward_fine_search_2026-10-09\runs\fine\seed_22\candidate_8\attempt_001\experiment_8\final.zip,-22.343037530690978,-2.4499999999999993,-5.681818181818176,-2.5,-22.34303753069099,-1.061666666666667,0.0,0.0,3.305785123966931,4.0
18,Sensitivity-DQN,8019,random,29.89171974522293,97.0,31.286666666666665,63.0,247,42,17,-214.1820833333333,314,67,0,3,0,0,300.0,8,0.2,0.6,0.5,8,0.2,0.6,0.5,22,22,50000,8019,random,validation,False,52131aa9c898a5842eac0e7769a57b7442cca0dfa41dd4cce841370fc6b0060c,C:\Users\권민우\traffic-control\model\results\reward_fine_search_2026-10-09\runs\fine\seed_22\candidate_8\attempt_001\experiment_8\final.zip,-3.609756097560979,-1.119426751592357,-23.62204724409449,-30.0,-3.60975609756099,-1.1716666666666704,0.0,0.0,3.347280334728042,8.0
19,Sensitivity-DQN,8020,random,24.590476190476192,69.0,17.213333333333335,36.0,175,41,23,-141.542625,210,35,0,1,0,0,300.0,8,0.2,0.6,0.5,8,0.2,0.6,0.5,22,22,50000,8020,random,validation,False,8b6b3d586b585e66f3e99748305f4810b898bce1de2bf34ea783f93ef8efbc3c,C:\Users\권민우\traffic-control\model\results\reward_fine_search_2026-10-09\runs\fine\seed_22\candidate_8\attempt_001\experiment_8\final.zip,28.218497827436394,5.411904761904765,-2.8169014084507005,-2.0,28.218497827436373,3.788333333333334,-8.888888888888891,-4.0,-3.8461538461538436,-7.0
0,Sensitivity-DQN,8001,random,30.175675675675677,90.0,33.495,68.0,234,44,20,-189.32442500000002,333,99,0,2,0,0,300.0,10,0.3,0.4,0.4,10,0.3,0.4,0.4,22,22,50000,8001,random,validation,False,8dd341828f90c6befd05da39f6398cba989e90169d9b64a606076b6fb9fb603c,C:\Users\권민우\traffic-control\model\results\reward_fine_search_2026-10-09\runs\fine\seed_22\candidate_10\attempt_001\experiment_10\final.zip,-5.723131772763512,-1.8318318318318276,-8.163265306122447,-8.0,-5.7231317727635345,-2.0333333333333385,12.82051282051282,5.0,-4.489795918367346,-11.0
1,Sensitivity-DQN,8002,random,18.20888888888889,65.5,13.656666666666666,33.0,203,44,17,-101.69223333333332,225,22,0,2,0,0,300.0,10,0.3,0.4,0.4,10,0.3,0.4,0.4,22,22,50000,8002,random,validation,False,2821177a095106802fb7dc55d27cc7e848d70ca889c81c04df6e242d9b95dc2c,C:\Users\권민우\traffic-control\model\results\reward_fine_search_2026-10-09\runs\fine\seed_22\candidate_10\attempt_001\experiment_10\final.zip,7.167146220245901,1.2177777777777798,2.34375,1.5,7.167146220245879,0.9133333333333322,0.0,0.0,-2.8708133971291905,-6.0
2,Sensitivity-DQN,8003,random,16.543715846994534,56.5,10.091666666666667,23.0,167,41,17,-87.56763749999996,183,16,0,2,0,0,300.0,10,0.3,0.4,0.4,10,0.3,0.4,0.4,22,22,50000,8003,random,validation,False,9354c03af629ff819755229f14e05b8a1326de925c77653ba23425fd1637b4b4,C:\Users\권민우\traffic-control\model\results\reward_fine_search_2026-10-09\runs\fine\seed_22\candidate_10\attempt_001\experiment_10\final.zip,-7.203065134099629,-1.284153005464482,-24.66666666666667,-18.5,-7.203065134099617,-0.7833333333333332,-12.765957446808507,-6.0,1.8292682926829285,3.0
3,Sensitivity-DQN,8004,random,15.985981308411215,79.5,11.403333333333334,27.0,191,44,22,-95.93642916666668,214,23,0,2,0,0,300.0,10,0.3,0.4,0.4,10,0.3,0.4,0.4,22,22,50000,8004,random,validation,False,b79c500713d892f6e4ec75115e41bf065a3f2b239f70ef745728c491621d13e9,C:\Users\권민우\traffic-control\model\results\reward_fine_search_2026-10-09\runs\fine\seed_22\candidate_10\attempt_001\experiment_10\final.zip,-3.0878186968838484,-0.509345794392523,43.24324324324324,24.0,-3.0878186968838484,-0.3633333333333333,-4.347826086956519,-2.0,4.94505494505495,9.0
4,Sensitivity-DQN,8005,random,27.725396825396825,120.5,29.111666666666668,74.0,233,41,22,-181.3078583333334,315,82,0,2,0,0,300.0,10,0.3,0.4,0.4,10,0.3,0.4,0.4,22,22,50000,8005,random,validation,False,dad8b07ae7aacd3f44de4c3b859fd5a3b640cf23c3bd71481a1f0ec1a70332aa,C:\Users\권민우\traffic-control\model\results\reward_fine_search_2026-10-09\runs\fine\seed_22\candidate_10\attempt_001\experiment_10\final.zip,-4.442256140926759,-1.2888888888888914,38.50574712643677,33.5,-4.442256140926737,-1.3533333333333317,0.0,0.0,-4.897959183673473,-12.0
5,Sensitivity-DQN,8006,random,13.252777777777778,57.0,7.951666666666667,17.0,164,43,20,-73.76683750000005,180,16,0,1,0,0,300.0,10,0.3,0.4,0.4,10,0.3,0.4,0.4,22,22,50000,8006,random,validation,False,ef2f623673927b137a233a73ec5cbcb6c8ce5ecf794f5e6abec53433d205ec06,C:\Users\권민우\traffic-control\model\results\reward_fine_search_2026-10-09\runs\fine\seed_22\candidate_10\attempt_001\experiment_10\final.zip,-3.421052631578936,-0.4694444444444432,15.15151515151516,7.5,-3.421052631578936,-0.2816666666666654,2.3809523809523725,1.0,1.2345679012345734,2.0
6,Sensitivity-DQN,8007,random,22.33259911894273,101.0,16.898333333333333,41.0,186,44,19,-126.86715000000007,227,41,0,2,0,0,300.0,10,0.3,0.4,0.4,10,0.3,0.4,0.4,22,22,50000,8007,random,validation,False,fa89c69d4df65396b556c47c51886af5f1a02287f4ec90fae5d842865d09b2b9,C:\Users\권민우\traffic-control\model\results\reward_fine_search_2026-10-09\runs\fine\seed_22\candidate_10\attempt_001\experiment_10\final.zip,-13.563512361466323,-3.504405286343612,2.538071065989844,2.5,-13.563512361466323,-2.6516666666666673,-2.2222222222222254,-1.0,2.7624309392265234,5.0
7,Sensitivity-DQN,8008,random,14.598086124401913,62.0,10.17,27.0,192,45,17,-88.27853750000004,209,17,0,1,0,0,300.0,10,0.3,0.4,0.4,10,0.3,0.4,0.4,22,22,50000,8008,random,validation,False,85fdc4042e94b886aca1df437c5f5a2d379d3c3162408629c0b305b7392e680b,C:\Users\권민우\traffic-control\model\results\reward_fine_search_2026-10-09\runs\fine\seed_22\candidate_10\attempt_001\experiment_10\final.zip,23.747718515514094,2.8014354066985643,21.568627450980383,11.0,23.747718515514094,1.9516666666666662,4.651162790697683,2.0,-0.5181347150259086,-1.0
8,Sensitivity-DQN,8009,random,11.080645161290322,47.5,6.87,21.0,178,44,17,-68.7353958333334,186,8,0,2,0,0,300.0,10,0.3,0.4,0.4,10,0.3,0.4,0.4,22,22,50000,8009,random,validation,False,776e63c43ae4b74af8684e652ee35e575d3c68422d440ebcdb28cfcfa668a94e,C:\Users\권민우\traffic-control\model\results\reward_fine_search_2026-10-09\runs\fine\seed_22\candidate_10\attempt_001\experiment_10\final.zip,-24.698575082206798,-3.634408602150538,-28.030303030303028,-18.5,-24.698575082206798,-2.253333333333333,0.0,0.0,1.1363636363636465,2.0
9,Sensitivity-DQN,8010,random,31.548780487804876,130.0,30.18166666666667,77.0,202,45,22,-191.663375,287,85,0,1,0,0,300.0,10,0.3,0.4,0.4,10,0.3,0.4,0.4,22,22,50000,8010,random,validation,False,a840059b85bbd9b6a912132b0c970d4d51ecdf0326cf009aaea2e9fad68f7bba,C:\Users\권민우\traffic-control\model\results\reward_fine_search_2026-10-09\runs\fine\seed_22\candidate_10\attempt_001\experiment_10\final.zip,5.370650529500742,1.6080139372822266,20.93023255813953,22.5,5.364519695118419,1.5366666666666688,-4.255319148936165,-2.0,2.020202020202011,4.0
10,Sensitivity-DQN,8011,random,31.248366013071895,114.0,31.873333333333335,66.0,237,44,19,-199.00070833333328,306,69,0,1,0,0,300.0,10,0.3,0.4,0.4,10,0.3,0.4,0.4,22,22,50000,8011,random,validation,False,3cb7167c2c2b34c1ebf11e7fdb965ba96a41e8a0e843c8e986e324a3722c4171,C:\Users\권민우\traffic-control\model\results\reward_fine_search_2026-10-09\runs\fine\seed_22\candidate_10\attempt_001\experiment_10\final.zip,-12.020978055849485,-4.269607843137258,8.056872037914697,8.5,-12.020978055849463,-4.354999999999997,2.3255813953488413,1.0,4.405286343612325,10.0
11,Sensitivity-DQN,8012,random,32.50949367088607,91.5,34.24666666666667,80.0,208,42,23,-186.80422916666666,316,108,0,2,0,0,300.0,10,0.3,0.4,0.4,10,0.3,0.4,0.4,22,22,50000,8012,random,validation,False,a43af6ff2bb883b6d9a617961af61470161a2cebdc9b5d49bdb4318dbb7f654b,C:\Users\권민우\traffic-control\model\results\reward_fine_search_2026-10-09\runs\fine\seed_22\candidate_10\attempt_001\experiment_10\final.zip,12.710516210433909,3.6661392405063253,-3.68421052631579,-3.5,12.721487739316473,3.865000000000002,0.0,0.0,-4.587155963302747,-10.0
12,Sensitivity-DQN,8013,random,21.47148288973384,88.5,18.823333333333334,51.0,212,47,21,-134.91443333333336,263,51,0,1,0,0,300.0,10,0.3,0.4,0.4,10,0.3,0.4,0.4,22,22,50000,8013,random,validation,False,dc72dfa2fd6460529e83df749d8d9abea9bcee3755fb816ec851d7258e8920db,C:\Users\권민우\traffic-control\model\results\reward_fine_search_2026-10-09\runs\fine\seed_22\candidate_10\attempt_001\experiment_10\final.zip,21.245303274288773,3.762357414448669,25.531914893617014,18.0,21.245303274288773,3.298333333333334,11.904761904761907,5.0,-5.35714285714286,-12.0
13,Sensitivity-DQN,8014,random,23.084051724137932,98.5,17.851666666666667,37.0,183,43,22,-132.30319583333335,232,49,0,2,0,0,300.0,10,0.3,0.4,0.4,10,0.3,0.4,0.4,22,22,50000,8014,random,validation,False,55cd1036a4d9d8cba7cc7d7ac04aa9661b6e4c0235b398b071eadc518fa79e7e,C:\Users\권민우\traffic-control\model\results\reward_fine_search_2026-10-09\runs\fine\seed_22\candidate_10\attempt_001\experiment_10\final.zip,14.654249625347916,2.9504310344827616,-5.741626794258369,-6.0,14.654249625347893,2.2816666666666663,-2.2727272727272707,-1.0,-2.1390374331550777,-4.0
14,Sensitivity-DQN,8015,random,30.14568345323741,134.5,27.935,60.0,205,45,24,-189.5502,278,73,0,3,0,0,300.0,10,0.3,0.4,0.4,10,0.3,0.4,0.4,22,22,50000,8015,random,validation,False,4b5952cea76dd251669c9507a7f12fefeb3138a19302395b7893ec16755927b3,C:\Users\권민우\traffic-control\model\results\reward_fine_search_2026-10-09\runs\fine\seed_22\candidate_10\attempt_001\experiment_10\final.zip,29.8798915149167,6.935251798561151,55.49132947976878,48.0,29.8798915149167,6.426666666666666,0.0,0.0,-8.888888888888891,-20.0
15,Sensitivity-DQN,8016,random,31.266129032258064,103.5,32.31,77.0,215,43,20,-182.1464166666666,310,95,0,2,0,0,300.0,10,0.3,0.4,0.4,10,0.3,0.4,0.4,22,22,50000,8016,random,validation,False,5d676c5c894eac0f3d9f703037c1ebf9802829a4819393f69c0acc1492442857,C:\Users\권민우\traffic-control\model\results\reward_fine_search_2026-10-09\runs\fine\seed_22\candidate_10\attempt_001\experiment_10\final.zip,15.682998150026851,4.2387096774193544,22.48520710059172,19.0,15.688965805335098,4.381666666666668,0.0,0.0,-6.521739130434778,-15.0
16,Sensitivity-DQN,8017,random,24.08565737051793,111.5,20.151666666666667,46.0,199,45,23,-146.499125,251,52,0,3,0,0,300.0,10,0.3,0.4,0.4,10,0.3,0.4,0.4,22,22,50000,8017,random,validation,False,658c6c23978d040d2ba3fee1c2044362083690f1063d980fbf123a6eeec43fd8,C:\Users\권민우\traffic-control\model\results\reward_fine_search_2026-10-09\runs\fine\seed_22\candidate_10\attempt_001\experiment_10\final.zip,10.93678319111846,2.374501992031874,19.25133689839573,18.0,10.93678319111846,1.9866666666666681,7.14285714285714,3.0,-3.864734299516903,-8.0
17,Sensitivity-DQN,8018,random,7.023076923076923,34.5,3.0433333333333334,11.0,121,43,22,-42.43462083333334,130,9,0,1,0,0,300.0,10,0.3,0.4,0.4,10,0.3,0.4,0.4,22,22,50000,8018,random,validation,False,f44facdd126218ef97befa1789def0801faaa77ceb04886a6bc156a900691cfc,C:\Users\권민우\traffic-control\model\results\reward_fine_search_2026-10-09\runs\fine\seed_22\candidate_10\attempt_001\experiment_10\final.zip,-35.952297439494906,-3.9423076923076916,-21.590909090909093,-9.5,-35.95229743949492,-1.7083333333333335,2.3809523809523725,1.0,0.0,0.0
18,Sensitivity-DQN,8019,random,28.105095541401273,121.5,29.416666666666668,62.0,243,43,23,-189.98471250000003,314,71,0,3,0,0,300.0,10,0.3,0.4,0.4,10,0.3,0.4,0.4,22,22,50000,8019,random,validation,False,52131aa9c898a5842eac0e7769a57b7442cca0dfa41dd4cce841370fc6b0060c,C:\Users\권민우\traffic-control\model\results\reward_fine_search_2026-10-09\runs\fine\seed_22\candidate_10\attempt_001\experiment_10\final.zip,-9.37098844672657,-2.9060509554140133,-4.330708661417326,-5.5,-9.37098844672658,-3.041666666666668,2.3809523809523725,1.0,1.673640167364021,4.0
19,Sensitivity-DQN,8020,random,17.514285714285716,57.0,12.26,28.0,186,41,20,-94.35701250000004,210,24,0,1,0,0,300.0,10,0.3,0.4,0.4,10,0.3,0.4,0.4,22,22,50000,8020,random,validation,False,8b6b3d586b585e66f3e99748305f4810b898bce1de2bf34ea783f93ef8efbc3c,C:\Users\권민우\traffic-control\model\results\reward_fine_search_2026-10-09\runs\fine\seed_22\candidate_10\attempt_001\experiment_10\final.zip,-8.677839851024194,-1.664285714285711,-19.718309859154925,-14.0,-8.677839851024217,-1.165000000000001,-8.888888888888891,-4.0,2.19780219780219,4.0
0,Sensitivity-DQN,8001,random,30.28228228228228,94.5,33.61333333333334,76.0,242,40,22,-189.72633333333349,333,91,0,2,0,0,300.0,11,0.3,0.4,0.5,11,0.3,0.4,0.5,22,22,50000,8001,random,validation,False,8dd341828f90c6befd05da39f6398cba989e90169d9b64a606076b6fb9fb603c,C:\Users\권민우\traffic-control\model\results\reward_fine_search_2026-10-09\runs\fine\seed_22\candidate_11\attempt_001\experiment_11\final.zip,-5.390064267955152,-1.7252252252252234,-3.57142857142857,-3.5,-5.390064267955152,-1.9149999999999991,2.564102564102555,1.0,-1.224489795918371,-3.0
1,Sensitivity-DQN,8002,random,19.413333333333334,72.0,14.56,37.0,196,43,19,-113.95312916666664,225,29,0,2,0,0,300.0,11,0.3,0.4,0.5,11,0.3,0.4,0.5,22,22,50000,8002,random,validation,False,2821177a095106802fb7dc55d27cc7e848d70ca889c81c04df6e242d9b95dc2c,C:\Users\권민우\traffic-control\model\results\reward_fine_search_2026-10-09\runs\fine\seed_22\candidate_11\attempt_001\experiment_11\final.zip,14.25582003662047,2.4222222222222243,12.5,8.0,14.255820036620449,1.8166666666666664,-2.2727272727272707,-1.0,-6.2200956937799035,-13.0
2,Sensitivity-DQN,8003,random,15.568306010928962,61.0,9.496666666666666,24.0,168,46,17,-88.42048749999996,183,15,0,2,0,0,300.0,11,0.3,0.4,0.5,11,0.3,0.4,0.5,22,22,50000,8003,random,validation,False,9354c03af629ff819755229f14e05b8a1326de925c77653ba23425fd1637b4b4,C:\Users\권민우\traffic-control\model\results\reward_fine_search_2026-10-09\runs\fine\seed_22\candidate_11\attempt_001\experiment_11\final.zip,-12.674329501915704,-2.2595628415300535,-18.666666666666664,-14.0,-12.674329501915715,-1.3783333333333339,-2.127659574468088,-1.0,2.4390243902439046,4.0
3,Sensitivity-DQN,8004,random,15.049065420560748,82.5,10.735,27.0,188,45,23,-95.94578750000002,214,26,0,2,0,0,300.0,11,0.3,0.4,0.5,11,0.3,0.4,0.5,22,22,50000,8004,random,validation,False,b79c500713d892f6e4ec75115e41bf065a3f2b239f70ef745728c491621d13e9,C:\Users\권민우\traffic-control\model\results\reward_fine_search_2026-10-09\runs\fine\seed_22\candidate_11\attempt_001\experiment_11\final.zip,-8.767705382436263,-1.4462616822429908,48.64864864864864,27.0,-8.767705382436276,-1.031666666666668,-2.1739130434782594,-1.0,3.296703296703307,6.0
4,Sensitivity-DQN,8005,random,25.37936507936508,120.5,26.648333333333333,61.0,244,42,21,-182.13746666666665,315,71,0,2,0,0,300.0,11,0.3,0.4,0.5,11,0.3,0.4,0.5,22,22,50000,8005,random,validation,False,dad8b07ae7aacd3f44de4c3b859fd5a3b640cf23c3bd71481a1f0ec1a70332aa,C:\Users\권민우\traffic-control\model\results\reward_fine_search_2026-10-09\runs\fine\seed_22\candidate_11\attempt_001\experiment_11\final.zip,-12.52803763882051,-3.634920634920636,38.50574712643677,33.5,-12.5280376388205,-3.8166666666666664,2.4390243902439046,1.0,-0.40816326530612734,-1.0
5,Sensitivity-DQN,8006,random,13.38888888888889,51.0,8.035,22.0,164,40,20,-76.63154166666664,180,16,0,1,0,0,300.0,11,0.3,0.4,0.5,11,0.3,0.4,0.5,22,22,50000,8006,random,validation,False,ef2f623673927b137a233a73ec5cbcb6c8ce5ecf794f5e6abec53433d205ec06,C:\Users\권민우\traffic-control\model\results\reward_fine_search_2026-10-09\runs\fine\seed_22\candidate_11\attempt_001\experiment_11\final.zip,-2.42914979757084,-0.33333333333333215,3.0303030303030276,1.5,-2.4089068825910775,-0.19833333333333236,-4.761904761904767,-2.0,1.2345679012345734,2.0
6,Sensitivity-DQN,8007,random,18.993392070484582,61.0,14.373333333333333,31.0,198,40,18,-110.40236666666658,227,29,0,2,0,0,300.0,11,0.3,0.4,0.5,11,0.3,0.4,0.5,22,22,50000,8007,random,validation,False,fa89c69d4df65396b556c47c51886af5f1a02287f4ec90fae5d842865d09b2b9,C:\Users\권민우\traffic-control\model\results\reward_fine_search_2026-10-09\runs\fine\seed_22\candidate_11\attempt_001\experiment_11\final.zip,-26.48763853367434,-6.843612334801762,-38.07106598984772,-37.5,-26.479113384484233,-5.176666666666668,-11.111111111111116,-5.0,9.392265193370175,17.0
7,Sensitivity-DQN,8008,random,15.61244019138756,61.0,10.876666666666667,31.0,188,44,17,-96.6463625,209,21,0,1,0,0,300.0,11,0.3,0.4,0.5,11,0.3,0.4,0.5,22,22,50000,8008,random,validation,False,85fdc4042e94b886aca1df437c5f5a2d379d3c3162408629c0b305b7392e680b,C:\Users\권민우\traffic-control\model\results\reward_fine_search_2026-10-09\runs\fine\seed_22\candidate_11\attempt_001\experiment_11\final.zip,32.3463800446157,3.8157894736842106,19.6078431372549,10.0,32.3463800446157,2.658333333333333,2.3255813953488413,1.0,-2.590673575129532,-5.0
8,Sensitivity-DQN,8009,random,15.204301075268818,71.5,9.426666666666666,25.0,174,40,19,-87.96233333333338,186,12,0,2,0,0,300.0,11,0.3,0.4,0.5,11,0.3,0.4,0.5,22,22,50000,8009,random,validation,False,776e63c43ae4b74af8684e652ee35e575d3c68422d440ebcdb28cfcfa668a94e,C:\Users\권민우\traffic-control\model\results\reward_fine_search_2026-10-09\runs\fine\seed_22\candidate_11\attempt_001\experiment_11\final.zip,3.324808184143224,0.4892473118279579,8.333333333333325,5.5,3.324808184143224,0.3033333333333328,-9.090909090909093,-4.0,-1.1363636363636354,-2.0
9,Sensitivity-DQN,8010,random,29.235191637630663,111.0,27.968333333333334,74.0,213,42,19,-171.29547499999995,287,74,0,1,0,0,300.0,11,0.3,0.4,0.5,11,0.3,0.4,0.5,22,22,50000,8010,random,validation,False,a840059b85bbd9b6a912132b0c970d4d51ecdf0326cf009aaea2e9fad68f7bba,C:\Users\권민우\traffic-control\model\results\reward_fine_search_2026-10-09\runs\fine\seed_22\candidate_11\attempt_001\experiment_11\final.zip,-2.356569300593503,-0.7055749128919864,3.2558139534883734,3.5,-2.3622505381974745,-0.6766666666666659,-10.63829787234043,-5.0,7.575757575757569,15.0
10,Sensitivity-DQN,8011,random,36.19281045751634,115.0,36.916666666666664,69.0,226,40,23,-219.4334083333334,306,80,0,1,0,0,300.0,11,0.3,0.4,0.5,11,0.3,0.4,0.5,22,22,50000,8011,random,validation,False,3cb7167c2c2b34c1ebf11e7fdb965ba96a41e8a0e843c8e986e324a3722c4171,C:\Users\권민우\traffic-control\model\results\reward_fine_search_2026-10-09\runs\fine\seed_22\candidate_11\attempt_001\experiment_11\final.zip,1.899986198647463,0.6748366013071845,9.004739336492884,9.5,1.899986198647463,0.6883333333333326,-6.976744186046513,-3.0,-0.4405286343612369,-1.0
11,Sensitivity-DQN,8012,random,28.93354430379747,92.5,30.476666666666667,81.0,218,41,23,-165.61218333333335,316,98,0,2,0,0,300.0,11,0.3,0.4,0.5,11,0.3,0.4,0.5,22,22,50000,8012,random,validation,False,a43af6ff2bb883b6d9a617961af61470161a2cebdc9b5d49bdb4318dbb7f654b,C:\Users\권민우\traffic-control\model\results\reward_fine_search_2026-10-09\runs\fine\seed_22\candidate_11\attempt_001\experiment_11\final.zip,0.3126885731526752,0.09018987341772089,-2.631578947368418,-2.5,0.3126885731526752,0.09499999999999886,-2.3809523809523836,-1.0,0.0,0.0
12,Sensitivity-DQN,8013,random,16.486692015209126,64.5,14.453333333333333,38.0,218,45,17,-112.34199583333336,263,45,0,1,0,0,300.0,11,0.3,0.4,0.5,11,0.3,0.4,0.5,22,22,50000,8013,random,validation,False,dc72dfa2fd6460529e83df749d8d9abea9bcee3755fb816ec851d7258e8920db,C:\Users\권민우\traffic-control\model\results\reward_fine_search_2026-10-09\runs\fine\seed_22\candidate_11\attempt_001\experiment_11\final.zip,-6.90284487385936,-1.2224334600760436,-8.510638297872342,-6.0,-6.902844873859371,-1.0716666666666672,7.14285714285714,3.0,-2.67857142857143,-6.0
13,Sensitivity-DQN,8014,random,26.75,81.0,20.686666666666667,66.0,169,43,21,-125.92697916666668,232,63,0,2,0,0,300.0,11,0.3,0.4,0.5,11,0.3,0.4,0.5,22,22,50000,8014,random,validation,False,55cd1036a4d9d8cba7cc7d7ac04aa9661b6e4c0235b398b071eadc518fa79e7e,C:\Users\권민우\traffic-control\model\results\reward_fine_search_2026-10-09\runs\fine\seed_22\candidate_11\attempt_001\experiment_11\final.zip,32.862342110897025,6.616379310344829,-22.488038277511958,-23.5,32.862342110897025,5.116666666666667,-2.2727272727272707,-1.0,-9.625668449197866,-18.0
14,Sensitivity-DQN,8015,random,27.241007194244606,98.0,25.243333333333332,51.0,225,41,18,-169.27917500000012,278,53,0,3,0,0,300.0,11,0.3,0.4,0.5,11,0.3,0.4,0.5,22,22,50000,8015,random,validation,False,4b5952cea76dd251669c9507a7f12fefeb3138a19302395b7893ec16755927b3,C:\Users\권민우\traffic-control\model\results\reward_fine_search_2026-10-09\runs\fine\seed_22\candidate_11\attempt_001\experiment_11\final.zip,17.365362262688876,4.030575539568346,13.294797687861282,11.5,17.365362262688876,3.7349999999999994,-8.888888888888891,-4.0,0.0,0.0
15,Sensitivity-DQN,8016,random,30.651612903225807,87.5,31.673333333333332,85.0,213,44,23,-180.70547499999995,310,97,0,2,0,0,300.0,11,0.3,0.4,0.5,11,0.3,0.4,0.5,22,22,50000,8016,random,validation,False,5d676c5c894eac0f3d9f703037c1ebf9802829a4819393f69c0acc1492442857,C:\Users\권민우\traffic-control\model\results\reward_fine_search_2026-10-09\runs\fine\seed_22\candidate_11\attempt_001\experiment_11\final.zip,13.409321477591462,3.6241935483870975,3.5502958579881616,3.0,13.40932147759144,3.7449999999999974,2.3255813953488413,1.0,-7.391304347826089,-17.0
16,Sensitivity-DQN,8017,random,19.254980079681275,84.5,16.11,34.0,218,40,18,-126.28906666666667,251,33,0,3,0,0,300.0,11,0.3,0.4,0.5,11,0.3,0.4,0.5,22,22,50000,8017,random,validation,False,658c6c23978d040d2ba3fee1c2044362083690f1063d980fbf123a6eeec43fd8,C:\Users\권민우\traffic-control\model\results\reward_fine_search_2026-10-09\runs\fine\seed_22\candidate_11\attempt_001\experiment_11\final.zip,-11.312964492155242,-2.45617529880478,-9.625668449197866,-9.0,-11.312964492155242,-2.0549999999999997,-4.761904761904767,-2.0,5.31400966183575,11.0
17,Sensitivity-DQN,8018,random,6.496153846153846,38.0,2.816666666666667,9.0,126,42,22,-45.01330833333333,130,4,0,1,0,0,300.0,11,0.3,0.4,0.5,11,0.3,0.4,0.5,22,22,50000,8018,random,validation,False,f44facdd126218ef97befa1789def0801faaa77ceb04886a6bc156a900691cfc,C:\Users\권민우\traffic-control\model\results\reward_fine_search_2026-10-09\runs\fine\seed_22\candidate_11\attempt_001\experiment_11\final.zip,-40.7576289021396,-4.4692307692307685,-13.636363636363635,-6.0,-40.72255349000351,-1.935,0.0,0.0,4.132231404958686,5.0
18,Sensitivity-DQN,8019,random,31.371019108280255,90.0,32.835,75.0,238,43,21,-193.23355000000018,314,76,0,3,0,0,300.0,11,0.3,0.4,0.5,11,0.3,0.4,0.5,22,22,50000,8019,random,validation,False,52131aa9c898a5842eac0e7769a57b7442cca0dfa41dd4cce841370fc6b0060c,C:\Users\권민우\traffic-control\model\results\reward_fine_search_2026-10-09\runs\fine\seed_22\candidate_11\attempt_001\experiment_11\final.zip,1.160462130937101,0.35987261146496863,-29.13385826771654,-37.0,1.160462130937101,0.37666666666666515,2.3809523809523725,1.0,-0.4184100418409997,-1.0
19,Sensitivity-DQN,8020,random,18.40714285714286,73.0,12.885,32.0,185,42,22,-109.35162916666671,210,25,0,1,0,0,300.0,11,0.3,0.4,0.5,11,0.3,0.4,0.5,22,22,50000,8020,random,validation,False,8b6b3d586b585e66f3e99748305f4810b898bce1de2bf34ea783f93ef8efbc3c,C:\Users\권민우\traffic-control\model\results\reward_fine_search_2026-10-09\runs\fine\seed_22\candidate_11\attempt_001\experiment_11\final.zip,-4.022346368715068,-0.7714285714285687,2.8169014084507005,2.0,-4.022346368715091,-0.5400000000000009,-6.666666666666665,-3.0,1.6483516483516425,3.0
0,Sensitivity-DQN,8001,random,36.0945945945946,119.5,40.065,82.0,225,43,21,-226.21247499999998,333,108,0,2,0,0,300.0,12,0.3,0.4,0.6,12,0.3,0.4,0.6,22,22,50000,8001,random,validation,False,8dd341828f90c6befd05da39f6398cba989e90169d9b64a606076b6fb9fb603c,C:\Users\권민우\traffic-control\model\results\reward_fine_search_2026-10-09\runs\fine\seed_22\candidate_12\attempt_001\experiment_12\final.zip,12.7691513815265,4.087087087087092,21.93877551020409,21.5,12.769151381526456,4.536666666666662,10.256410256410264,4.0,-8.163265306122447,-20.0
1,Sensitivity-DQN,8002,random,17.78,69.5,13.335,31.0,196,44,15,-111.6125166666667,225,29,0,2,0,0,300.0,12,0.3,0.4,0.6,12,0.3,0.4,0.6,22,22,50000,8002,random,validation,False,2821177a095106802fb7dc55d27cc7e848d70ca889c81c04df6e242d9b95dc2c,C:\Users\권민우\traffic-control\model\results\reward_fine_search_2026-10-09\runs\fine\seed_22\candidate_12\attempt_001\experiment_12\final.zip,4.642950562385573,0.7888888888888914,8.59375,5.5,4.642950562385573,0.5916666666666668,0.0,0.0,-6.2200956937799035,-13.0
2,Sensitivity-DQN,8003,random,17.062841530054644,59.0,10.408333333333333,25.0,172,42,21,-98.50432500000005,183,11,0,2,0,0,300.0,12,0.3,0.4,0.6,12,0.3,0.4,0.6,22,22,50000,8003,random,validation,False,9354c03af629ff819755229f14e05b8a1326de925c77653ba23425fd1637b4b4,C:\Users\권민우\traffic-control\model\results\reward_fine_search_2026-10-09\runs\fine\seed_22\candidate_12\attempt_001\experiment_12\final.zip,-4.291187739463598,-0.7650273224043715,-21.333333333333336,-16.0,-4.291187739463598,-0.4666666666666668,-10.63829787234043,-5.0,4.878048780487809,8.0
3,Sensitivity-DQN,8004,random,16.679906542056074,91.5,11.898333333333333,29.0,190,42,20,-112.7435375,214,24,0,2,0,0,300.0,12,0.3,0.4,0.6,12,0.3,0.4,0.6,22,22,50000,8004,random,validation,False,b79c500713d892f6e4ec75115e41bf065a3f2b239f70ef745728c491621d13e9,C:\Users\권민우\traffic-control\model\results\reward_fine_search_2026-10-09\runs\fine\seed_22\candidate_12\attempt_001\experiment_12\final.zip,1.1189801699716728,0.18457943925233522,64.86486486486487,36.0,1.1189801699716728,0.13166666666666593,-8.695652173913048,-4.0,4.395604395604402,8.0
4,Sensitivity-DQN,8005,random,24.32063492063492,91.5,25.536666666666665,74.0,249,41,20,-168.26852500000007,315,66,0,2,0,0,300.0,12,0.3,0.4,0.6,12,0.3,0.4,0.6,22,22,50000,8005,random,validation,False,dad8b07ae7aacd3f44de4c3b859fd5a3b640cf23c3bd71481a1f0ec1a70332aa,C:\Users\권민우\traffic-control\model\results\reward_fine_search_2026-10-09\runs\fine\seed_22\candidate_12\attempt_001\experiment_12\final.zip,-16.17703375458177,-4.6936507936507965,5.1724137931034475,4.5,-16.17703375458176,-4.928333333333335,0.0,0.0,1.6326530612244872,4.0
5,Sensitivity-DQN,8006,random,13.780555555555555,53.0,8.268333333333333,20.0,160,44,24,-86.36569583333333,180,20,0,1,0,0,300.0,12,0.3,0.4,0.6,12,0.3,0.4,0.6,22,22,50000,8006,random,validation,False,ef2f623673927b137a233a73ec5cbcb6c8ce5ecf794f5e6abec53433d205ec06,C:\Users\권민우\traffic-control\model\results\reward_fine_search_2026-10-09\runs\fine\seed_22\candidate_12\attempt_001\experiment_12\final.zip,0.4251012145749078,0.05833333333333357,7.070707070707072,3.5,0.4251012145749078,0.03500000000000014,4.761904761904767,2.0,-1.2345679012345734,-2.0
6,Sensitivity-DQN,8007,random,23.691629955947135,101.5,17.926666666666666,37.0,184,44,20,-139.77507500000004,227,43,0,2,0,0,300.0,12,0.3,0.4,0.6,12,0.3,0.4,0.6,22,22,50000,8007,random,validation,False,fa89c69d4df65396b556c47c51886af5f1a02287f4ec90fae5d842865d09b2b9,C:\Users\권민우\traffic-control\model\results\reward_fine_search_2026-10-09\runs\fine\seed_22\candidate_12\attempt_001\experiment_12\final.zip,-8.303495311167952,-2.145374449339208,3.0456852791878264,3.0,-8.303495311167952,-1.6233333333333348,-2.2222222222222254,-1.0,1.6574585635359185,3.0
7,Sensitivity-DQN,8008,random,13.552631578947368,57.5,9.441666666666666,24.0,193,42,17,-89.32971249999999,209,16,0,1,0,0,300.0,12,0.3,0.4,0.6,12,0.3,0.4,0.6,22,22,50000,8008,random,validation,False,85fdc4042e94b886aca1df437c5f5a2d379d3c3162408629c0b305b7392e680b,C:\Users\권민우\traffic-control\model\results\reward_fine_search_2026-10-09\runs\fine\seed_22\candidate_12\attempt_001\experiment_12\final.zip,14.885418779152303,1.7559808612440193,12.745098039215685,6.5,14.885418779152303,1.2233333333333327,-2.3255813953488413,-1.0,0.0,0.0
8,Sensitivity-DQN,8009,random,15.513440860215054,93.0,9.618333333333334,25.0,177,41,16,-94.0545333333333,186,9,0,2,0,0,300.0,12,0.3,0.4,0.6,12,0.3,0.4,0.6,22,22,50000,8009,random,validation,False,776e63c43ae4b74af8684e652ee35e575d3c68422d440ebcdb28cfcfa668a94e,C:\Users\권민우\traffic-control\model\results\reward_fine_search_2026-10-09\runs\fine\seed_22\candidate_12\attempt_001\experiment_12\final.zip,5.4256485202776705,0.798387096774194,40.90909090909092,27.0,5.425648520277693,0.495000000000001,-6.818181818181824,-3.0,0.5681818181818121,1.0
9,Sensitivity-DQN,8010,random,26.37979094076655,124.5,25.236666666666668,60.0,219,41,18,-168.4665958333334,287,68,0,1,0,0,300.0,12,0.3,0.4,0.6,12,0.3,0.4,0.6,22,22,50000,8010,random,validation,False,a840059b85bbd9b6a912132b0c970d4d51ecdf0326cf009aaea2e9fad68f7bba,C:\Users\권민우\traffic-control\model\results\reward_fine_search_2026-10-09\runs\fine\seed_22\candidate_12\attempt_001\experiment_12\final.zip,-11.893401605958342,-3.560975609756099,15.81395348837209,17.0,-11.89852795717693,-3.4083333333333314,-12.765957446808507,-6.0,10.606060606060597,21.0
10,Sensitivity-DQN,8011,random,33.321895424836605,154.0,33.98833333333334,74.0,231,45,20,-229.15973333333343,306,75,0,1,0,0,300.0,12,0.3,0.4,0.6,12,0.3,0.4,0.6,22,22,50000,8011,random,validation,False,3cb7167c2c2b34c1ebf11e7fdb965ba96a41e8a0e843c8e986e324a3722c4171,C:\Users\권민우\traffic-control\model\results\reward_fine_search_2026-10-09\runs\fine\seed_22\candidate_12\attempt_001\experiment_12\final.zip,-6.183005934581587,-2.1960784313725483,45.97156398104265,48.5,-6.183005934581576,-2.239999999999995,4.651162790697683,2.0,1.7621145374449254,4.0
11,Sensitivity-DQN,8012,random,28.125,76.5,29.625,70.0,219,40,22,-166.83014166666663,316,97,0,2,0,0,300.0,12,0.3,0.4,0.6,12,0.3,0.4,0.6,22,22,50000,8012,random,validation,False,a43af6ff2bb883b6d9a617961af61470161a2cebdc9b5d49bdb4318dbb7f654b,C:\Users\권민우\traffic-control\model\results\reward_fine_search_2026-10-09\runs\fine\seed_22\candidate_12\attempt_001\experiment_12\final.zip,-2.490537056338804,-0.7183544303797476,-19.473684210526322,-18.5,-2.490537056338804,-0.7566666666666677,-4.761904761904767,-2.0,0.4587155963302836,1.0
12,Sensitivity-DQN,8013,random,19.53231939163498,81.5,17.123333333333335,50.0,221,41,19,-135.08563333333333,263,42,0,1,0,0,300.0,12,0.3,0.4,0.6,12,0.3,0.4,0.6,22,22,50000,8013,random,validation,False,dc72dfa2fd6460529e83df749d8d9abea9bcee3755fb816ec851d7258e8920db,C:\Users\권민우\traffic-control\model\results\reward_fine_search_2026-10-09\runs\fine\seed_22\candidate_12\attempt_001\experiment_12\final.zip,10.295222758990885,1.8231939163498119,15.602836879432624,11.0,10.295222758990885,1.5983333333333345,-2.3809523809523836,-1.0,-1.3392857142857095,-3.0
13,Sensitivity-DQN,8014,random,20.385775862068964,76.0,15.765,52.0,184,43,22,-117.7781041666667,232,48,0,2,0,0,300.0,12,0.3,0.4,0.6,12,0.3,0.4,0.6,22,22,50000,8014,random,validation,False,55cd1036a4d9d8cba7cc7d7ac04aa9661b6e4c0235b398b071eadc518fa79e7e,C:\Users\권민우\traffic-control\model\results\reward_fine_search_2026-10-09\runs\fine\seed_22\candidate_12\attempt_001\experiment_12\final.zip,1.2524084778420042,0.2521551724137936,-27.27272727272727,-28.5,1.2524084778420042,0.19500000000000028,-2.2727272727272707,-1.0,-1.6042780748663055,-3.0
14,Sensitivity-DQN,8015,random,26.14748201438849,100.0,24.23,49.0,223,41,22,-168.85670416666667,278,55,0,3,0,0,300.0,12,0.3,0.4,0.6,12,0.3,0.4,0.6,22,22,50000,8015,random,validation,False,4b5952cea76dd251669c9507a7f12fefeb3138a19302395b7893ec16755927b3,C:\Users\권민우\traffic-control\model\results\reward_fine_search_2026-10-09\runs\fine\seed_22\candidate_12\attempt_001\experiment_12\final.zip,12.654010073614884,2.937050359712231,15.606936416184979,13.5,12.654010073614884,2.7216666666666676,-8.888888888888891,-4.0,-0.8888888888888835,-2.0
15,Sensitivity-DQN,8016,random,27.717741935483872,92.0,28.641666666666666,80.0,233,42,20,-178.31745000000006,310,77,0,2,0,0,300.0,12,0.3,0.4,0.6,12,0.3,0.4,0.6,22,22,50000,8016,random,validation,False,5d676c5c894eac0f3d9f703037c1ebf9802829a4819393f69c0acc1492442857,C:\Users\권민우\traffic-control\model\results\reward_fine_search_2026-10-09\runs\fine\seed_22\candidate_12\attempt_001\experiment_12\final.zip,2.5541564719221865,0.6903225806451623,8.875739644970416,7.5,2.5541564719221643,0.7133333333333312,-2.3255813953488413,-1.0,1.304347826086949,3.0
16,Sensitivity-DQN,8017,random,21.846613545816734,83.0,18.278333333333332,39.0,208,41,20,-137.17017499999994,251,43,0,3,0,0,300.0,12,0.3,0.4,0.6,12,0.3,0.4,0.6,22,22,50000,8017,random,validation,False,658c6c23978d040d2ba3fee1c2044362083690f1063d980fbf123a6eeec43fd8,C:\Users\권민우\traffic-control\model\results\reward_fine_search_2026-10-09\runs\fine\seed_22\candidate_12\attempt_001\experiment_12\final.zip,0.6239104505000537,0.13545816733067895,-11.229946524064172,-10.5,0.6239104505000537,0.11333333333333329,-2.3809523809523836,-1.0,0.48309178743961567,1.0
17,Sensitivity-DQN,8018,random,8.696153846153846,49.0,3.7683333333333335,11.0,125,39,23,-58.444995833333365,130,5,0,1,0,0,300.0,12,0.3,0.4,0.6,12,0.3,0.4,0.6,22,22,50000,8018,random,validation,False,f44facdd126218ef97befa1789def0801faaa77ceb04886a6bc156a900691cfc,C:\Users\권민우\traffic-control\model\results\reward_fine_search_2026-10-09\runs\fine\seed_22\candidate_12\attempt_001\experiment_12\final.zip,-20.694493160294623,-2.2692307692307683,11.363636363636353,5.0,-20.694493160294634,-0.9833333333333334,-7.14285714285714,-3.0,3.305785123966931,4.0
18,Sensitivity-DQN,8019,random,28.869426751592357,125.0,30.216666666666665,62.0,253,42,22,-203.84556666666683,314,61,0,3,0,0,300.0,12,0.3,0.4,0.6,12,0.3,0.4,0.6,22,22,50000,8019,random,validation,False,52131aa9c898a5842eac0e7769a57b7442cca0dfa41dd4cce841370fc6b0060c,C:\Users\권민우\traffic-control\model\results\reward_fine_search_2026-10-09\runs\fine\seed_22\candidate_12\attempt_001\experiment_12\final.zip,-6.906290115532732,-2.141719745222929,-1.5748031496062964,-2.0,-6.906290115532743,-2.2416666666666707,0.0,0.0,5.857740585774063,14.0
19,Sensitivity-DQN,8020,random,17.564285714285713,55.5,12.296666666666667,32.0,183,43,18,-100.71879166666666,210,27,0,1,0,0,300.0,12,0.3,0.4,0.6,12,0.3,0.4,0.6,22,22,50000,8020,random,validation,False,8b6b3d586b585e66f3e99748305f4810b898bce1de2bf34ea783f93ef8efbc3c,C:\Users\권민우\traffic-control\model\results\reward_fine_search_2026-10-09\runs\fine\seed_22\candidate_12\attempt_001\experiment_12\final.zip,-8.417132216014899,-1.6142857142857139,-21.830985915492963,-15.5,-8.404717566728747,-1.1283333333333339,-4.444444444444439,-2.0,0.5494505494505475,1.0
0,Sensitivity-DQN,8001,random,32.091591591591595,86.0,35.62166666666667,85.0,237,42,21,-200.34835,333,96,0,2,0,0,300.0,13,0.3,0.5,0.4,13,0.3,0.5,0.4,22,22,50000,8001,random,validation,False,8dd341828f90c6befd05da39f6398cba989e90169d9b64a606076b6fb9fb603c,C:\Users\권민우\traffic-control\model\results\reward_fine_search_2026-10-09\runs\fine\seed_22\candidate_13\attempt_001\experiment_13\final.zip,0.2627011305530891,0.08408408408408974,-12.244897959183676,-12.0,0.2627011305530891,0.09333333333333371,7.692307692307687,3.0,-3.2653061224489743,-8.0
1,Sensitivity-DQN,8002,random,15.095555555555556,68.5,11.321666666666667,25.0,208,44,18,-105.17077083333332,225,17,0,2,0,0,300.0,13,0.3,0.5,0.4,13,0.3,0.5,0.4,22,22,50000,8002,random,validation,False,2821177a095106802fb7dc55d27cc7e848d70ca889c81c04df6e242d9b95dc2c,C:\Users\권민우\traffic-control\model\results\reward_fine_search_2026-10-09\runs\fine\seed_22\candidate_13\attempt_001\experiment_13\final.zip,-11.156160083703881,-1.8955555555555534,7.03125,4.5,-11.156160083703902,-1.4216666666666669,0.0,0.0,-0.4784688995215336,-1.0
2,Sensitivity-DQN,8003,random,15.969945355191257,53.0,9.741666666666667,24.0,163,49,20,-93.48847916666656,183,20,0,2,0,0,300.0,13,0.3,0.5,0.4,13,0.3,0.5,0.4,22,22,50000,8003,random,validation,False,9354c03af629ff819755229f14e05b8a1326de925c77653ba23425fd1637b4b4,C:\Users\권민우\traffic-control\model\results\reward_fine_search_2026-10-09\runs\fine\seed_22\candidate_13\attempt_001\experiment_13\final.zip,-10.42145593869731,-1.857923497267759,-29.333333333333332,-22.0,-10.42145593869731,-1.1333333333333329,4.255319148936176,2.0,-0.6097560975609762,-1.0
3,Sensitivity-DQN,8004,random,15.75233644859813,85.5,11.236666666666666,27.0,193,44,21,-103.92760000000004,214,21,0,2,0,0,300.0,13,0.3,0.5,0.4,13,0.3,0.5,0.4,22,22,50000,8004,random,validation,False,b79c500713d892f6e4ec75115e41bf065a3f2b239f70ef745728c491621d13e9,C:\Users\권민우\traffic-control\model\results\reward_fine_search_2026-10-09\runs\fine\seed_22\candidate_13\attempt_001\experiment_13\final.zip,-4.504249291784701,-0.7429906542056077,54.054054054054056,30.0,-4.504249291784712,-0.5300000000000011,-4.347826086956519,-2.0,6.043956043956045,11.0
4,Sensitivity-DQN,8005,random,31.365079365079364,93.5,32.93333333333333,94.0,228,45,19,-192.04213333333342,315,87,0,2,0,0,300.0,13,0.3,0.5,0.4,13,0.3,0.5,0.4,22,22,50000,8005,random,validation,False,dad8b07ae7aacd3f44de4c3b859fd5a3b640cf23c3bd71481a1f0ec1a70332aa,C:\Users\권민우\traffic-control\model\results\reward_fine_search_2026-10-09\runs\fine\seed_22\candidate_13\attempt_001\experiment_13\final.zip,8.10219377427648,2.3507936507936478,7.471264367816088,6.5,8.10219377427648,2.46833333333333,9.756097560975618,4.0,-6.938775510204087,-17.0
5,Sensitivity-DQN,8006,random,11.975,58.0,7.185,17.0,162,48,18,-80.93731666666675,180,18,0,1,0,0,300.0,13,0.3,0.5,0.4,13,0.3,0.5,0.4,22,22,50000,8006,random,validation,False,ef2f623673927b137a233a73ec5cbcb6c8ce5ecf794f5e6abec53433d205ec06,C:\Users\권민우\traffic-control\model\results\reward_fine_search_2026-10-09\runs\fine\seed_22\candidate_13\attempt_001\experiment_13\final.zip,-12.732793522267205,-1.7472222222222218,17.17171717171717,8.5,-12.732793522267205,-1.048333333333333,14.28571428571428,6.0,0.0,0.0
6,Sensitivity-DQN,8007,random,23.348017621145374,78.0,17.666666666666668,37.0,190,44,22,-137.55202500000007,227,37,0,2,0,0,300.0,13,0.3,0.5,0.4,13,0.3,0.5,0.4,22,22,50000,8007,random,validation,False,fa89c69d4df65396b556c47c51886af5f1a02287f4ec90fae5d842865d09b2b9,C:\Users\권민우\traffic-control\model\results\reward_fine_search_2026-10-09\runs\fine\seed_22\candidate_13\attempt_001\experiment_13\final.zip,-9.633418584825238,-2.4889867841409696,-20.812182741116747,-20.5,-9.633418584825225,-1.8833333333333329,-2.2222222222222254,-1.0,4.972375690607733,9.0
7,Sensitivity-DQN,8008,random,15.842105263157896,79.5,11.036666666666667,31.0,190,47,12,-105.42529166666664,209,19,0,1,0,0,300.0,13,0.3,0.5,0.4,13,0.3,0.5,0.4,22,22,50000,8008,random,validation,False,85fdc4042e94b886aca1df437c5f5a2d379d3c3162408629c0b305b7392e680b,C:\Users\권민우\traffic-control\model\results\reward_fine_search_2026-10-09\runs\fine\seed_22\candidate_13\attempt_001\experiment_13\final.zip,34.29324680592174,4.045454545454547,55.88235294117647,28.5,34.29324680592172,2.8183333333333334,9.302325581395344,4.0,-1.5544041450777257,-3.0
8,Sensitivity-DQN,8009,random,11.728494623655914,46.0,7.2716666666666665,23.0,180,44,17,-74.82634999999996,186,6,0,2,0,0,300.0,13,0.3,0.5,0.4,13,0.3,0.5,0.4,22,22,50000,8009,random,validation,False,776e63c43ae4b74af8684e652ee35e575d3c68422d440ebcdb28cfcfa668a94e,C:\Users\권민우\traffic-control\model\results\reward_fine_search_2026-10-09\runs\fine\seed_22\candidate_13\attempt_001\experiment_13\final.zip,-20.295944464742423,-2.986559139784946,-30.303030303030297,-20.0,-20.295944464742423,-1.8516666666666666,0.0,0.0,2.2727272727272707,4.0
9,Sensitivity-DQN,8010,random,25.592334494773517,97.5,24.483333333333334,54.0,225,44,19,-171.87855416666662,287,62,0,1,0,0,300.0,13,0.3,0.5,0.4,13,0.3,0.5,0.4,22,22,50000,8010,random,validation,False,a840059b85bbd9b6a912132b0c970d4d51ecdf0326cf009aaea2e9fad68f7bba,C:\Users\권민우\traffic-control\model\results\reward_fine_search_2026-10-09\runs\fine\seed_22\candidate_13\attempt_001\experiment_13\final.zip,-14.523449319213322,-4.348432055749132,-9.302325581395355,-10.0,-14.528422645022399,-4.161666666666665,-6.382978723404253,-3.0,13.636363636363647,27.0
10,Sensitivity-DQN,8011,random,33.54248366013072,113.0,34.21333333333333,70.0,228,44,20,-221.69154583333332,306,78,0,1,0,0,300.0,13,0.3,0.5,0.4,13,0.3,0.5,0.4,22,22,50000,8011,random,validation,False,3cb7167c2c2b34c1ebf11e7fdb965ba96a41e8a0e843c8e986e324a3722c4171,C:\Users\권민우\traffic-control\model\results\reward_fine_search_2026-10-09\runs\fine\seed_22\candidate_13\attempt_001\experiment_13\final.zip,-5.561945070616925,-1.9754901960784323,7.109004739336489,7.5,-5.561945070616925,-2.0150000000000006,2.3255813953488413,1.0,0.4405286343612369,1.0
11,Sensitivity-DQN,8012,random,31.180379746835442,84.5,32.843333333333334,78.0,215,42,22,-184.10679583333336,316,101,0,2,0,0,300.0,13,0.3,0.5,0.4,13,0.3,0.5,0.4,22,22,50000,8012,random,validation,False,a43af6ff2bb883b6d9a617961af61470161a2cebdc9b5d49bdb4318dbb7f654b,C:\Users\권민우\traffic-control\model\results\reward_fine_search_2026-10-09\runs\fine\seed_22\candidate_13\attempt_001\experiment_13\final.zip,8.102474079763011,2.3370253164556942,-11.05263157894737,-10.5,8.102474079763011,2.461666666666666,0.0,0.0,-1.3761467889908285,-3.0
12,Sensitivity-DQN,8013,random,19.00190114068441,73.0,16.658333333333335,34.0,220,46,18,-130.79159166666662,263,43,0,1,0,0,300.0,13,0.3,0.5,0.4,13,0.3,0.5,0.4,22,22,50000,8013,random,validation,False,dc72dfa2fd6460529e83df749d8d9abea9bcee3755fb816ec851d7258e8920db,C:\Users\권민우\traffic-control\model\results\reward_fine_search_2026-10-09\runs\fine\seed_22\candidate_13\attempt_001\experiment_13\final.zip,7.300053676865281,1.2927756653992404,3.546099290780136,2.5,7.300053676865281,1.1333333333333346,9.523809523809534,4.0,-1.7857142857142905,-4.0
13,Sensitivity-DQN,8014,random,21.665948275862068,87.5,16.755,39.0,191,43,22,-130.84434999999996,232,41,0,2,0,0,300.0,13,0.3,0.5,0.4,13,0.3,0.5,0.4,22,22,50000,8014,random,validation,False,55cd1036a4d9d8cba7cc7d7ac04aa9661b6e4c0235b398b071eadc518fa79e7e,C:\Users\권민우\traffic-control\model\results\reward_fine_search_2026-10-09\runs\fine\seed_22\candidate_13\attempt_001\experiment_13\final.zip,7.610789980732169,1.5323275862068968,-16.267942583732054,-17.0,7.610789980732169,1.1849999999999987,-2.2727272727272707,-1.0,2.1390374331550888,4.0
14,Sensitivity-DQN,8015,random,26.83812949640288,89.5,24.87,54.0,216,45,19,-167.14625416666655,278,62,0,3,0,0,300.0,13,0.3,0.5,0.4,13,0.3,0.5,0.4,22,22,50000,8015,random,validation,False,4b5952cea76dd251669c9507a7f12fefeb3138a19302395b7893ec16755927b3,C:\Users\권민우\traffic-control\model\results\reward_fine_search_2026-10-09\runs\fine\seed_22\candidate_13\attempt_001\experiment_13\final.zip,15.629600929872133,3.6276978417266186,3.4682080924855585,3.0,15.629600929872156,3.361666666666668,0.0,0.0,-4.0000000000000036,-9.0
15,Sensitivity-DQN,8016,random,32.020967741935486,109.0,33.08833333333333,73.0,210,46,20,-201.36711666666667,310,100,0,2,0,0,300.0,13,0.3,0.5,0.4,13,0.3,0.5,0.4,22,22,50000,8016,random,validation,False,5d676c5c894eac0f3d9f703037c1ebf9802829a4819393f69c0acc1492442857,C:\Users\권민우\traffic-control\model\results\reward_fine_search_2026-10-09\runs\fine\seed_22\candidate_13\attempt_001\experiment_13\final.zip,18.475860834278212,4.9935483870967765,28.99408284023668,24.5,18.47586083427819,5.159999999999997,6.976744186046502,3.0,-8.695652173913048,-20.0
16,Sensitivity-DQN,8017,random,19.58167330677291,99.5,16.383333333333333,39.0,212,45,16,-134.04679166666665,251,39,0,3,0,0,300.0,13,0.3,0.5,0.4,13,0.3,0.5,0.4,22,22,50000,8017,random,validation,False,658c6c23978d040d2ba3fee1c2044362083690f1063d980fbf123a6eeec43fd8,C:\Users\권민우\traffic-control\model\results\reward_fine_search_2026-10-09\runs\fine\seed_22\candidate_13\attempt_001\experiment_13\final.zip,-9.80823928800807,-2.129482071713145,6.417112299465244,6.0,-9.80823928800807,-1.7816666666666663,7.14285714285714,3.0,2.4154589371980784,5.0
17,Sensitivity-DQN,8018,random,10.176923076923076,38.5,4.41,12.0,124,41,22,-55.5578875,130,6,0,1,0,0,300.0,13,0.3,0.5,0.4,13,0.3,0.5,0.4,22,22,50000,8018,random,validation,False,f44facdd126218ef97befa1789def0801faaa77ceb04886a6bc156a900691cfc,C:\Users\권민우\traffic-control\model\results\reward_fine_search_2026-10-09\runs\fine\seed_22\candidate_13\attempt_001\experiment_13\final.zip,-7.190459487898981,-0.7884615384615383,-12.5,-5.5,-7.190459487898981,-0.3416666666666668,-2.3809523809523836,-1.0,2.4793388429751984,3.0
18,Sensitivity-DQN,8019,random,29.530254777070063,118.0,30.908333333333335,64.0,244,44,21,-205.27404166666668,314,70,0,3,0,0,300.0,13,0.3,0.5,0.4,13,0.3,0.5,0.4,22,22,50000,8019,random,validation,False,52131aa9c898a5842eac0e7769a57b7442cca0dfa41dd4cce841370fc6b0060c,C:\Users\권민우\traffic-control\model\results\reward_fine_search_2026-10-09\runs\fine\seed_22\candidate_13\attempt_001\experiment_13\final.zip,-4.775353016688067,-1.4808917197452232,-7.0866141732283445,-9.0,-4.775353016688067,-1.5500000000000007,4.761904761904767,2.0,2.092050209205021,5.0
19,Sensitivity-DQN,8020,random,16.45952380952381,59.0,11.521666666666667,29.0,187,44,20,-99.6106874999999,210,23,0,1,0,0,300.0,13,0.3,0.5,0.4,13,0.3,0.5,0.4,22,22,50000,8020,random,validation,False,8b6b3d586b585e66f3e99748305f4810b898bce1de2bf34ea783f93ef8efbc3c,C:\Users\권민우\traffic-control\model\results\reward_fine_search_2026-10-09\runs\fine\seed_22\candidate_13\attempt_001\experiment_13\final.zip,-14.17752948479205,-2.7190476190476183,-16.901408450704224,-12.0,-14.177529484792062,-1.9033333333333342,-2.2222222222222254,-1.0,2.7472527472527375,5.0
0,Sensitivity-DQN,8001,random,32.007507507507505,98.0,35.528333333333336,66.0,245,39,16,-202.136325,333,88,0,2,0,0,300.0,14,0.3,0.5,0.5,14,0.3,0.5,0.5,22,22,50000,8001,random,validation,True,8dd341828f90c6befd05da39f6398cba989e90169d9b64a606076b6fb9fb603c,C:\Users\권민우\traffic-control\model\results\reward_fine_search_2026-10-09\runs\fine\seed_22\candidate_14\attempt_001\experiment_14\final.zip,0.0,0.0,0.0,0.0,0.0,0.0,0.0,0.0,0.0,0.0
1,Sensitivity-DQN,8002,random,16.99111111111111,64.0,12.743333333333334,30.0,209,44,18,-111.61994583333336,225,16,0,2,0,0,300.0,14,0.3,0.5,0.5,14,0.3,0.5,0.5,22,22,50000,8002,random,validation,True,2821177a095106802fb7dc55d27cc7e848d70ca889c81c04df6e242d9b95dc2c,C:\Users\권민우\traffic-control\model\results\reward_fine_search_2026-10-09\runs\fine\seed_22\candidate_14\attempt_001\experiment_14\final.zip,0.0,0.0,0.0,0.0,0.0,0.0,0.0,0.0,0.0,0.0
2,Sensitivity-DQN,8003,random,17.827868852459016,75.0,10.875,24.0,164,47,21,-111.57273750000006,183,19,0,2,0,0,300.0,14,0.3,0.5,0.5,14,0.3,0.5,0.5,22,22,50000,8003,random,validation,True,9354c03af629ff819755229f14e05b8a1326de925c77653ba23425fd1637b4b4,C:\Users\권민우\traffic-control\model\results\reward_fine_search_2026-10-09\runs\fine\seed_22\candidate_14\attempt_001\experiment_14\final.zip,0.0,0.0,0.0,0.0,0.0,0.0,0.0,0.0,0.0,0.0
3,Sensitivity-DQN,8004,random,16.49532710280374,55.5,11.766666666666667,28.0,182,46,20,-103.04686249999993,214,32,0,2,0,0,300.0,14,0.3,0.5,0.5,14,0.3,0.5,0.5,22,22,50000,8004,random,validation,True,b79c500713d892f6e4ec75115e41bf065a3f2b239f70ef745728c491621d13e9,C:\Users\권민우\traffic-control\model\results\reward_fine_search_2026-10-09\runs\fine\seed_22\candidate_14\attempt_001\experiment_14\final.zip,0.0,0.0,0.0,0.0,0.0,0.0,0.0,0.0,0.0,0.0
4,Sensitivity-DQN,8005,random,29.014285714285716,87.0,30.465,78.0,245,41,16,-195.0675749999999,315,70,0,2,0,0,300.0,14,0.3,0.5,0.5,14,0.3,0.5,0.5,22,22,50000,8005,random,validation,True,dad8b07ae7aacd3f44de4c3b859fd5a3b640cf23c3bd71481a1f0ec1a70332aa,C:\Users\권민우\traffic-control\model\results\reward_fine_search_2026-10-09\runs\fine\seed_22\candidate_14\attempt_001\experiment_14\final.zip,0.0,0.0,0.0,0.0,0.0,0.0,0.0,0.0,0.0,0.0
5,Sensitivity-DQN,8006,random,13.722222222222221,49.5,8.233333333333333,21.0,162,42,18,-83.3472875,180,18,0,1,0,0,300.0,14,0.3,0.5,0.5,14,0.3,0.5,0.5,22,22,50000,8006,random,validation,True,ef2f623673927b137a233a73ec5cbcb6c8ce5ecf794f5e6abec53433d205ec06,C:\Users\권민우\traffic-control\model\results\reward_fine_search_2026-10-09\runs\fine\seed_22\candidate_14\attempt_001\experiment_14\final.zip,0.0,0.0,0.0,0.0,0.0,0.0,0.0,0.0,0.0,0.0
6,Sensitivity-DQN,8007,random,25.837004405286343,98.5,19.55,50.0,181,45,19,-152.48304583333325,227,46,0,2,0,0,300.0,14,0.3,0.5,0.5,14,0.3,0.5,0.5,22,22,50000,8007,random,validation,True,fa89c69d4df65396b556c47c51886af5f1a02287f4ec90fae5d842865d09b2b9,C:\Users\권민우\traffic-control\model\results\reward_fine_search_2026-10-09\runs\fine\seed_22\candidate_14\attempt_001\experiment_14\final.zip,0.0,0.0,0.0,0.0,0.0,0.0,0.0,0.0,0.0,0.0
7,Sensitivity-DQN,8008,random,11.796650717703349,51.0,8.218333333333334,23.0,193,43,14,-85.74701666666665,209,16,0,1,0,0,300.0,14,0.3,0.5,0.5,14,0.3,0.5,0.5,22,22,50000,8008,random,validation,True,85fdc4042e94b886aca1df437c5f5a2d379d3c3162408629c0b305b7392e680b,C:\Users\권민우\traffic-control\model\results\reward_fine_search_2026-10-09\runs\fine\seed_22\candidate_14\attempt_001\experiment_14\final.zip,0.0,0.0,0.0,0.0,0.0,0.0,0.0,0.0,0.0,0.0
8,Sensitivity-DQN,8009,random,14.71505376344086,66.0,9.123333333333333,25.0,176,44,21,-94.29302083333337,186,10,0,2,0,0,300.0,14,0.3,0.5,0.5,14,0.3,0.5,0.5,22,22,50000,8009,random,validation,True,776e63c43ae4b74af8684e652ee35e575d3c68422d440ebcdb28cfcfa668a94e,C:\Users\권민우\traffic-control\model\results\reward_fine_search_2026-10-09\runs\fine\seed_22\candidate_14\attempt_001\experiment_14\final.zip,0.0,0.0,0.0,0.0,0.0,0.0,0.0,0.0,0.0,0.0
9,Sensitivity-DQN,8010,random,29.94076655052265,107.5,28.645,64.0,198,47,22,-190.05244166666665,287,89,0,1,0,0,300.0,14,0.3,0.5,0.5,14,0.3,0.5,0.5,22,22,50000,8010,random,validation,True,a840059b85bbd9b6a912132b0c970d4d51ecdf0326cf009aaea2e9fad68f7bba,C:\Users\권민우\traffic-control\model\results\reward_fine_search_2026-10-09\runs\fine\seed_22\candidate_14\attempt_001\experiment_14\final.zip,0.0,0.0,0.0,0.0,0.0,0.0,0.0,0.0,0.0,0.0
10,Sensitivity-DQN,8011,random,35.51797385620915,105.5,36.22833333333333,73.0,227,43,20,-235.99072083333334,306,79,0,1,0,0,300.0,14,0.3,0.5,0.5,14,0.3,0.5,0.5,22,22,50000,8011,random,validation,True,3cb7167c2c2b34c1ebf11e7fdb965ba96a41e8a0e843c8e986e324a3722c4171,C:\Users\권민우\traffic-control\model\results\reward_fine_search_2026-10-09\runs\fine\seed_22\candidate_14\attempt_001\experiment_14\final.zip,0.0,0.0,0.0,0.0,0.0,0.0,0.0,0.0,0.0,0.0
11,Sensitivity-DQN,8012,random,28.843354430379748,95.0,30.381666666666668,71.0,218,42,21,-192.02130000000002,316,98,0,3,0,0,300.0,14,0.3,0.5,0.5,14,0.3,0.5,0.5,22,22,50000,8012,random,validation,True,a43af6ff2bb883b6d9a617961af61470161a2cebdc9b5d49bdb4318dbb7f654b,C:\Users\권민우\traffic-control\model\results\reward_fine_search_2026-10-09\runs\fine\seed_22\candidate_14\attempt_001\experiment_14\final.zip,0.0,0.0,0.0,0.0,0.0,0.0,0.0,0.0,0.0,0.0
12,Sensitivity-DQN,8013,random,17.70912547528517,70.5,15.525,41.0,224,42,16,-127.478325,263,39,0,1,0,0,300.0,14,0.3,0.5,0.5,14,0.3,0.5,0.5,22,22,50000,8013,random,validation,True,dc72dfa2fd6460529e83df749d8d9abea9bcee3755fb816ec851d7258e8920db,C:\Users\권민우\traffic-control\model\results\reward_fine_search_2026-10-09\runs\fine\seed_22\candidate_14\attempt_001\experiment_14\final.zip,0.0,0.0,0.0,0.0,0.0,0.0,0.0,0.0,0.0,0.0
13,Sensitivity-DQN,8014,random,20.13362068965517,104.5,15.57,43.0,187,44,22,-130.54077916666665,232,45,0,2,0,0,300.0,14,0.3,0.5,0.5,14,0.3,0.5,0.5,22,22,50000,8014,random,validation,True,55cd1036a4d9d8cba7cc7d7ac04aa9661b6e4c0235b398b071eadc518fa79e7e,C:\Users\권민우\traffic-control\model\results\reward_fine_search_2026-10-09\runs\fine\seed_22\candidate_14\attempt_001\experiment_14\final.zip,0.0,0.0,0.0,0.0,0.0,0.0,0.0,0.0,0.0,0.0
14,Sensitivity-DQN,8015,random,23.21043165467626,86.5,21.508333333333333,54.0,225,45,22,-158.9245958333333,278,53,0,3,0,0,300.0,14,0.3,0.5,0.5,14,0.3,0.5,0.5,22,22,50000,8015,random,validation,True,4b5952cea76dd251669c9507a7f12fefeb3138a19302395b7893ec16755927b3,C:\Users\권민우\traffic-control\model\results\reward_fine_search_2026-10-09\runs\fine\seed_22\candidate_14\attempt_001\experiment_14\final.zip,0.0,0.0,0.0,0.0,0.0,0.0,0.0,0.0,0.0,0.0
15,Sensitivity-DQN,8016,random,27.02741935483871,84.5,27.928333333333335,69.0,230,43,16,-181.29153333333338,310,80,0,2,0,0,300.0,14,0.3,0.5,0.5,14,0.3,0.5,0.5,22,22,50000,8016,random,validation,True,5d676c5c894eac0f3d9f703037c1ebf9802829a4819393f69c0acc1492442857,C:\Users\권민우\traffic-control\model\results\reward_fine_search_2026-10-09\runs\fine\seed_22\candidate_14\attempt_001\experiment_14\final.zip,0.0,0.0,0.0,0.0,0.0,0.0,0.0,0.0,0.0,0.0
16,Sensitivity-DQN,8017,random,21.711155378486055,93.5,18.165,44.0,207,42,16,-142.38667916666657,251,44,0,3,0,0,300.0,14,0.3,0.5,0.5,14,0.3,0.5,0.5,22,22,50000,8017,random,validation,True,658c6c23978d040d2ba3fee1c2044362083690f1063d980fbf123a6eeec43fd8,C:\Users\권민우\traffic-control\model\results\reward_fine_search_2026-10-09\runs\fine\seed_22\candidate_14\attempt_001\experiment_14\final.zip,0.0,0.0,0.0,0.0,0.0,0.0,0.0,0.0,0.0,0.0
17,Sensitivity-DQN,8018,random,10.965384615384615,44.0,4.751666666666667,14.0,121,42,22,-66.03804999999998,130,9,0,1,0,0,300.0,14,0.3,0.5,0.5,14,0.3,0.5,0.5,22,22,50000,8018,random,validation,True,f44facdd126218ef97befa1789def0801faaa77ceb04886a6bc156a900691cfc,C:\Users\권민우\traffic-control\model\results\reward_fine_search_2026-10-09\runs\fine\seed_22\candidate_14\attempt_001\experiment_14\final.zip,0.0,0.0,0.0,0.0,0.0,0.0,0.0,0.0,0.0,0.0
18,Sensitivity-DQN,8019,random,31.011146496815286,127.0,32.458333333333336,66.0,239,42,21,-220.02970833333328,314,75,0,3,0,0,300.0,14,0.3,0.5,0.5,14,0.3,0.5,0.5,22,22,50000,8019,random,validation,True,52131aa9c898a5842eac0e7769a57b7442cca0dfa41dd4cce841370fc6b0060c,C:\Users\권민우\traffic-control\model\results\reward_fine_search_2026-10-09\runs\fine\seed_22\candidate_14\attempt_001\experiment_14\final.zip,0.0,0.0,0.0,0.0,0.0,0.0,0.0,0.0,0.0,0.0
19,Sensitivity-DQN,8020,random,19.178571428571427,71.0,13.425,28.0,182,45,19,-113.50958333333332,210,28,0,1,0,0,300.0,14,0.3,0.5,0.5,14,0.3,0.5,0.5,22,22,50000,8020,random,validation,True,8b6b3d586b585e66f3e99748305f4810b898bce1de2bf34ea783f93ef8efbc3c,C:\Users\권민우\traffic-control\model\results\reward_fine_search_2026-10-09\runs\fine\seed_22\candidate_14\attempt_001\experiment_14\final.zip,0.0,0.0,0.0,0.0,0.0,0.0,0.0,0.0,0.0,0.0
0,Sensitivity-DQN,8001,random,33.21621621621622,96.5,36.87,79.0,238,40,18,-214.60166250000012,333,95,0,2,0,0,300.0,15,0.3,0.5,0.6,15,0.3,0.5,0.6,22,22,50000,8001,random,validation,False,8dd341828f90c6befd05da39f6398cba989e90169d9b64a606076b6fb9fb603c,C:\Users\권민우\traffic-control\model\results\reward_fine_search_2026-10-09\runs\fine\seed_22\candidate_15\attempt_001\experiment_15\final.zip,3.7763287517005306,1.2087087087087127,-1.5306122448979553,-1.5,3.7763287517005084,1.3416666666666615,2.564102564102555,1.0,-2.857142857142858,-7.0
1,Sensitivity-DQN,8002,random,18.70888888888889,67.0,14.031666666666666,29.0,201,42,18,-125.7057125000001,225,24,0,2,0,0,300.0,15,0.3,0.5,0.6,15,0.3,0.5,0.6,22,22,50000,8002,random,validation,False,2821177a095106802fb7dc55d27cc7e848d70ca889c81c04df6e242d9b95dc2c,C:\Users\권민우\traffic-control\model\results\reward_fine_search_2026-10-09\runs\fine\seed_22\candidate_15\attempt_001\experiment_15\final.zip,10.109861365419848,1.7177777777777798,4.6875,3.0,10.109861365419825,1.2883333333333322,-4.545454545454541,-2.0,-3.8277511961722466,-8.0
2,Sensitivity-DQN,8003,random,15.96174863387978,53.0,9.736666666666666,22.0,173,44,19,-97.62329166666665,183,10,0,2,0,0,300.0,15,0.3,0.5,0.6,15,0.3,0.5,0.6,22,22,50000,8003,random,validation,False,9354c03af629ff819755229f14e05b8a1326de925c77653ba23425fd1637b4b4,C:\Users\권민우\traffic-control\model\results\reward_fine_search_2026-10-09\runs\fine\seed_22\candidate_15\attempt_001\experiment_15\final.zip,-10.467432950191569,-1.8661202185792352,-29.333333333333332,-22.0,-10.467432950191569,-1.1383333333333336,-6.382978723404253,-3.0,5.487804878048785,9.0
3,Sensitivity-DQN,8004,random,15.22196261682243,90.5,10.858333333333333,25.0,196,42,22,-119.70003333333335,214,18,0,2,0,0,300.0,15,0.3,0.5,0.6,15,0.3,0.5,0.6,22,22,50000,8004,random,validation,False,b79c500713d892f6e4ec75115e41bf065a3f2b239f70ef745728c491621d13e9,C:\Users\권민우\traffic-control\model\results\reward_fine_search_2026-10-09\runs\fine\seed_22\candidate_15\attempt_001\experiment_15\final.zip,-7.719546742209637,-1.2733644859813094,63.06306306306306,35.0,-7.719546742209649,-0.908333333333335,-8.695652173913048,-4.0,7.692307692307687,14.0
4,Sensitivity-DQN,8005,random,27.73015873015873,93.0,29.116666666666667,65.0,239,42,16,-187.48586249999997,315,76,0,2,0,0,300.0,15,0.3,0.5,0.6,15,0.3,0.5,0.6,22,22,50000,8005,random,validation,False,dad8b07ae7aacd3f44de4c3b859fd5a3b640cf23c3bd71481a1f0ec1a70332aa,C:\Users\권민우\traffic-control\model\results\reward_fine_search_2026-10-09\runs\fine\seed_22\candidate_15\attempt_001\experiment_15\final.zip,-4.42584386454401,-1.284126984126985,6.896551724137923,6.0,-4.42584386454401,-1.3483333333333327,2.4390243902439046,1.0,-2.4489795918367308,-6.0
5,Sensitivity-DQN,8006,random,15.416666666666666,58.0,9.25,25.0,148,41,16,-96.71452499999995,180,32,0,1,0,0,300.0,15,0.3,0.5,0.6,15,0.3,0.5,0.6,22,22,50000,8006,random,validation,False,ef2f623673927b137a233a73ec5cbcb6c8ce5ecf794f5e6abec53433d205ec06,C:\Users\권민우\traffic-control\model\results\reward_fine_search_2026-10-09\runs\fine\seed_22\candidate_15\attempt_001\experiment_15\final.zip,12.348178137651832,1.6944444444444446,17.17171717171717,8.5,12.348178137651832,1.0166666666666675,-2.3809523809523836,-1.0,-8.64197530864198,-14.0
6,Sensitivity-DQN,8007,random,17.825991189427313,58.5,13.488333333333333,31.0,204,40,21,-115.07949166666664,227,23,0,2,0,0,300.0,15,0.3,0.5,0.6,15,0.3,0.5,0.6,22,22,50000,8007,random,validation,False,fa89c69d4df65396b556c47c51886af5f1a02287f4ec90fae5d842865d09b2b9,C:\Users\권민우\traffic-control\model\results\reward_fine_search_2026-10-09\runs\fine\seed_22\candidate_15\attempt_001\experiment_15\final.zip,-31.00596760443307,-8.01101321585903,-40.609137055837564,-40.0,-31.00596760443308,-6.061666666666667,-11.111111111111116,-5.0,12.70718232044199,23.0
7,Sensitivity-DQN,8008,random,14.610047846889952,52.0,10.178333333333333,26.0,188,42,16,-103.19835833333326,209,21,0,1,0,0,300.0,15,0.3,0.5,0.6,15,0.3,0.5,0.6,22,22,50000,8008,random,validation,False,85fdc4042e94b886aca1df437c5f5a2d379d3c3162408629c0b305b7392e680b,C:\Users\권민우\traffic-control\model\results\reward_fine_search_2026-10-09\runs\fine\seed_22\candidate_15\attempt_001\experiment_15\final.zip,23.84911782599879,2.813397129186603,1.9607843137254832,1.0,23.849117825998768,1.959999999999999,-2.3255813953488413,-1.0,-2.590673575129532,-5.0
8,Sensitivity-DQN,8009,random,14.561827956989248,52.0,9.028333333333334,26.0,177,40,18,-94.50354166666669,186,9,0,2,0,0,300.0,15,0.3,0.5,0.6,15,0.3,0.5,0.6,22,22,50000,8009,random,validation,False,776e63c43ae4b74af8684e652ee35e575d3c68422d440ebcdb28cfcfa668a94e,C:\Users\권민우\traffic-control\model\results\reward_fine_search_2026-10-09\runs\fine\seed_22\candidate_15\attempt_001\experiment_15\final.zip,-1.0412860796492507,-0.1532258064516121,-21.212121212121215,-14.0,-1.0412860796492396,-0.09499999999999886,-9.090909090909093,-4.0,0.5681818181818121,1.0
9,Sensitivity-DQN,8010,random,28.048780487804876,108.5,26.833333333333332,59.0,217,40,19,-178.92272500000004,287,70,0,1,0,0,300.0,15,0.3,0.5,0.6,15,0.3,0.5,0.6,22,22,50000,8010,random,validation,False,a840059b85bbd9b6a912132b0c970d4d51ecdf0326cf009aaea2e9fad68f7bba,C:\Users\권민우\traffic-control\model\results\reward_fine_search_2026-10-09\runs\fine\seed_22\candidate_15\attempt_001\experiment_15\final.zip,-6.3190969393692615,-1.8919860627177734,0.9302325581395321,1.0,-6.324547623203591,-1.8116666666666674,-14.893617021276595,-7.0,9.595959595959602,19.0
10,Sensitivity-DQN,8011,random,35.161764705882355,102.0,35.865,69.0,219,44,22,-234.4223166666668,306,87,0,1,0,0,300.0,15,0.3,0.5,0.6,15,0.3,0.5,0.6,22,22,50000,8011,random,validation,False,3cb7167c2c2b34c1ebf11e7fdb965ba96a41e8a0e843c8e986e324a3722c4171,C:\Users\권민우\traffic-control\model\results\reward_fine_search_2026-10-09\runs\fine\seed_22\candidate_15\attempt_001\experiment_15\final.zip,-1.002898284031839,-0.3562091503267979,-3.3175355450236976,-3.5,-1.002898284031828,-0.36333333333332973,2.3255813953488413,1.0,-3.524229074889873,-8.0
11,Sensitivity-DQN,8012,random,28.13132911392405,83.0,29.631666666666668,73.0,232,40,20,-180.17288333333335,316,84,0,2,0,0,300.0,15,0.3,0.5,0.6,15,0.3,0.5,0.6,22,22,50000,8012,random,validation,False,a43af6ff2bb883b6d9a617961af61470161a2cebdc9b5d49bdb4318dbb7f654b,C:\Users\권민우\traffic-control\model\results\reward_fine_search_2026-10-09\runs\fine\seed_22\candidate_15\attempt_001\experiment_15\final.zip,-2.4685939985737093,-0.7120253164556978,-12.631578947368416,-12.0,-2.468593998573698,-0.75,-4.761904761904767,-2.0,6.422018348623859,14.0
12,Sensitivity-DQN,8013,random,15.163498098859316,62.5,13.293333333333333,38.0,227,43,17,-116.08649999999997,263,36,0,1,0,0,300.0,15,0.3,0.5,0.6,15,0.3,0.5,0.6,22,22,50000,8013,random,validation,False,dc72dfa2fd6460529e83df749d8d9abea9bcee3755fb816ec851d7258e8920db,C:\Users\권민우\traffic-control\model\results\reward_fine_search_2026-10-09\runs\fine\seed_22\candidate_15\attempt_001\experiment_15\final.zip,-14.37466451959205,-2.5456273764258537,-11.34751773049646,-8.0,-14.374664519592063,-2.2316666666666674,2.3809523809523725,1.0,1.3392857142857206,3.0
13,Sensitivity-DQN,8014,random,24.066810344827587,82.0,18.611666666666668,55.0,182,42,22,-129.17537083333335,232,50,0,2,0,0,300.0,15,0.3,0.5,0.6,15,0.3,0.5,0.6,22,22,50000,8014,random,validation,False,55cd1036a4d9d8cba7cc7d7ac04aa9661b6e4c0235b398b071eadc518fa79e7e,C:\Users\권민우\traffic-control\model\results\reward_fine_search_2026-10-09\runs\fine\seed_22\candidate_15\attempt_001\experiment_15\final.zip,19.535431385142378,3.9331896551724164,-21.5311004784689,-22.5,19.535431385142378,3.041666666666668,-4.545454545454541,-2.0,-2.67379679144385,-5.0
14,Sensitivity-DQN,8015,random,25.31654676258993,98.0,23.46,48.0,232,39,21,-173.65497499999998,278,46,0,3,0,0,300.0,15,0.3,0.5,0.6,15,0.3,0.5,0.6,22,22,50000,8015,random,validation,False,4b5952cea76dd251669c9507a7f12fefeb3138a19302395b7893ec16755927b3,C:\Users\권민우\traffic-control\model\results\reward_fine_search_2026-10-09\runs\fine\seed_22\candidate_15\attempt_001\experiment_15\final.zip,9.074002324680364,2.10611510791367,13.294797687861282,11.5,9.074002324680364,1.951666666666668,-13.33333333333333,-6.0,3.111111111111109,7.0
15,Sensitivity-DQN,8016,random,29.11774193548387,70.0,30.088333333333335,85.0,208,44,21,-186.69594166666664,310,102,0,2,0,0,300.0,15,0.3,0.5,0.6,15,0.3,0.5,0.6,22,22,50000,8016,random,validation,False,5d676c5c894eac0f3d9f703037c1ebf9802829a4819393f69c0acc1492442857,C:\Users\권민우\traffic-control\model\results\reward_fine_search_2026-10-09\runs\fine\seed_22\candidate_15\attempt_001\experiment_15\final.zip,7.734081279465288,2.090322580645161,-17.159763313609467,-14.5,7.734081279465288,2.16,2.3255813953488413,1.0,-9.565217391304348,-22.0
16,Sensitivity-DQN,8017,random,20.159362549800797,80.5,16.866666666666667,41.0,208,43,19,-138.77332916666663,251,43,0,3,0,0,300.0,15,0.3,0.5,0.6,15,0.3,0.5,0.6,22,22,50000,8017,random,validation,False,658c6c23978d040d2ba3fee1c2044362083690f1063d980fbf123a6eeec43fd8,C:\Users\권민우\traffic-control\model\results\reward_fine_search_2026-10-09\runs\fine\seed_22\candidate_15\attempt_001\experiment_15\final.zip,-7.147444719699047,-1.551792828685258,-13.903743315508022,-13.0,-7.147444719699047,-1.298333333333332,2.3809523809523725,1.0,0.48309178743961567,1.0
17,Sensitivity-DQN,8018,random,8.315384615384616,37.0,3.6033333333333335,12.0,125,39,22,-58.83088333333334,130,5,0,1,0,0,300.0,15,0.3,0.5,0.6,15,0.3,0.5,0.6,22,22,50000,8018,random,validation,False,f44facdd126218ef97befa1789def0801faaa77ceb04886a6bc156a900691cfc,C:\Users\권민우\traffic-control\model\results\reward_fine_search_2026-10-09\runs\fine\seed_22\candidate_15\attempt_001\experiment_15\final.zip,-24.166958961767794,-2.6499999999999986,-15.909090909090907,-7.0,-24.166958961767804,-1.1483333333333334,-7.14285714285714,-3.0,3.305785123966931,4.0
18,Sensitivity-DQN,8019,random,29.778662420382165,97.5,31.168333333333333,71.0,237,42,20,-204.51925416666668,314,77,0,3,0,0,300.0,15,0.3,0.5,0.6,15,0.3,0.5,0.6,22,22,50000,8019,random,validation,False,52131aa9c898a5842eac0e7769a57b7442cca0dfa41dd4cce841370fc6b0060c,C:\Users\권민우\traffic-control\model\results\reward_fine_search_2026-10-09\runs\fine\seed_22\candidate_15\attempt_001\experiment_15\final.zip,-3.9743260590500595,-1.2324840764331206,-23.22834645669292,-29.5,-3.9743260590500706,-1.2900000000000027,0.0,0.0,-0.8368200836820106,-2.0
19,Sensitivity-DQN,8020,random,15.552380952380952,54.5,10.886666666666667,29.0,187,41,21,-102.28894583333339,210,23,0,1,0,0,300.0,15,0.3,0.5,0.6,15,0.3,0.5,0.6,22,22,50000,8020,random,validation,False,8b6b3d586b585e66f3e99748305f4810b898bce1de2bf34ea783f93ef8efbc3c,C:\Users\권민우\traffic-control\model\results\reward_fine_search_2026-10-09\runs\fine\seed_22\candidate_15\attempt_001\experiment_15\final.zip,-18.90751086281812,-3.626190476190475,-23.23943661971831,-16.5,-18.907510862818132,-2.538333333333334,-8.888888888888891,-4.0,2.7472527472527375,5.0
0,Sensitivity-DQN,8001,random,32.6966966966967,95.0,36.29333333333334,80.0,227,42,20,-224.20232500000006,333,106,0,2,0,0,300.0,16,0.3,0.6,0.4,16,0.3,0.6,0.4,22,22,50000,8001,random,validation,False,8dd341828f90c6befd05da39f6398cba989e90169d9b64a606076b6fb9fb603c,C:\Users\권민우\traffic-control\model\results\reward_fine_search_2026-10-09\runs\fine\seed_22\candidate_16\attempt_001\experiment_16\final.zip,2.1532110522118675,0.689189189189193,-3.0612244897959218,-3.0,2.1532110522118453,0.7650000000000006,7.692307692307687,3.0,-7.346938775510203,-18.0
1,Sensitivity-DQN,8002,random,18.873333333333335,66.0,14.155,34.0,191,46,17,-122.53288750000003,225,34,0,2,0,0,300.0,16,0.3,0.6,0.4,16,0.3,0.6,0.4,22,22,50000,8002,random,validation,False,2821177a095106802fb7dc55d27cc7e848d70ca889c81c04df6e242d9b95dc2c,C:\Users\권민우\traffic-control\model\results\reward_fine_search_2026-10-09\runs\fine\seed_22\candidate_16\attempt_001\experiment_16\final.zip,11.077687679832614,1.8822222222222251,3.125,2.0,11.077687679832572,1.4116666666666653,4.545454545454541,2.0,-8.61244019138756,-18.0
2,Sensitivity-DQN,8003,random,16.461748633879782,65.0,10.041666666666666,22.0,170,46,19,-104.96716250000006,183,13,0,2,0,0,300.0,16,0.3,0.6,0.4,16,0.3,0.6,0.4,22,22,50000,8003,random,validation,False,9354c03af629ff819755229f14e05b8a1326de925c77653ba23425fd1637b4b4,C:\Users\권민우\traffic-control\model\results\reward_fine_search_2026-10-09\runs\fine\seed_22\candidate_16\attempt_001\experiment_16\final.zip,-7.662835249042132,-1.3661202185792334,-13.33333333333333,-10.0,-7.662835249042155,-0.8333333333333339,-2.127659574468088,-1.0,3.658536585365857,6.0
3,Sensitivity-DQN,8004,random,17.238317757009344,54.5,12.296666666666667,31.0,187,43,20,-109.07991249999999,214,27,0,2,0,0,300.0,16,0.3,0.6,0.4,16,0.3,0.6,0.4,22,22,50000,8004,random,validation,False,b79c500713d892f6e4ec75115e41bf065a3f2b239f70ef745728c491621d13e9,C:\Users\권민우\traffic-control\model\results\reward_fine_search_2026-10-09\runs\fine\seed_22\candidate_16\attempt_001\experiment_16\final.zip,4.504249291784701,0.742990654205606,-1.8018018018018056,-1.0,4.504249291784701,0.5299999999999994,-6.521739130434778,-3.0,2.7472527472527375,5.0
4,Sensitivity-DQN,8005,random,33.98571428571429,99.5,35.685,92.0,226,46,16,-215.37241250000005,315,89,0,2,0,0,300.0,16,0.3,0.6,0.4,16,0.3,0.6,0.4,22,22,50000,8005,random,validation,False,dad8b07ae7aacd3f44de4c3b859fd5a3b640cf23c3bd71481a1f0ec1a70332aa,C:\Users\권민우\traffic-control\model\results\reward_fine_search_2026-10-09\runs\fine\seed_22\candidate_16\attempt_001\experiment_16\final.zip,17.134416543574595,4.9714285714285715,14.367816091954033,12.5,17.134416543574595,5.220000000000002,12.195121951219523,5.0,-7.755102040816331,-19.0
5,Sensitivity-DQN,8006,random,11.222222222222221,42.0,6.735,22.0,162,45,15,-74.10111250000001,180,18,0,1,0,0,300.0,16,0.3,0.6,0.4,16,0.3,0.6,0.4,22,22,50000,8006,random,validation,False,ef2f623673927b137a233a73ec5cbcb6c8ce5ecf794f5e6abec53433d205ec06,C:\Users\권민우\traffic-control\model\results\reward_fine_search_2026-10-09\runs\fine\seed_22\candidate_16\attempt_001\experiment_16\final.zip,-18.218623481781382,-2.5,-15.151515151515149,-7.5,-18.19838056680161,-1.4983333333333322,7.14285714285714,3.0,0.0,0.0
6,Sensitivity-DQN,8007,random,24.255506607929515,65.0,18.35333333333333,41.0,185,45,20,-144.96440000000004,227,42,0,2,0,0,300.0,16,0.3,0.6,0.4,16,0.3,0.6,0.4,22,22,50000,8007,random,validation,False,fa89c69d4df65396b556c47c51886af5f1a02287f4ec90fae5d842865d09b2b9,C:\Users\권민우\traffic-control\model\results\reward_fine_search_2026-10-09\runs\fine\seed_22\candidate_16\attempt_001\experiment_16\final.zip,-6.121057118499573,-1.5814977973568283,-34.01015228426396,-33.5,-6.121057118499584,-1.196666666666669,0.0,0.0,2.20994475138121,4.0
7,Sensitivity-DQN,8008,random,15.913875598086124,55.0,11.086666666666666,32.0,187,45,17,-107.74303750000003,209,22,0,1,0,0,300.0,16,0.3,0.6,0.4,16,0.3,0.6,0.4,22,22,50000,8008,random,validation,False,85fdc4042e94b886aca1df437c5f5a2d379d3c3162408629c0b305b7392e680b,C:\Users\권민우\traffic-control\model\results\reward_fine_search_2026-10-09\runs\fine\seed_22\candidate_16\attempt_001\experiment_16\final.zip,34.901642668829844,4.117224880382775,7.843137254901955,4.0,34.901642668829844,2.8683333333333323,4.651162790697683,2.0,-3.1088082901554404,-6.0
8,Sensitivity-DQN,8009,random,12.379032258064516,46.0,7.675,20.0,177,43,22,-81.62819999999996,186,9,0,2,0,0,300.0,16,0.3,0.6,0.4,16,0.3,0.6,0.4,22,22,50000,8009,random,validation,False,776e63c43ae4b74af8684e652ee35e575d3c68422d440ebcdb28cfcfa668a94e,C:\Users\권민우\traffic-control\model\results\reward_fine_search_2026-10-09\runs\fine\seed_22\candidate_16\attempt_001\experiment_16\final.zip,-15.87504567044209,-2.336021505376344,-30.303030303030297,-20.0,-15.87504567044209,-1.4483333333333333,-2.2727272727272707,-1.0,0.5681818181818121,1.0
9,Sensitivity-DQN,8010,random,33.46341463414634,128.5,32.013333333333335,70.0,184,47,22,-220.31073749999996,287,103,0,1,0,0,300.0,16,0.3,0.6,0.4,16,0.3,0.6,0.4,22,22,50000,8010,random,validation,False,a840059b85bbd9b6a912132b0c970d4d51ecdf0326cf009aaea2e9fad68f7bba,C:\Users\권민우\traffic-control\model\results\reward_fine_search_2026-10-09\runs\fine\seed_22\candidate_16\attempt_001\experiment_16\final.zip,11.76539043407423,3.5226480836236895,19.53488372093024,21.0,11.758887531273654,3.368333333333336,0.0,0.0,-7.070707070707072,-14.0
10,Sensitivity-DQN,8011,random,35.95261437908497,122.5,36.67166666666667,66.0,227,44,15,-246.46057499999998,306,79,0,1,0,0,300.0,16,0.3,0.6,0.4,16,0.3,0.6,0.4,22,22,50000,8011,random,validation,False,3cb7167c2c2b34c1ebf11e7fdb965ba96a41e8a0e843c8e986e324a3722c4171,C:\Users\권민우\traffic-control\model\results\reward_fine_search_2026-10-09\runs\fine\seed_22\candidate_16\attempt_001\experiment_16\final.zip,1.2237199245526131,0.4346405228758172,16.113744075829395,17.0,1.2237199245526131,0.44333333333333513,2.3255813953488413,1.0,0.0,0.0
11,Sensitivity-DQN,8012,random,32.64873417721519,91.0,34.391666666666666,79.0,200,42,20,-203.20651249999997,316,116,0,2,0,0,300.0,16,0.3,0.6,0.4,16,0.3,0.6,0.4,22,22,50000,8012,random,validation,False,a43af6ff2bb883b6d9a617961af61470161a2cebdc9b5d49bdb4318dbb7f654b,C:\Users\권민우\traffic-control\model\results\reward_fine_search_2026-10-09\runs\fine\seed_22\candidate_16\attempt_001\experiment_16\final.zip,13.193263481266104,3.805379746835442,-4.210526315789476,-4.0,13.198749245707386,4.009999999999998,0.0,0.0,-8.25688073394495,-18.0
12,Sensitivity-DQN,8013,random,19.90684410646388,66.0,17.451666666666668,47.0,213,43,18,-135.871,263,50,0,1,0,0,300.0,16,0.3,0.6,0.4,16,0.3,0.6,0.4,22,22,50000,8013,random,validation,False,dc72dfa2fd6460529e83df749d8d9abea9bcee3755fb816ec851d7258e8920db,C:\Users\권민우\traffic-control\model\results\reward_fine_search_2026-10-09\runs\fine\seed_22\candidate_16\attempt_001\experiment_16\final.zip,12.410091250670984,2.1977186311787094,-6.382978723404253,-4.5,12.410091250670963,1.9266666666666676,2.3809523809523725,1.0,-4.91071428571429,-11.0
13,Sensitivity-DQN,8014,random,20.344827586206897,99.5,15.733333333333333,39.0,193,43,19,-137.9455124999999,232,39,0,2,0,0,300.0,16,0.3,0.6,0.4,16,0.3,0.6,0.4,22,22,50000,8014,random,validation,False,55cd1036a4d9d8cba7cc7d7ac04aa9661b6e4c0235b398b071eadc518fa79e7e,C:\Users\권민우\traffic-control\model\results\reward_fine_search_2026-10-09\runs\fine\seed_22\candidate_16\attempt_001\experiment_16\final.zip,1.0490259045172534,0.21120689655172598,-4.784688995215314,-5.0,1.0490259045172312,0.16333333333333222,-2.2727272727272707,-1.0,3.208556149732611,6.0
14,Sensitivity-DQN,8015,random,30.568345323741006,107.5,28.326666666666668,57.0,214,42,22,-206.11084999999989,278,64,0,3,0,0,300.0,16,0.3,0.6,0.4,16,0.3,0.6,0.4,22,22,50000,8015,random,validation,False,4b5952cea76dd251669c9507a7f12fefeb3138a19302395b7893ec16755927b3,C:\Users\권민우\traffic-control\model\results\reward_fine_search_2026-10-09\runs\fine\seed_22\candidate_16\attempt_001\experiment_16\final.zip,31.700891127469966,7.357913669064747,24.277456647398843,21.0,31.700891127469987,6.818333333333335,-6.666666666666665,-3.0,-4.8888888888888875,-11.0
15,Sensitivity-DQN,8016,random,32.47741935483871,80.5,33.56,88.0,210,43,20,-203.3076125,310,100,0,2,0,0,300.0,16,0.3,0.6,0.4,16,0.3,0.6,0.4,22,22,50000,8016,random,validation,False,5d676c5c894eac0f3d9f703037c1ebf9802829a4819393f69c0acc1492442857,C:\Users\권민우\traffic-control\model\results\reward_fine_search_2026-10-09\runs\fine\seed_22\candidate_16\attempt_001\experiment_16\final.zip,20.164707286507124,5.449999999999999,-4.7337278106508895,-4.0,20.164707286507145,5.631666666666668,0.0,0.0,-8.695652173913048,-20.0
16,Sensitivity-DQN,8017,random,24.221115537848604,92.0,20.265,49.0,199,43,21,-160.30766250000005,251,52,0,3,0,0,300.0,16,0.3,0.6,0.4,16,0.3,0.6,0.4,22,22,50000,8017,random,validation,False,658c6c23978d040d2ba3fee1c2044362083690f1063d980fbf123a6eeec43fd8,C:\Users\권민우\traffic-control\model\results\reward_fine_search_2026-10-09\runs\fine\seed_22\candidate_16\attempt_001\experiment_16\final.zip,11.560693641618492,2.5099601593625493,-1.6042780748663055,-1.5,11.560693641618514,2.1000000000000014,2.3809523809523725,1.0,-3.864734299516903,-8.0
17,Sensitivity-DQN,8018,random,8.715384615384615,35.0,3.776666666666667,12.0,124,43,21,-58.943874999999984,130,6,0,1,0,0,300.0,16,0.3,0.6,0.4,16,0.3,0.6,0.4,22,22,50000,8018,random,validation,False,f44facdd126218ef97befa1789def0801faaa77ceb04886a6bc156a900691cfc,C:\Users\권민우\traffic-control\model\results\reward_fine_search_2026-10-09\runs\fine\seed_22\candidate_16\attempt_001\experiment_16\final.zip,-20.519116099614177,-2.25,-20.45454545454546,-9.0,-20.519116099614177,-0.9750000000000001,2.3809523809523725,1.0,2.4793388429751984,3.0
18,Sensitivity-DQN,8019,random,32.78343949044586,95.0,34.31333333333333,72.0,225,46,21,-215.39161249999995,314,89,0,3,0,0,300.0,16,0.3,0.6,0.4,16,0.3,0.6,0.4,22,22,50000,8019,random,validation,False,52131aa9c898a5842eac0e7769a57b7442cca0dfa41dd4cce841370fc6b0060c,C:\Users\권민우\traffic-control\model\results\reward_fine_search_2026-10-09\runs\fine\seed_22\candidate_16\attempt_001\experiment_16\final.zip,5.7150192554557,1.7722929936305718,-25.196850393700785,-32.0,5.7150192554557,1.8549999999999969,9.523809523809534,4.0,-5.857740585774063,-14.0
19,Sensitivity-DQN,8020,random,19.58809523809524,59.0,13.711666666666666,31.0,179,45,21,-117.43916249999998,210,31,0,1,0,0,300.0,16,0.3,0.6,0.4,16,0.3,0.6,0.4,22,22,50000,8020,random,validation,False,8b6b3d586b585e66f3e99748305f4810b898bce1de2bf34ea783f93ef8efbc3c,C:\Users\권민우\traffic-control\model\results\reward_fine_search_2026-10-09\runs\fine\seed_22\candidate_16\attempt_001\experiment_16\final.zip,2.1353196772191385,0.4095238095238116,-16.901408450704224,-12.0,2.1353196772191163,0.2866666666666653,0.0,0.0,-1.6483516483516536,-3.0
0,Sensitivity-DQN,8001,random,40.289789789789786,125.5,44.721666666666664,95.0,217,43,21,-265.9661625,333,116,0,2,0,0,300.0,17,0.3,0.6,0.5,17,0.3,0.6,0.5,22,22,50000,8001,random,validation,False,8dd341828f90c6befd05da39f6398cba989e90169d9b64a606076b6fb9fb603c,C:\Users\권민우\traffic-control\model\results\reward_fine_search_2026-10-09\runs\fine\seed_22\candidate_17\attempt_001\experiment_17\final.zip,25.876061359478353,8.282282282282281,28.06122448979591,27.5,25.87606135947833,9.193333333333328,10.256410256410264,4.0,-11.428571428571432,-28.0
1,Sensitivity-DQN,8002,random,18.186666666666667,77.0,13.64,31.0,202,43,17,-127.51101250000006,225,23,0,2,0,0,300.0,17,0.3,0.6,0.5,17,0.3,0.6,0.5,22,22,50000,8002,random,validation,False,2821177a095106802fb7dc55d27cc7e848d70ca889c81c04df6e242d9b95dc2c,C:\Users\권민우\traffic-control\model\results\reward_fine_search_2026-10-09\runs\fine\seed_22\candidate_17\attempt_001\experiment_17\final.zip,7.036358880460392,1.1955555555555577,20.3125,13.0,7.036358880460369,0.8966666666666665,-2.2727272727272707,-1.0,-3.349282296650713,-7.0
2,Sensitivity-DQN,8003,random,16.371584699453553,61.5,9.986666666666666,20.0,172,45,17,-106.37621250000005,183,11,0,2,0,0,300.0,17,0.3,0.6,0.5,17,0.3,0.6,0.5,22,22,50000,8003,random,validation,False,9354c03af629ff819755229f14e05b8a1326de925c77653ba23425fd1637b4b4,C:\Users\권민우\traffic-control\model\results\reward_fine_search_2026-10-09\runs\fine\seed_22\candidate_17\attempt_001\experiment_17\final.zip,-8.168582375478916,-1.4562841530054627,-18.000000000000004,-13.5,-8.168582375478927,-0.8883333333333336,-4.255319148936165,-2.0,4.878048780487809,8.0
3,Sensitivity-DQN,8004,random,16.05373831775701,84.0,11.451666666666666,28.0,189,43,19,-126.45419999999999,214,25,0,2,0,0,300.0,17,0.3,0.6,0.5,17,0.3,0.6,0.5,22,22,50000,8004,random,validation,False,b79c500713d892f6e4ec75115e41bf065a3f2b239f70ef745728c491621d13e9,C:\Users\권민우\traffic-control\model\results\reward_fine_search_2026-10-09\runs\fine\seed_22\candidate_17\attempt_001\experiment_17\final.zip,-2.6770538243626074,-0.44158878504672927,51.35135135135136,28.5,-2.6770538243626185,-0.3150000000000013,-6.521739130434778,-3.0,3.8461538461538547,7.0
4,Sensitivity-DQN,8005,random,31.99206349206349,112.5,33.59166666666667,81.0,238,40,18,-220.24580000000014,315,77,0,2,0,0,300.0,17,0.3,0.6,0.5,17,0.3,0.6,0.5,22,22,50000,8005,random,validation,False,dad8b07ae7aacd3f44de4c3b859fd5a3b640cf23c3bd71481a1f0ec1a70332aa,C:\Users\권민우\traffic-control\model\results\reward_fine_search_2026-10-09\runs\fine\seed_22\candidate_17\attempt_001\experiment_17\final.zip,10.263143498003169,2.9777777777777743,29.31034482758621,25.5,10.263143498003169,3.1266666666666687,-2.4390243902439046,-1.0,-2.857142857142858,-7.0
5,Sensitivity-DQN,8006,random,13.716666666666667,48.0,8.23,18.0,162,43,17,-92.94883749999998,180,18,0,1,0,0,300.0,17,0.3,0.6,0.5,17,0.3,0.6,0.5,22,22,50000,8006,random,validation,False,ef2f623673927b137a233a73ec5cbcb6c8ce5ecf794f5e6abec53433d205ec06,C:\Users\권민우\traffic-control\model\results\reward_fine_search_2026-10-09\runs\fine\seed_22\candidate_17\attempt_001\experiment_17\final.zip,-0.04048582995950234,-0.005555555555554648,-3.0303030303030276,-1.5,-0.04048582995950234,-0.003333333333332078,2.3809523809523725,1.0,0.0,0.0
6,Sensitivity-DQN,8007,random,22.270925110132158,68.0,16.851666666666667,42.0,192,44,19,-140.27900000000005,227,35,0,2,0,0,300.0,17,0.3,0.6,0.5,17,0.3,0.6,0.5,22,22,50000,8007,random,validation,False,fa89c69d4df65396b556c47c51886af5f1a02287f4ec90fae5d842865d09b2b9,C:\Users\권민우\traffic-control\model\results\reward_fine_search_2026-10-09\runs\fine\seed_22\candidate_17\attempt_001\experiment_17\final.zip,-13.802216538789436,-3.5660792951541858,-30.964467005076145,-30.5,-13.802216538789436,-2.698333333333334,-2.2222222222222254,-1.0,6.077348066298338,11.0
7,Sensitivity-DQN,8008,random,16.44736842105263,53.5,11.458333333333334,27.0,190,44,15,-111.3391875,209,19,0,1,0,0,300.0,17,0.3,0.6,0.5,17,0.3,0.6,0.5,22,22,50000,8008,random,validation,False,85fdc4042e94b886aca1df437c5f5a2d379d3c3162408629c0b305b7392e680b,C:\Users\권민우\traffic-control\model\results\reward_fine_search_2026-10-09\runs\fine\seed_22\candidate_17\attempt_001\experiment_17\final.zip,39.424051916446956,4.650717703349281,4.90196078431373,2.5,39.42405191644698,3.24,2.3255813953488413,1.0,-1.5544041450777257,-3.0
8,Sensitivity-DQN,8009,random,13.663978494623656,84.0,8.471666666666666,23.0,177,46,19,-104.26607499999997,186,9,0,2,0,0,300.0,17,0.3,0.6,0.5,17,0.3,0.6,0.5,22,22,50000,8009,random,validation,False,776e63c43ae4b74af8684e652ee35e575d3c68422d440ebcdb28cfcfa668a94e,C:\Users\권민우\traffic-control\model\results\reward_fine_search_2026-10-09\runs\fine\seed_22\candidate_17\attempt_001\experiment_17\final.zip,-7.14285714285714,-1.051075268817204,27.27272727272727,18.0,-7.142857142857151,-0.6516666666666673,4.545454545454541,2.0,0.5681818181818121,1.0
9,Sensitivity-DQN,8010,random,33.90243902439025,117.0,32.43333333333333,73.0,203,43,20,-216.6610375000001,287,84,0,1,0,0,300.0,17,0.3,0.6,0.5,17,0.3,0.6,0.5,22,22,50000,8010,random,validation,False,a840059b85bbd9b6a912132b0c970d4d51ecdf0326cf009aaea2e9fad68f7bba,C:\Users\권민우\traffic-control\model\results\reward_fine_search_2026-10-09\runs\fine\seed_22\candidate_17\attempt_001\experiment_17\final.zip,13.23170022111022,3.9616724738675977,8.837209302325588,9.5,13.225112003258266,3.7883333333333304,-8.510638297872342,-4.0,2.5252525252525304,5.0
10,Sensitivity-DQN,8011,random,37.498366013071895,96.0,38.248333333333335,71.0,228,42,18,-245.55964999999986,306,78,0,1,0,0,300.0,17,0.3,0.6,0.5,17,0.3,0.6,0.5,22,22,50000,8011,random,validation,False,3cb7167c2c2b34c1ebf11e7fdb965ba96a41e8a0e843c8e986e324a3722c4171,C:\Users\권민우\traffic-control\model\results\reward_fine_search_2026-10-09\runs\fine\seed_22\candidate_17\attempt_001\experiment_17\final.zip,5.575746423149464,1.9803921568627416,-9.004739336492895,-9.5,5.575746423149486,2.020000000000003,-2.3255813953488413,-1.0,0.4405286343612369,1.0
11,Sensitivity-DQN,8012,random,29.928797468354432,87.0,31.526666666666667,70.0,225,41,20,-202.23199999999997,316,91,0,2,0,0,300.0,17,0.3,0.6,0.5,17,0.3,0.6,0.5,22,22,50000,8012,random,validation,False,a43af6ff2bb883b6d9a617961af61470161a2cebdc9b5d49bdb4318dbb7f654b,C:\Users\권민우\traffic-control\model\results\reward_fine_search_2026-10-09\runs\fine\seed_22\candidate_17\attempt_001\experiment_17\final.zip,3.7632344067145773,1.0854430379746844,-8.421052631578952,-8.0,3.7687201711558593,1.1449999999999996,-2.3809523809523836,-1.0,3.2110091743119185,7.0
12,Sensitivity-DQN,8013,random,21.11787072243346,74.5,18.513333333333332,43.0,212,44,18,-153.3792625,263,51,0,1,0,0,300.0,17,0.3,0.6,0.5,17,0.3,0.6,0.5,22,22,50000,8013,random,validation,False,dc72dfa2fd6460529e83df749d8d9abea9bcee3755fb816ec851d7258e8920db,C:\Users\권민우\traffic-control\model\results\reward_fine_search_2026-10-09\runs\fine\seed_22\candidate_17\attempt_001\experiment_17\final.zip,19.24852388620504,3.408745247148289,5.673758865248235,4.0,19.24852388620504,2.9883333333333315,4.761904761904767,2.0,-5.35714285714286,-12.0
13,Sensitivity-DQN,8014,random,17.75646551724138,74.5,13.731666666666667,38.0,186,47,19,-120.39097500000001,232,46,0,2,0,0,300.0,17,0.3,0.6,0.5,17,0.3,0.6,0.5,22,22,50000,8014,random,validation,False,55cd1036a4d9d8cba7cc7d7ac04aa9661b6e4c0235b398b071eadc518fa79e7e,C:\Users\권민우\traffic-control\model\results\reward_fine_search_2026-10-09\runs\fine\seed_22\candidate_17\attempt_001\experiment_17\final.zip,-11.806893598801093,-2.37715517241379,-28.708133971291872,-30.0,-11.806893598801116,-1.838333333333333,6.818181818181812,3.0,-0.5347593582887722,-1.0
14,Sensitivity-DQN,8015,random,29.51618705035971,108.5,27.351666666666667,57.0,219,41,22,-208.5302125000001,278,59,0,3,0,0,300.0,17,0.3,0.6,0.5,17,0.3,0.6,0.5,22,22,50000,8015,random,validation,False,4b5952cea76dd251669c9507a7f12fefeb3138a19302395b7893ec16755927b3,C:\Users\권민우\traffic-control\model\results\reward_fine_search_2026-10-09\runs\fine\seed_22\candidate_17\attempt_001\experiment_17\final.zip,27.167764432390527,6.305755395683452,25.4335260115607,22.0,27.167764432390552,5.843333333333334,-8.888888888888891,-4.0,-2.6666666666666616,-6.0
15,Sensitivity-DQN,8016,random,31.364516129032257,81.5,32.41,86.0,218,42,21,-193.49368749999994,310,92,0,2,0,0,300.0,17,0.3,0.6,0.5,17,0.3,0.6,0.5,22,22,50000,8016,random,validation,False,5d676c5c894eac0f3d9f703037c1ebf9802829a4819393f69c0acc1492442857,C:\Users\권민우\traffic-control\model\results\reward_fine_search_2026-10-09\runs\fine\seed_22\candidate_17\attempt_001\experiment_17\final.zip,16.047025123828853,4.337096774193547,-3.5502958579881616,-3.0,16.047025123828828,4.481666666666662,-2.3255813953488413,-1.0,-5.21739130434783,-12.0
16,Sensitivity-DQN,8017,random,23.99402390438247,88.0,20.075,48.0,203,42,21,-158.56031250000012,251,48,0,3,0,0,300.0,17,0.3,0.6,0.5,17,0.3,0.6,0.5,22,22,50000,8017,random,validation,False,658c6c23978d040d2ba3fee1c2044362083690f1063d980fbf123a6eeec43fd8,C:\Users\권민우\traffic-control\model\results\reward_fine_search_2026-10-09\runs\fine\seed_22\candidate_17\attempt_001\experiment_17\final.zip,10.514726121662532,2.282868525896415,-5.882352941176472,-5.5,10.514726121662532,1.9100000000000001,0.0,0.0,-1.9323671497584516,-4.0
17,Sensitivity-DQN,8018,random,10.961538461538462,55.0,4.75,13.0,120,43,23,-74.01226250000003,130,10,0,1,0,0,300.0,17,0.3,0.6,0.5,17,0.3,0.6,0.5,22,22,50000,8018,random,validation,False,f44facdd126218ef97befa1789def0801faaa77ceb04886a6bc156a900691cfc,C:\Users\권민우\traffic-control\model\results\reward_fine_search_2026-10-09\runs\fine\seed_22\candidate_17\attempt_001\experiment_17\final.zip,-0.03507541213608745,-0.0038461538461529443,25.0,11.0,-0.03507541213609855,-0.0016666666666669272,2.3809523809523725,1.0,-0.8264462809917328,-1.0
18,Sensitivity-DQN,8019,random,29.186305732484076,104.5,30.55,67.0,251,40,19,-206.11173749999986,314,63,0,3,0,0,300.0,17,0.3,0.6,0.5,17,0.3,0.6,0.5,22,22,50000,8019,random,validation,False,52131aa9c898a5842eac0e7769a57b7442cca0dfa41dd4cce841370fc6b0060c,C:\Users\권민우\traffic-control\model\results\reward_fine_search_2026-10-09\runs\fine\seed_22\candidate_17\attempt_001\experiment_17\final.zip,-5.8844672657252906,-1.82484076433121,-17.716535433070867,-22.5,-5.8793324775353035,-1.908333333333335,-4.761904761904767,-2.0,5.020920502092041,12.0
19,Sensitivity-DQN,8020,random,18.004761904761907,56.0,12.603333333333333,29.0,180,43,18,-115.46158750000004,210,30,0,1,0,0,300.0,17,0.3,0.6,0.5,17,0.3,0.6,0.5,22,22,50000,8020,random,validation,False,8b6b3d586b585e66f3e99748305f4810b898bce1de2bf34ea783f93ef8efbc3c,C:\Users\권민우\traffic-control\model\results\reward_fine_search_2026-10-09\runs\fine\seed_22\candidate_17\attempt_001\experiment_17\final.zip,-6.120422098075718,-1.1738095238095205,-21.126760563380287,-15.0,-6.1204220980757285,-0.8216666666666672,-4.444444444444439,-2.0,-1.098901098901095,-2.0
0,Sensitivity-DQN,8001,random,37.752252252252255,97.5,41.905,84.0,225,44,21,-249.7044000000001,333,108,0,2,0,0,300.0,18,0.3,0.6,0.6,18,0.3,0.6,0.6,22,22,50000,8001,random,validation,False,8dd341828f90c6befd05da39f6398cba989e90169d9b64a606076b6fb9fb603c,C:\Users\권민우\traffic-control\model\results\reward_fine_search_2026-10-09\runs\fine\seed_22\candidate_18\attempt_001\experiment_18\final.zip,17.948116526715797,5.74474474474475,-0.5102040816326481,-0.5,17.94811652671575,6.376666666666665,12.82051282051282,5.0,-8.163265306122447,-20.0
1,Sensitivity-DQN,8002,random,18.846666666666668,73.0,14.135,31.0,198,44,16,-135.90587500000004,225,27,0,2,0,0,300.0,18,0.3,0.6,0.6,18,0.3,0.6,0.6,22,22,50000,8002,random,validation,False,2821177a095106802fb7dc55d27cc7e848d70ca889c81c04df6e242d9b95dc2c,C:\Users\권민우\traffic-control\model\results\reward_fine_search_2026-10-09\runs\fine\seed_22\candidate_18\attempt_001\experiment_18\final.zip,10.920742872089996,1.8555555555555578,14.0625,9.0,10.920742872089972,1.3916666666666657,0.0,0.0,-5.263157894736848,-11.0
2,Sensitivity-DQN,8003,random,15.811475409836065,66.5,9.645,21.0,170,44,21,-112.22447499999997,183,13,0,2,0,0,300.0,18,0.3,0.6,0.6,18,0.3,0.6,0.6,22,22,50000,8003,random,validation,False,9354c03af629ff819755229f14e05b8a1326de925c77653ba23425fd1637b4b4,C:\Users\권민우\traffic-control\model\results\reward_fine_search_2026-10-09\runs\fine\seed_22\candidate_18\attempt_001\experiment_18\final.zip,-11.310344827586205,-2.0163934426229506,-11.333333333333329,-8.5,-11.310344827586217,-1.2300000000000004,-6.382978723404253,-3.0,3.658536585365857,6.0
3,Sensitivity-DQN,8004,random,17.733644859813083,70.0,12.65,30.0,182,45,23,-125.7336875,214,32,0,2,0,0,300.0,18,0.3,0.6,0.6,18,0.3,0.6,0.6,22,22,50000,8004,random,validation,False,b79c500713d892f6e4ec75115e41bf065a3f2b239f70ef745728c491621d13e9,C:\Users\권민우\traffic-control\model\results\reward_fine_search_2026-10-09\runs\fine\seed_22\candidate_18\attempt_001\experiment_18\final.zip,7.507082152974487,1.2383177570093444,26.126126126126124,14.5,7.507082152974509,0.8833333333333329,-2.1739130434782594,-1.0,0.0,0.0
4,Sensitivity-DQN,8005,random,32.55873015873016,89.0,34.18666666666667,76.0,224,46,19,-215.78545000000003,315,91,0,2,0,0,300.0,18,0.3,0.6,0.6,18,0.3,0.6,0.6,22,22,50000,8005,random,validation,False,dad8b07ae7aacd3f44de4c3b859fd5a3b640cf23c3bd71481a1f0ec1a70332aa,C:\Users\권민우\traffic-control\model\results\reward_fine_search_2026-10-09\runs\fine\seed_22\candidate_18\attempt_001\experiment_18\final.zip,12.216204387548535,3.5444444444444407,2.298850574712641,2.0,12.216204387548558,3.7216666666666676,12.195121951219523,5.0,-8.571428571428575,-21.0
5,Sensitivity-DQN,8006,random,18.4,54.5,11.04,23.0,155,43,22,-113.68208750000002,180,25,0,1,0,0,300.0,18,0.3,0.6,0.6,18,0.3,0.6,0.6,22,22,50000,8006,random,validation,False,ef2f623673927b137a233a73ec5cbcb6c8ce5ecf794f5e6abec53433d205ec06,C:\Users\권민우\traffic-control\model\results\reward_fine_search_2026-10-09\runs\fine\seed_22\candidate_18\attempt_001\experiment_18\final.zip,34.089068825910914,4.677777777777777,10.1010101010101,5.0,34.08906882591094,2.8066666666666666,2.3809523809523725,1.0,-4.320987654320985,-7.0
6,Sensitivity-DQN,8007,random,22.121145374449338,65.5,16.738333333333333,32.0,194,43,20,-148.33770000000004,227,33,0,2,0,0,300.0,18,0.3,0.6,0.6,18,0.3,0.6,0.6,22,22,50000,8007,random,validation,False,fa89c69d4df65396b556c47c51886af5f1a02287f4ec90fae5d842865d09b2b9,C:\Users\권민우\traffic-control\model\results\reward_fine_search_2026-10-09\runs\fine\seed_22\candidate_18\attempt_001\experiment_18\final.zip,-14.381926683716973,-3.715859030837006,-33.50253807106599,-33.0,-14.381926683716973,-2.8116666666666674,-4.444444444444439,-2.0,7.182320441988943,13.0
7,Sensitivity-DQN,8008,random,16.79665071770335,62.5,11.701666666666666,33.0,188,46,22,-122.01438749999996,209,21,0,1,0,0,300.0,18,0.3,0.6,0.6,18,0.3,0.6,0.6,22,22,50000,8008,random,validation,False,85fdc4042e94b886aca1df437c5f5a2d379d3c3162408629c0b305b7392e680b,C:\Users\권민우\traffic-control\model\results\reward_fine_search_2026-10-09\runs\fine\seed_22\candidate_18\attempt_001\experiment_18\final.zip,42.384911782599886,5.000000000000002,22.549019607843146,11.5,42.384911782599865,3.4833333333333325,6.976744186046502,3.0,-2.590673575129532,-5.0
8,Sensitivity-DQN,8009,random,14.78763440860215,61.0,9.168333333333333,25.0,177,44,18,-102.05587499999996,186,9,0,2,0,0,300.0,18,0.3,0.6,0.6,18,0.3,0.6,0.6,22,22,50000,8009,random,validation,False,776e63c43ae4b74af8684e652ee35e575d3c68422d440ebcdb28cfcfa668a94e,C:\Users\권민우\traffic-control\model\results\reward_fine_search_2026-10-09\runs\fine\seed_22\candidate_18\attempt_001\experiment_18\final.zip,0.49324077457069126,0.07258064516129004,-7.57575757575758,-5.0,0.49324077457069126,0.04499999999999993,0.0,0.0,0.5681818181818121,1.0
9,Sensitivity-DQN,8010,random,26.99128919860627,95.0,25.821666666666665,51.0,219,40,18,-189.4260874999999,287,68,0,1,0,0,300.0,18,0.3,0.6,0.6,18,0.3,0.6,0.6,22,22,50000,8010,random,validation,False,a840059b85bbd9b6a912132b0c970d4d51ecdf0326cf009aaea2e9fad68f7bba,C:\Users\권민우\traffic-control\model\results\reward_fine_search_2026-10-09\runs\fine\seed_22\candidate_18\attempt_001\experiment_18\final.zip,-9.851041545443973,-2.9494773519163786,-11.627906976744185,-12.5,-9.85628672834119,-2.823333333333334,-14.893617021276595,-7.0,10.606060606060597,21.0
10,Sensitivity-DQN,8011,random,28.080065359477125,130.0,28.641666666666666,59.0,238,43,14,-231.5080625,306,68,0,1,0,0,300.0,18,0.3,0.6,0.6,18,0.3,0.6,0.6,22,22,50000,8011,random,validation,False,3cb7167c2c2b34c1ebf11e7fdb965ba96a41e8a0e843c8e986e324a3722c4171,C:\Users\권민우\traffic-control\model\results\reward_fine_search_2026-10-09\runs\fine\seed_22\candidate_18\attempt_001\experiment_18\final.zip,-20.941252242719788,-7.437908496732028,23.222748815165883,24.5,-20.941252242719788,-7.586666666666666,0.0,0.0,4.8458149779735615,11.0
11,Sensitivity-DQN,8012,random,32.67088607594937,95.5,34.413333333333334,79.0,223,41,21,-200.14333750000003,316,93,0,2,0,0,300.0,18,0.3,0.6,0.6,18,0.3,0.6,0.6,22,22,50000,8012,random,validation,False,a43af6ff2bb883b6d9a617961af61470161a2cebdc9b5d49bdb4318dbb7f654b,C:\Users\권민우\traffic-control\model\results\reward_fine_search_2026-10-09\runs\fine\seed_22\candidate_18\attempt_001\experiment_18\final.zip,13.270064183443964,3.8275316455696213,0.5263157894736858,0.5,13.270064183443964,4.031666666666666,-2.3809523809523836,-1.0,2.2935779816513735,5.0
12,Sensitivity-DQN,8013,random,20.41444866920152,83.0,17.89666666666667,43.0,210,45,23,-152.87422499999988,263,53,0,1,0,0,300.0,18,0.3,0.6,0.6,18,0.3,0.6,0.6,22,22,50000,8013,random,validation,False,dc72dfa2fd6460529e83df749d8d9abea9bcee3755fb816ec851d7258e8920db,C:\Users\권민우\traffic-control\model\results\reward_fine_search_2026-10-09\runs\fine\seed_22\candidate_18\attempt_001\experiment_18\final.zip,15.276435856145998,2.7053231939163496,17.730496453900702,12.5,15.276435856145998,2.371666666666668,7.14285714285714,3.0,-6.25,-14.0
13,Sensitivity-DQN,8014,random,19.737068965517242,92.5,15.263333333333334,38.0,192,43,25,-141.481325,232,40,0,2,0,0,300.0,18,0.3,0.6,0.6,18,0.3,0.6,0.6,22,22,50000,8014,random,validation,False,55cd1036a4d9d8cba7cc7d7ac04aa9661b6e4c0235b398b071eadc518fa79e7e,C:\Users\권민우\traffic-control\model\results\reward_fine_search_2026-10-09\runs\fine\seed_22\candidate_18\attempt_001\experiment_18\final.zip,-1.9695996574609187,-0.39655172413792883,-11.483253588516751,-12.0,-1.9695996574609298,-0.30666666666666664,-2.2727272727272707,-1.0,2.673796791443861,5.0
14,Sensitivity-DQN,8015,random,25.57913669064748,79.5,23.703333333333333,53.0,216,45,23,-183.1926250000001,278,62,0,3,0,0,300.0,18,0.3,0.6,0.6,18,0.3,0.6,0.6,22,22,50000,8015,random,validation,False,4b5952cea76dd251669c9507a7f12fefeb3138a19302395b7893ec16755927b3,C:\Users\권민우\traffic-control\model\results\reward_fine_search_2026-10-09\runs\fine\seed_22\candidate_18\attempt_001\experiment_18\final.zip,10.205346764819833,2.368705035971221,-8.092485549132943,-7.0,10.205346764819833,2.1950000000000003,0.0,0.0,-4.0000000000000036,-9.0
15,Sensitivity-DQN,8016,random,29.720967741935485,87.5,30.711666666666666,70.0,217,43,22,-206.61354999999995,310,93,0,2,0,0,300.0,18,0.3,0.6,0.6,18,0.3,0.6,0.6,22,22,50000,8016,random,validation,False,5d676c5c894eac0f3d9f703037c1ebf9802829a4819393f69c0acc1492442857,C:\Users\권민우\traffic-control\model\results\reward_fine_search_2026-10-09\runs\fine\seed_22\candidate_18\attempt_001\experiment_18\final.zip,9.965984364743097,2.693548387096776,3.5502958579881616,3.0,9.965984364743075,2.7833333333333314,0.0,0.0,-5.6521739130434785,-13.0
16,Sensitivity-DQN,8017,random,21.121513944223107,88.0,17.671666666666667,45.0,208,43,23,-160.92649999999998,251,43,0,3,0,0,300.0,18,0.3,0.6,0.6,18,0.3,0.6,0.6,22,22,50000,8017,random,validation,False,658c6c23978d040d2ba3fee1c2044362083690f1063d980fbf123a6eeec43fd8,C:\Users\권민우\traffic-control\model\results\reward_fine_search_2026-10-09\runs\fine\seed_22\candidate_18\attempt_001\experiment_18\final.zip,-2.715845490411961,-0.5896414342629477,-5.882352941176472,-5.5,-2.715845490411961,-0.4933333333333323,2.3809523809523725,1.0,0.48309178743961567,1.0
17,Sensitivity-DQN,8018,random,9.146153846153846,48.5,3.9633333333333334,10.0,127,42,21,-66.1230375,130,3,0,1,0,0,300.0,18,0.3,0.6,0.6,18,0.3,0.6,0.6,22,22,50000,8018,random,validation,False,f44facdd126218ef97befa1789def0801faaa77ceb04886a6bc156a900691cfc,C:\Users\권민우\traffic-control\model\results\reward_fine_search_2026-10-09\runs\fine\seed_22\candidate_18\attempt_001\experiment_18\final.zip,-16.590669940371793,-1.819230769230769,10.22727272727273,4.5,-16.590669940371804,-0.7883333333333336,0.0,0.0,4.958677685950419,6.0
18,Sensitivity-DQN,8019,random,30.012738853503183,102.0,31.413333333333334,65.0,247,42,21,-222.39562500000005,314,67,0,3,0,0,300.0,18,0.3,0.6,0.6,18,0.3,0.6,0.6,22,22,50000,8019,random,validation,False,52131aa9c898a5842eac0e7769a57b7442cca0dfa41dd4cce841370fc6b0060c,C:\Users\권민우\traffic-control\model\results\reward_fine_search_2026-10-09\runs\fine\seed_22\candidate_18\attempt_001\experiment_18\final.zip,-3.219512195121954,-0.9984076433121025,-19.685039370078737,-25.0,-3.219512195121954,-1.0450000000000017,0.0,0.0,3.347280334728042,8.0
19,Sensitivity-DQN,8020,random,20.876190476190477,72.5,14.613333333333333,34.0,180,43,22,-136.25657500000008,210,30,0,1,0,0,300.0,18,0.3,0.6,0.6,18,0.3,0.6,0.6,22,22,50000,8020,random,validation,False,8b6b3d586b585e66f3e99748305f4810b898bce1de2bf34ea783f93ef8efbc3c,C:\Users\권민우\traffic-control\model\results\reward_fine_search_2026-10-09\runs\fine\seed_22\candidate_18\attempt_001\experiment_18\final.zip,8.851644941030434,1.6976190476190496,2.1126760563380254,1.5,8.851644941030411,1.1883333333333326,-4.444444444444439,-2.0,-1.098901098901095,-2.0
0,Sensitivity-DQN,8001,random,36.37537537537538,93.0,40.376666666666665,98.0,224,44,22,-218.89158333333327,333,109,0,2,0,0,300.0,19,0.4,0.4,0.4,19,0.4,0.4,0.4,22,22,50000,8001,random,validation,False,8dd341828f90c6befd05da39f6398cba989e90169d9b64a606076b6fb9fb603c,C:\Users\권민우\traffic-control\model\results\reward_fine_search_2026-10-09\runs\fine\seed_22\candidate_19\attempt_001\experiment_19\final.zip,13.64638551390911,4.367867867867872,-5.102040816326525,-5.0,13.646385513909065,4.848333333333329,12.82051282051282,5.0,-8.571428571428575,-21.0
1,Sensitivity-DQN,8002,random,17.164444444444445,85.0,12.873333333333333,31.0,204,42,15,-107.69826666666663,225,21,0,2,0,0,300.0,19,0.4,0.4,0.4,19,0.4,0.4,0.4,22,22,50000,8002,random,validation,False,2821177a095106802fb7dc55d27cc7e848d70ca889c81c04df6e242d9b95dc2c,C:\Users\권민우\traffic-control\model\results\reward_fine_search_2026-10-09\runs\fine\seed_22\candidate_19\attempt_001\experiment_19\final.zip,1.020141250326989,0.17333333333333556,32.8125,21.0,1.020141250326967,0.129999999999999,-4.545454545454541,-2.0,-2.392344497607657,-5.0
2,Sensitivity-DQN,8003,random,14.030054644808743,64.0,8.558333333333334,21.0,174,43,17,-82.94953333333333,183,9,0,2,0,0,300.0,19,0.4,0.4,0.4,19,0.4,0.4,0.4,22,22,50000,8003,random,validation,False,9354c03af629ff819755229f14e05b8a1326de925c77653ba23425fd1637b4b4,C:\Users\권민우\traffic-control\model\results\reward_fine_search_2026-10-09\runs\fine\seed_22\candidate_19\attempt_001\experiment_19\final.zip,-21.302681992337156,-3.7978142076502728,-14.66666666666666,-11.0,-21.302681992337156,-2.3166666666666664,-8.510638297872342,-4.0,6.0975609756097615,10.0
3,Sensitivity-DQN,8004,random,20.376168224299064,60.5,14.535,42.0,183,44,20,-106.07405000000004,214,31,0,2,0,0,300.0,19,0.4,0.4,0.4,19,0.4,0.4,0.4,22,22,50000,8004,random,validation,False,b79c500713d892f6e4ec75115e41bf065a3f2b239f70ef745728c491621d13e9,C:\Users\권민우\traffic-control\model\results\reward_fine_search_2026-10-09\runs\fine\seed_22\candidate_19\attempt_001\experiment_19\final.zip,23.526912181303118,3.880841121495326,9.009009009009006,5.0,23.526912181303118,2.7683333333333326,-4.347826086956519,-2.0,0.5494505494505475,1.0
4,Sensitivity-DQN,8005,random,29.552380952380954,85.0,31.03,78.0,226,40,22,-171.4049333333333,315,89,0,2,0,0,300.0,19,0.4,0.4,0.4,19,0.4,0.4,0.4,22,22,50000,8005,random,validation,False,dad8b07ae7aacd3f44de4c3b859fd5a3b640cf23c3bd71481a1f0ec1a70332aa,C:\Users\권민우\traffic-control\model\results\reward_fine_search_2026-10-09\runs\fine\seed_22\candidate_19\attempt_001\experiment_19\final.zip,1.854587231248983,0.538095238095238,-2.298850574712641,-2.0,1.854587231248983,0.5650000000000013,-2.4390243902439046,-1.0,-7.755102040816331,-19.0
5,Sensitivity-DQN,8006,random,12.202777777777778,56.5,7.321666666666666,24.0,164,44,19,-70.95341666666668,180,16,0,1,0,0,300.0,19,0.4,0.4,0.4,19,0.4,0.4,0.4,22,22,50000,8006,random,validation,False,ef2f623673927b137a233a73ec5cbcb6c8ce5ecf794f5e6abec53433d205ec06,C:\Users\권민우\traffic-control\model\results\reward_fine_search_2026-10-09\runs\fine\seed_22\candidate_19\attempt_001\experiment_19\final.zip,-11.07287449392712,-1.519444444444444,14.141414141414144,7.0,-11.07287449392712,-0.9116666666666662,4.761904761904767,2.0,1.2345679012345734,2.0
6,Sensitivity-DQN,8007,random,23.484581497797357,79.5,17.77,37.0,189,44,20,-133.68029999999996,227,38,0,2,0,0,300.0,19,0.4,0.4,0.4,19,0.4,0.4,0.4,22,22,50000,8007,random,validation,False,fa89c69d4df65396b556c47c51886af5f1a02287f4ec90fae5d842865d09b2b9,C:\Users\권민우\traffic-control\model\results\reward_fine_search_2026-10-09\runs\fine\seed_22\candidate_19\attempt_001\experiment_19\final.zip,-9.104859335038363,-2.352422907488986,-19.289340101522846,-19.0,-9.104859335038373,-1.7800000000000011,-2.2222222222222254,-1.0,4.419889502762442,8.0
7,Sensitivity-DQN,8008,random,13.624401913875598,49.0,9.491666666666667,24.0,190,44,15,-81.86488333333335,209,19,0,1,0,0,300.0,19,0.4,0.4,0.4,19,0.4,0.4,0.4,22,22,50000,8008,random,validation,False,85fdc4042e94b886aca1df437c5f5a2d379d3c3162408629c0b305b7392e680b,C:\Users\권민우\traffic-control\model\results\reward_fine_search_2026-10-09\runs\fine\seed_22\candidate_19\attempt_001\experiment_19\final.zip,15.493814642060432,1.8277511961722492,-3.9215686274509776,-2.0,15.493814642060432,1.2733333333333334,2.3255813953488413,1.0,-1.5544041450777257,-3.0
8,Sensitivity-DQN,8009,random,12.935483870967742,73.0,8.02,22.0,181,43,18,-76.31023333333333,186,5,0,2,0,0,300.0,19,0.4,0.4,0.4,19,0.4,0.4,0.4,22,22,50000,8009,random,validation,False,776e63c43ae4b74af8684e652ee35e575d3c68422d440ebcdb28cfcfa668a94e,C:\Users\권민우\traffic-control\model\results\reward_fine_search_2026-10-09\runs\fine\seed_22\candidate_19\attempt_001\experiment_19\final.zip,-12.093533065400075,-1.779569892473118,10.606060606060597,7.0,-12.093533065400075,-1.1033333333333335,-2.2727272727272707,-1.0,2.840909090909083,5.0
9,Sensitivity-DQN,8010,random,30.034843205574912,99.0,28.733333333333334,64.0,214,41,21,-178.08689999999999,287,73,0,1,0,0,300.0,19,0.4,0.4,0.4,19,0.4,0.4,0.4,22,22,50000,8010,random,validation,False,a840059b85bbd9b6a912132b0c970d4d51ecdf0326cf009aaea2e9fad68f7bba,C:\Users\권민우\traffic-control\model\results\reward_fine_search_2026-10-09\runs\fine\seed_22\candidate_19\attempt_001\experiment_19\final.zip,0.3142092400791219,0.09407665505226248,-7.906976744186045,-8.5,0.3083726072031334,0.08833333333333471,-12.765957446808507,-6.0,8.080808080808088,16.0
10,Sensitivity-DQN,8011,random,37.830065359477125,126.0,38.586666666666666,78.0,219,42,20,-227.41535,306,87,0,1,0,0,300.0,19,0.4,0.4,0.4,19,0.4,0.4,0.4,22,22,50000,8011,random,validation,False,3cb7167c2c2b34c1ebf11e7fdb965ba96a41e8a0e843c8e986e324a3722c4171,C:\Users\권민우\traffic-control\model\results\reward_fine_search_2026-10-09\runs\fine\seed_22\candidate_19\attempt_001\experiment_19\final.zip,6.509637944518554,2.312091503267972,19.43127962085307,20.5,6.509637944518576,2.3583333333333343,-2.3255813953488413,-1.0,-3.524229074889873,-8.0
11,Sensitivity-DQN,8012,random,31.841772151898734,93.5,33.54,78.0,215,41,21,-185.30671666666674,316,101,0,2,0,0,300.0,19,0.4,0.4,0.4,19,0.4,0.4,0.4,22,22,50000,8012,random,validation,False,a43af6ff2bb883b6d9a617961af61470161a2cebdc9b5d49bdb4318dbb7f654b,C:\Users\권민우\traffic-control\model\results\reward_fine_search_2026-10-09\runs\fine\seed_22\candidate_19\attempt_001\experiment_19\final.zip,10.395523616215918,2.9984177215189867,-1.5789473684210575,-1.5,10.395523616215918,3.1583333333333314,-2.3809523809523836,-1.0,-1.3761467889908285,-3.0
12,Sensitivity-DQN,8013,random,19.104562737642585,80.0,16.748333333333335,44.0,208,45,18,-118.98771666666669,263,55,0,1,0,0,300.0,19,0.4,0.4,0.4,19,0.4,0.4,0.4,22,22,50000,8013,random,validation,False,dc72dfa2fd6460529e83df749d8d9abea9bcee3755fb816ec851d7258e8920db,C:\Users\권민우\traffic-control\model\results\reward_fine_search_2026-10-09\runs\fine\seed_22\candidate_19\attempt_001\experiment_19\final.zip,7.879763821792807,1.3954372623574152,13.475177304964546,9.5,7.879763821792807,1.2233333333333345,7.14285714285714,3.0,-7.14285714285714,-16.0
13,Sensitivity-DQN,8014,random,30.834051724137932,95.5,23.845,62.0,165,45,22,-151.46421666666663,232,67,0,2,0,0,300.0,19,0.4,0.4,0.4,19,0.4,0.4,0.4,22,22,50000,8014,random,validation,False,55cd1036a4d9d8cba7cc7d7ac04aa9661b6e4c0235b398b071eadc518fa79e7e,C:\Users\권민우\traffic-control\model\results\reward_fine_search_2026-10-09\runs\fine\seed_22\candidate_19\attempt_001\experiment_19\final.zip,53.14707771355172,10.700431034482762,-8.61244019138756,-9.0,53.147077713551695,8.274999999999999,2.2727272727272707,1.0,-11.764705882352944,-22.0
14,Sensitivity-DQN,8015,random,24.857913669064747,80.0,23.035,47.0,222,43,20,-154.4594499999999,278,56,0,3,0,0,300.0,19,0.4,0.4,0.4,19,0.4,0.4,0.4,22,22,50000,8015,random,validation,False,4b5952cea76dd251669c9507a7f12fefeb3138a19302395b7893ec16755927b3,C:\Users\권민우\traffic-control\model\results\reward_fine_search_2026-10-09\runs\fine\seed_22\candidate_19\attempt_001\experiment_19\final.zip,7.098024021697014,1.647482014388487,-7.514450867052025,-6.5,7.098024021697014,1.5266666666666673,-4.444444444444439,-2.0,-1.3333333333333308,-3.0
15,Sensitivity-DQN,8016,random,33.63548387096774,89.5,34.75666666666667,82.0,202,44,20,-195.18471666666656,310,108,0,2,0,0,300.0,19,0.4,0.4,0.4,19,0.4,0.4,0.4,22,22,50000,8016,random,validation,False,5d676c5c894eac0f3d9f703037c1ebf9802829a4819393f69c0acc1492442857,C:\Users\권민우\traffic-control\model\results\reward_fine_search_2026-10-09\runs\fine\seed_22\candidate_19\attempt_001\experiment_19\final.zip,24.44948379781582,6.60806451612903,5.9171597633136175,5.0,24.44948379781584,6.828333333333333,2.3255813953488413,1.0,-12.173913043478258,-28.0
16,Sensitivity-DQN,8017,random,25.284860557768923,88.5,21.155,49.0,199,44,15,-141.59338333333338,251,52,0,3,0,0,300.0,19,0.4,0.4,0.4,19,0.4,0.4,0.4,22,22,50000,8017,random,validation,False,658c6c23978d040d2ba3fee1c2044362083690f1063d980fbf123a6eeec43fd8,C:\Users\권민우\traffic-control\model\results\reward_fine_search_2026-10-09\runs\fine\seed_22\candidate_19\attempt_001\experiment_19\final.zip,16.46022570878063,3.573705179282868,-5.3475935828877,-5.0,16.46022570878063,2.990000000000002,4.761904761904767,2.0,-3.864734299516903,-8.0
17,Sensitivity-DQN,8018,random,10.103846153846154,46.0,4.378333333333333,13.0,124,42,22,-55.86310000000001,130,6,0,1,0,0,300.0,19,0.4,0.4,0.4,19,0.4,0.4,0.4,22,22,50000,8018,random,validation,False,f44facdd126218ef97befa1789def0801faaa77ceb04886a6bc156a900691cfc,C:\Users\권민우\traffic-control\model\results\reward_fine_search_2026-10-09\runs\fine\seed_22\candidate_19\attempt_001\experiment_19\final.zip,-7.856892318484732,-0.8615384615384603,4.545454545454541,2.0,-7.8568923184847534,-0.37333333333333396,0.0,0.0,2.4793388429751984,3.0
18,Sensitivity-DQN,8019,random,32.652866242038215,110.5,34.17666666666667,73.0,227,46,21,-204.68396666666666,314,87,0,3,0,0,300.0,19,0.4,0.4,0.4,19,0.4,0.4,0.4,22,22,50000,8019,random,validation,False,52131aa9c898a5842eac0e7769a57b7442cca0dfa41dd4cce841370fc6b0060c,C:\Users\권민우\traffic-control\model\results\reward_fine_search_2026-10-09\runs\fine\seed_22\candidate_19\attempt_001\experiment_19\final.zip,5.293966623876756,1.6417197452229289,-12.992125984251967,-16.5,5.293966623876756,1.7183333333333337,9.523809523809534,4.0,-5.020920502092052,-12.0
19,Sensitivity-DQN,8020,random,20.952380952380953,74.0,14.666666666666666,31.0,181,41,19,-111.99991666666665,210,29,0,1,0,0,300.0,19,0.4,0.4,0.4,19,0.4,0.4,0.4,22,22,50000,8020,random,validation,False,8b6b3d586b585e66f3e99748305f4810b898bce1de2bf34ea783f93ef8efbc3c,C:\Users\권민우\traffic-control\model\results\reward_fine_search_2026-10-09\runs\fine\seed_22\candidate_19\attempt_001\experiment_19\final.zip,9.24891371818748,1.7738095238095255,4.225352112676051,3.0,9.248913718187456,1.2416666666666654,-8.888888888888891,-4.0,-0.5494505494505475,-1.0
0,Sensitivity-DQN,8001,random,41.6981981981982,141.5,46.285,105.0,216,39,27,-253.78006666666667,333,117,0,2,0,0,300.0,21,0.4,0.4,0.6,21,0.4,0.4,0.6,22,22,50000,8001,random,validation,False,8dd341828f90c6befd05da39f6398cba989e90169d9b64a606076b6fb9fb603c,C:\Users\권민우\traffic-control\model\results\reward_fine_search_2026-10-09\runs\fine\seed_22\candidate_21\attempt_001\experiment_21\final.zip,30.276305296242455,9.690690690690694,44.38775510204083,43.5,30.276305296242413,10.75666666666666,0.0,0.0,-11.836734693877549,-29.0
1,Sensitivity-DQN,8002,random,17.073333333333334,54.0,12.805,33.0,203,42,20,-108.18675,225,22,0,2,0,0,300.0,21,0.4,0.4,0.6,21,0.4,0.4,0.6,22,22,50000,8002,random,validation,False,2821177a095106802fb7dc55d27cc7e848d70ca889c81c04df6e242d9b95dc2c,C:\Users\권민우\traffic-control\model\results\reward_fine_search_2026-10-09\runs\fine\seed_22\candidate_21\attempt_001\experiment_21\final.zip,0.48391315720639483,0.08222222222222442,-15.625,-10.0,0.4839131572063726,0.06166666666666565,-4.545454545454541,-2.0,-2.8708133971291905,-6.0
2,Sensitivity-DQN,8003,random,19.06830601092896,55.0,11.631666666666666,26.0,170,43,21,-106.2080666666666,183,13,0,2,0,0,300.0,21,0.4,0.4,0.6,21,0.4,0.4,0.6,22,22,50000,8003,random,validation,False,9354c03af629ff819755229f14e05b8a1326de925c77653ba23425fd1637b4b4,C:\Users\권민우\traffic-control\model\results\reward_fine_search_2026-10-09\runs\fine\seed_22\candidate_21\attempt_001\experiment_21\final.zip,6.957854406130259,1.2404371584699447,-26.66666666666667,-20.0,6.957854406130259,0.7566666666666659,-8.510638297872342,-4.0,3.658536585365857,6.0
3,Sensitivity-DQN,8004,random,15.072429906542055,86.0,10.751666666666667,25.0,196,42,22,-107.64438333333331,214,18,0,2,0,0,300.0,21,0.4,0.4,0.6,21,0.4,0.4,0.6,22,22,50000,8004,random,validation,False,b79c500713d892f6e4ec75115e41bf065a3f2b239f70ef745728c491621d13e9,C:\Users\권민우\traffic-control\model\results\reward_fine_search_2026-10-09\runs\fine\seed_22\candidate_21\attempt_001\experiment_21\final.zip,-8.626062322946183,-1.4228971962616832,54.95495495495495,30.5,-8.626062322946183,-1.0150000000000006,-8.695652173913048,-4.0,7.692307692307687,14.0
4,Sensitivity-DQN,8005,random,26.20793650793651,90.0,27.518333333333334,73.0,245,41,20,-172.24304999999993,315,70,0,2,0,0,300.0,21,0.4,0.4,0.6,21,0.4,0.4,0.6,22,22,50000,8005,random,validation,False,dad8b07ae7aacd3f44de4c3b859fd5a3b640cf23c3bd71481a1f0ec1a70332aa,C:\Users\권민우\traffic-control\model\results\reward_fine_search_2026-10-09\runs\fine\seed_22\candidate_21\attempt_001\experiment_21\final.zip,-9.672301548224738,-2.806349206349207,3.4482758620689724,3.0,-9.672301548224738,-2.9466666666666654,0.0,0.0,0.0,0.0
5,Sensitivity-DQN,8006,random,13.627777777777778,53.0,8.176666666666666,19.0,168,39,21,-83.60400000000003,180,12,0,1,0,0,300.0,21,0.4,0.4,0.6,21,0.4,0.4,0.6,22,22,50000,8006,random,validation,False,ef2f623673927b137a233a73ec5cbcb6c8ce5ecf794f5e6abec53433d205ec06,C:\Users\권민우\traffic-control\model\results\reward_fine_search_2026-10-09\runs\fine\seed_22\candidate_21\attempt_001\experiment_21\final.zip,-0.6882591093117285,-0.09444444444444322,7.070707070707072,3.5,-0.6882591093117396,-0.05666666666666664,-7.14285714285714,-3.0,3.703703703703698,6.0
6,Sensitivity-DQN,8007,random,22.1784140969163,65.0,16.781666666666666,40.0,203,40,19,-127.97454999999997,227,24,0,2,0,0,300.0,21,0.4,0.4,0.6,21,0.4,0.4,0.6,22,22,50000,8007,random,validation,False,fa89c69d4df65396b556c47c51886af5f1a02287f4ec90fae5d842865d09b2b9,C:\Users\권민우\traffic-control\model\results\reward_fine_search_2026-10-09\runs\fine\seed_22\candidate_21\attempt_001\experiment_21\final.zip,-14.160272804774088,-3.6585903083700444,-34.01015228426396,-33.5,-14.160272804774088,-2.7683333333333344,-11.111111111111116,-5.0,12.154696132596676,22.0
7,Sensitivity-DQN,8008,random,15.700956937799043,59.5,10.938333333333333,26.0,187,44,19,-101.98255,209,22,0,1,0,0,300.0,21,0.4,0.4,0.6,21,0.4,0.4,0.6,22,22,50000,8008,random,validation,False,85fdc4042e94b886aca1df437c5f5a2d379d3c3162408629c0b305b7392e680b,C:\Users\권민우\traffic-control\model\results\reward_fine_search_2026-10-09\runs\fine\seed_22\candidate_21\attempt_001\experiment_21\final.zip,33.0967349422024,3.9043062200956946,16.666666666666675,8.5,33.096734942202374,2.719999999999999,2.3255813953488413,1.0,-3.1088082901554404,-6.0
8,Sensitivity-DQN,8009,random,11.005376344086022,53.5,6.823333333333333,18.0,180,40,16,-73.90775000000002,186,6,0,2,0,0,300.0,21,0.4,0.4,0.6,21,0.4,0.4,0.6,22,22,50000,8009,random,validation,False,776e63c43ae4b74af8684e652ee35e575d3c68422d440ebcdb28cfcfa668a94e,C:\Users\권민우\traffic-control\model\results\reward_fine_search_2026-10-09\runs\fine\seed_22\candidate_21\attempt_001\experiment_21\final.zip,-25.210084033613445,-3.709677419354838,-18.939393939393945,-12.5,-25.210084033613445,-2.3,-9.090909090909093,-4.0,2.2727272727272707,4.0
9,Sensitivity-DQN,8010,random,30.93554006968641,122.5,29.595,68.0,217,39,22,-199.09103333333337,287,70,0,1,0,0,300.0,21,0.4,0.4,0.6,21,0.4,0.4,0.6,22,22,50000,8010,random,validation,False,a840059b85bbd9b6a912132b0c970d4d51ecdf0326cf009aaea2e9fad68f7bba,C:\Users\권민우\traffic-control\model\results\reward_fine_search_2026-10-09\runs\fine\seed_22\candidate_21\attempt_001\experiment_21\final.zip,3.322471779355274,0.9947735191637612,13.953488372093027,15.0,3.3164601152033457,0.9499999999999993,-17.021276595744684,-8.0,9.595959595959602,19.0
10,Sensitivity-DQN,8011,random,31.936274509803923,108.5,32.575,74.0,237,40,19,-216.42755000000017,306,69,0,1,0,0,300.0,21,0.4,0.4,0.6,21,0.4,0.4,0.6,22,22,50000,8011,random,validation,False,3cb7167c2c2b34c1ebf11e7fdb965ba96a41e8a0e843c8e986e324a3722c4171,C:\Users\권민우\traffic-control\model\results\reward_fine_search_2026-10-09\runs\fine\seed_22\candidate_21\attempt_001\experiment_21\final.zip,-10.084188250448545,-3.5816993464052302,2.8436018957346043,3.0,-10.084188250448534,-3.653333333333329,-6.976744186046513,-3.0,4.405286343612325,10.0
11,Sensitivity-DQN,8012,random,29.772151898734176,108.0,31.361666666666668,69.0,230,39,24,-197.0405166666665,316,86,0,5,0,0,300.0,21,0.4,0.4,0.6,21,0.4,0.4,0.6,22,22,50000,8012,random,validation,False,a43af6ff2bb883b6d9a617961af61470161a2cebdc9b5d49bdb4318dbb7f654b,C:\Users\권민우\traffic-control\model\results\reward_fine_search_2026-10-09\runs\fine\seed_22\candidate_21\attempt_001\experiment_21\final.zip,3.220143727028346,0.9287974683544284,13.684210526315788,13.0,3.225629491469628,0.9800000000000004,-7.14285714285714,-3.0,5.504587155963292,12.0
12,Sensitivity-DQN,8013,random,16.163498098859314,59.5,14.17,39.0,222,40,21,-109.7517,263,41,0,1,0,0,300.0,21,0.4,0.4,0.6,21,0.4,0.4,0.6,22,22,50000,8013,random,validation,False,dc72dfa2fd6460529e83df749d8d9abea9bcee3755fb816ec851d7258e8920db,C:\Users\권민우\traffic-control\model\results\reward_fine_search_2026-10-09\runs\fine\seed_22\candidate_21\attempt_001\experiment_21\final.zip,-8.727858293075686,-1.5456273764258555,-15.602836879432624,-11.0,-8.727858293075686,-1.3550000000000004,-4.761904761904767,-2.0,-0.8928571428571397,-2.0
13,Sensitivity-DQN,8014,random,26.308189655172413,83.0,20.345,56.0,166,43,22,-149.22868333333335,232,66,0,2,0,0,300.0,21,0.4,0.4,0.6,21,0.4,0.4,0.6,22,22,50000,8014,random,validation,False,55cd1036a4d9d8cba7cc7d7ac04aa9661b6e4c0235b398b071eadc518fa79e7e,C:\Users\권민우\traffic-control\model\results\reward_fine_search_2026-10-09\runs\fine\seed_22\candidate_21\attempt_001\experiment_21\final.zip,30.667951188182418,6.174568965517242,-20.574162679425832,-21.5,30.667951188182396,4.774999999999999,-2.2727272727272707,-1.0,-11.229946524064172,-21.0
14,Sensitivity-DQN,8015,random,28.278776978417266,87.0,26.205,54.0,220,42,18,-179.45283333333333,278,58,0,3,0,0,300.0,21,0.4,0.4,0.6,21,0.4,0.4,0.6,22,22,50000,8015,random,validation,False,4b5952cea76dd251669c9507a7f12fefeb3138a19302395b7893ec16755927b3,C:\Users\권민우\traffic-control\model\results\reward_fine_search_2026-10-09\runs\fine\seed_22\candidate_21\attempt_001\experiment_21\final.zip,21.836497481596282,5.068345323741006,0.5780346820809301,0.5,21.836497481596282,4.696666666666665,-6.666666666666665,-3.0,-2.2222222222222254,-5.0
15,Sensitivity-DQN,8016,random,28.77741935483871,103.0,29.736666666666668,83.0,221,41,20,-185.88560000000007,310,89,0,2,0,0,300.0,21,0.4,0.4,0.6,21,0.4,0.4,0.6,22,22,50000,8016,random,validation,False,5d676c5c894eac0f3d9f703037c1ebf9802829a4819393f69c0acc1492442857,C:\Users\권민우\traffic-control\model\results\reward_fine_search_2026-10-09\runs\fine\seed_22\candidate_21\attempt_001\experiment_21\final.zip,6.474906009428905,1.75,21.893491124260358,18.5,6.474906009428905,1.8083333333333336,-4.651162790697672,-2.0,-3.913043478260869,-9.0
16,Sensitivity-DQN,8017,random,22.53386454183267,102.5,18.85333333333333,38.0,218,40,20,-154.30114999999995,251,33,0,3,0,0,300.0,21,0.4,0.4,0.6,21,0.4,0.4,0.6,22,22,50000,8017,random,validation,False,658c6c23978d040d2ba3fee1c2044362083690f1063d980fbf123a6eeec43fd8,C:\Users\권민우\traffic-control\model\results\reward_fine_search_2026-10-09\runs\fine\seed_22\candidate_21\attempt_001\experiment_21\final.zip,3.789338471419401,0.8227091633466159,9.625668449197855,9.0,3.789338471419401,0.6883333333333326,-4.761904761904767,-2.0,5.31400966183575,11.0
17,Sensitivity-DQN,8018,random,9.753846153846155,43.0,4.226666666666667,11.0,128,40,22,-60.44068333333332,130,2,0,1,0,0,300.0,21,0.4,0.4,0.6,21,0.4,0.4,0.6,22,22,50000,8018,random,validation,False,f44facdd126218ef97befa1789def0801faaa77ceb04886a6bc156a900691cfc,C:\Users\권민우\traffic-control\model\results\reward_fine_search_2026-10-09\runs\fine\seed_22\candidate_21\attempt_001\experiment_21\final.zip,-11.048754822869157,-1.21153846153846,-2.2727272727272707,-1.0,-11.048754822869178,-0.5250000000000004,-4.761904761904767,-2.0,5.785123966942152,7.0
18,Sensitivity-DQN,8019,random,29.69904458598726,134.5,31.085,65.0,250,41,25,-203.58995000000004,314,64,0,3,0,0,300.0,21,0.4,0.4,0.6,21,0.4,0.4,0.6,22,22,50000,8019,random,validation,False,52131aa9c898a5842eac0e7769a57b7442cca0dfa41dd4cce841370fc6b0060c,C:\Users\권민우\traffic-control\model\results\reward_fine_search_2026-10-09\runs\fine\seed_22\candidate_21\attempt_001\experiment_21\final.zip,-4.2310654685494224,-1.3121019108280265,5.905511811023612,7.5,-4.2310654685494224,-1.3733333333333348,-2.3809523809523836,-1.0,4.602510460251041,11.0
19,Sensitivity-DQN,8020,random,18.75952380952381,69.5,13.133333333333333,32.0,179,45,21,-112.05096666666671,210,31,0,1,0,0,300.0,21,0.4,0.4,0.6,21,0.4,0.4,0.6,22,22,50000,8020,random,validation,False,8b6b3d586b585e66f3e99748305f4810b898bce1de2bf34ea783f93ef8efbc3c,C:\Users\권민우\traffic-control\model\results\reward_fine_search_2026-10-09\runs\fine\seed_22\candidate_21\attempt_001\experiment_21\final.zip,-2.184978274363747,-0.41904761904761756,-2.1126760563380254,-1.5,-2.172563625077595,-0.29166666666666785,0.0,0.0,-1.6483516483516536,-3.0
0,Sensitivity-DQN,8001,random,31.51951951951952,97.0,34.986666666666665,70.0,238,43,20,-203.4232833333333,333,95,0,2,0,0,300.0,20,0.4,0.4,0.5,20,0.4,0.4,0.5,22,22,50000,8001,random,validation,False,8dd341828f90c6befd05da39f6398cba989e90169d9b64a606076b6fb9fb603c,C:\Users\권민우\traffic-control\model\results\reward_fine_search_2026-10-09\runs\fine\seed_22\candidate_20\attempt_001\experiment_20\final.zip,-1.5246047755312575,-0.48798798798798515,-1.0204081632653073,-1.0,-1.5246047755312797,-0.5416666666666714,10.256410256410264,4.0,-2.857142857142858,-7.0
1,Sensitivity-DQN,8002,random,15.53111111111111,70.5,11.648333333333333,29.0,202,43,17,-100.51453333333335,225,23,0,2,0,0,300.0,20,0.4,0.4,0.5,20,0.4,0.4,0.5,22,22,50000,8002,random,validation,False,2821177a095106802fb7dc55d27cc7e848d70ca889c81c04df6e242d9b95dc2c,C:\Users\권민우\traffic-control\model\results\reward_fine_search_2026-10-09\runs\fine\seed_22\candidate_20\attempt_001\experiment_20\final.zip,-8.592728223907919,-1.459999999999999,10.15625,6.5,-8.59272822390793,-1.0950000000000006,-2.2727272727272707,-1.0,-3.349282296650713,-7.0
2,Sensitivity-DQN,8003,random,16.612021857923498,56.0,10.135,22.0,166,47,22,-93.79456666666665,183,17,0,2,0,0,300.0,20,0.4,0.4,0.5,20,0.4,0.4,0.5,22,22,50000,8003,random,validation,False,9354c03af629ff819755229f14e05b8a1326de925c77653ba23425fd1637b4b4,C:\Users\권민우\traffic-control\model\results\reward_fine_search_2026-10-09\runs\fine\seed_22\candidate_20\attempt_001\experiment_20\final.zip,-6.819923371647507,-1.215846994535518,-25.33333333333333,-19.0,-6.8045977011494285,-0.7400000000000002,0.0,0.0,1.2195121951219523,2.0
3,Sensitivity-DQN,8004,random,14.07943925233645,79.5,10.043333333333333,25.0,195,41,16,-97.32171666666666,214,19,0,2,0,0,300.0,20,0.4,0.4,0.5,20,0.4,0.4,0.5,22,22,50000,8004,random,validation,False,b79c500713d892f6e4ec75115e41bf065a3f2b239f70ef745728c491621d13e9,C:\Users\권민우\traffic-control\model\results\reward_fine_search_2026-10-09\runs\fine\seed_22\candidate_20\attempt_001\experiment_20\final.zip,-14.645892351274782,-2.415887850467289,43.24324324324324,24.0,-14.645892351274792,-1.7233333333333345,-10.869565217391308,-5.0,7.14285714285714,13.0
4,Sensitivity-DQN,8005,random,28.117460317460317,106.0,29.523333333333333,66.0,230,45,17,-191.74734999999995,315,85,0,2,0,0,300.0,20,0.4,0.4,0.5,20,0.4,0.4,0.5,22,22,50000,8005,random,validation,False,dad8b07ae7aacd3f44de4c3b859fd5a3b640cf23c3bd71481a1f0ec1a70332aa,C:\Users\권민우\traffic-control\model\results\reward_fine_search_2026-10-09\runs\fine\seed_22\candidate_20\attempt_001\experiment_20\final.zip,-3.090978718748294,-0.896825396825399,21.839080459770123,19.0,-3.090978718748294,-0.9416666666666664,9.756097560975618,4.0,-6.122448979591832,-15.0
5,Sensitivity-DQN,8006,random,16.055555555555557,58.5,9.633333333333333,24.0,156,44,18,-92.13728333333331,180,24,0,1,0,0,300.0,20,0.4,0.4,0.5,20,0.4,0.4,0.5,22,22,50000,8006,random,validation,False,ef2f623673927b137a233a73ec5cbcb6c8ce5ecf794f5e6abec53433d205ec06,C:\Users\권민우\traffic-control\model\results\reward_fine_search_2026-10-09\runs\fine\seed_22\candidate_20\attempt_001\experiment_20\final.zip,17.004048582995978,2.3333333333333357,18.181818181818187,9.0,17.004048582995956,1.4000000000000004,4.761904761904767,2.0,-3.703703703703709,-6.0
6,Sensitivity-DQN,8007,random,24.398678414096917,74.0,18.461666666666666,47.0,190,41,21,-130.49429999999987,227,37,0,2,0,0,300.0,20,0.4,0.4,0.5,20,0.4,0.4,0.5,22,22,50000,8007,random,validation,False,fa89c69d4df65396b556c47c51886af5f1a02287f4ec90fae5d842865d09b2b9,C:\Users\권민우\traffic-control\model\results\reward_fine_search_2026-10-09\runs\fine\seed_22\candidate_20\attempt_001\experiment_20\final.zip,-5.566922421142362,-1.4383259911894264,-24.873096446700504,-24.5,-5.5669224211423725,-1.0883333333333347,-8.888888888888891,-4.0,4.972375690607733,9.0
7,Sensitivity-DQN,8008,random,15.456937799043063,67.5,10.768333333333333,25.0,189,43,16,-97.77836666666667,209,20,0,1,0,0,300.0,20,0.4,0.4,0.5,20,0.4,0.4,0.5,22,22,50000,8008,random,validation,False,85fdc4042e94b886aca1df437c5f5a2d379d3c3162408629c0b305b7392e680b,C:\Users\권민우\traffic-control\model\results\reward_fine_search_2026-10-09\runs\fine\seed_22\candidate_20\attempt_001\experiment_20\final.zip,31.028189008314744,3.660287081339714,32.35294117647059,16.5,31.028189008314722,2.549999999999999,0.0,0.0,-2.072538860103623,-4.0
8,Sensitivity-DQN,8009,random,12.540322580645162,70.0,7.776666666666666,22.0,175,42,21,-79.71628333333337,186,11,0,2,0,0,300.0,20,0.4,0.4,0.5,20,0.4,0.4,0.5,22,22,50000,8009,random,validation,False,776e63c43ae4b74af8684e652ee35e575d3c68422d440ebcdb28cfcfa668a94e,C:\Users\권민우\traffic-control\model\results\reward_fine_search_2026-10-09\runs\fine\seed_22\candidate_20\attempt_001\experiment_20\final.zip,-14.778955060284982,-2.174731182795698,6.060606060606055,4.0,-14.760686883449036,-1.3466666666666667,-4.545454545454541,-2.0,-0.5681818181818232,-1.0
9,Sensitivity-DQN,8010,random,30.945993031358885,99.5,29.605,66.0,209,46,22,-187.7259666666667,287,78,0,1,0,0,300.0,20,0.4,0.4,0.5,20,0.4,0.4,0.5,22,22,50000,8010,random,validation,False,a840059b85bbd9b6a912132b0c970d4d51ecdf0326cf009aaea2e9fad68f7bba,C:\Users\권민우\traffic-control\model\results\reward_fine_search_2026-10-09\runs\fine\seed_22\candidate_20\attempt_001\experiment_20\final.zip,3.357383917141843,1.0052264808362352,-7.441860465116279,-8.0,3.351370221679173,0.9600000000000009,-2.127659574468088,-1.0,5.555555555555558,11.0
10,Sensitivity-DQN,8011,random,32.083333333333336,100.0,32.725,70.0,227,45,22,-210.01786666666655,306,79,0,1,0,0,300.0,20,0.4,0.4,0.5,20,0.4,0.4,0.5,22,22,50000,8011,random,validation,False,3cb7167c2c2b34c1ebf11e7fdb965ba96a41e8a0e843c8e986e324a3722c4171,C:\Users\권민우\traffic-control\model\results\reward_fine_search_2026-10-09\runs\fine\seed_22\candidate_20\attempt_001\experiment_20\final.zip,-9.670147674472096,-3.4346405228758172,-5.213270142180093,-5.5,-9.670147674472085,-3.5033333333333303,4.651162790697683,2.0,0.0,0.0
11,Sensitivity-DQN,8012,random,30.199367088607595,89.0,31.81,87.0,210,41,20,-170.77628333333342,316,106,0,2,0,0,300.0,20,0.4,0.4,0.5,20,0.4,0.4,0.5,22,22,50000,8012,random,validation,False,a43af6ff2bb883b6d9a617961af61470161a2cebdc9b5d49bdb4318dbb7f654b,C:\Users\권민우\traffic-control\model\results\reward_fine_search_2026-10-09\runs\fine\seed_22\candidate_20\attempt_001\experiment_20\final.zip,4.701300126172581,1.3560126582278471,-6.315789473684208,-6.0,4.701300126172581,1.428333333333331,-2.3809523809523836,-1.0,-3.669724770642202,-8.0
12,Sensitivity-DQN,8013,random,19.549429657794676,73.0,17.138333333333332,41.0,216,42,16,-125.0706,263,47,0,1,0,0,300.0,20,0.4,0.4,0.5,20,0.4,0.4,0.5,22,22,50000,8013,random,validation,False,dc72dfa2fd6460529e83df749d8d9abea9bcee3755fb816ec851d7258e8920db,C:\Users\권민우\traffic-control\model\results\reward_fine_search_2026-10-09\runs\fine\seed_22\candidate_20\attempt_001\experiment_20\final.zip,10.391841116478794,1.840304182509506,3.546099290780136,2.5,10.391841116478794,1.6133333333333315,0.0,0.0,-3.57142857142857,-8.0
13,Sensitivity-DQN,8014,random,20.911637931034484,103.0,16.171666666666667,36.0,191,41,24,-124.98060000000002,232,41,0,2,0,0,300.0,20,0.4,0.4,0.5,20,0.4,0.4,0.5,22,22,50000,8014,random,validation,False,55cd1036a4d9d8cba7cc7d7ac04aa9661b6e4c0235b398b071eadc518fa79e7e,C:\Users\권민우\traffic-control\model\results\reward_fine_search_2026-10-09\runs\fine\seed_22\candidate_20\attempt_001\experiment_20\final.zip,3.8642688931706415,0.7780172413793132,-1.4354066985645897,-1.5,3.8642688931706193,0.6016666666666666,-6.818181818181824,-3.0,2.1390374331550888,4.0
14,Sensitivity-DQN,8015,random,26.138489208633093,97.5,24.221666666666668,51.0,226,46,23,-168.12065000000013,278,52,0,3,0,0,300.0,20,0.4,0.4,0.5,20,0.4,0.4,0.5,22,22,50000,8015,random,validation,False,4b5952cea76dd251669c9507a7f12fefeb3138a19302395b7893ec16755927b3,C:\Users\권민우\traffic-control\model\results\reward_fine_search_2026-10-09\runs\fine\seed_22\candidate_20\attempt_001\experiment_20\final.zip,12.615265401007347,2.928057553956833,12.71676300578035,11.0,12.61526540100737,2.7133333333333347,2.2222222222222143,1.0,0.4444444444444473,1.0
15,Sensitivity-DQN,8016,random,27.90967741935484,80.0,28.84,71.0,222,44,18,-180.77098333333342,310,88,0,2,0,0,300.0,20,0.4,0.4,0.5,20,0.4,0.4,0.5,22,22,50000,8016,random,validation,False,5d676c5c894eac0f3d9f703037c1ebf9802829a4819393f69c0acc1492442857,C:\Users\권민우\traffic-control\model\results\reward_fine_search_2026-10-09\runs\fine\seed_22\candidate_20\attempt_001\experiment_20\final.zip,3.2643074536014893,0.8822580645161295,-5.3254437869822535,-4.5,3.264307453601467,0.9116666666666653,2.3255813953488413,1.0,-3.4782608695652195,-8.0
16,Sensitivity-DQN,8017,random,22.41235059760956,113.5,18.751666666666665,46.0,206,46,20,-150.05178333333347,251,45,0,3,0,0,300.0,20,0.4,0.4,0.5,20,0.4,0.4,0.5,22,22,50000,8017,random,validation,False,658c6c23978d040d2ba3fee1c2044362083690f1063d980fbf123a6eeec43fd8,C:\Users\권민우\traffic-control\model\results\reward_fine_search_2026-10-09\runs\fine\seed_22\candidate_20\attempt_001\experiment_20\final.zip,3.229654096706125,0.7011952191235054,21.3903743315508,20.0,3.229654096706125,0.586666666666666,9.523809523809534,4.0,-0.48309178743961567,-1.0
17,Sensitivity-DQN,8018,random,8.496153846153845,41.0,3.6816666666666666,10.0,125,43,21,-51.50365000000001,130,5,0,1,0,0,300.0,20,0.4,0.4,0.5,20,0.4,0.4,0.5,22,22,50000,8018,random,validation,False,f44facdd126218ef97befa1789def0801faaa77ceb04886a6bc156a900691cfc,C:\Users\권민우\traffic-control\model\results\reward_fine_search_2026-10-09\runs\fine\seed_22\candidate_20\attempt_001\experiment_20\final.zip,-22.51841459137145,-2.4692307692307693,-6.818181818181824,-3.0,-22.51841459137145,-1.0700000000000003,2.3809523809523725,1.0,3.305785123966931,4.0
18,Sensitivity-DQN,8019,random,26.971337579617835,105.0,28.23,54.0,251,44,22,-191.26640000000003,314,63,0,3,0,0,300.0,20,0.4,0.4,0.5,20,0.4,0.4,0.5,22,22,50000,8019,random,validation,False,52131aa9c898a5842eac0e7769a57b7442cca0dfa41dd4cce841370fc6b0060c,C:\Users\권민우\traffic-control\model\results\reward_fine_search_2026-10-09\runs\fine\seed_22\candidate_20\attempt_001\experiment_20\final.zip,-13.026957637997427,-4.039808917197451,-17.322834645669293,-22.0,-13.026957637997437,-4.228333333333335,4.761904761904767,2.0,5.020920502092041,12.0
19,Sensitivity-DQN,8020,random,19.695238095238096,59.0,13.786666666666667,38.0,177,45,20,-107.72013333333337,210,33,0,1,0,0,300.0,20,0.4,0.4,0.5,20,0.4,0.4,0.5,22,22,50000,8020,random,validation,False,8b6b3d586b585e66f3e99748305f4810b898bce1de2bf34ea783f93ef8efbc3c,C:\Users\권민우\traffic-control\model\results\reward_fine_search_2026-10-09\runs\fine\seed_22\candidate_20\attempt_001\experiment_20\final.zip,2.6939788950962162,0.5166666666666693,-16.901408450704224,-12.0,2.6939788950962162,0.36166666666666636,0.0,0.0,-2.7472527472527486,-5.0
0,Sensitivity-DQN,8001,random,37.854354354354356,93.5,42.02,82.0,216,45,20,-232.09018333333327,333,117,0,2,0,0,300.0,22,0.4,0.5,0.4,22,0.4,0.5,0.4,22,22,50000,8001,random,validation,False,8dd341828f90c6befd05da39f6398cba989e90169d9b64a606076b6fb9fb603c,C:\Users\권민우\traffic-control\model\results\reward_fine_search_2026-10-09\runs\fine\seed_22\candidate_22\attempt_001\experiment_22\final.zip,18.267110756673087,5.8468468468468515,-4.591836734693877,-4.5,18.271801848290092,6.491666666666667,15.384615384615374,6.0,-11.836734693877549,-29.0
1,Sensitivity-DQN,8002,random,20.182222222222222,91.0,15.136666666666667,38.0,195,46,16,-133.52321666666666,225,30,0,2,0,0,300.0,22,0.4,0.5,0.4,22,0.4,0.5,0.4,22,22,50000,8002,random,validation,False,2821177a095106802fb7dc55d27cc7e848d70ca889c81c04df6e242d9b95dc2c,C:\Users\권민우\traffic-control\model\results\reward_fine_search_2026-10-09\runs\fine\seed_22\candidate_22\attempt_001\experiment_22\final.zip,18.781061993199067,3.1911111111111126,42.1875,27.0,18.781061993199046,2.3933333333333326,4.545454545454541,2.0,-6.6985645933014375,-14.0
2,Sensitivity-DQN,8003,random,14.96174863387978,53.0,9.126666666666667,22.0,168,47,16,-87.88704166666668,183,15,0,2,0,0,300.0,22,0.4,0.5,0.4,22,0.4,0.5,0.4,22,22,50000,8003,random,validation,False,9354c03af629ff819755229f14e05b8a1326de925c77653ba23425fd1637b4b4,C:\Users\권민우\traffic-control\model\results\reward_fine_search_2026-10-09\runs\fine\seed_22\candidate_22\attempt_001\experiment_22\final.zip,-16.076628352490417,-2.866120218579235,-29.333333333333332,-22.0,-16.076628352490417,-1.748333333333333,0.0,0.0,2.4390243902439046,4.0
3,Sensitivity-DQN,8004,random,16.49532710280374,60.5,11.766666666666667,29.0,186,46,19,-99.59897500000004,214,28,0,2,0,0,300.0,22,0.4,0.5,0.4,22,0.4,0.5,0.4,22,22,50000,8004,random,validation,False,b79c500713d892f6e4ec75115e41bf065a3f2b239f70ef745728c491621d13e9,C:\Users\권민우\traffic-control\model\results\reward_fine_search_2026-10-09\runs\fine\seed_22\candidate_22\attempt_001\experiment_22\final.zip,0.0,0.0,9.009009009009006,5.0,0.0,0.0,0.0,0.0,2.19780219780219,4.0
4,Sensitivity-DQN,8005,random,31.788888888888888,109.5,33.37833333333333,94.0,211,45,20,-217.77294166666658,315,104,0,2,0,0,300.0,22,0.4,0.5,0.4,22,0.4,0.5,0.4,22,22,50000,8005,random,validation,False,dad8b07ae7aacd3f44de4c3b859fd5a3b640cf23c3bd71481a1f0ec1a70332aa,C:\Users\권민우\traffic-control\model\results\reward_fine_search_2026-10-09\runs\fine\seed_22\candidate_22\attempt_001\experiment_22\final.zip,9.56288637233984,2.774603174603172,25.86206896551724,22.5,9.56288637233984,2.9133333333333304,9.756097560975618,4.0,-13.877551020408163,-34.0
5,Sensitivity-DQN,8006,random,15.277777777777779,55.5,9.166666666666666,21.0,161,45,18,-89.18040833333332,180,19,0,1,0,0,300.0,22,0.4,0.5,0.4,22,0.4,0.5,0.4,22,22,50000,8006,random,validation,False,ef2f623673927b137a233a73ec5cbcb6c8ce5ecf794f5e6abec53433d205ec06,C:\Users\권민우\traffic-control\model\results\reward_fine_search_2026-10-09\runs\fine\seed_22\candidate_22\attempt_001\experiment_22\final.zip,11.336032388663986,1.5555555555555571,12.12121212121211,6.0,11.336032388663963,0.9333333333333336,7.14285714285714,3.0,-0.6172839506172867,-1.0
6,Sensitivity-DQN,8007,random,20.59251101321586,61.0,15.581666666666667,32.0,201,43,18,-122.76505833333344,227,26,0,2,0,0,300.0,22,0.4,0.5,0.4,22,0.4,0.5,0.4,22,22,50000,8007,random,validation,False,fa89c69d4df65396b556c47c51886af5f1a02287f4ec90fae5d842865d09b2b9,C:\Users\권민우\traffic-control\model\results\reward_fine_search_2026-10-09\runs\fine\seed_22\candidate_22\attempt_001\experiment_22\final.zip,-20.29838022165388,-5.244493392070485,-38.07106598984772,-37.5,-20.29838022165388,-3.9683333333333337,-4.444444444444439,-2.0,11.049723756906072,20.0
7,Sensitivity-DQN,8008,random,16.720095693779903,65.5,11.648333333333333,30.0,183,47,19,-104.26666666666675,209,26,0,1,0,0,300.0,22,0.4,0.5,0.4,22,0.4,0.5,0.4,22,22,50000,8008,random,validation,False,85fdc4042e94b886aca1df437c5f5a2d379d3c3162408629c0b305b7392e680b,C:\Users\권민우\traffic-control\model\results\reward_fine_search_2026-10-09\runs\fine\seed_22\candidate_22\attempt_001\experiment_22\final.zip,41.735956195497856,4.923444976076555,28.431372549019617,14.5,41.735956195497856,3.4299999999999997,9.302325581395344,4.0,-5.181347150259064,-10.0
8,Sensitivity-DQN,8009,random,13.075268817204302,43.5,8.106666666666667,24.0,178,45,14,-78.68484999999994,186,8,0,2,0,0,300.0,22,0.4,0.5,0.4,22,0.4,0.5,0.4,22,22,50000,8009,random,validation,False,776e63c43ae4b74af8684e652ee35e575d3c68422d440ebcdb28cfcfa668a94e,C:\Users\권민우\traffic-control\model\results\reward_fine_search_2026-10-09\runs\fine\seed_22\candidate_22\attempt_001\experiment_22\final.zip,-11.14358786993057,-1.6397849462365581,-34.09090909090909,-22.5,-11.14358786993057,-1.0166666666666657,2.2727272727272707,1.0,1.1363636363636465,2.0
9,Sensitivity-DQN,8010,random,33.038327526132406,96.0,31.606666666666666,74.0,198,42,20,-203.85537500000004,287,89,0,1,0,0,300.0,22,0.4,0.5,0.4,22,0.4,0.5,0.4,22,22,50000,8010,random,validation,False,a840059b85bbd9b6a912132b0c970d4d51ecdf0326cf009aaea2e9fad68f7bba,C:\Users\권민우\traffic-control\model\results\reward_fine_search_2026-10-09\runs\fine\seed_22\candidate_22\attempt_001\experiment_22\final.zip,10.34563016408705,3.097560975609756,-10.697674418604652,-11.5,10.339209867923426,2.961666666666666,-10.63829787234043,-5.0,0.0,0.0
10,Sensitivity-DQN,8011,random,37.00816993464052,104.5,37.748333333333335,87.0,208,46,19,-244.237175,306,98,0,1,0,0,300.0,22,0.4,0.5,0.4,22,0.4,0.5,0.4,22,22,50000,8011,random,validation,False,3cb7167c2c2b34c1ebf11e7fdb965ba96a41e8a0e843c8e986e324a3722c4171,C:\Users\권민우\traffic-control\model\results\reward_fine_search_2026-10-09\runs\fine\seed_22\candidate_22\attempt_001\experiment_22\final.zip,4.195611169894642,1.4901960784313673,-0.9478672985781977,-1.0,4.195611169894664,1.5200000000000031,6.976744186046502,3.0,-8.370044052863435,-19.0
11,Sensitivity-DQN,8012,random,29.507911392405063,75.0,31.081666666666667,80.0,219,41,22,-181.89151666666663,316,97,0,2,0,0,300.0,22,0.4,0.5,0.4,22,0.4,0.5,0.4,22,22,50000,8012,random,validation,False,a43af6ff2bb883b6d9a617961af61470161a2cebdc9b5d49bdb4318dbb7f654b,C:\Users\권민우\traffic-control\model\results\reward_fine_search_2026-10-09\runs\fine\seed_22\candidate_22\attempt_001\experiment_22\final.zip,2.3040210653354487,0.6645569620253156,-21.052631578947366,-20.0,2.3040210653354487,0.6999999999999993,-2.3809523809523836,-1.0,0.4587155963302836,1.0
12,Sensitivity-DQN,8013,random,18.828897338403042,66.0,16.506666666666668,43.0,218,45,20,-126.30297500000002,263,45,0,1,0,0,300.0,22,0.4,0.5,0.4,22,0.4,0.5,0.4,22,22,50000,8013,random,validation,False,dc72dfa2fd6460529e83df749d8d9abea9bcee3755fb816ec851d7258e8920db,C:\Users\권민우\traffic-control\model\results\reward_fine_search_2026-10-09\runs\fine\seed_22\candidate_22\attempt_001\experiment_22\final.zip,6.323134728931845,1.1197718631178724,-6.382978723404253,-4.5,6.323134728931845,0.9816666666666674,7.14285714285714,3.0,-2.67857142857143,-6.0
13,Sensitivity-DQN,8014,random,22.648706896551722,94.5,17.515,41.0,181,45,20,-134.00661666666664,232,51,0,2,0,0,300.0,22,0.4,0.5,0.4,22,0.4,0.5,0.4,22,22,50000,8014,random,validation,False,55cd1036a4d9d8cba7cc7d7ac04aa9661b6e4c0235b398b071eadc518fa79e7e,C:\Users\권민우\traffic-control\model\results\reward_fine_search_2026-10-09\runs\fine\seed_22\candidate_22\attempt_001\experiment_22\final.zip,12.491971740526653,2.5150862068965516,-9.569377990430628,-10.0,12.491971740526653,1.9450000000000003,2.2727272727272707,1.0,-3.208556149732622,-6.0
14,Sensitivity-DQN,8015,random,29.56474820143885,95.0,27.39666666666667,61.0,208,45,19,-190.25884166666663,278,70,0,3,0,0,300.0,22,0.4,0.5,0.4,22,0.4,0.5,0.4,22,22,50000,8015,random,validation,False,4b5952cea76dd251669c9507a7f12fefeb3138a19302395b7893ec16755927b3,C:\Users\권민우\traffic-control\model\results\reward_fine_search_2026-10-09\runs\fine\seed_22\candidate_22\attempt_001\experiment_22\final.zip,27.376985664471132,6.35431654676259,9.826589595375722,8.5,27.376985664471153,5.888333333333335,0.0,0.0,-7.55555555555556,-17.0
15,Sensitivity-DQN,8016,random,30.864516129032257,74.0,31.893333333333334,66.0,202,45,21,-194.70287500000003,310,108,0,2,0,0,300.0,22,0.4,0.5,0.4,22,0.4,0.5,0.4,22,22,50000,8016,random,validation,False,5d676c5c894eac0f3d9f703037c1ebf9802829a4819393f69c0acc1492442857,C:\Users\권민우\traffic-control\model\results\reward_fine_search_2026-10-09\runs\fine\seed_22\candidate_22\attempt_001\experiment_22\final.zip,14.197051978277742,3.8370967741935473,-12.426035502958577,-10.5,14.197051978277742,3.965,4.651162790697683,2.0,-12.173913043478258,-28.0
16,Sensitivity-DQN,8017,random,23.838645418326692,101.0,19.945,44.0,198,47,19,-149.96735833333335,251,53,0,3,0,0,300.0,22,0.4,0.5,0.4,22,0.4,0.5,0.4,22,22,50000,8017,random,validation,False,658c6c23978d040d2ba3fee1c2044362083690f1063d980fbf123a6eeec43fd8,C:\Users\권민우\traffic-control\model\results\reward_fine_search_2026-10-09\runs\fine\seed_22\candidate_22\attempt_001\experiment_22\final.zip,9.799064134324254,2.1274900398406373,8.02139037433156,7.5,9.799064134324254,1.7800000000000011,11.904761904761907,5.0,-4.347826086956519,-9.0
17,Sensitivity-DQN,8018,random,10.142307692307693,40.0,4.395,13.0,124,44,19,-58.03525833333332,130,6,0,1,0,0,300.0,22,0.4,0.5,0.4,22,0.4,0.5,0.4,22,22,50000,8018,random,validation,False,f44facdd126218ef97befa1789def0801faaa77ceb04886a6bc156a900691cfc,C:\Users\권민우\traffic-control\model\results\reward_fine_search_2026-10-09\runs\fine\seed_22\candidate_22\attempt_001\experiment_22\final.zip,-7.506138197123802,-0.8230769230769219,-9.090909090909093,-4.0,-7.5061381971238355,-0.35666666666666735,4.761904761904767,2.0,2.4793388429751984,3.0
18,Sensitivity-DQN,8019,random,34.103503184713375,111.5,35.695,74.0,227,44,24,-220.2105416666667,314,87,0,3,0,0,300.0,22,0.4,0.5,0.4,22,0.4,0.5,0.4,22,22,50000,8019,random,validation,False,52131aa9c898a5842eac0e7769a57b7442cca0dfa41dd4cce841370fc6b0060c,C:\Users\권민우\traffic-control\model\results\reward_fine_search_2026-10-09\runs\fine\seed_22\candidate_22\attempt_001\experiment_22\final.zip,9.971758664955077,3.0923566878980893,-12.204724409448819,-15.5,9.971758664955054,3.2366666666666646,4.761904761904767,2.0,-5.020920502092052,-12.0
19,Sensitivity-DQN,8020,random,19.75952380952381,62.5,13.831666666666667,32.0,181,45,21,-114.22997500000001,210,29,0,1,0,0,300.0,22,0.4,0.5,0.4,22,0.4,0.5,0.4,22,22,50000,8020,random,validation,False,8b6b3d586b585e66f3e99748305f4810b898bce1de2bf34ea783f93ef8efbc3c,C:\Users\권민우\traffic-control\model\results\reward_fine_search_2026-10-09\runs\fine\seed_22\candidate_22\attempt_001\experiment_22\final.zip,3.0291744258224895,0.5809523809523824,-11.971830985915489,-8.5,3.0291744258224673,0.4066666666666663,0.0,0.0,-0.5494505494505475,-1.0
0,Sensitivity-DQN,8001,random,35.891891891891895,111.0,39.84,91.0,227,41,23,-233.5528583333333,333,106,0,2,0,0,300.0,23,0.4,0.5,0.5,23,0.4,0.5,0.5,22,22,50000,8001,random,validation,False,8dd341828f90c6befd05da39f6398cba989e90169d9b64a606076b6fb9fb603c,C:\Users\권민우\traffic-control\model\results\reward_fine_search_2026-10-09\runs\fine\seed_22\candidate_23\attempt_001\experiment_23\final.zip,12.135854013228897,3.88438438438439,13.265306122448983,13.0,12.135854013228876,4.311666666666667,5.128205128205132,2.0,-7.346938775510203,-18.0
1,Sensitivity-DQN,8002,random,18.466666666666665,67.5,13.85,32.0,201,42,17,-120.21180833333341,225,24,0,2,0,0,300.0,23,0.4,0.5,0.5,23,0.4,0.5,0.5,22,22,50000,8002,random,validation,False,2821177a095106802fb7dc55d27cc7e848d70ca889c81c04df6e242d9b95dc2c,C:\Users\권민우\traffic-control\model\results\reward_fine_search_2026-10-09\runs\fine\seed_22\candidate_23\attempt_001\experiment_23\final.zip,8.684279361757774,1.4755555555555553,5.46875,3.5,8.684279361757774,1.1066666666666656,-4.545454545454541,-2.0,-3.8277511961722466,-8.0
2,Sensitivity-DQN,8003,random,15.530054644808743,57.5,9.473333333333333,22.0,169,47,20,-95.55877500000001,183,14,0,2,0,0,300.0,23,0.4,0.5,0.5,23,0.4,0.5,0.5,22,22,50000,8003,random,validation,False,9354c03af629ff819755229f14e05b8a1326de925c77653ba23425fd1637b4b4,C:\Users\권민우\traffic-control\model\results\reward_fine_search_2026-10-09\runs\fine\seed_22\candidate_23\attempt_001\experiment_23\final.zip,-12.888888888888882,-2.2978142076502728,-23.33333333333333,-17.5,-12.888888888888895,-1.4016666666666673,0.0,0.0,3.0487804878048808,5.0
3,Sensitivity-DQN,8004,random,15.063084112149532,76.0,10.745,24.0,194,44,18,-107.86190833333332,214,20,0,2,0,0,300.0,23,0.4,0.5,0.5,23,0.4,0.5,0.5,22,22,50000,8004,random,validation,False,b79c500713d892f6e4ec75115e41bf065a3f2b239f70ef745728c491621d13e9,C:\Users\권민우\traffic-control\model\results\reward_fine_search_2026-10-09\runs\fine\seed_22\candidate_23\attempt_001\experiment_23\final.zip,-8.682719546742213,-1.4322429906542062,36.93693693693694,20.5,-8.682719546742224,-1.0216666666666683,-4.347826086956519,-2.0,6.593406593406592,12.0
4,Sensitivity-DQN,8005,random,31.952380952380953,101.0,33.55,85.0,215,46,25,-205.938925,315,100,0,2,0,0,300.0,23,0.4,0.5,0.5,23,0.4,0.5,0.5,22,22,50000,8005,random,validation,False,dad8b07ae7aacd3f44de4c3b859fd5a3b640cf23c3bd71481a1f0ec1a70332aa,C:\Users\권민우\traffic-control\model\results\reward_fine_search_2026-10-09\runs\fine\seed_22\candidate_23\attempt_001\experiment_23\final.zip,10.126374528147043,2.9380952380952365,16.09195402298851,14.0,10.126374528147043,3.0849999999999973,12.195121951219523,5.0,-12.244897959183676,-30.0
5,Sensitivity-DQN,8006,random,14.21111111111111,47.5,8.526666666666667,20.0,159,43,19,-86.5431083333334,180,21,0,1,0,0,300.0,23,0.4,0.5,0.5,23,0.4,0.5,0.5,22,22,50000,8006,random,validation,False,ef2f623673927b137a233a73ec5cbcb6c8ce5ecf794f5e6abec53433d205ec06,C:\Users\권민우\traffic-control\model\results\reward_fine_search_2026-10-09\runs\fine\seed_22\candidate_23\attempt_001\experiment_23\final.zip,3.5627530364372495,0.48888888888888893,-4.040404040404044,-2.0,3.5627530364372717,0.2933333333333348,2.3809523809523725,1.0,-1.851851851851849,-3.0
6,Sensitivity-DQN,8007,random,22.640969162995596,64.5,17.131666666666668,35.0,191,44,19,-136.4838583333334,227,36,0,2,0,0,300.0,23,0.4,0.5,0.5,23,0.4,0.5,0.5,22,22,50000,8007,random,validation,False,fa89c69d4df65396b556c47c51886af5f1a02287f4ec90fae5d842865d09b2b9,C:\Users\권민우\traffic-control\model\results\reward_fine_search_2026-10-09\runs\fine\seed_22\candidate_23\attempt_001\experiment_23\final.zip,-12.369991474850806,-3.1960352422907476,-34.517766497461935,-34.0,-12.369991474850806,-2.418333333333333,-2.2222222222222254,-1.0,5.524861878453047,10.0
7,Sensitivity-DQN,8008,random,15.866028708133971,59.5,11.053333333333333,29.0,192,46,18,-104.15666666666661,209,17,0,1,0,0,300.0,23,0.4,0.5,0.5,23,0.4,0.5,0.5,22,22,50000,8008,random,validation,False,85fdc4042e94b886aca1df437c5f5a2d379d3c3162408629c0b305b7392e680b,C:\Users\권민우\traffic-control\model\results\reward_fine_search_2026-10-09\runs\fine\seed_22\candidate_23\attempt_001\experiment_23\final.zip,34.49604542689111,4.069377990430622,16.666666666666675,8.5,34.49604542689109,2.834999999999999,6.976744186046502,3.0,-0.5181347150259086,-1.0
8,Sensitivity-DQN,8009,random,14.994623655913978,57.5,9.296666666666667,26.0,174,42,20,-91.20311666666666,186,12,0,2,0,0,300.0,23,0.4,0.5,0.5,23,0.4,0.5,0.5,22,22,50000,8009,random,validation,False,776e63c43ae4b74af8684e652ee35e575d3c68422d440ebcdb28cfcfa668a94e,C:\Users\권민우\traffic-control\model\results\reward_fine_search_2026-10-09\runs\fine\seed_22\candidate_23\attempt_001\experiment_23\final.zip,1.8998903909389853,0.27956989247311803,-12.878787878787879,-8.5,1.8998903909389853,0.17333333333333378,-4.545454545454541,-2.0,-1.1363636363636354,-2.0
9,Sensitivity-DQN,8010,random,30.48780487804878,119.5,29.166666666666668,64.0,210,41,22,-196.66295833333325,287,77,0,1,0,0,300.0,23,0.4,0.5,0.5,23,0.4,0.5,0.5,22,22,50000,8010,random,validation,False,a840059b85bbd9b6a912132b0c970d4d51ecdf0326cf009aaea2e9fad68f7bba,C:\Users\권민우\traffic-control\model\results\reward_fine_search_2026-10-09\runs\fine\seed_22\candidate_23\attempt_001\experiment_23\final.zip,1.8270685441638568,0.5470383275261312,11.16279069767443,12.0,1.8211438878221964,0.5216666666666683,-12.765957446808507,-6.0,6.060606060606055,12.0
10,Sensitivity-DQN,8011,random,32.338235294117645,105.0,32.985,66.0,238,43,19,-220.0167916666667,306,68,0,1,0,0,300.0,23,0.4,0.5,0.5,23,0.4,0.5,0.5,22,22,50000,8011,random,validation,False,3cb7167c2c2b34c1ebf11e7fdb965ba96a41e8a0e843c8e986e324a3722c4171,C:\Users\권민우\traffic-control\model\results\reward_fine_search_2026-10-09\runs\fine\seed_22\candidate_23\attempt_001\experiment_23\final.zip,-8.952477342779607,-3.179738562091508,-0.4739336492891044,-0.5,-8.952477342779586,-3.2433333333333323,0.0,0.0,4.8458149779735615,11.0
11,Sensitivity-DQN,8012,random,31.960443037974684,86.0,33.665,77.0,216,41,23,-201.1699166666668,316,100,0,2,0,0,300.0,23,0.4,0.5,0.5,23,0.4,0.5,0.5,22,22,50000,8012,random,validation,False,a43af6ff2bb883b6d9a617961af61470161a2cebdc9b5d49bdb4318dbb7f654b,C:\Users\권민우\traffic-control\model\results\reward_fine_search_2026-10-09\runs\fine\seed_22\candidate_23\attempt_001\experiment_23\final.zip,10.806955949311536,3.117088607594937,-9.473684210526311,-9.0,10.806955949311536,3.2833333333333314,-2.3809523809523836,-1.0,-0.917431192660545,-2.0
12,Sensitivity-DQN,8013,random,19.192015209125476,69.5,16.825,42.0,209,43,21,-134.22380833333335,263,54,0,1,0,0,300.0,23,0.4,0.5,0.5,23,0.4,0.5,0.5,22,22,50000,8013,random,validation,False,dc72dfa2fd6460529e83df749d8d9abea9bcee3755fb816ec851d7258e8920db,C:\Users\권민우\traffic-control\model\results\reward_fine_search_2026-10-09\runs\fine\seed_22\candidate_23\attempt_001\experiment_23\final.zip,8.37359098228665,1.482889733840306,-1.4184397163120588,-1.0,8.373590982286627,1.299999999999999,2.3809523809523725,1.0,-6.696428571428569,-15.0
13,Sensitivity-DQN,8014,random,19.64008620689655,99.0,15.188333333333333,43.0,187,41,23,-129.77899166666668,232,45,0,2,0,0,300.0,23,0.4,0.5,0.5,23,0.4,0.5,0.5,22,22,50000,8014,random,validation,False,55cd1036a4d9d8cba7cc7d7ac04aa9661b6e4c0235b398b071eadc518fa79e7e,C:\Users\권민우\traffic-control\model\results\reward_fine_search_2026-10-09\runs\fine\seed_22\candidate_23\attempt_001\experiment_23\final.zip,-2.451295225861694,-0.4935344827586192,-5.263157894736848,-5.5,-2.451295225861705,-0.3816666666666677,-6.818181818181824,-3.0,0.0,0.0
14,Sensitivity-DQN,8015,random,31.473021582733814,101.0,29.165,62.0,211,44,22,-202.02595000000005,278,67,0,3,0,0,300.0,23,0.4,0.5,0.5,23,0.4,0.5,0.5,22,22,50000,8015,random,validation,False,4b5952cea76dd251669c9507a7f12fefeb3138a19302395b7893ec16755927b3,C:\Users\권민우\traffic-control\model\results\reward_fine_search_2026-10-09\runs\fine\seed_22\candidate_23\attempt_001\experiment_23\final.zip,35.59860519178613,8.262589928057555,16.763005780346816,14.5,35.59860519178613,7.656666666666666,-2.2222222222222254,-1.0,-6.222222222222218,-14.0
15,Sensitivity-DQN,8016,random,32.30967741935484,95.0,33.38666666666666,92.0,190,49,24,-209.4475583333333,310,120,0,2,0,0,300.0,23,0.4,0.5,0.5,23,0.4,0.5,0.5,22,22,50000,8016,random,validation,False,5d676c5c894eac0f3d9f703037c1ebf9802829a4819393f69c0acc1492442857,C:\Users\권민우\traffic-control\model\results\reward_fine_search_2026-10-09\runs\fine\seed_22\candidate_23\attempt_001\experiment_23\final.zip,19.54407113445129,5.282258064516132,12.426035502958577,10.5,19.544071134451247,5.458333333333329,13.953488372093027,6.0,-17.391304347826086,-40.0
16,Sensitivity-DQN,8017,random,27.820717131474105,103.5,23.276666666666667,52.0,202,42,18,-175.57104166666664,251,49,0,3,0,0,300.0,23,0.4,0.5,0.5,23,0.4,0.5,0.5,22,22,50000,8017,random,validation,False,658c6c23978d040d2ba3fee1c2044362083690f1063d980fbf123a6eeec43fd8,C:\Users\권민우\traffic-control\model\results\reward_fine_search_2026-10-09\runs\fine\seed_22\candidate_23\attempt_001\experiment_23\final.zip,28.14019634828884,6.10956175298805,10.6951871657754,10.0,28.14019634828884,5.111666666666668,0.0,0.0,-2.4154589371980673,-5.0
17,Sensitivity-DQN,8018,random,9.407692307692308,43.5,4.076666666666667,11.0,122,44,21,-61.023500000000034,130,8,0,1,0,0,300.0,23,0.4,0.5,0.5,23,0.4,0.5,0.5,22,22,50000,8018,random,validation,False,f44facdd126218ef97befa1789def0801faaa77ceb04886a6bc156a900691cfc,C:\Users\권민우\traffic-control\model\results\reward_fine_search_2026-10-09\runs\fine\seed_22\candidate_23\attempt_001\experiment_23\final.zip,-14.205541915117493,-1.5576923076923066,-1.1363636363636354,-0.5,-14.205541915117504,-0.6749999999999998,4.761904761904767,2.0,0.8264462809917328,1.0
18,Sensitivity-DQN,8019,random,31.18471337579618,138.0,32.64,68.0,238,44,21,-226.45128333333335,314,76,0,3,0,0,300.0,23,0.4,0.5,0.5,23,0.4,0.5,0.5,22,22,50000,8019,random,validation,False,52131aa9c898a5842eac0e7769a57b7442cca0dfa41dd4cce841370fc6b0060c,C:\Users\권민우\traffic-control\model\results\reward_fine_search_2026-10-09\runs\fine\seed_22\candidate_23\attempt_001\experiment_23\final.zip,0.5596919127085931,0.17356687898089262,8.661417322834652,11.0,0.5596919127085931,0.18166666666666487,4.761904761904767,2.0,-0.4184100418409997,-1.0
19,Sensitivity-DQN,8020,random,20.185714285714287,64.5,14.13,34.0,181,44,21,-122.70906666666659,210,29,0,1,0,0,300.0,23,0.4,0.5,0.5,23,0.4,0.5,0.5,22,22,50000,8020,random,validation,False,8b6b3d586b585e66f3e99748305f4810b898bce1de2bf34ea783f93ef8efbc3c,C:\Users\권민우\traffic-control\model\results\reward_fine_search_2026-10-09\runs\fine\seed_22\candidate_23\attempt_001\experiment_23\final.zip,5.251396648044704,1.0071428571428598,-9.154929577464788,-6.5,5.251396648044704,0.7050000000000001,-2.2222222222222254,-1.0,-0.5494505494505475,-1.0
0,Sensitivity-DQN,8001,random,35.768768768768766,105.0,39.70333333333333,90.0,223,42,21,-239.6072666666668,333,110,0,2,0,0,300.0,24,0.4,0.5,0.6,24,0.4,0.5,0.6,22,22,50000,8001,random,validation,False,8dd341828f90c6befd05da39f6398cba989e90169d9b64a606076b6fb9fb603c,C:\Users\권민우\traffic-control\model\results\reward_fine_search_2026-10-09\runs\fine\seed_22\candidate_24\attempt_001\experiment_24\final.zip,11.751184500633304,3.761261261261261,7.14285714285714,7.0,11.751184500633283,4.174999999999997,7.692307692307687,3.0,-8.979591836734691,-22.0
1,Sensitivity-DQN,8002,random,19.09777777777778,54.0,14.323333333333334,34.0,191,44,18,-123.3856916666666,225,34,0,2,0,0,300.0,24,0.4,0.5,0.6,24,0.4,0.5,0.6,22,22,50000,8002,random,validation,False,2821177a095106802fb7dc55d27cc7e848d70ca889c81c04df6e242d9b95dc2c,C:\Users\권민우\traffic-control\model\results\reward_fine_search_2026-10-09\runs\fine\seed_22\candidate_24\attempt_001\experiment_24\final.zip,12.398639811666246,2.106666666666669,-15.625,-10.0,12.398639811666223,1.58,0.0,0.0,-8.61244019138756,-18.0
2,Sensitivity-DQN,8003,random,14.330601092896174,59.5,8.741666666666667,20.0,172,42,19,-95.30618333333338,183,11,0,2,0,0,300.0,24,0.4,0.5,0.6,24,0.4,0.5,0.6,22,22,50000,8003,random,validation,False,9354c03af629ff819755229f14e05b8a1326de925c77653ba23425fd1637b4b4,C:\Users\권민우\traffic-control\model\results\reward_fine_search_2026-10-09\runs\fine\seed_22\candidate_24\attempt_001\experiment_24\final.zip,-19.616858237547895,-3.497267759562842,-20.666666666666668,-15.5,-19.616858237547884,-2.133333333333333,-10.63829787234043,-5.0,4.878048780487809,8.0
3,Sensitivity-DQN,8004,random,17.85981308411215,61.5,12.74,29.0,184,44,21,-121.39977499999999,214,30,0,2,0,0,300.0,24,0.4,0.5,0.6,24,0.4,0.5,0.6,22,22,50000,8004,random,validation,False,b79c500713d892f6e4ec75115e41bf065a3f2b239f70ef745728c491621d13e9,C:\Users\권민우\traffic-control\model\results\reward_fine_search_2026-10-09\runs\fine\seed_22\candidate_24\attempt_001\experiment_24\final.zip,8.271954674220972,1.3644859813084125,10.81081081081081,6.0,8.27195467422095,0.9733333333333327,-4.347826086956519,-2.0,1.098901098901095,2.0
4,Sensitivity-DQN,8005,random,30.08888888888889,94.5,31.593333333333334,82.0,224,44,22,-203.61704166666664,315,91,0,2,0,0,300.0,24,0.4,0.5,0.6,24,0.4,0.5,0.6,22,22,50000,8005,random,validation,False,dad8b07ae7aacd3f44de4c3b859fd5a3b640cf23c3bd71481a1f0ec1a70332aa,C:\Users\권민우\traffic-control\model\results\reward_fine_search_2026-10-09\runs\fine\seed_22\candidate_24\attempt_001\experiment_24\final.zip,3.703703703703698,1.0746031746031726,8.62068965517242,7.5,3.703703703703698,1.1283333333333339,7.317073170731714,3.0,-8.571428571428575,-21.0
5,Sensitivity-DQN,8006,random,13.755555555555556,49.0,8.253333333333334,18.0,158,42,22,-88.3732916666667,180,22,0,1,0,0,300.0,24,0.4,0.5,0.6,24,0.4,0.5,0.6,22,22,50000,8006,random,validation,False,ef2f623673927b137a233a73ec5cbcb6c8ce5ecf794f5e6abec53433d205ec06,C:\Users\권민우\traffic-control\model\results\reward_fine_search_2026-10-09\runs\fine\seed_22\candidate_24\attempt_001\experiment_24\final.zip,0.24291497975710286,0.03333333333333499,-1.0101010101010055,-0.5,0.24291497975710286,0.02000000000000135,0.0,0.0,-2.4691358024691357,-4.0
6,Sensitivity-DQN,8007,random,19.938325991189426,74.0,15.086666666666666,31.0,200,42,21,-138.70214166666668,227,27,0,2,0,0,300.0,24,0.4,0.5,0.6,24,0.4,0.5,0.6,22,22,50000,8007,random,validation,False,fa89c69d4df65396b556c47c51886af5f1a02287f4ec90fae5d842865d09b2b9,C:\Users\권민우\traffic-control\model\results\reward_fine_search_2026-10-09\runs\fine\seed_22\candidate_24\attempt_001\experiment_24\final.zip,-22.830349531116802,-5.898678414096917,-24.873096446700504,-24.5,-22.830349531116802,-4.463333333333335,-6.666666666666665,-3.0,10.497237569060779,19.0
7,Sensitivity-DQN,8008,random,19.26555023923445,81.5,13.421666666666667,40.0,179,43,19,-127.8468166666667,209,30,0,1,0,0,300.0,24,0.4,0.5,0.6,24,0.4,0.5,0.6,22,22,50000,8008,random,validation,False,85fdc4042e94b886aca1df437c5f5a2d379d3c3162408629c0b305b7392e680b,C:\Users\권민우\traffic-control\model\results\reward_fine_search_2026-10-09\runs\fine\seed_22\candidate_24\attempt_001\experiment_24\final.zip,63.31372946663964,7.468899521531101,59.80392156862746,30.5,63.31372946663962,5.203333333333333,0.0,0.0,-7.253886010362698,-14.0
8,Sensitivity-DQN,8009,random,11.983870967741936,48.5,7.43,23.0,182,39,18,-82.56050833333332,186,4,0,2,0,0,300.0,24,0.4,0.5,0.6,24,0.4,0.5,0.6,22,22,50000,8009,random,validation,False,776e63c43ae4b74af8684e652ee35e575d3c68422d440ebcdb28cfcfa668a94e,C:\Users\권민우\traffic-control\model\results\reward_fine_search_2026-10-09\runs\fine\seed_22\candidate_24\attempt_001\experiment_24\final.zip,-18.560467665326996,-2.731182795698924,-26.515151515151516,-17.5,-18.560467665326996,-1.6933333333333334,-11.363636363636365,-5.0,3.409090909090917,6.0
9,Sensitivity-DQN,8010,random,24.970383275261323,105.0,23.888333333333332,55.0,216,42,19,-175.26268333333337,287,71,0,1,0,0,300.0,24,0.4,0.5,0.6,24,0.4,0.5,0.6,22,22,50000,8010,random,validation,False,a840059b85bbd9b6a912132b0c970d4d51ecdf0326cf009aaea2e9fad68f7bba,C:\Users\권민우\traffic-control\model\results\reward_fine_search_2026-10-09\runs\fine\seed_22\candidate_24\attempt_001\experiment_24\final.zip,-16.60072151751426,-4.970383275261327,-2.3255813953488413,-2.5,-16.605573980333975,-4.756666666666668,-10.63829787234043,-5.0,9.090909090909083,18.0
10,Sensitivity-DQN,8011,random,34.583333333333336,131.5,35.275,68.0,229,42,22,-254.6143833333333,306,77,0,1,0,0,300.0,24,0.4,0.5,0.6,24,0.4,0.5,0.6,22,22,50000,8011,random,validation,False,3cb7167c2c2b34c1ebf11e7fdb965ba96a41e8a0e843c8e986e324a3722c4171,C:\Users\권민우\traffic-control\model\results\reward_fine_search_2026-10-09\runs\fine\seed_22\candidate_24\attempt_001\experiment_24\final.zip,-2.6314578828725232,-0.9346405228758172,24.644549763033186,26.0,-2.6314578828725232,-0.9533333333333331,-2.3255813953488413,-1.0,0.8810572687224738,2.0
11,Sensitivity-DQN,8012,random,29.8876582278481,109.5,31.481666666666666,78.0,221,41,20,-198.7875249999999,316,95,0,2,0,0,300.0,24,0.4,0.5,0.6,24,0.4,0.5,0.6,22,22,50000,8012,random,validation,False,a43af6ff2bb883b6d9a617961af61470161a2cebdc9b5d49bdb4318dbb7f654b,C:\Users\권민우\traffic-control\model\results\reward_fine_search_2026-10-09\runs\fine\seed_22\candidate_24\attempt_001\experiment_24\final.zip,3.6206045312414226,1.044303797468352,15.263157894736846,14.5,3.6206045312414226,1.0999999999999979,-2.3809523809523836,-1.0,1.3761467889908285,3.0
12,Sensitivity-DQN,8013,random,18.830798479087452,91.5,16.508333333333333,38.0,218,42,22,-149.61655833333333,263,45,0,1,0,0,300.0,24,0.4,0.5,0.6,24,0.4,0.5,0.6,22,22,50000,8013,random,validation,False,dc72dfa2fd6460529e83df749d8d9abea9bcee3755fb816ec851d7258e8920db,C:\Users\권민우\traffic-control\model\results\reward_fine_search_2026-10-09\runs\fine\seed_22\candidate_24\attempt_001\experiment_24\final.zip,6.33387010198605,1.1216730038022824,29.78723404255319,21.0,6.333870101986028,0.9833333333333325,0.0,0.0,-2.67857142857143,-6.0
13,Sensitivity-DQN,8014,random,22.54310344827586,85.0,17.433333333333334,47.0,186,43,24,-143.2122083333334,232,46,0,2,0,0,300.0,24,0.4,0.5,0.6,24,0.4,0.5,0.6,22,22,50000,8014,random,validation,False,55cd1036a4d9d8cba7cc7d7ac04aa9661b6e4c0235b398b071eadc518fa79e7e,C:\Users\권민우\traffic-control\model\results\reward_fine_search_2026-10-09\runs\fine\seed_22\candidate_24\attempt_001\experiment_24\final.zip,11.967458788268036,2.4094827586206904,-18.66028708133971,-19.5,11.967458788268036,1.8633333333333333,-2.2727272727272707,-1.0,-0.5347593582887722,-1.0
14,Sensitivity-DQN,8015,random,26.674460431654676,107.0,24.718333333333334,53.0,221,43,20,-190.3626416666668,278,57,0,3,0,0,300.0,24,0.4,0.5,0.6,24,0.4,0.5,0.6,22,22,50000,8015,random,validation,False,4b5952cea76dd251669c9507a7f12fefeb3138a19302395b7893ec16755927b3,C:\Users\권민우\traffic-control\model\results\reward_fine_search_2026-10-09\runs\fine\seed_22\candidate_24\attempt_001\experiment_24\final.zip,14.924447888415337,3.4640287769784166,23.699421965317914,20.5,14.924447888415337,3.210000000000001,-4.444444444444439,-2.0,-1.7777777777777781,-4.0
15,Sensitivity-DQN,8016,random,28.809677419354838,85.5,29.77,69.0,213,44,19,-195.47014166666662,310,97,0,2,0,0,300.0,24,0.4,0.5,0.6,24,0.4,0.5,0.6,22,22,50000,8016,random,validation,False,5d676c5c894eac0f3d9f703037c1ebf9802829a4819393f69c0acc1492442857,C:\Users\권민우\traffic-control\model\results\reward_fine_search_2026-10-09\runs\fine\seed_22\candidate_24\attempt_001\experiment_24\final.zip,6.5942591155934815,1.7822580645161281,1.183431952662728,1.0,6.5942591155934815,1.841666666666665,2.3255813953488413,1.0,-7.391304347826089,-17.0
16,Sensitivity-DQN,8017,random,23.776892430278885,111.5,19.893333333333334,46.0,202,44,22,-164.50480000000007,251,49,0,3,0,0,300.0,24,0.4,0.5,0.6,24,0.4,0.5,0.6,22,22,50000,8017,random,validation,False,658c6c23978d040d2ba3fee1c2044362083690f1063d980fbf123a6eeec43fd8,C:\Users\권민우\traffic-control\model\results\reward_fine_search_2026-10-09\runs\fine\seed_22\candidate_24\attempt_001\experiment_24\final.zip,9.514634370125696,2.06573705179283,19.25133689839573,18.0,9.51463437012572,1.7283333333333353,4.761904761904767,2.0,-2.4154589371980673,-5.0
17,Sensitivity-DQN,8018,random,8.146153846153846,43.5,3.53,11.0,124,40,22,-59.219516666666685,130,6,0,1,0,0,300.0,24,0.4,0.5,0.6,24,0.4,0.5,0.6,22,22,50000,8018,random,validation,False,f44facdd126218ef97befa1789def0801faaa77ceb04886a6bc156a900691cfc,C:\Users\권민우\traffic-control\model\results\reward_fine_search_2026-10-09\runs\fine\seed_22\candidate_24\attempt_001\experiment_24\final.zip,-25.710277095755874,-2.819230769230769,-1.1363636363636354,-0.5,-25.710277095755885,-1.2216666666666671,-4.761904761904767,-2.0,2.4793388429751984,3.0
18,Sensitivity-DQN,8019,random,28.020700636942674,107.0,29.328333333333333,60.0,249,42,22,-210.8394999999999,314,65,0,3,0,0,300.0,24,0.4,0.5,0.6,24,0.4,0.5,0.6,22,22,50000,8019,random,validation,False,52131aa9c898a5842eac0e7769a57b7442cca0dfa41dd4cce841370fc6b0060c,C:\Users\권민우\traffic-control\model\results\reward_fine_search_2026-10-09\runs\fine\seed_22\candidate_24\attempt_001\experiment_24\final.zip,-9.643132220795891,-2.9904458598726116,-15.748031496062998,-20.0,-9.643132220795902,-3.1300000000000026,0.0,0.0,4.184100418410042,10.0
19,Sensitivity-DQN,8020,random,17.238095238095237,64.0,12.066666666666666,31.0,183,40,20,-110.91826666666658,210,27,0,1,0,0,300.0,24,0.4,0.5,0.6,24,0.4,0.5,0.6,22,22,50000,8020,random,validation,False,8b6b3d586b585e66f3e99748305f4810b898bce1de2bf34ea783f93ef8efbc3c,C:\Users\권민우\traffic-control\model\results\reward_fine_search_2026-10-09\runs\fine\seed_22\candidate_24\attempt_001\experiment_24\final.zip,-10.117939168218493,-1.9404761904761898,-9.859154929577462,-7.0,-10.117939168218504,-1.3583333333333343,-11.111111111111116,-5.0,0.5494505494505475,1.0
0,Sensitivity-DQN,8001,random,39.07807807807808,111.5,43.376666666666665,99.0,198,47,21,-262.7523499999999,333,135,0,2,0,0,300.0,25,0.4,0.6,0.4,25,0.4,0.6,0.4,22,22,50000,8001,random,validation,False,8dd341828f90c6befd05da39f6398cba989e90169d9b64a606076b6fb9fb603c,C:\Users\권민우\traffic-control\model\results\reward_fine_search_2026-10-09\runs\fine\seed_22\candidate_25\attempt_001\experiment_25\final.zip,22.090350424543814,7.070570570570574,13.77551020408163,13.5,22.09035042454377,7.848333333333329,20.512820512820507,8.0,-19.183673469387752,-47.0
1,Sensitivity-DQN,8002,random,21.682222222222222,92.5,16.261666666666667,42.0,196,45,16,-146.0292333333332,225,29,0,2,0,0,300.0,25,0.4,0.6,0.4,25,0.4,0.6,0.4,22,22,50000,8002,random,validation,False,2821177a095106802fb7dc55d27cc7e848d70ca889c81c04df6e242d9b95dc2c,C:\Users\권민우\traffic-control\model\results\reward_fine_search_2026-10-09\runs\fine\seed_22\candidate_25\attempt_001\experiment_25\final.zip,27.609207428720907,4.691111111111113,44.53125,28.5,27.609207428720882,3.5183333333333326,2.2727272727272707,1.0,-6.2200956937799035,-13.0
2,Sensitivity-DQN,8003,random,16.89071038251366,80.0,10.303333333333333,25.0,169,47,18,-109.67616666666669,183,14,0,2,0,0,300.0,25,0.4,0.6,0.4,25,0.4,0.6,0.4,22,22,50000,8003,random,validation,False,9354c03af629ff819755229f14e05b8a1326de925c77653ba23425fd1637b4b4,C:\Users\권민우\traffic-control\model\results\reward_fine_search_2026-10-09\runs\fine\seed_22\candidate_25\attempt_001\experiment_25\final.zip,-5.256704980842919,-0.9371584699453557,6.666666666666665,5.0,-5.256704980842919,-0.5716666666666672,0.0,0.0,3.0487804878048808,5.0
3,Sensitivity-DQN,8004,random,12.327102803738319,59.0,8.793333333333333,24.0,197,43,17,-94.30011666666653,214,17,0,2,0,0,300.0,25,0.4,0.6,0.4,25,0.4,0.6,0.4,22,22,50000,8004,random,validation,False,b79c500713d892f6e4ec75115e41bf065a3f2b239f70ef745728c491621d13e9,C:\Users\권민우\traffic-control\model\results\reward_fine_search_2026-10-09\runs\fine\seed_22\candidate_25\attempt_001\experiment_25\final.zip,-25.26912181303116,-4.16822429906542,6.3063063063063085,3.5,-25.26912181303117,-2.9733333333333345,-6.521739130434778,-3.0,8.241758241758234,15.0
4,Sensitivity-DQN,8005,random,29.13809523809524,84.0,30.595,89.0,229,46,18,-194.29275000000007,315,86,0,2,0,0,300.0,25,0.4,0.6,0.4,25,0.4,0.6,0.4,22,22,50000,8005,random,validation,False,dad8b07ae7aacd3f44de4c3b859fd5a3b640cf23c3bd71481a1f0ec1a70332aa,C:\Users\권민우\traffic-control\model\results\reward_fine_search_2026-10-09\runs\fine\seed_22\candidate_25\attempt_001\experiment_25\final.zip,0.4267191859510966,0.12380952380952337,-3.4482758620689613,-3.0,0.4267191859510966,0.129999999999999,12.195121951219523,5.0,-6.530612244897959,-16.0
5,Sensitivity-DQN,8006,random,11.208333333333334,48.5,6.725,18.0,164,43,18,-78.90133333333331,180,16,0,1,0,0,300.0,25,0.4,0.6,0.4,25,0.4,0.6,0.4,22,22,50000,8006,random,validation,False,ef2f623673927b137a233a73ec5cbcb6c8ce5ecf794f5e6abec53433d205ec06,C:\Users\권민우\traffic-control\model\results\reward_fine_search_2026-10-09\runs\fine\seed_22\candidate_25\attempt_001\experiment_25\final.zip,-18.319838056680148,-2.5138888888888875,-2.020202020202022,-1.0,-18.31983805668016,-1.5083333333333329,2.3809523809523725,1.0,1.2345679012345734,2.0
6,Sensitivity-DQN,8007,random,22.751101321585903,75.0,17.215,45.0,196,44,19,-147.67233333333334,227,31,0,2,0,0,300.0,25,0.4,0.6,0.4,25,0.4,0.6,0.4,22,22,50000,8007,random,validation,False,fa89c69d4df65396b556c47c51886af5f1a02287f4ec90fae5d842865d09b2b9,C:\Users\권민우\traffic-control\model\results\reward_fine_search_2026-10-09\runs\fine\seed_22\candidate_25\attempt_001\experiment_25\final.zip,-11.943734015345264,-3.0859030837004404,-23.857868020304572,-23.5,-11.943734015345274,-2.335000000000001,-2.2222222222222254,-1.0,8.287292817679548,15.0
7,Sensitivity-DQN,8008,random,17.361244019138756,86.5,12.095,27.0,186,46,16,-123.58109999999998,209,23,0,1,0,0,300.0,25,0.4,0.6,0.4,25,0.4,0.6,0.4,22,22,50000,8008,random,validation,False,85fdc4042e94b886aca1df437c5f5a2d379d3c3162408629c0b305b7392e680b,C:\Users\권민우\traffic-control\model\results\reward_fine_search_2026-10-09\runs\fine\seed_22\candidate_25\attempt_001\experiment_25\final.zip,47.170959237477184,5.564593301435407,69.6078431372549,35.5,47.170959237477184,3.876666666666667,6.976744186046502,3.0,-3.626943005181349,-7.0
8,Sensitivity-DQN,8009,random,16.75537634408602,75.5,10.388333333333334,26.0,177,47,17,-105.40939999999999,186,9,0,2,0,0,300.0,25,0.4,0.6,0.4,25,0.4,0.6,0.4,22,22,50000,8009,random,validation,False,776e63c43ae4b74af8684e652ee35e575d3c68422d440ebcdb28cfcfa668a94e,C:\Users\권민우\traffic-control\model\results\reward_fine_search_2026-10-09\runs\fine\seed_22\candidate_25\attempt_001\experiment_25\final.zip,13.86554621848739,2.04032258064516,14.393939393939403,9.5,13.865546218487413,1.2650000000000006,6.818181818181812,3.0,0.5681818181818121,1.0
9,Sensitivity-DQN,8010,random,29.50871080139373,89.0,28.23,63.0,212,43,19,-194.55685,287,75,0,1,0,0,300.0,25,0.4,0.6,0.4,25,0.4,0.6,0.4,22,22,50000,8010,random,validation,False,a840059b85bbd9b6a912132b0c970d4d51ecdf0326cf009aaea2e9fad68f7bba,C:\Users\권민우\traffic-control\model\results\reward_fine_search_2026-10-09\runs\fine\seed_22\candidate_25\attempt_001\experiment_25\final.zip,-1.4430350285115856,-0.43205574912892075,-17.209302325581397,-18.5,-1.4487694187467204,-0.41499999999999915,-8.510638297872342,-4.0,7.070707070707072,14.0
10,Sensitivity-DQN,8011,random,34.23366013071895,123.5,34.91833333333334,86.0,228,45,15,-242.60121666666663,306,78,0,1,0,0,300.0,25,0.4,0.6,0.4,25,0.4,0.6,0.4,22,22,50000,8011,random,validation,False,3cb7167c2c2b34c1ebf11e7fdb965ba96a41e8a0e843c8e986e324a3722c4171,C:\Users\권민우\traffic-control\model\results\reward_fine_search_2026-10-09\runs\fine\seed_22\candidate_25\attempt_001\experiment_25\final.zip,-3.6159543635276403,-1.2843137254902004,17.061611374407583,18.0,-3.615954363527607,-1.3099999999999952,4.651162790697683,2.0,0.4405286343612369,1.0
11,Sensitivity-DQN,8012,random,30.724683544303797,81.5,32.36333333333334,87.0,208,46,17,-197.85675000000003,316,108,0,2,0,0,300.0,25,0.4,0.6,0.4,25,0.4,0.6,0.4,22,22,50000,8012,random,validation,False,a43af6ff2bb883b6d9a617961af61470161a2cebdc9b5d49bdb4318dbb7f654b,C:\Users\권민우\traffic-control\model\results\reward_fine_search_2026-10-09\runs\fine\seed_22\candidate_25\attempt_001\experiment_25\final.zip,6.522573920675834,1.8813291139240498,-14.210526315789473,-13.5,6.522573920675856,1.9816666666666691,9.523809523809534,4.0,-4.587155963302747,-10.0
12,Sensitivity-DQN,8013,random,21.35551330798479,67.5,18.721666666666668,45.0,205,47,18,-142.26038333333335,263,58,0,1,0,0,300.0,25,0.4,0.6,0.4,25,0.4,0.6,0.4,22,22,50000,8013,random,validation,False,dc72dfa2fd6460529e83df749d8d9abea9bcee3755fb816ec851d7258e8920db,C:\Users\권민우\traffic-control\model\results\reward_fine_search_2026-10-09\runs\fine\seed_22\candidate_25\attempt_001\experiment_25\final.zip,20.59044551798175,3.64638783269962,-4.255319148936165,-3.0,20.59044551798175,3.196666666666667,11.904761904761907,5.0,-8.482142857142861,-19.0
13,Sensitivity-DQN,8014,random,25.771551724137932,84.0,19.93,45.0,173,45,20,-149.8206166666666,232,59,0,2,0,0,300.0,25,0.4,0.6,0.4,25,0.4,0.6,0.4,22,22,50000,8014,random,validation,False,55cd1036a4d9d8cba7cc7d7ac04aa9661b6e4c0235b398b071eadc518fa79e7e,C:\Users\권민우\traffic-control\model\results\reward_fine_search_2026-10-09\runs\fine\seed_22\candidate_25\attempt_001\experiment_25\final.zip,28.00256904303149,5.637931034482762,-19.61722488038278,-20.5,28.002569043031468,4.359999999999999,2.2727272727272707,1.0,-7.486631016042777,-14.0
14,Sensitivity-DQN,8015,random,25.888489208633093,92.5,23.99,50.0,222,46,21,-180.7439166666667,278,56,0,3,0,0,300.0,25,0.4,0.6,0.4,25,0.4,0.6,0.4,22,22,50000,8015,random,validation,False,4b5952cea76dd251669c9507a7f12fefeb3138a19302395b7893ec16755927b3,C:\Users\권민우\traffic-control\model\results\reward_fine_search_2026-10-09\runs\fine\seed_22\candidate_25\attempt_001\experiment_25\final.zip,11.538163502518394,2.678057553956833,6.936416184971095,6.0,11.538163502518394,2.4816666666666656,2.2222222222222143,1.0,-1.3333333333333308,-3.0
15,Sensitivity-DQN,8016,random,31.729032258064517,95.0,32.78666666666667,93.0,207,45,21,-210.55803333333336,310,103,0,2,0,0,300.0,25,0.4,0.6,0.4,25,0.4,0.6,0.4,22,22,50000,8016,random,validation,False,5d676c5c894eac0f3d9f703037c1ebf9802829a4819393f69c0acc1492442857,C:\Users\권민우\traffic-control\model\results\reward_fine_search_2026-10-09\runs\fine\seed_22\candidate_25\attempt_001\experiment_25\final.zip,17.395715223488708,4.701612903225808,12.426035502958577,10.5,17.395715223488683,4.858333333333334,4.651162790697683,2.0,-9.999999999999998,-23.0
16,Sensitivity-DQN,8017,random,25.241035856573706,74.5,21.118333333333332,52.0,197,46,16,-158.9772333333333,251,54,0,3,0,0,300.0,25,0.4,0.6,0.4,25,0.4,0.6,0.4,22,22,50000,8017,random,validation,False,658c6c23978d040d2ba3fee1c2044362083690f1063d980fbf123a6eeec43fd8,C:\Users\권민우\traffic-control\model\results\reward_fine_search_2026-10-09\runs\fine\seed_22\candidate_25\attempt_001\experiment_25\final.zip,16.258372327736502,3.5298804780876516,-20.320855614973265,-19.0,16.25837232773648,2.953333333333333,9.523809523809534,4.0,-4.8309178743961345,-10.0
17,Sensitivity-DQN,8018,random,8.46923076923077,48.0,3.67,13.0,127,42,20,-59.316083333333374,130,3,0,1,0,0,300.0,25,0.4,0.6,0.4,25,0.4,0.6,0.4,22,22,50000,8018,random,validation,False,f44facdd126218ef97befa1789def0801faaa77ceb04886a6bc156a900691cfc,C:\Users\권민우\traffic-control\model\results\reward_fine_search_2026-10-09\runs\fine\seed_22\candidate_25\attempt_001\experiment_25\final.zip,-22.763942476324097,-2.4961538461538453,9.090909090909083,4.0,-22.763942476324107,-1.081666666666667,0.0,0.0,4.958677685950419,6.0
18,Sensitivity-DQN,8019,random,29.278662420382165,86.5,30.645,64.0,251,43,18,-207.43439999999995,314,63,0,3,0,0,300.0,25,0.4,0.6,0.4,25,0.4,0.6,0.4,22,22,50000,8019,random,validation,False,52131aa9c898a5842eac0e7769a57b7442cca0dfa41dd4cce841370fc6b0060c,C:\Users\권민우\traffic-control\model\results\reward_fine_search_2026-10-09\runs\fine\seed_22\candidate_25\attempt_001\experiment_25\final.zip,-5.586649550706035,-1.7324840764331206,-31.88976377952756,-40.5,-5.5866495507060465,-1.8133333333333361,2.3809523809523725,1.0,5.020920502092041,12.0
19,Sensitivity-DQN,8020,random,23.43095238095238,78.5,16.401666666666667,39.0,175,44,22,-138.2437166666665,210,35,0,1,0,0,300.0,25,0.4,0.6,0.4,25,0.4,0.6,0.4,22,22,50000,8020,random,validation,False,8b6b3d586b585e66f3e99748305f4810b898bce1de2bf34ea783f93ef8efbc3c,C:\Users\권민우\traffic-control\model\results\reward_fine_search_2026-10-09\runs\fine\seed_22\candidate_25\attempt_001\experiment_25\final.zip,22.1725636250776,4.252380952380953,10.563380281690149,7.5,22.17256362507758,2.9766666666666666,-2.2222222222222254,-1.0,-3.8461538461538436,-7.0
0,Sensitivity-DQN,8001,random,42.909909909909906,132.0,47.63,101.0,182,49,20,-275.65003333333334,333,151,0,2,0,0,300.0,26,0.4,0.6,0.5,26,0.4,0.6,0.5,22,22,50000,8001,random,validation,False,8dd341828f90c6befd05da39f6398cba989e90169d9b64a606076b6fb9fb603c,C:\Users\권민우\traffic-control\model\results\reward_fine_search_2026-10-09\runs\fine\seed_22\candidate_26\attempt_001\experiment_26\final.zip,34.062016231177,10.902402402402402,34.6938775510204,34.0,34.062016231177,12.101666666666667,25.64102564102564,10.0,-25.71428571428571,-63.0
1,Sensitivity-DQN,8002,random,19.72222222222222,54.0,14.791666666666666,35.0,194,44,19,-132.26883333333336,225,31,0,2,0,0,300.0,26,0.4,0.6,0.5,26,0.4,0.6,0.5,22,22,50000,8002,random,validation,False,2821177a095106802fb7dc55d27cc7e848d70ca889c81c04df6e242d9b95dc2c,C:\Users\권민우\traffic-control\model\results\reward_fine_search_2026-10-09\runs\fine\seed_22\candidate_26\attempt_001\experiment_26\final.zip,16.07376405963903,2.7311111111111117,-15.625,-10.0,16.073764059639007,2.048333333333332,0.0,0.0,-7.177033492822971,-15.0
2,Sensitivity-DQN,8003,random,19.084699453551913,95.0,11.641666666666667,24.0,168,44,24,-130.13185000000004,183,15,0,2,0,0,300.0,26,0.4,0.6,0.5,26,0.4,0.6,0.5,22,22,50000,8003,random,validation,False,9354c03af629ff819755229f14e05b8a1326de925c77653ba23425fd1637b4b4,C:\Users\권민우\traffic-control\model\results\reward_fine_search_2026-10-09\runs\fine\seed_22\candidate_26\attempt_001\experiment_26\final.zip,7.049808429118776,1.2568306010928971,26.66666666666666,20.0,7.049808429118776,0.7666666666666675,-6.382978723404253,-3.0,2.4390243902439046,4.0
3,Sensitivity-DQN,8004,random,18.792056074766354,57.5,13.405,36.0,180,46,19,-124.28384999999999,214,34,0,2,0,0,300.0,26,0.4,0.6,0.5,26,0.4,0.6,0.5,22,22,50000,8004,random,validation,False,b79c500713d892f6e4ec75115e41bf065a3f2b239f70ef745728c491621d13e9,C:\Users\권민우\traffic-control\model\results\reward_fine_search_2026-10-09\runs\fine\seed_22\candidate_26\attempt_001\experiment_26\final.zip,13.923512747875332,2.296728971962615,3.603603603603611,2.0,13.923512747875332,1.6383333333333319,0.0,0.0,-1.098901098901095,-2.0
4,Sensitivity-DQN,8005,random,31.104761904761904,96.0,32.66,82.0,236,43,20,-201.1230833333332,315,79,0,2,0,0,300.0,26,0.4,0.6,0.5,26,0.4,0.6,0.5,22,22,50000,8005,random,validation,False,dad8b07ae7aacd3f44de4c3b859fd5a3b640cf23c3bd71481a1f0ec1a70332aa,C:\Users\권민우\traffic-control\model\results\reward_fine_search_2026-10-09\runs\fine\seed_22\candidate_26\attempt_001\experiment_26\final.zip,7.2049893320203395,2.0904761904761884,10.344827586206895,9.0,7.2049893320203395,2.1949999999999967,4.878048780487809,2.0,-3.6734693877551017,-9.0
5,Sensitivity-DQN,8006,random,14.63888888888889,58.0,8.783333333333333,23.0,154,49,22,-98.17301666666665,180,26,0,1,0,0,300.0,26,0.4,0.6,0.5,26,0.4,0.6,0.5,22,22,50000,8006,random,validation,False,ef2f623673927b137a233a73ec5cbcb6c8ce5ecf794f5e6abec53433d205ec06,C:\Users\권민우\traffic-control\model\results\reward_fine_search_2026-10-09\runs\fine\seed_22\candidate_26\attempt_001\experiment_26\final.zip,6.68016194331984,0.9166666666666679,17.17171717171717,8.5,6.68016194331984,0.5500000000000007,16.666666666666675,7.0,-4.938271604938271,-8.0
6,Sensitivity-DQN,8007,random,23.3920704845815,68.5,17.7,35.0,194,44,20,-152.02349999999998,227,33,0,2,0,0,300.0,26,0.4,0.6,0.5,26,0.4,0.6,0.5,22,22,50000,8007,random,validation,False,fa89c69d4df65396b556c47c51886af5f1a02287f4ec90fae5d842865d09b2b9,C:\Users\권민우\traffic-control\model\results\reward_fine_search_2026-10-09\runs\fine\seed_22\candidate_26\attempt_001\experiment_26\final.zip,-9.462915601023013,-2.4449339207048446,-30.456852791878177,-30.0,-9.462915601023026,-1.8500000000000014,-2.2222222222222254,-1.0,7.182320441988943,13.0
7,Sensitivity-DQN,8008,random,16.54066985645933,57.5,11.523333333333333,28.0,187,45,19,-112.33583333333334,209,22,0,1,0,0,300.0,26,0.4,0.6,0.5,26,0.4,0.6,0.5,22,22,50000,8008,random,validation,False,85fdc4042e94b886aca1df437c5f5a2d379d3c3162408629c0b305b7392e680b,C:\Users\권민우\traffic-control\model\results\reward_fine_search_2026-10-09\runs\fine\seed_22\candidate_26\attempt_001\experiment_26\final.zip,40.21496653822756,4.7440191387559825,12.745098039215685,6.5,40.214966538227536,3.3049999999999997,4.651162790697683,2.0,-3.1088082901554404,-6.0
8,Sensitivity-DQN,8009,random,17.688172043010752,79.5,10.966666666666667,30.0,174,46,20,-113.2237,186,12,0,2,0,0,300.0,26,0.4,0.6,0.5,26,0.4,0.6,0.5,22,22,50000,8009,random,validation,False,776e63c43ae4b74af8684e652ee35e575d3c68422d440ebcdb28cfcfa668a94e,C:\Users\권민우\traffic-control\model\results\reward_fine_search_2026-10-09\runs\fine\seed_22\candidate_26\attempt_001\experiment_26\final.zip,20.20460358056266,2.973118279569892,20.45454545454546,13.5,20.20460358056266,1.8433333333333337,4.545454545454541,2.0,-1.1363636363636354,-2.0
9,Sensitivity-DQN,8010,random,28.486062717770036,102.0,27.251666666666665,67.0,202,46,19,-193.19191666666654,287,85,0,1,0,0,300.0,26,0.4,0.6,0.5,26,0.4,0.6,0.5,22,22,50000,8010,random,validation,False,a840059b85bbd9b6a912132b0c970d4d51ecdf0326cf009aaea2e9fad68f7bba,C:\Users\권민우\traffic-control\model\results\reward_fine_search_2026-10-09\runs\fine\seed_22\candidate_26\attempt_001\experiment_26\final.zip,-4.858605841964392,-1.4547038327526138,-5.116279069767438,-5.5,-4.8641415022982475,-1.3933333333333344,-2.127659574468088,-1.0,2.020202020202011,4.0
10,Sensitivity-DQN,8011,random,36.03921568627451,111.5,36.76,73.0,231,44,22,-248.47205000000005,306,75,0,1,0,0,300.0,26,0.4,0.6,0.5,26,0.4,0.6,0.5,22,22,50000,8011,random,validation,False,3cb7167c2c2b34c1ebf11e7fdb965ba96a41e8a0e843c8e986e324a3722c4171,C:\Users\권민우\traffic-control\model\results\reward_fine_search_2026-10-09\runs\fine\seed_22\candidate_26\attempt_001\experiment_26\final.zip,1.4675438192942813,0.5212418300653567,5.687203791469186,6.0,1.4675438192942813,0.5316666666666663,2.3255813953488413,1.0,1.7621145374449254,4.0
11,Sensitivity-DQN,8012,random,31.231012658227847,97.5,32.89666666666667,83.0,213,46,24,-200.1232166666668,316,103,0,2,0,0,300.0,26,0.4,0.6,0.5,26,0.4,0.6,0.5,22,22,50000,8012,random,validation,False,a43af6ff2bb883b6d9a617961af61470161a2cebdc9b5d49bdb4318dbb7f654b,C:\Users\권민우\traffic-control\model\results\reward_fine_search_2026-10-09\runs\fine\seed_22\candidate_26\attempt_001\experiment_26\final.zip,8.278018541883814,2.3876582278480996,2.6315789473684292,2.5,8.278018541883814,2.5150000000000006,9.523809523809534,4.0,-2.2935779816513735,-5.0
12,Sensitivity-DQN,8013,random,16.859315589353614,67.5,14.78,40.0,224,45,19,-125.94951666666663,263,39,0,1,0,0,300.0,26,0.4,0.6,0.5,26,0.4,0.6,0.5,22,22,50000,8013,random,validation,False,dc72dfa2fd6460529e83df749d8d9abea9bcee3755fb816ec851d7258e8920db,C:\Users\권민우\traffic-control\model\results\reward_fine_search_2026-10-09\runs\fine\seed_22\candidate_26\attempt_001\experiment_26\final.zip,-4.798711755233476,-0.8498098859315562,-4.255319148936165,-3.0,-4.798711755233498,-0.745000000000001,7.14285714285714,3.0,0.0,0.0
13,Sensitivity-DQN,8014,random,29.603448275862068,105.0,22.893333333333334,59.0,161,49,24,-177.29773333333333,232,71,0,2,0,0,300.0,26,0.4,0.6,0.5,26,0.4,0.6,0.5,22,22,50000,8014,random,validation,False,55cd1036a4d9d8cba7cc7d7ac04aa9661b6e4c0235b398b071eadc518fa79e7e,C:\Users\권민우\traffic-control\model\results\reward_fine_search_2026-10-09\runs\fine\seed_22\candidate_26\attempt_001\experiment_26\final.zip,47.03489616784415,9.469827586206897,0.4784688995215225,0.5,47.03489616784415,7.323333333333334,11.363636363636353,5.0,-13.903743315508022,-26.0
14,Sensitivity-DQN,8015,random,30.446043165467625,93.5,28.213333333333335,68.0,191,48,21,-208.54676666666674,278,87,0,3,0,0,300.0,26,0.4,0.6,0.5,26,0.4,0.6,0.5,22,22,50000,8015,random,validation,False,4b5952cea76dd251669c9507a7f12fefeb3138a19302395b7893ec16755927b3,C:\Users\권민우\traffic-control\model\results\reward_fine_search_2026-10-09\runs\fine\seed_22\candidate_26\attempt_001\experiment_26\final.zip,31.173963580007747,7.235611510791365,8.092485549132956,7.0,31.17396358000777,6.705000000000002,6.666666666666665,3.0,-15.111111111111109,-34.0
15,Sensitivity-DQN,8016,random,30.862903225806452,95.0,31.891666666666666,77.0,214,43,20,-210.72493333333327,310,96,0,2,0,0,300.0,26,0.4,0.6,0.5,26,0.4,0.6,0.5,22,22,50000,8016,random,validation,False,5d676c5c894eac0f3d9f703037c1ebf9802829a4819393f69c0acc1492442857,C:\Users\권민우\traffic-control\model\results\reward_fine_search_2026-10-09\runs\fine\seed_22\candidate_26\attempt_001\experiment_26\final.zip,14.191084322969516,3.8354838709677423,12.426035502958577,10.5,14.191084322969495,3.963333333333331,0.0,0.0,-6.956521739130439,-16.0
16,Sensitivity-DQN,8017,random,25.824701195219124,77.0,21.606666666666666,48.0,200,44,19,-162.7446666666666,251,51,0,3,0,0,300.0,26,0.4,0.6,0.5,26,0.4,0.6,0.5,22,22,50000,8017,random,validation,False,658c6c23978d040d2ba3fee1c2044362083690f1063d980fbf123a6eeec43fd8,C:\Users\권민우\traffic-control\model\results\reward_fine_search_2026-10-09\runs\fine\seed_22\candidate_26\attempt_001\experiment_26\final.zip,18.946692357096985,4.113545816733069,-17.647058823529417,-16.5,18.946692357096985,3.4416666666666664,4.761904761904767,2.0,-3.3816425120772986,-7.0
17,Sensitivity-DQN,8018,random,8.842307692307692,47.0,3.8316666666666666,10.0,125,44,21,-63.93111666666667,130,5,0,1,0,0,300.0,26,0.4,0.6,0.5,26,0.4,0.6,0.5,22,22,50000,8018,random,validation,False,f44facdd126218ef97befa1789def0801faaa77ceb04886a6bc156a900691cfc,C:\Users\권민우\traffic-control\model\results\reward_fine_search_2026-10-09\runs\fine\seed_22\candidate_26\attempt_001\experiment_26\final.zip,-19.361627499123113,-2.1230769230769226,6.818181818181812,3.0,-19.361627499123124,-0.9200000000000004,4.761904761904767,2.0,3.305785123966931,4.0
18,Sensitivity-DQN,8019,random,31.269108280254777,92.5,32.72833333333333,69.0,236,45,19,-212.74641666666668,314,78,0,3,0,0,300.0,26,0.4,0.6,0.5,26,0.4,0.6,0.5,22,22,50000,8019,random,validation,False,52131aa9c898a5842eac0e7769a57b7442cca0dfa41dd4cce841370fc6b0060c,C:\Users\권민우\traffic-control\model\results\reward_fine_search_2026-10-09\runs\fine\seed_22\candidate_26\attempt_001\experiment_26\final.zip,0.8318356867779153,0.25796178343949094,-27.16535433070866,-34.5,0.8318356867779153,0.269999999999996,7.14285714285714,3.0,-1.2552301255230103,-3.0
19,Sensitivity-DQN,8020,random,18.785714285714285,80.0,13.15,32.0,181,44,19,-125.946,210,29,0,1,0,0,300.0,26,0.4,0.6,0.5,26,0.4,0.6,0.5,22,22,50000,8020,random,validation,False,8b6b3d586b585e66f3e99748305f4810b898bce1de2bf34ea783f93ef8efbc3c,C:\Users\권민우\traffic-control\model\results\reward_fine_search_2026-10-09\runs\fine\seed_22\candidate_26\attempt_001\experiment_26\final.zip,-2.048417132216007,-0.39285714285714235,12.676056338028175,9.0,-2.0484171322160183,-0.27500000000000036,-2.2222222222222254,-1.0,-0.5494505494505475,-1.0
0,Sensitivity-DQN,8001,random,33.426426426426424,109.5,37.105,78.0,224,44,21,-239.16278333333335,333,109,0,2,0,0,300.0,27,0.4,0.6,0.6,27,0.4,0.6,0.6,22,22,50000,8001,random,validation,False,8dd341828f90c6befd05da39f6398cba989e90169d9b64a606076b6fb9fb603c,C:\Users\권민우\traffic-control\model\results\reward_fine_search_2026-10-09\runs\fine\seed_22\candidate_27\attempt_001\experiment_27\final.zip,4.43308157808322,1.4189189189189193,11.734693877551017,11.5,4.437772669700224,1.5766666666666609,12.82051282051282,5.0,-8.571428571428575,-21.0
1,Sensitivity-DQN,8002,random,20.08888888888889,56.5,15.066666666666666,34.0,196,43,19,-133.09343333333334,225,29,0,2,0,0,300.0,27,0.4,0.6,0.6,27,0.4,0.6,0.6,22,22,50000,8002,random,validation,False,2821177a095106802fb7dc55d27cc7e848d70ca889c81c04df6e242d9b95dc2c,C:\Users\권민우\traffic-control\model\results\reward_fine_search_2026-10-09\runs\fine\seed_22\candidate_27\attempt_001\experiment_27\final.zip,18.231755166099937,3.097777777777779,-11.71875,-7.5,18.231755166099916,2.3233333333333324,-2.2727272727272707,-1.0,-6.2200956937799035,-13.0
2,Sensitivity-DQN,8003,random,16.693989071038253,65.5,10.185,24.0,166,45,17,-113.58896666666661,183,17,0,2,0,0,300.0,27,0.4,0.6,0.6,27,0.4,0.6,0.6,22,22,50000,8003,random,validation,False,9354c03af629ff819755229f14e05b8a1326de925c77653ba23425fd1637b4b4,C:\Users\권민우\traffic-control\model\results\reward_fine_search_2026-10-09\runs\fine\seed_22\candidate_27\attempt_001\experiment_27\final.zip,-6.360153256704971,-1.133879781420763,-12.666666666666671,-9.5,-6.3448275862068915,-0.6899999999999995,-4.255319148936165,-2.0,1.2195121951219523,2.0
3,Sensitivity-DQN,8004,random,16.843457943925234,75.0,12.015,35.0,192,43,21,-126.36773333333335,214,22,0,2,0,0,300.0,27,0.4,0.6,0.6,27,0.4,0.6,0.6,22,22,50000,8004,random,validation,False,b79c500713d892f6e4ec75115e41bf065a3f2b239f70ef745728c491621d13e9,C:\Users\권민우\traffic-control\model\results\reward_fine_search_2026-10-09\runs\fine\seed_22\candidate_27\attempt_001\experiment_27\final.zip,2.1104815864022575,0.3481308411214954,35.13513513513513,19.5,2.1104815864022575,0.24833333333333307,-6.521739130434778,-3.0,5.494505494505497,10.0
4,Sensitivity-DQN,8005,random,27.428571428571427,92.0,28.8,78.0,247,40,18,-199.1733833333334,315,68,0,2,0,0,300.0,27,0.4,0.6,0.6,27,0.4,0.6,0.6,22,22,50000,8005,random,validation,False,dad8b07ae7aacd3f44de4c3b859fd5a3b640cf23c3bd71481a1f0ec1a70332aa,C:\Users\권민우\traffic-control\model\results\reward_fine_search_2026-10-09\runs\fine\seed_22\candidate_27\attempt_001\experiment_27\final.zip,-5.465288035450532,-1.585714285714289,5.747126436781613,5.0,-5.465288035450511,-1.6649999999999991,-2.4390243902439046,-1.0,0.8163265306122547,2.0
5,Sensitivity-DQN,8006,random,15.369444444444444,59.5,9.221666666666666,20.0,160,42,21,-102.23366666666669,180,20,0,1,0,0,300.0,27,0.4,0.6,0.6,27,0.4,0.6,0.6,22,22,50000,8006,random,validation,False,ef2f623673927b137a233a73ec5cbcb6c8ce5ecf794f5e6abec53433d205ec06,C:\Users\권민우\traffic-control\model\results\reward_fine_search_2026-10-09\runs\fine\seed_22\candidate_27\attempt_001\experiment_27\final.zip,12.004048582995953,1.6472222222222221,20.2020202020202,10.0,12.004048582995953,0.9883333333333333,0.0,0.0,-1.2345679012345734,-2.0
6,Sensitivity-DQN,8007,random,18.594713656387665,69.0,14.07,28.0,197,43,20,-133.22230000000005,227,30,0,2,0,0,300.0,27,0.4,0.6,0.6,27,0.4,0.6,0.6,22,22,50000,8007,random,validation,False,fa89c69d4df65396b556c47c51886af5f1a02287f4ec90fae5d842865d09b2b9,C:\Users\권민우\traffic-control\model\results\reward_fine_search_2026-10-09\runs\fine\seed_22\candidate_27\attempt_001\experiment_27\final.zip,-28.030690537084404,-7.242290748898679,-29.949238578680205,-29.5,-28.030690537084404,-5.48,-4.444444444444439,-2.0,8.83977900552486,16.0
7,Sensitivity-DQN,8008,random,17.34688995215311,59.5,12.085,35.0,178,46,20,-125.12673333333336,209,31,0,1,0,0,300.0,27,0.4,0.6,0.6,27,0.4,0.6,0.6,22,22,50000,8008,random,validation,False,85fdc4042e94b886aca1df437c5f5a2d379d3c3162408629c0b305b7392e680b,C:\Users\권민우\traffic-control\model\results\reward_fine_search_2026-10-09\runs\fine\seed_22\candidate_27\attempt_001\experiment_27\final.zip,47.04928006489555,5.55023923444976,16.666666666666675,8.5,47.04928006489557,3.866666666666667,6.976744186046502,3.0,-7.772020725388606,-15.0
8,Sensitivity-DQN,8009,random,13.42741935483871,59.5,8.325,22.0,178,39,19,-98.46411666666661,186,8,0,2,0,0,300.0,27,0.4,0.6,0.6,27,0.4,0.6,0.6,22,22,50000,8009,random,validation,False,776e63c43ae4b74af8684e652ee35e575d3c68422d440ebcdb28cfcfa668a94e,C:\Users\권민우\traffic-control\model\results\reward_fine_search_2026-10-09\runs\fine\seed_22\candidate_27\attempt_001\experiment_27\final.zip,-8.750456704420895,-1.28763440860215,-9.848484848484851,-6.5,-8.750456704420905,-0.7983333333333338,-11.363636363636365,-5.0,1.1363636363636465,2.0
9,Sensitivity-DQN,8010,random,27.782229965156795,89.0,26.578333333333333,63.0,222,42,17,-192.4952333333333,287,65,0,1,0,0,300.0,27,0.4,0.6,0.6,27,0.4,0.6,0.6,22,22,50000,8010,random,validation,False,a840059b85bbd9b6a912132b0c970d4d51ecdf0326cf009aaea2e9fad68f7bba,C:\Users\권민우\traffic-control\model\results\reward_fine_search_2026-10-09\runs\fine\seed_22\candidate_27\attempt_001\experiment_27\final.zip,-7.209356452926807,-2.158536585365855,-17.209302325581397,-18.5,-7.21475533833712,-2.0666666666666664,-10.63829787234043,-5.0,12.12121212121211,24.0
10,Sensitivity-DQN,8011,random,36.439542483660134,98.0,37.16833333333334,78.0,226,43,19,-257.37336666666675,306,80,0,1,0,0,300.0,27,0.4,0.6,0.6,27,0.4,0.6,0.6,22,22,50000,8011,random,validation,False,3cb7167c2c2b34c1ebf11e7fdb965ba96a41e8a0e843c8e986e324a3722c4171,C:\Users\권민우\traffic-control\model\results\reward_fine_search_2026-10-09\runs\fine\seed_22\candidate_27\attempt_001\experiment_27\final.zip,2.5946542761190683,0.9215686274509807,-7.109004739336489,-7.5,2.5946542761190683,0.9400000000000048,0.0,0.0,-0.4405286343612369,-1.0
11,Sensitivity-DQN,8012,random,30.393987341772153,88.5,32.015,74.0,208,44,19,-198.80344999999997,316,108,0,2,0,0,300.0,27,0.4,0.6,0.6,27,0.4,0.6,0.6,22,22,50000,8012,random,validation,False,a43af6ff2bb883b6d9a617961af61470161a2cebdc9b5d49bdb4318dbb7f654b,C:\Users\권민우\traffic-control\model\results\reward_fine_search_2026-10-09\runs\fine\seed_22\candidate_27\attempt_001\experiment_27\final.zip,5.3760491524494025,1.5506329113924053,-6.842105263157894,-6.5,5.3760491524494025,1.6333333333333329,4.761904761904767,2.0,-4.587155963302747,-10.0
12,Sensitivity-DQN,8013,random,18.08555133079848,66.0,15.855,42.0,221,42,19,-140.3193833333333,263,42,0,1,0,0,300.0,27,0.4,0.6,0.6,27,0.4,0.6,0.6,22,22,50000,8013,random,validation,False,dc72dfa2fd6460529e83df749d8d9abea9bcee3755fb816ec851d7258e8920db,C:\Users\권민우\traffic-control\model\results\reward_fine_search_2026-10-09\runs\fine\seed_22\candidate_27\attempt_001\experiment_27\final.zip,2.1256038647343267,0.3764258555133111,-6.382978723404253,-4.5,2.1256038647343045,0.33000000000000007,0.0,0.0,-1.3392857142857095,-3.0
13,Sensitivity-DQN,8014,random,23.066810344827587,90.0,17.838333333333335,47.0,180,43,23,-144.22723333333326,232,52,0,2,0,0,300.0,27,0.4,0.6,0.6,27,0.4,0.6,0.6,22,22,50000,8014,random,validation,False,55cd1036a4d9d8cba7cc7d7ac04aa9661b6e4c0235b398b071eadc518fa79e7e,C:\Users\권민우\traffic-control\model\results\reward_fine_search_2026-10-09\runs\fine\seed_22\candidate_27\attempt_001\experiment_27\final.zip,14.568614857632213,2.9331896551724164,-13.875598086124397,-14.5,14.568614857632213,2.2683333333333344,-2.2727272727272707,-1.0,-3.7433155080213942,-7.0
14,Sensitivity-DQN,8015,random,29.46043165467626,108.0,27.3,58.0,212,43,24,-205.54796666666667,278,66,0,3,0,0,300.0,27,0.4,0.6,0.6,27,0.4,0.6,0.6,22,22,50000,8015,random,validation,False,4b5952cea76dd251669c9507a7f12fefeb3138a19302395b7893ec16755927b3,C:\Users\권민우\traffic-control\model\results\reward_fine_search_2026-10-09\runs\fine\seed_22\candidate_27\attempt_001\experiment_27\final.zip,26.927547462223945,6.25,24.855491329479772,21.5,26.927547462223945,5.791666666666668,-4.444444444444439,-2.0,-5.777777777777782,-13.0
15,Sensitivity-DQN,8016,random,34.329032258064515,102.0,35.473333333333336,96.0,218,43,19,-233.50588333333343,310,92,0,2,0,0,300.0,27,0.4,0.6,0.6,27,0.4,0.6,0.6,22,22,50000,8016,random,validation,False,5d676c5c894eac0f3d9f703037c1ebf9802829a4819393f69c0acc1492442857,C:\Users\권민우\traffic-control\model\results\reward_fine_search_2026-10-09\runs\fine\seed_22\candidate_27\attempt_001\experiment_27\final.zip,27.01557558035448,7.301612903225806,20.710059171597628,17.5,27.01557558035448,7.545000000000002,0.0,0.0,-5.21739130434783,-12.0
16,Sensitivity-DQN,8017,random,21.62948207171315,73.0,18.096666666666668,42.0,209,42,18,-151.2420833333334,251,42,0,3,0,0,300.0,27,0.4,0.6,0.6,27,0.4,0.6,0.6,22,22,50000,8017,random,validation,False,658c6c23978d040d2ba3fee1c2044362083690f1063d980fbf123a6eeec43fd8,C:\Users\권민우\traffic-control\model\results\reward_fine_search_2026-10-09\runs\fine\seed_22\candidate_27\attempt_001\experiment_27\final.zip,-0.37618130103678205,-0.08167330677290607,-21.92513368983957,-20.5,-0.37618130103678205,-0.06833333333333158,0.0,0.0,0.9661835748792313,2.0
17,Sensitivity-DQN,8018,random,10.846153846153847,46.5,4.7,13.0,124,41,24,-75.21783333333332,130,6,0,1,0,0,300.0,27,0.4,0.6,0.6,27,0.4,0.6,0.6,22,22,50000,8018,random,validation,False,f44facdd126218ef97befa1789def0801faaa77ceb04886a6bc156a900691cfc,C:\Users\권민우\traffic-control\model\results\reward_fine_search_2026-10-09\runs\fine\seed_22\candidate_27\attempt_001\experiment_27\final.zip,-1.0873377762188552,-0.11923076923076792,5.681818181818188,2.5,-1.0873377762188774,-0.05166666666666675,-2.3809523809523836,-1.0,2.4793388429751984,3.0
18,Sensitivity-DQN,8019,random,30.805732484076433,100.0,32.24333333333333,77.0,233,42,20,-223.05641666666665,314,81,0,3,0,0,300.0,27,0.4,0.6,0.6,27,0.4,0.6,0.6,22,22,50000,8019,random,validation,False,52131aa9c898a5842eac0e7769a57b7442cca0dfa41dd4cce841370fc6b0060c,C:\Users\권민우\traffic-control\model\results\reward_fine_search_2026-10-09\runs\fine\seed_22\candidate_27\attempt_001\experiment_27\final.zip,-0.662387676508347,-0.20541401273885285,-21.259842519685034,-27.0,-0.6623876765083581,-0.2150000000000034,0.0,0.0,-2.5104602510460206,-6.0
19,Sensitivity-DQN,8020,random,21.47142857142857,70.5,15.03,37.0,173,45,18,-136.0148333333333,210,37,0,1,0,0,300.0,27,0.4,0.6,0.6,27,0.4,0.6,0.6,22,22,50000,8020,random,validation,False,8b6b3d586b585e66f3e99748305f4810b898bce1de2bf34ea783f93ef8efbc3c,C:\Users\권민우\traffic-control\model\results\reward_fine_search_2026-10-09\runs\fine\seed_22\candidate_27\attempt_001\experiment_27\final.zip,11.955307262569836,2.2928571428571445,-0.7042253521126751,-0.5,11.955307262569814,1.6049999999999986,0.0,0.0,-4.94505494505495,-9.0
0,Sensitivity-DQN,8001,random,39.46396396396396,120.5,43.805,89.0,217,44,18,-226.82165000000012,333,116,0,2,0,0,300.0,29,0.3,0.5,0.3,29,0.3,0.5,0.3,22,22,50000,8001,random,validation,False,8dd341828f90c6befd05da39f6398cba989e90169d9b64a606076b6fb9fb603c,C:\Users\권민우\traffic-control\model\results\reward_fine_search_2026-10-09\runs\fine\seed_22\candidate_29\attempt_001\experiment_29\final.zip,23.295960970117747,7.456456456456458,22.959183673469386,22.5,23.295960970117747,8.276666666666664,12.82051282051282,5.0,-11.428571428571432,-28.0
1,Sensitivity-DQN,8002,random,21.095555555555556,80.0,15.821666666666667,37.0,195,47,16,-120.75676666666672,225,30,0,2,0,0,300.0,29,0.3,0.5,0.3,29,0.3,0.5,0.3,22,22,50000,8002,random,validation,False,2821177a095106802fb7dc55d27cc7e848d70ca889c81c04df6e242d9b95dc2c,C:\Users\권민우\traffic-control\model\results\reward_fine_search_2026-10-09\runs\fine\seed_22\candidate_29\attempt_001\experiment_29\final.zip,24.156421658383476,4.104444444444447,25.0,16.0,24.156421658383476,3.078333333333333,6.818181818181812,3.0,-6.6985645933014375,-14.0
2,Sensitivity-DQN,8003,random,16.204918032786885,59.5,9.885,22.0,169,48,16,-90.97127916666668,183,14,0,2,0,0,300.0,29,0.3,0.5,0.3,29,0.3,0.5,0.3,22,22,50000,8003,random,validation,False,9354c03af629ff819755229f14e05b8a1326de925c77653ba23425fd1637b4b4,C:\Users\권민우\traffic-control\model\results\reward_fine_search_2026-10-09\runs\fine\seed_22\candidate_29\attempt_001\experiment_29\final.zip,-9.10344827586207,-1.6229508196721305,-20.666666666666668,-15.5,-9.10344827586207,-0.9900000000000002,2.127659574468077,1.0,3.0487804878048808,5.0
3,Sensitivity-DQN,8004,random,15.939252336448599,78.0,11.37,26.0,192,44,23,-103.3554875,214,22,0,2,0,0,300.0,29,0.3,0.5,0.3,29,0.3,0.5,0.3,22,22,50000,8004,random,validation,False,b79c500713d892f6e4ec75115e41bf065a3f2b239f70ef745728c491621d13e9,C:\Users\권민우\traffic-control\model\results\reward_fine_search_2026-10-09\runs\fine\seed_22\candidate_29\attempt_001\experiment_29\final.zip,-3.3711048158640233,-0.55607476635514,40.54054054054055,22.5,-3.3711048158640344,-0.3966666666666683,-4.347826086956519,-2.0,5.494505494505497,10.0
4,Sensitivity-DQN,8005,random,28.81904761904762,120.5,30.26,81.0,224,46,19,-197.26275833333335,315,91,0,2,0,0,300.0,29,0.3,0.5,0.3,29,0.3,0.5,0.3,22,22,50000,8005,random,validation,False,dad8b07ae7aacd3f44de4c3b859fd5a3b640cf23c3bd71481a1f0ec1a70332aa,C:\Users\권민우\traffic-control\model\results\reward_fine_search_2026-10-09\runs\fine\seed_22\candidate_29\attempt_001\experiment_29\final.zip,-0.6729033316921096,-0.19523809523809632,38.50574712643677,33.5,-0.6729033316920985,-0.2049999999999983,12.195121951219523,5.0,-8.571428571428575,-21.0
5,Sensitivity-DQN,8006,random,12.66388888888889,49.5,7.598333333333334,17.0,161,45,18,-75.05945833333334,180,19,0,1,0,0,300.0,29,0.3,0.5,0.3,29,0.3,0.5,0.3,22,22,50000,8006,random,validation,False,ef2f623673927b137a233a73ec5cbcb6c8ce5ecf794f5e6abec53433d205ec06,C:\Users\권민우\traffic-control\model\results\reward_fine_search_2026-10-09\runs\fine\seed_22\candidate_29\attempt_001\experiment_29\final.zip,-7.712550607287438,-1.0583333333333318,0.0,0.0,-7.712550607287438,-0.6349999999999989,7.14285714285714,3.0,-0.6172839506172867,-1.0
6,Sensitivity-DQN,8007,random,25.883259911894275,91.5,19.585,41.0,182,44,21,-148.35104166666656,227,45,0,2,0,0,300.0,29,0.3,0.5,0.3,29,0.3,0.5,0.3,22,22,50000,8007,random,validation,False,fa89c69d4df65396b556c47c51886af5f1a02287f4ec90fae5d842865d09b2b9,C:\Users\권민우\traffic-control\model\results\reward_fine_search_2026-10-09\runs\fine\seed_22\candidate_29\attempt_001\experiment_29\final.zip,0.17902813299233156,0.046255506607931096,-7.106598984771573,-7.0,0.17902813299233156,0.03500000000000014,-2.2222222222222254,-1.0,0.5524861878453136,1.0
7,Sensitivity-DQN,8008,random,16.30622009569378,74.0,11.36,33.0,186,46,18,-99.85048333333326,209,23,0,1,0,0,300.0,29,0.3,0.5,0.3,29,0.3,0.5,0.3,22,22,50000,8008,random,validation,False,85fdc4042e94b886aca1df437c5f5a2d379d3c3162408629c0b305b7392e680b,C:\Users\권민우\traffic-control\model\results\reward_fine_search_2026-10-09\runs\fine\seed_22\candidate_29\attempt_001\experiment_29\final.zip,38.22754005272766,4.509569377990433,45.09803921568627,23.0,38.22754005272764,3.1416666666666657,6.976744186046502,3.0,-3.626943005181349,-7.0
8,Sensitivity-DQN,8009,random,17.551075268817204,77.0,10.881666666666666,30.0,169,46,16,-100.26959583333336,186,17,0,2,0,0,300.0,29,0.3,0.5,0.3,29,0.3,0.5,0.3,22,22,50000,8009,random,validation,False,776e63c43ae4b74af8684e652ee35e575d3c68422d440ebcdb28cfcfa668a94e,C:\Users\권민우\traffic-control\model\results\reward_fine_search_2026-10-09\runs\fine\seed_22\candidate_29\attempt_001\experiment_29\final.zip,19.272926561929115,2.836021505376344,16.666666666666675,11.0,19.272926561929115,1.7583333333333329,4.545454545454541,2.0,-3.9772727272727293,-7.0
9,Sensitivity-DQN,8010,random,30.43205574912892,107.0,29.113333333333333,69.0,209,43,19,-185.0118458333334,287,78,0,1,0,0,300.0,29,0.3,0.5,0.3,29,0.3,0.5,0.3,22,22,50000,8010,random,validation,False,a840059b85bbd9b6a912132b0c970d4d51ecdf0326cf009aaea2e9fad68f7bba,C:\Users\권민우\traffic-control\model\results\reward_fine_search_2026-10-09\runs\fine\seed_22\candidate_29\attempt_001\experiment_29\final.zip,1.6408704759688142,0.49128919860627107,-0.46511627906976605,-0.5,1.6349566532844584,0.4683333333333337,-8.510638297872342,-4.0,5.555555555555558,11.0
10,Sensitivity-DQN,8011,random,34.76143790849673,123.0,35.45666666666666,72.0,221,45,20,-221.20568333333327,306,85,0,1,0,0,300.0,29,0.3,0.5,0.3,29,0.3,0.5,0.3,22,22,50000,8011,random,validation,False,3cb7167c2c2b34c1ebf11e7fdb965ba96a41e8a0e843c8e986e324a3722c4171,C:\Users\권민우\traffic-control\model\results\reward_fine_search_2026-10-09\runs\fine\seed_22\candidate_29\attempt_001\experiment_29\final.zip,-2.130008740856615,-0.7565359477124218,16.58767772511849,17.5,-2.1300087408566037,-0.7716666666666683,4.651162790697683,2.0,-2.643171806167399,-6.0
11,Sensitivity-DQN,8012,random,28.70253164556962,129.0,30.233333333333334,76.0,223,44,22,-191.89509583333333,316,93,0,2,0,0,300.0,29,0.3,0.5,0.3,29,0.3,0.5,0.3,22,22,50000,8012,random,validation,False,a43af6ff2bb883b6d9a617961af61470161a2cebdc9b5d49bdb4318dbb7f654b,C:\Users\권민우\traffic-control\model\results\reward_fine_search_2026-10-09\runs\fine\seed_22\candidate_29\attempt_001\experiment_29\final.zip,-0.4882330352734665,-0.14082278481012622,35.78947368421053,34.0,-0.4882330352734665,-0.14833333333333343,4.761904761904767,2.0,2.2935779816513735,5.0
12,Sensitivity-DQN,8013,random,17.304182509505704,82.5,15.17,43.0,220,47,19,-118.13005000000004,263,43,0,1,0,0,300.0,29,0.3,0.5,0.3,29,0.3,0.5,0.3,22,22,50000,8013,random,validation,False,dc72dfa2fd6460529e83df749d8d9abea9bcee3755fb816ec851d7258e8920db,C:\Users\권민우\traffic-control\model\results\reward_fine_search_2026-10-09\runs\fine\seed_22\candidate_29\attempt_001\experiment_29\final.zip,-2.2866344605474875,-0.4049429657794654,17.021276595744684,12.0,-2.2866344605475097,-0.3550000000000004,11.904761904761907,5.0,-1.7857142857142905,-4.0
13,Sensitivity-DQN,8014,random,22.385775862068964,97.0,17.311666666666667,36.0,182,45,23,-141.69488750000002,232,50,0,2,0,0,300.0,29,0.3,0.5,0.3,29,0.3,0.5,0.3,22,22,50000,8014,random,validation,False,55cd1036a4d9d8cba7cc7d7ac04aa9661b6e4c0235b398b071eadc518fa79e7e,C:\Users\권민우\traffic-control\model\results\reward_fine_search_2026-10-09\runs\fine\seed_22\candidate_29\attempt_001\experiment_29\final.zip,11.186041532862356,2.2521551724137936,-7.177033492822971,-7.5,11.186041532862333,1.7416666666666671,2.2727272727272707,1.0,-2.67379679144385,-5.0
14,Sensitivity-DQN,8015,random,28.16007194244604,96.5,26.095,56.0,226,43,22,-177.7337249999999,278,52,0,3,0,0,300.0,29,0.3,0.5,0.3,29,0.3,0.5,0.3,22,22,50000,8015,random,validation,False,4b5952cea76dd251669c9507a7f12fefeb3138a19302395b7893ec16755927b3,C:\Users\권민우\traffic-control\model\results\reward_fine_search_2026-10-09\runs\fine\seed_22\candidate_29\attempt_001\experiment_29\final.zip,21.325067803177046,4.949640287769782,11.560693641618492,10.0,21.325067803177067,4.586666666666666,-4.444444444444439,-2.0,0.4444444444444473,1.0
15,Sensitivity-DQN,8016,random,30.406451612903226,84.5,31.42,84.0,207,48,21,-182.61050416666663,310,103,0,2,0,0,300.0,29,0.3,0.5,0.3,29,0.3,0.5,0.3,22,22,50000,8016,random,validation,False,5d676c5c894eac0f3d9f703037c1ebf9802829a4819393f69c0acc1492442857,C:\Users\권민우\traffic-control\model\results\reward_fine_search_2026-10-09\runs\fine\seed_22\candidate_29\attempt_001\experiment_29\final.zip,12.502237870740585,3.379032258064516,0.0,0.0,12.502237870740585,3.491666666666667,11.627906976744185,5.0,-9.999999999999998,-23.0
16,Sensitivity-DQN,8017,random,23.96613545816733,103.5,20.051666666666666,43.0,209,43,20,-156.85111666666657,251,42,0,3,0,0,300.0,29,0.3,0.5,0.3,29,0.3,0.5,0.3,22,22,50000,8017,random,validation,False,658c6c23978d040d2ba3fee1c2044362083690f1063d980fbf123a6eeec43fd8,C:\Users\권민우\traffic-control\model\results\reward_fine_search_2026-10-09\runs\fine\seed_22\candidate_29\attempt_001\experiment_29\final.zip,10.386273970089,2.2549800796812747,10.6951871657754,10.0,10.386273970089,1.8866666666666667,2.3809523809523725,1.0,0.9661835748792313,2.0
17,Sensitivity-DQN,8018,random,10.188461538461539,57.0,4.415,9.0,121,46,20,-63.24394583333335,130,9,0,1,0,0,300.0,29,0.3,0.5,0.3,29,0.3,0.5,0.3,22,22,50000,8018,random,validation,False,f44facdd126218ef97befa1789def0801faaa77ceb04886a6bc156a900691cfc,C:\Users\권민우\traffic-control\model\results\reward_fine_search_2026-10-09\runs\fine\seed_22\candidate_29\attempt_001\experiment_29\final.zip,-7.085233251490697,-0.7769230769230759,29.54545454545454,13.0,-7.085233251490708,-0.3366666666666669,9.523809523809534,4.0,0.0,0.0
18,Sensitivity-DQN,8019,random,28.262738853503183,112.5,29.581666666666667,54.0,253,41,21,-196.86627916666674,314,61,0,3,0,0,300.0,29,0.3,0.5,0.3,29,0.3,0.5,0.3,22,22,50000,8019,random,validation,False,52131aa9c898a5842eac0e7769a57b7442cca0dfa41dd4cce841370fc6b0060c,C:\Users\권민우\traffic-control\model\results\reward_fine_search_2026-10-09\runs\fine\seed_22\candidate_29\attempt_001\experiment_29\final.zip,-8.862644415917842,-2.7484076433121025,-11.41732283464567,-14.5,-8.862644415917853,-2.8766666666666687,-2.3809523809523836,-1.0,5.857740585774063,14.0
19,Sensitivity-DQN,8020,random,19.723809523809525,61.5,13.806666666666667,31.0,178,46,20,-104.7246625,210,32,0,1,0,0,300.0,29,0.3,0.5,0.3,29,0.3,0.5,0.3,22,22,50000,8020,random,validation,False,8b6b3d586b585e66f3e99748305f4810b898bce1de2bf34ea783f93ef8efbc3c,C:\Users\권민우\traffic-control\model\results\reward_fine_search_2026-10-09\runs\fine\seed_22\candidate_29\attempt_001\experiment_29\final.zip,2.842954686530108,0.5452380952380977,-13.38028169014085,-9.5,2.842954686530108,0.38166666666666593,2.2222222222222143,1.0,-2.197802197802201,-4.0
0,Sensitivity-DQN,8001,random,34.513513513513516,96.0,38.31,94.0,227,42,18,-193.8249625,333,106,0,2,0,0,300.0,30,0.3,0.3,0.5,30,0.3,0.3,0.5,22,22,50000,8001,random,validation,False,8dd341828f90c6befd05da39f6398cba989e90169d9b64a606076b6fb9fb603c,C:\Users\권민우\traffic-control\model\results\reward_fine_search_2026-10-09\runs\fine\seed_22\candidate_30\attempt_001\experiment_30\final.zip,7.8294319088051845,2.506006006006011,-2.0408163265306145,-2.0,7.8294319088051845,2.7816666666666663,7.692307692307687,3.0,-7.346938775510203,-18.0
1,Sensitivity-DQN,8002,random,21.324444444444445,79.0,15.993333333333334,35.0,188,43,16,-111.93944999999997,225,37,0,2,0,0,300.0,30,0.3,0.3,0.5,30,0.3,0.3,0.5,22,22,50000,8002,random,validation,False,2821177a095106802fb7dc55d27cc7e848d70ca889c81c04df6e242d9b95dc2c,C:\Users\권민우\traffic-control\model\results\reward_fine_search_2026-10-09\runs\fine\seed_22\candidate_30\attempt_001\experiment_30\final.zip,25.503531258174217,4.333333333333336,23.4375,15.0,25.503531258174217,3.25,-2.2727272727272707,-1.0,-10.047846889952151,-21.0
2,Sensitivity-DQN,8003,random,16.814207650273225,60.5,10.256666666666666,23.0,168,41,15,-85.6587875,183,15,0,2,0,0,300.0,30,0.3,0.3,0.5,30,0.3,0.3,0.5,22,22,50000,8003,random,validation,False,9354c03af629ff819755229f14e05b8a1326de925c77653ba23425fd1637b4b4,C:\Users\권민우\traffic-control\model\results\reward_fine_search_2026-10-09\runs\fine\seed_22\candidate_30\attempt_001\experiment_30\final.zip,-5.685823754789265,-1.0136612021857907,-19.333333333333336,-14.5,-5.6858237547892765,-0.6183333333333341,-12.765957446808507,-6.0,2.4390243902439046,4.0
3,Sensitivity-DQN,8004,random,17.570093457943926,69.5,12.533333333333333,26.0,187,44,21,-93.51804999999993,214,27,0,2,0,0,300.0,30,0.3,0.3,0.5,30,0.3,0.3,0.5,22,22,50000,8004,random,validation,False,b79c500713d892f6e4ec75115e41bf065a3f2b239f70ef745728c491621d13e9,C:\Users\권민우\traffic-control\model\results\reward_fine_search_2026-10-09\runs\fine\seed_22\candidate_30\attempt_001\experiment_30\final.zip,6.5155807365439244,1.0747663551401878,25.225225225225234,14.0,6.515580736543902,0.7666666666666657,-4.347826086956519,-2.0,2.7472527472527375,5.0
4,Sensitivity-DQN,8005,random,29.98095238095238,101.5,31.48,65.0,229,43,21,-175.25263749999996,315,86,0,2,0,0,300.0,30,0.3,0.3,0.5,30,0.3,0.3,0.5,22,22,50000,8005,random,validation,False,dad8b07ae7aacd3f44de4c3b859fd5a3b640cf23c3bd71481a1f0ec1a70332aa,C:\Users\권민우\traffic-control\model\results\reward_fine_search_2026-10-09\runs\fine\seed_22\candidate_30\attempt_001\experiment_30\final.zip,3.331692105695061,0.966666666666665,16.666666666666675,14.5,3.331692105695061,1.0150000000000006,4.878048780487809,2.0,-6.530612244897959,-16.0
5,Sensitivity-DQN,8006,random,14.041666666666666,55.0,8.425,20.0,159,41,19,-76.08059999999998,180,21,0,1,0,0,300.0,30,0.3,0.3,0.5,30,0.3,0.3,0.5,22,22,50000,8006,random,validation,False,ef2f623673927b137a233a73ec5cbcb6c8ce5ecf794f5e6abec53433d205ec06,C:\Users\권민우\traffic-control\model\results\reward_fine_search_2026-10-09\runs\fine\seed_22\candidate_30\attempt_001\experiment_30\final.zip,2.327935222672073,0.31944444444444464,11.111111111111116,5.5,2.327935222672073,0.1916666666666682,-2.3809523809523836,-1.0,-1.851851851851849,-3.0
6,Sensitivity-DQN,8007,random,21.8920704845815,65.5,16.565,33.0,195,43,17,-115.16603749999996,227,32,0,2,0,0,300.0,30,0.3,0.3,0.5,30,0.3,0.3,0.5,22,22,50000,8007,random,validation,False,fa89c69d4df65396b556c47c51886af5f1a02287f4ec90fae5d842865d09b2b9,C:\Users\권민우\traffic-control\model\results\reward_fine_search_2026-10-09\runs\fine\seed_22\candidate_30\attempt_001\experiment_30\final.zip,-15.268542199488488,-3.9449339207048446,-33.50253807106599,-33.0,-15.268542199488488,-2.9849999999999994,-4.444444444444439,-2.0,7.734806629834257,14.0
7,Sensitivity-DQN,8008,random,16.07894736842105,78.0,11.203333333333333,29.0,190,44,19,-91.92525000000003,209,19,0,1,0,0,300.0,30,0.3,0.3,0.5,30,0.3,0.3,0.5,22,22,50000,8008,random,validation,False,85fdc4042e94b886aca1df437c5f5a2d379d3c3162408629c0b305b7392e680b,C:\Users\권민우\traffic-control\model\results\reward_fine_search_2026-10-09\runs\fine\seed_22\candidate_30\attempt_001\experiment_30\final.zip,36.300953153518556,4.2822966507177025,52.941176470588225,27.0,36.3212330156155,2.9849999999999994,2.3255813953488413,1.0,-1.5544041450777257,-3.0
8,Sensitivity-DQN,8009,random,14.362903225806452,70.5,8.905,23.0,177,41,18,-80.02782500000002,186,9,0,2,0,0,300.0,30,0.3,0.3,0.5,30,0.3,0.3,0.5,22,22,50000,8009,random,validation,False,776e63c43ae4b74af8684e652ee35e575d3c68422d440ebcdb28cfcfa668a94e,C:\Users\권민우\traffic-control\model\results\reward_fine_search_2026-10-09\runs\fine\seed_22\candidate_30\attempt_001\experiment_30\final.zip,-2.3931311655096765,-0.35215053763440807,6.818181818181812,4.5,-2.3931311655096876,-0.2183333333333337,-6.818181818181824,-3.0,0.5681818181818121,1.0
9,Sensitivity-DQN,8010,random,31.31533101045296,112.0,29.958333333333332,66.0,208,43,19,-166.42127499999998,287,79,0,1,0,0,300.0,30,0.3,0.3,0.5,30,0.3,0.3,0.5,22,22,50000,8010,random,validation,False,a840059b85bbd9b6a912132b0c970d4d51ecdf0326cf009aaea2e9fad68f7bba,C:\Users\권민우\traffic-control\model\results\reward_fine_search_2026-10-09\runs\fine\seed_22\candidate_30\attempt_001\experiment_30\final.zip,4.590946118934003,1.374564459930312,4.1860465116279055,4.5,4.58486065049164,1.3133333333333326,-8.510638297872342,-4.0,5.050505050505061,10.0
10,Sensitivity-DQN,8011,random,34.06699346405229,101.5,34.748333333333335,62.0,236,44,19,-201.61000000000016,306,70,0,1,0,0,300.0,30,0.3,0.3,0.5,30,0.3,0.3,0.5,22,22,50000,8011,random,validation,False,3cb7167c2c2b34c1ebf11e7fdb965ba96a41e8a0e843c8e986e324a3722c4171,C:\Users\권민우\traffic-control\model\results\reward_fine_search_2026-10-09\runs\fine\seed_22\candidate_30\attempt_001\experiment_30\final.zip,-4.085200349634266,-1.4509803921568647,-3.791469194312791,-4.0,-4.085200349634254,-1.4799999999999969,2.3255813953488413,1.0,3.96475770925111,9.0
11,Sensitivity-DQN,8012,random,30.17721518987342,86.5,31.786666666666665,77.0,225,42,21,-164.46094999999985,316,91,0,2,0,0,300.0,30,0.3,0.3,0.5,30,0.3,0.3,0.5,22,22,50000,8012,random,validation,False,a43af6ff2bb883b6d9a617961af61470161a2cebdc9b5d49bdb4318dbb7f654b,C:\Users\권민우\traffic-control\model\results\reward_fine_search_2026-10-09\runs\fine\seed_22\candidate_30\attempt_001\experiment_30\final.zip,4.6244994239947435,1.333860759493671,-8.947368421052627,-8.5,4.624499423994721,1.4049999999999976,0.0,0.0,3.2110091743119185,7.0
12,Sensitivity-DQN,8013,random,17.450570342205324,74.5,15.298333333333334,41.0,221,43,19,-113.62157499999998,263,42,0,1,0,0,300.0,30,0.3,0.3,0.5,30,0.3,0.3,0.5,22,22,50000,8013,random,validation,False,dc72dfa2fd6460529e83df749d8d9abea9bcee3755fb816ec851d7258e8920db,C:\Users\권민우\traffic-control\model\results\reward_fine_search_2026-10-09\runs\fine\seed_22\candidate_30\attempt_001\experiment_30\final.zip,-1.4600107353730407,-0.25855513307984523,5.673758865248235,4.0,-1.4600107353730518,-0.22666666666666657,2.3809523809523725,1.0,-1.3392857142857095,-3.0
13,Sensitivity-DQN,8014,random,22.148706896551722,84.0,17.128333333333334,37.0,182,45,25,-117.72163750000003,232,50,0,2,0,0,300.0,30,0.3,0.3,0.5,30,0.3,0.3,0.5,22,22,50000,8014,random,validation,False,55cd1036a4d9d8cba7cc7d7ac04aa9661b6e4c0235b398b071eadc518fa79e7e,C:\Users\권민우\traffic-control\model\results\reward_fine_search_2026-10-09\runs\fine\seed_22\candidate_30\attempt_001\experiment_30\final.zip,10.00856347677157,2.0150862068965516,-19.61722488038278,-20.5,10.00856347677157,1.5583333333333336,2.2727272727272707,1.0,-2.67379679144385,-5.0
14,Sensitivity-DQN,8015,random,28.559352517985612,95.0,26.465,54.0,217,45,21,-159.57362499999996,278,61,0,3,0,0,300.0,30,0.3,0.3,0.5,30,0.3,0.3,0.5,22,22,50000,8015,random,validation,False,4b5952cea76dd251669c9507a7f12fefeb3138a19302395b7893ec16755927b3,C:\Users\권민우\traffic-control\model\results\reward_fine_search_2026-10-09\runs\fine\seed_22\candidate_30\attempt_001\experiment_30\final.zip,23.045331266950786,5.348920863309353,9.826589595375722,8.5,23.045331266950786,4.956666666666667,0.0,0.0,-3.5555555555555562,-8.0
15,Sensitivity-DQN,8016,random,30.56290322580645,114.0,31.583333333333332,72.0,222,41,22,-175.04152499999998,310,88,0,2,0,0,300.0,30,0.3,0.3,0.5,30,0.3,0.3,0.5,22,22,50000,8016,random,validation,False,5d676c5c894eac0f3d9f703037c1ebf9802829a4819393f69c0acc1492442857,C:\Users\권민우\traffic-control\model\results\reward_fine_search_2026-10-09\runs\fine\seed_22\candidate_30\attempt_001\experiment_30\final.zip,13.081100435638838,3.5354838709677416,34.9112426035503,29.5,13.087068090947064,3.6549999999999976,-4.651162790697672,-2.0,-3.4782608695652195,-8.0
16,Sensitivity-DQN,8017,random,22.153386454183266,102.5,18.535,40.0,215,41,19,-134.46087500000002,251,36,0,3,0,0,300.0,30,0.3,0.3,0.5,30,0.3,0.3,0.5,22,22,50000,8017,random,validation,False,658c6c23978d040d2ba3fee1c2044362083690f1063d980fbf123a6eeec43fd8,C:\Users\권민우\traffic-control\model\results\reward_fine_search_2026-10-09\runs\fine\seed_22\candidate_30\attempt_001\experiment_30\final.zip,2.036884117808979,0.44223107569721165,9.625668449197855,9.0,2.036884117808979,0.370000000000001,-2.3809523809523836,-1.0,3.864734299516903,8.0
17,Sensitivity-DQN,8018,random,7.776923076923077,42.5,3.37,12.0,124,45,22,-48.30158750000001,130,6,0,1,0,0,300.0,30,0.3,0.3,0.5,30,0.3,0.3,0.5,22,22,50000,8018,random,validation,False,f44facdd126218ef97befa1789def0801faaa77ceb04886a6bc156a900691cfc,C:\Users\권민우\traffic-control\model\results\reward_fine_search_2026-10-09\runs\fine\seed_22\candidate_30\attempt_001\experiment_30\final.zip,-29.077516660820756,-3.188461538461538,-3.409090909090906,-1.5,-29.07751666082077,-1.3816666666666668,7.14285714285714,3.0,2.4793388429751984,3.0
18,Sensitivity-DQN,8019,random,30.001592356687897,128.5,31.401666666666667,56.0,251,42,22,-185.01563750000003,314,63,0,3,0,0,300.0,30,0.3,0.3,0.5,30,0.3,0.3,0.5,22,22,50000,8019,random,validation,False,52131aa9c898a5842eac0e7769a57b7442cca0dfa41dd4cce841370fc6b0060c,C:\Users\권민우\traffic-control\model\results\reward_fine_search_2026-10-09\runs\fine\seed_22\candidate_30\attempt_001\experiment_30\final.zip,-3.25545571245186,-1.0095541401273884,1.1811023622047223,1.5,-3.2554557124518713,-1.0566666666666684,0.0,0.0,5.020920502092041,12.0
19,Sensitivity-DQN,8020,random,19.947619047619046,53.0,13.965,30.0,185,41,21,-96.50157500000005,210,25,0,1,0,0,300.0,30,0.3,0.3,0.5,30,0.3,0.3,0.5,22,22,50000,8020,random,validation,False,8b6b3d586b585e66f3e99748305f4810b898bce1de2bf34ea783f93ef8efbc3c,C:\Users\권민우\traffic-control\model\results\reward_fine_search_2026-10-09\runs\fine\seed_22\candidate_30\attempt_001\experiment_30\final.zip,4.009931719428916,0.769047619047619,-25.352112676056336,-18.0,4.02234636871508,0.5399999999999991,-8.888888888888891,-4.0,1.6483516483516425,3.0
0,Sensitivity-DQN,8001,random,40.05855855855856,112.0,44.465,108.0,212,43,21,-250.74282499999998,333,121,0,2,0,0,300.0,28,0.3,0.5,0.7,28,0.3,0.5,0.7,22,22,50000,8001,random,validation,False,8dd341828f90c6befd05da39f6398cba989e90169d9b64a606076b6fb9fb603c,C:\Users\권민우\traffic-control\model\results\reward_fine_search_2026-10-09\runs\fine\seed_22\candidate_28\attempt_001\experiment_28\final.zip,25.153633250457386,8.051051051051054,14.28571428571428,14.0,25.153633250457386,8.936666666666667,10.256410256410264,4.0,-13.469387755102035,-33.0
1,Sensitivity-DQN,8002,random,17.96,56.5,13.47,29.0,199,40,14,-121.12265000000001,225,26,0,2,0,0,300.0,28,0.3,0.5,0.7,28,0.3,0.5,0.7,22,22,50000,8002,random,validation,False,2821177a095106802fb7dc55d27cc7e848d70ca889c81c04df6e242d9b95dc2c,C:\Users\권민우\traffic-control\model\results\reward_fine_search_2026-10-09\runs\fine\seed_22\candidate_28\attempt_001\experiment_28\final.zip,5.702328014648206,0.9688888888888911,-11.71875,-7.5,5.702328014648184,0.7266666666666666,-9.090909090909093,-4.0,-4.784688995215314,-10.0
2,Sensitivity-DQN,8003,random,14.680327868852459,49.0,8.955,23.0,171,42,21,-97.52792499999995,183,12,0,2,0,0,300.0,28,0.3,0.5,0.7,28,0.3,0.5,0.7,22,22,50000,8003,random,validation,False,9354c03af629ff819755229f14e05b8a1326de925c77653ba23425fd1637b4b4,C:\Users\권민우\traffic-control\model\results\reward_fine_search_2026-10-09\runs\fine\seed_22\candidate_28\attempt_001\experiment_28\final.zip,-17.655172413793107,-3.1475409836065573,-34.66666666666667,-26.0,-17.655172413793107,-1.92,-10.63829787234043,-5.0,4.268292682926833,7.0
3,Sensitivity-DQN,8004,random,16.02102803738318,57.5,11.428333333333333,28.0,187,42,21,-108.58132499999996,214,27,0,2,0,0,300.0,28,0.3,0.5,0.7,28,0.3,0.5,0.7,22,22,50000,8004,random,validation,False,b79c500713d892f6e4ec75115e41bf065a3f2b239f70ef745728c491621d13e9,C:\Users\권민우\traffic-control\model\results\reward_fine_search_2026-10-09\runs\fine\seed_22\candidate_28\attempt_001\experiment_28\final.zip,-2.87535410764872,-0.4742990654205599,3.603603603603611,2.0,-2.875354107648742,-0.3383333333333347,-8.695652173913048,-4.0,2.7472527472527375,5.0
4,Sensitivity-DQN,8005,random,27.144444444444446,93.5,28.501666666666665,82.0,250,41,22,-187.34569166666674,315,65,0,2,0,0,300.0,28,0.3,0.5,0.7,28,0.3,0.5,0.7,22,22,50000,8005,random,validation,False,dad8b07ae7aacd3f44de4c3b859fd5a3b640cf23c3bd71481a1f0ec1a70332aa,C:\Users\권민우\traffic-control\model\results\reward_fine_search_2026-10-09\runs\fine\seed_22\candidate_28\attempt_001\experiment_28\final.zip,-6.444553859620328,-1.8698412698412703,7.471264367816088,6.5,-6.444553859620338,-1.9633333333333347,0.0,0.0,2.0408163265306145,5.0
5,Sensitivity-DQN,8006,random,15.327777777777778,61.5,9.196666666666667,23.0,153,38,20,-98.81578333333336,180,27,0,1,0,0,300.0,28,0.3,0.5,0.7,28,0.3,0.5,0.7,22,22,50000,8006,random,validation,False,ef2f623673927b137a233a73ec5cbcb6c8ce5ecf794f5e6abec53433d205ec06,C:\Users\권민우\traffic-control\model\results\reward_fine_search_2026-10-09\runs\fine\seed_22\candidate_28\attempt_001\experiment_28\final.zip,11.700404858299596,1.605555555555556,24.242424242424242,12.0,11.700404858299617,0.9633333333333347,-9.523809523809524,-4.0,-5.555555555555558,-9.0
6,Sensitivity-DQN,8007,random,21.986784140969164,72.0,16.636666666666667,36.0,191,37,21,-133.9809333333333,227,36,0,2,0,0,300.0,28,0.3,0.5,0.7,28,0.3,0.5,0.7,22,22,50000,8007,random,validation,False,fa89c69d4df65396b556c47c51886af5f1a02287f4ec90fae5d842865d09b2b9,C:\Users\권민우\traffic-control\model\results\reward_fine_search_2026-10-09\runs\fine\seed_22\candidate_28\attempt_001\experiment_28\final.zip,-14.901960784313728,-3.85022026431718,-26.903553299492387,-26.5,-14.901960784313728,-2.913333333333334,-17.777777777777782,-8.0,5.524861878453047,10.0
7,Sensitivity-DQN,8008,random,15.098086124401913,58.0,10.518333333333333,29.0,186,42,21,-110.41677916666669,209,23,0,1,0,0,300.0,28,0.3,0.5,0.7,28,0.3,0.5,0.7,22,22,50000,8008,random,validation,False,85fdc4042e94b886aca1df437c5f5a2d379d3c3162408629c0b305b7392e680b,C:\Users\권민우\traffic-control\model\results\reward_fine_search_2026-10-09\runs\fine\seed_22\candidate_28\attempt_001\experiment_28\final.zip,27.98620969377408,3.3014354066985643,13.725490196078427,7.0,27.98620969377408,2.299999999999999,-2.3255813953488413,-1.0,-3.626943005181349,-7.0
8,Sensitivity-DQN,8009,random,17.483870967741936,67.0,10.84,28.0,169,41,21,-113.28722916666665,186,17,0,2,0,0,300.0,28,0.3,0.5,0.7,28,0.3,0.5,0.7,22,22,50000,8009,random,validation,False,776e63c43ae4b74af8684e652ee35e575d3c68422d440ebcdb28cfcfa668a94e,C:\Users\권민우\traffic-control\model\results\reward_fine_search_2026-10-09\runs\fine\seed_22\candidate_28\attempt_001\experiment_28\final.zip,18.816222141030337,2.768817204301076,1.5151515151515138,1.0,18.816222141030337,1.7166666666666668,-6.818181818181824,-3.0,-3.9772727272727293,-7.0
9,Sensitivity-DQN,8010,random,28.930313588850176,111.0,27.676666666666666,59.0,216,41,22,-195.9200916666666,287,71,0,1,0,0,300.0,28,0.3,0.5,0.7,28,0.3,0.5,0.7,22,22,50000,8010,random,validation,False,a840059b85bbd9b6a912132b0c970d4d51ecdf0326cf009aaea2e9fad68f7bba,C:\Users\권민우\traffic-control\model\results\reward_fine_search_2026-10-09\runs\fine\seed_22\candidate_28\attempt_001\experiment_28\final.zip,-3.3748399860351497,-1.010452961672474,3.2558139534883734,3.5,-3.3804619770756994,-0.9683333333333337,-12.765957446808507,-6.0,9.090909090909083,18.0
10,Sensitivity-DQN,8011,random,36.89869281045752,133.0,37.63666666666666,72.0,226,41,21,-255.41869999999997,306,80,0,1,0,0,300.0,28,0.3,0.5,0.7,28,0.3,0.5,0.7,22,22,50000,8011,random,validation,False,3cb7167c2c2b34c1ebf11e7fdb965ba96a41e8a0e843c8e986e324a3722c4171,C:\Users\권민우\traffic-control\model\results\reward_fine_search_2026-10-09\runs\fine\seed_22\candidate_28\attempt_001\experiment_28\final.zip,3.887380963334408,1.3807189542483655,26.066350710900466,27.5,3.887380963334408,1.4083333333333314,-4.651162790697672,-2.0,-0.4405286343612369,-1.0
11,Sensitivity-DQN,8012,random,29.825949367088608,117.5,31.416666666666668,75.0,221,40,23,-207.31304999999995,316,95,0,3,0,0,300.0,28,0.3,0.5,0.7,28,0.3,0.5,0.7,22,22,50000,8012,random,validation,False,a43af6ff2bb883b6d9a617961af61470161a2cebdc9b5d49bdb4318dbb7f654b,C:\Users\권민우\traffic-control\model\results\reward_fine_search_2026-10-09\runs\fine\seed_22\candidate_28\attempt_001\experiment_28\final.zip,3.4066597180317126,0.9825949367088604,23.684210526315795,22.5,3.4066597180317126,1.0350000000000001,-4.761904761904767,-2.0,1.3761467889908285,3.0
12,Sensitivity-DQN,8013,random,16.73954372623574,69.0,14.675,41.0,220,42,24,-133.69797916666667,263,43,0,1,0,0,300.0,28,0.3,0.5,0.7,28,0.3,0.5,0.7,22,22,50000,8013,random,validation,False,dc72dfa2fd6460529e83df749d8d9abea9bcee3755fb816ec851d7258e8920db,C:\Users\권민우\traffic-control\model\results\reward_fine_search_2026-10-09\runs\fine\seed_22\candidate_28\attempt_001\experiment_28\final.zip,-5.475040257648944,-0.9695817490494285,-2.127659574468088,-1.5,-5.475040257648955,-0.8499999999999996,0.0,0.0,-1.7857142857142905,-4.0
13,Sensitivity-DQN,8014,random,21.89008620689655,101.5,16.928333333333335,42.0,187,42,25,-150.80540833333333,232,45,0,2,0,0,300.0,28,0.3,0.5,0.7,28,0.3,0.5,0.7,22,22,50000,8014,random,validation,False,55cd1036a4d9d8cba7cc7d7ac04aa9661b6e4c0235b398b071eadc518fa79e7e,C:\Users\권민우\traffic-control\model\results\reward_fine_search_2026-10-09\runs\fine\seed_22\candidate_28\attempt_001\experiment_28\final.zip,8.7240419610362,1.7564655172413808,-2.8708133971291905,-3.0,8.724041961036178,1.3583333333333343,-4.545454545454541,-2.0,0.0,0.0
14,Sensitivity-DQN,8015,random,27.109712230215827,108.5,25.121666666666666,56.0,223,40,22,-190.9647083333333,278,55,0,3,0,0,300.0,28,0.3,0.5,0.7,28,0.3,0.5,0.7,22,22,50000,8015,random,validation,False,4b5952cea76dd251669c9507a7f12fefeb3138a19302395b7893ec16755927b3,C:\Users\권민우\traffic-control\model\results\reward_fine_search_2026-10-09\runs\fine\seed_22\candidate_28\attempt_001\experiment_28\final.zip,16.79969004261914,3.899280575539567,25.4335260115607,22.0,16.79969004261914,3.6133333333333333,-11.111111111111116,-5.0,-0.8888888888888835,-2.0
15,Sensitivity-DQN,8016,random,33.64354838709677,84.0,34.765,94.0,202,44,22,-207.57917916666653,310,108,0,2,0,0,300.0,28,0.3,0.5,0.7,28,0.3,0.5,0.7,22,22,50000,8016,random,validation,False,5d676c5c894eac0f3d9f703037c1ebf9802829a4819393f69c0acc1492442857,C:\Users\권민우\traffic-control\model\results\reward_fine_search_2026-10-09\runs\fine\seed_22\candidate_28\attempt_001\experiment_28\final.zip,24.47932207435697,6.616129032258062,-0.591715976331364,-0.5,24.47932207435699,6.836666666666666,2.3255813953488413,1.0,-12.173913043478258,-28.0
16,Sensitivity-DQN,8017,random,22.270916334661354,98.5,18.633333333333333,42.0,206,40,22,-161.70032916666665,251,45,0,3,0,0,300.0,28,0.3,0.5,0.7,28,0.3,0.5,0.7,22,22,50000,8017,random,validation,False,658c6c23978d040d2ba3fee1c2044362083690f1063d980fbf123a6eeec43fd8,C:\Users\권민우\traffic-control\model\results\reward_fine_search_2026-10-09\runs\fine\seed_22\candidate_28\attempt_001\experiment_28\final.zip,2.5782181851546015,0.5597609561752996,5.3475935828877,5.0,2.5782181851546015,0.4683333333333337,-4.761904761904767,-2.0,-0.48309178743961567,-1.0
17,Sensitivity-DQN,8018,random,11.923076923076923,48.5,5.168333333333333,15.0,117,37,24,-78.22718749999999,130,13,0,1,0,0,300.0,28,0.3,0.5,0.7,28,0.3,0.5,0.7,22,22,50000,8018,random,validation,False,f44facdd126218ef97befa1789def0801faaa77ceb04886a6bc156a900691cfc,C:\Users\권민우\traffic-control\model\results\reward_fine_search_2026-10-09\runs\fine\seed_22\candidate_28\attempt_001\experiment_28\final.zip,8.733777621887073,0.9576923076923087,10.22727272727273,4.5,8.768853034023127,0.4166666666666661,-11.904761904761907,-5.0,-3.3057851239669422,-4.0
18,Sensitivity-DQN,8019,random,24.406050955414013,113.5,25.545,53.0,259,41,22,-202.67405833333333,314,55,0,3,0,0,300.0,28,0.3,0.5,0.7,28,0.3,0.5,0.7,22,22,50000,8019,random,validation,False,52131aa9c898a5842eac0e7769a57b7442cca0dfa41dd4cce841370fc6b0060c,C:\Users\권민우\traffic-control\model\results\reward_fine_search_2026-10-09\runs\fine\seed_22\candidate_28\attempt_001\experiment_28\final.zip,-21.299101412066747,-6.605095541401273,-10.629921259842522,-13.5,-21.299101412066758,-6.913333333333334,-2.3809523809523836,-1.0,8.368200836820083,20.0
19,Sensitivity-DQN,8020,random,18.19047619047619,50.0,12.733333333333333,34.0,181,42,18,-112.724525,210,29,0,1,0,0,300.0,28,0.3,0.5,0.7,28,0.3,0.5,0.7,22,22,50000,8020,random,validation,False,8b6b3d586b585e66f3e99748305f4810b898bce1de2bf34ea783f93ef8efbc3c,C:\Users\권민우\traffic-control\model\results\reward_fine_search_2026-10-09\runs\fine\seed_22\candidate_28\attempt_001\experiment_28\final.zip,-5.152079453755432,-0.9880952380952372,-29.5774647887324,-21.0,-5.152079453755443,-0.6916666666666682,-6.666666666666665,-3.0,-0.5494505494505475,-1.0
