episode,controller,seed,traffic_scenario,avg_waiting_time,max_waiting_time,avg_queue,max_queue,throughput,phase_changes,forced_changes,episode_reward,departed,unfinished,pending,max_pending,collisions,teleports,duration,experiment,alpha,beta,switch_gamma,candidate_id,waiting_weight,max_waiting_weight,switch_penalty,training_seed,train_seed,training_steps,evaluation_seed,scenario,split,is_incumbent,demand_sha256,model_path,avg_waiting_time_change_pct,avg_waiting_time_difference,max_waiting_time_change_pct,max_waiting_time_difference,avg_queue_change_pct,avg_queue_difference,phase_changes_change_pct,phase_changes_difference,throughput_change_pct,throughput_difference
0,Sensitivity-DQN,8001,random,34.27927927927928,108.0,38.05,76.0,233,40,18,-191.56994583333335,333,100,0,2,0,0,300.0,11,0.3,0.4,0.5,11,0.3,0.4,0.5,22,22,150000,8001,random,validation,False,8dd341828f90c6befd05da39f6398cba989e90169d9b64a606076b6fb9fb603c,C:\Users\권민우\traffic-control\model\results\reward_fine_search_2026-10-09\runs\multiseed\seed_22\candidate_11\attempt_001\experiment_11\final.zip,0.5549682875264139,0.18918918918918592,16.756756756756765,15.5,0.5549682875264139,0.20999999999999375,5.263157894736836,2.0,3.0973451327433565,7.0
1,Sensitivity-DQN,8002,random,15.117777777777778,62.5,11.338333333333333,31.0,205,41,13,-95.56784583333335,225,20,0,2,0,0,300.0,11,0.3,0.4,0.5,11,0.3,0.4,0.5,22,22,150000,8002,random,validation,False,2821177a095106802fb7dc55d27cc7e848d70ca889c81c04df6e242d9b95dc2c,C:\Users\권민우\traffic-control\model\results\reward_fine_search_2026-10-09\runs\multiseed\seed_22\candidate_11\attempt_001\experiment_11\final.zip,-0.8019830854476551,-0.12222222222222179,1.6260162601626105,1.0,-0.8019830854476551,-0.09166666666666679,-4.651162790697672,-2.0,0.4901960784313708,1.0
2,Sensitivity-DQN,8003,random,13.560109289617486,50.0,8.271666666666667,20.0,172,43,10,-79.40689583333334,183,11,0,2,0,0,300.0,11,0.3,0.4,0.5,11,0.3,0.4,0.5,22,22,150000,8003,random,validation,False,9354c03af629ff819755229f14e05b8a1326de925c77653ba23425fd1637b4b4,C:\Users\권민우\traffic-control\model\results\reward_fine_search_2026-10-09\runs\multiseed\seed_22\candidate_11\attempt_001\experiment_11\final.zip,-4.722595507775007,-0.6721311475409841,-11.504424778761058,-6.5,-4.722595507775007,-0.41000000000000014,2.3809523809523725,1.0,0.5847953216374213,1.0
3,Sensitivity-DQN,8004,random,15.906542056074766,56.5,11.346666666666666,29.0,191,43,17,-93.03064166666663,214,23,0,2,0,0,300.0,11,0.3,0.4,0.5,11,0.3,0.4,0.5,22,22,150000,8004,random,validation,False,b79c500713d892f6e4ec75115e41bf065a3f2b239f70ef745728c491621d13e9,C:\Users\권민우\traffic-control\model\results\reward_fine_search_2026-10-09\runs\multiseed\seed_22\candidate_11\attempt_001\experiment_11\final.zip,12.883435582822077,1.815420560747663,14.141414141414144,7.0,12.883435582822077,1.295,4.878048780487809,2.0,-2.051282051282055,-4.0
4,Sensitivity-DQN,8005,random,25.21746031746032,79.5,26.47833333333333,71.0,234,42,20,-156.79942500000004,315,81,0,2,0,0,300.0,11,0.3,0.4,0.5,11,0.3,0.4,0.5,22,22,150000,8005,random,validation,False,dad8b07ae7aacd3f44de4c3b859fd5a3b640cf23c3bd71481a1f0ec1a70332aa,C:\Users\권민우\traffic-control\model\results\reward_fine_search_2026-10-09\runs\multiseed\seed_22\candidate_11\attempt_001\experiment_11\final.zip,-10.303748870822037,-2.8968253968253954,-18.461538461538463,-18.0,-10.30374887082205,-3.041666666666668,-2.3255813953488413,-1.0,2.183406113537112,5.0
5,Sensitivity-DQN,8006,random,14.147222222222222,63.0,8.488333333333333,22.0,157,44,16,-80.613025,180,23,0,1,0,0,300.0,11,0.3,0.4,0.5,11,0.3,0.4,0.5,22,22,150000,8006,random,validation,False,ef2f623673927b137a233a73ec5cbcb6c8ce5ecf794f5e6abec53433d205ec06,C:\Users\권민우\traffic-control\model\results\reward_fine_search_2026-10-09\runs\multiseed\seed_22\candidate_11\attempt_001\experiment_11\final.zip,24.95093228655545,2.8249999999999993,27.27272727272727,13.5,24.95093228655545,1.6950000000000003,-4.347826086956519,-2.0,-3.6809815950920255,-6.0
6,Sensitivity-DQN,8007,random,22.83259911894273,55.0,17.276666666666667,42.0,195,39,20,-121.25250416666668,227,32,0,2,0,0,300.0,11,0.3,0.4,0.5,11,0.3,0.4,0.5,22,22,150000,8007,random,validation,False,fa89c69d4df65396b556c47c51886af5f1a02287f4ec90fae5d842865d09b2b9,C:\Users\권민우\traffic-control\model\results\reward_fine_search_2026-10-09\runs\multiseed\seed_22\candidate_11\attempt_001\experiment_11\final.zip,26.1684518013632,4.7356828193832605,3.7735849056603765,2.0,26.1684518013632,3.583333333333334,-4.878048780487809,-2.0,-7.14285714285714,-15.0
7,Sensitivity-DQN,8008,random,14.05023923444976,53.5,9.788333333333334,27.0,182,45,15,-86.20705000000002,209,27,0,1,0,0,300.0,11,0.3,0.4,0.5,11,0.3,0.4,0.5,22,22,150000,8008,random,validation,False,85fdc4042e94b886aca1df437c5f5a2d379d3c3162408629c0b305b7392e680b,C:\Users\권민우\traffic-control\model\results\reward_fine_search_2026-10-09\runs\multiseed\seed_22\candidate_11\attempt_001\experiment_11\final.zip,9.001484780994806,1.1602870813397121,4.90196078431373,2.5,9.001484780994806,0.8083333333333336,0.0,0.0,-7.14285714285714,-14.0
8,Sensitivity-DQN,8009,random,12.185483870967742,47.0,7.555,20.0,181,42,20,-72.92197916666669,186,5,0,2,0,0,300.0,11,0.3,0.4,0.5,11,0.3,0.4,0.5,22,22,150000,8009,random,validation,False,776e63c43ae4b74af8684e652ee35e575d3c68422d440ebcdb28cfcfa668a94e,C:\Users\권민우\traffic-control\model\results\reward_fine_search_2026-10-09\runs\multiseed\seed_22\candidate_11\attempt_001\experiment_11\final.zip,-7.584097859327221,-1.0,-5.05050505050505,-2.5,-7.584097859327232,-0.620000000000001,7.692307692307687,3.0,1.6853932584269593,3.0
9,Sensitivity-DQN,8010,random,29.00348432055749,83.5,27.746666666666666,61.0,218,38,17,-161.86570416666657,287,69,0,1,0,0,300.0,11,0.3,0.4,0.5,11,0.3,0.4,0.5,22,22,150000,8010,random,validation,False,a840059b85bbd9b6a912132b0c970d4d51ecdf0326cf009aaea2e9fad68f7bba,C:\Users\권민우\traffic-control\model\results\reward_fine_search_2026-10-09\runs\multiseed\seed_22\candidate_11\attempt_001\experiment_11\final.zip,-0.030024620188562334,-0.008710801393728929,-19.323671497584538,-20.0,-0.030024620188551232,-0.00833333333333286,-5.000000000000004,-2.0,1.3953488372093092,3.0
10,Sensitivity-DQN,8011,random,31.4281045751634,95.0,32.056666666666665,65.0,234,40,19,-190.0239874999998,306,72,0,1,0,0,300.0,11,0.3,0.4,0.5,11,0.3,0.4,0.5,22,22,150000,8011,random,validation,False,3cb7167c2c2b34c1ebf11e7fdb965ba96a41e8a0e843c8e986e324a3722c4171,C:\Users\권민우\traffic-control\model\results\reward_fine_search_2026-10-09\runs\multiseed\seed_22\candidate_11\attempt_001\experiment_11\final.zip,-4.322737899815953,-1.4199346405228788,-25.196850393700785,-32.0,-4.322737899815965,-1.4483333333333377,0.0,0.0,0.42918454935623185,1.0
11,Sensitivity-DQN,8012,random,26.75,100.0,28.176666666666666,76.0,216,42,16,-153.55838750000004,316,100,0,2,0,0,300.0,11,0.3,0.4,0.5,11,0.3,0.4,0.5,22,22,150000,8012,random,validation,False,a43af6ff2bb883b6d9a617961af61470161a2cebdc9b5d49bdb4318dbb7f654b,C:\Users\권민우\traffic-control\model\results\reward_fine_search_2026-10-09\runs\multiseed\seed_22\candidate_11\attempt_001\experiment_11\final.zip,2.972347423559496,0.772151898734176,7.526881720430101,7.0,2.972347423559496,0.8133333333333326,2.4390243902439046,1.0,-8.085106382978724,-19.0
12,Sensitivity-DQN,8013,random,15.541825095057034,71.5,13.625,44.0,212,44,18,-102.79175833333335,263,51,0,1,0,0,300.0,11,0.3,0.4,0.5,11,0.3,0.4,0.5,22,22,150000,8013,random,validation,False,dc72dfa2fd6460529e83df749d8d9abea9bcee3755fb816ec851d7258e8920db,C:\Users\권민우\traffic-control\model\results\reward_fine_search_2026-10-09\runs\multiseed\seed_22\candidate_11\attempt_001\experiment_11\final.zip,-18.745651525693276,-3.585551330798479,1.4184397163120588,1.0,-18.745651525693276,-3.1433333333333344,2.3255813953488413,1.0,0.4739336492890933,1.0
13,Sensitivity-DQN,8014,random,23.521551724137932,85.0,18.19,55.0,187,42,20,-124.2767833333333,232,45,0,2,0,0,300.0,11,0.3,0.4,0.5,11,0.3,0.4,0.5,22,22,150000,8014,random,validation,False,55cd1036a4d9d8cba7cc7d7ac04aa9661b6e4c0235b398b071eadc518fa79e7e,C:\Users\권민우\traffic-control\model\results\reward_fine_search_2026-10-09\runs\multiseed\seed_22\candidate_11\attempt_001\experiment_11\final.zip,17.304385210662087,3.469827586206897,-10.994764397905755,-10.5,17.304385210662087,2.6833333333333353,0.0,0.0,0.0,0.0
14,Sensitivity-DQN,8015,random,27.820143884892087,85.0,25.78,54.0,223,41,21,-154.9820166666666,278,55,0,3,0,0,300.0,11,0.3,0.4,0.5,11,0.3,0.4,0.5,22,22,150000,8015,random,validation,False,4b5952cea76dd251669c9507a7f12fefeb3138a19302395b7893ec16755927b3,C:\Users\권민우\traffic-control\model\results\reward_fine_search_2026-10-09\runs\multiseed\seed_22\candidate_11\attempt_001\experiment_11\final.zip,4.87490677334057,1.2931654676259008,10.389610389610393,8.0,4.87490677334057,1.1983333333333341,0.0,0.0,-3.463203463203468,-8.0
15,Sensitivity-DQN,8016,random,29.474193548387095,95.0,30.456666666666667,74.0,221,39,22,-177.4245041666666,310,89,0,2,0,0,300.0,11,0.3,0.4,0.5,11,0.3,0.4,0.5,22,22,150000,8016,random,validation,False,5d676c5c894eac0f3d9f703037c1ebf9802829a4819393f69c0acc1492442857,C:\Users\권민우\traffic-control\model\results\reward_fine_search_2026-10-09\runs\multiseed\seed_22\candidate_11\attempt_001\experiment_11\final.zip,19.383288691448364,4.785483870967742,31.944444444444443,23.0,19.383288691448364,4.945,2.6315789473684292,1.0,-6.355932203389836,-15.0
16,Sensitivity-DQN,8017,random,20.47808764940239,71.0,17.133333333333333,38.0,207,45,16,-125.70500416666665,251,44,0,3,0,0,300.0,11,0.3,0.4,0.5,11,0.3,0.4,0.5,22,22,150000,8017,random,validation,False,658c6c23978d040d2ba3fee1c2044362083690f1063d980fbf123a6eeec43fd8,C:\Users\권민우\traffic-control\model\results\reward_fine_search_2026-10-09\runs\multiseed\seed_22\candidate_11\attempt_001\experiment_11\final.zip,-20.617760617760617,-5.318725099601593,-8.974358974358976,-7.0,-20.617760617760617,-4.449999999999999,7.14285714285714,3.0,1.4705882352941124,3.0
17,Sensitivity-DQN,8018,random,7.319230769230769,32.0,3.171666666666667,10.0,124,39,16,-45.807000000000016,130,6,0,1,0,0,300.0,11,0.3,0.4,0.5,11,0.3,0.4,0.5,22,22,150000,8018,random,validation,False,f44facdd126218ef97befa1789def0801faaa77ceb04886a6bc156a900691cfc,C:\Users\권민우\traffic-control\model\results\reward_fine_search_2026-10-09\runs\multiseed\seed_22\candidate_11\attempt_001\experiment_11\final.zip,13.004750593824221,0.842307692307692,-12.328767123287676,-4.5,13.004750593824244,0.3650000000000002,-4.878048780487809,-2.0,0.0,0.0
18,Sensitivity-DQN,8019,random,28.12420382165605,78.0,29.436666666666667,63.0,246,40,20,-168.91362499999997,314,68,0,3,0,0,300.0,11,0.3,0.4,0.5,11,0.3,0.4,0.5,22,22,150000,8019,random,validation,False,52131aa9c898a5842eac0e7769a57b7442cca0dfa41dd4cce841370fc6b0060c,C:\Users\권민우\traffic-control\model\results\reward_fine_search_2026-10-09\runs\multiseed\seed_22\candidate_11\attempt_001\experiment_11\final.zip,17.58205179415484,4.205414012738853,-25.358851674641148,-26.5,17.582051794154864,4.401666666666667,-2.4390243902439046,-1.0,-6.106870229007633,-16.0
19,Sensitivity-DQN,8020,random,19.87142857142857,59.0,13.91,37.0,184,40,18,-107.9991750000001,210,26,0,1,0,0,300.0,11,0.3,0.4,0.5,11,0.3,0.4,0.5,22,22,150000,8020,random,validation,False,8b6b3d586b585e66f3e99748305f4810b898bce1de2bf34ea783f93ef8efbc3c,C:\Users\권민우\traffic-control\model\results\reward_fine_search_2026-10-09\runs\multiseed\seed_22\candidate_11\attempt_001\experiment_11\final.zip,6.6990539503963165,1.2476190476190467,11.32075471698113,6.0,6.6990539503963165,0.8733333333333331,0.0,0.0,0.5464480874316946,1.0
0,Sensitivity-DQN,8001,random,35.247747747747745,106.5,39.125,89.0,220,43,21,-218.03552083333338,333,113,0,2,0,0,300.0,13,0.3,0.5,0.4,13,0.3,0.5,0.4,22,22,150000,8001,random,validation,False,8dd341828f90c6befd05da39f6398cba989e90169d9b64a606076b6fb9fb603c,C:\Users\권민우\traffic-control\model\results\reward_fine_search_2026-10-09\runs\multiseed\seed_22\candidate_13\attempt_001\experiment_13\final.zip,3.3958773784354968,1.1576576576576514,15.135135135135137,14.0,3.395877378435519,1.2849999999999966,13.157894736842103,5.0,-2.6548672566371723,-6.0
1,Sensitivity-DQN,8002,random,16.66888888888889,70.0,12.501666666666667,33.0,205,41,18,-102.35066666666671,225,20,0,2,0,0,300.0,13,0.3,0.5,0.4,13,0.3,0.5,0.4,22,22,150000,8002,random,validation,False,2821177a095106802fb7dc55d27cc7e848d70ca889c81c04df6e242d9b95dc2c,C:\Users\권민우\traffic-control\model\results\reward_fine_search_2026-10-09\runs\multiseed\seed_22\candidate_13\attempt_001\experiment_13\final.zip,9.37591134441529,1.4288888888888902,13.821138211382111,8.5,9.37591134441529,1.0716666666666672,-4.651162790697672,-2.0,0.4901960784313708,1.0
2,Sensitivity-DQN,8003,random,13.087431693989071,53.0,7.983333333333333,17.0,174,42,22,-78.3952416666667,183,9,0,2,0,0,300.0,13,0.3,0.5,0.4,13,0.3,0.5,0.4,22,22,150000,8003,random,validation,False,9354c03af629ff819755229f14e05b8a1326de925c77653ba23425fd1637b4b4,C:\Users\권민우\traffic-control\model\results\reward_fine_search_2026-10-09\runs\multiseed\seed_22\candidate_13\attempt_001\experiment_13\final.zip,-8.043770397389139,-1.1448087431693992,-6.194690265486724,-3.5,-8.043770397389139,-0.6983333333333333,0.0,0.0,1.7543859649122862,3.0
3,Sensitivity-DQN,8004,random,17.6588785046729,75.0,12.596666666666666,28.0,189,43,20,-106.96599583333327,214,25,0,2,0,0,300.0,13,0.3,0.5,0.4,13,0.3,0.5,0.4,22,22,150000,8004,random,validation,False,b79c500713d892f6e4ec75115e41bf065a3f2b239f70ef745728c491621d13e9,C:\Users\권민우\traffic-control\model\results\reward_fine_search_2026-10-09\runs\multiseed\seed_22\candidate_13\attempt_001\experiment_13\final.zip,25.319184214889745,3.5677570093457955,51.515151515151516,25.5,25.319184214889745,2.545,4.878048780487809,2.0,-3.076923076923077,-6.0
4,Sensitivity-DQN,8005,random,33.31587301587302,87.0,34.98166666666667,79.0,223,42,21,-193.89327916666682,315,92,0,2,0,0,300.0,13,0.3,0.5,0.4,13,0.3,0.5,0.4,22,22,150000,8005,random,validation,False,dad8b07ae7aacd3f44de4c3b859fd5a3b640cf23c3bd71481a1f0ec1a70332aa,C:\Users\권민우\traffic-control\model\results\reward_fine_search_2026-10-09\runs\multiseed\seed_22\candidate_13\attempt_001\experiment_13\final.zip,18.501580849141817,5.201587301587303,-10.769230769230765,-10.5,18.501580849141842,5.46166666666667,-2.3255813953488413,-1.0,-2.6200873362445365,-6.0
5,Sensitivity-DQN,8006,random,11.0,50.0,6.6,17.0,164,45,19,-68.91201666666662,180,16,0,1,0,0,300.0,13,0.3,0.5,0.4,13,0.3,0.5,0.4,22,22,150000,8006,random,validation,False,ef2f623673927b137a233a73ec5cbcb6c8ce5ecf794f5e6abec53433d205ec06,C:\Users\권민우\traffic-control\model\results\reward_fine_search_2026-10-09\runs\multiseed\seed_22\candidate_13\attempt_001\experiment_13\final.zip,-2.845927379784108,-0.32222222222222285,1.0101010101010166,0.5,-2.845927379784108,-0.19333333333333336,-2.1739130434782594,-1.0,0.6134969325153339,1.0
6,Sensitivity-DQN,8007,random,24.69383259911894,81.0,18.685,41.0,188,42,19,-137.18075416666673,227,39,0,2,0,0,300.0,13,0.3,0.5,0.4,13,0.3,0.5,0.4,22,22,150000,8007,random,validation,False,fa89c69d4df65396b556c47c51886af5f1a02287f4ec90fae5d842865d09b2b9,C:\Users\권민우\traffic-control\model\results\reward_fine_search_2026-10-09\runs\multiseed\seed_22\candidate_13\attempt_001\experiment_13\final.zip,36.45326192794547,6.596916299559471,52.830188679245296,28.0,36.45326192794547,4.991666666666665,2.4390243902439046,1.0,-10.476190476190473,-22.0
7,Sensitivity-DQN,8008,random,13.669856459330143,48.0,9.523333333333333,27.0,191,44,15,-88.3254875,209,18,0,1,0,0,300.0,13,0.3,0.5,0.4,13,0.3,0.5,0.4,22,22,150000,8008,random,validation,False,85fdc4042e94b886aca1df437c5f5a2d379d3c3162408629c0b305b7392e680b,C:\Users\권민우\traffic-control\model\results\reward_fine_search_2026-10-09\runs\multiseed\seed_22\candidate_13\attempt_001\experiment_13\final.zip,6.0504825538233,0.7799043062200948,-5.882352941176472,-3.0,6.0504825538233,0.543333333333333,-2.2222222222222254,-1.0,-2.5510204081632626,-5.0
8,Sensitivity-DQN,8009,random,12.196236559139784,76.5,7.5616666666666665,26.0,177,43,19,-76.05766666666662,186,9,0,2,0,0,300.0,13,0.3,0.5,0.4,13,0.3,0.5,0.4,22,22,150000,8009,random,validation,False,776e63c43ae4b74af8684e652ee35e575d3c68422d440ebcdb28cfcfa668a94e,C:\Users\권민우\traffic-control\model\results\reward_fine_search_2026-10-09\runs\multiseed\seed_22\candidate_13\attempt_001\experiment_13\final.zip,-7.5025484199796155,-0.9892473118279579,54.54545454545454,27.0,-7.502548419979627,-0.6133333333333342,10.256410256410264,4.0,-0.5617977528089901,-1.0
9,Sensitivity-DQN,8010,random,32.4390243902439,98.0,31.033333333333335,62.0,204,40,21,-190.78249166666663,287,83,0,1,0,0,300.0,13,0.3,0.5,0.4,13,0.3,0.5,0.4,22,22,150000,8010,random,validation,False,a840059b85bbd9b6a912132b0c970d4d51ecdf0326cf009aaea2e9fad68f7bba,C:\Users\권민우\traffic-control\model\results\reward_fine_search_2026-10-09\runs\multiseed\seed_22\candidate_13\attempt_001\experiment_13\final.zip,11.811685582177379,3.426829268292682,-5.31400966183575,-5.5,11.8116855821774,3.278333333333336,0.0,0.0,-5.116279069767438,-11.0
10,Sensitivity-DQN,8011,random,33.84640522875817,109.0,34.52333333333333,70.0,229,40,18,-207.99873333333338,306,77,0,1,0,0,300.0,13,0.3,0.5,0.4,13,0.3,0.5,0.4,22,22,150000,8011,random,validation,False,3cb7167c2c2b34c1ebf11e7fdb965ba96a41e8a0e843c8e986e324a3722c4171,C:\Users\권민우\traffic-control\model\results\reward_fine_search_2026-10-09\runs\multiseed\seed_22\candidate_13\attempt_001\experiment_13\final.zip,3.039347361090372,0.9983660130718945,-14.173228346456689,-18.0,3.039347361090372,1.0183333333333309,0.0,0.0,-1.716738197424894,-4.0
11,Sensitivity-DQN,8012,random,30.48892405063291,104.5,32.115,75.0,206,43,23,-184.93438333333344,316,110,0,2,0,0,300.0,13,0.3,0.5,0.4,13,0.3,0.5,0.4,22,22,150000,8012,random,validation,False,a43af6ff2bb883b6d9a617961af61470161a2cebdc9b5d49bdb4318dbb7f654b,C:\Users\권민우\traffic-control\model\results\reward_fine_search_2026-10-09\runs\multiseed\seed_22\candidate_13\attempt_001\experiment_13\final.zip,17.365087099524914,4.511075949367086,12.365591397849451,11.5,17.365087099524914,4.751666666666669,4.878048780487809,2.0,-12.340425531914889,-29.0
12,Sensitivity-DQN,8013,random,21.26425855513308,77.5,18.641666666666666,57.0,205,44,20,-129.45637916666658,263,58,0,1,0,0,300.0,13,0.3,0.5,0.4,13,0.3,0.5,0.4,22,22,150000,8013,random,validation,False,dc72dfa2fd6460529e83df749d8d9abea9bcee3755fb816ec851d7258e8920db,C:\Users\권민우\traffic-control\model\results\reward_fine_search_2026-10-09\runs\multiseed\seed_22\candidate_13\attempt_001\experiment_13\final.zip,11.17185170460193,2.1368821292775664,9.92907801418439,7.0,11.17185170460191,1.8733333333333313,2.3255813953488413,1.0,-2.843601895734593,-6.0
13,Sensitivity-DQN,8014,random,20.439655172413794,67.5,15.806666666666667,49.0,190,44,22,-110.5731916666666,232,42,0,2,0,0,300.0,13,0.3,0.5,0.4,13,0.3,0.5,0.4,22,22,150000,8014,random,validation,False,55cd1036a4d9d8cba7cc7d7ac04aa9661b6e4c0235b398b071eadc518fa79e7e,C:\Users\권민우\traffic-control\model\results\reward_fine_search_2026-10-09\runs\multiseed\seed_22\candidate_13\attempt_001\experiment_13\final.zip,1.9346517626827042,0.387931034482758,-29.31937172774869,-28.0,1.9346517626827264,0.3000000000000007,4.761904761904767,2.0,1.6042780748663166,3.0
14,Sensitivity-DQN,8015,random,26.803956834532375,73.5,24.838333333333335,59.0,218,39,18,-151.79874166666667,278,60,0,3,0,0,300.0,13,0.3,0.5,0.4,13,0.3,0.5,0.4,22,22,150000,8015,random,validation,False,4b5952cea76dd251669c9507a7f12fefeb3138a19302395b7893ec16755927b3,C:\Users\권민우\traffic-control\model\results\reward_fine_search_2026-10-09\runs\multiseed\seed_22\candidate_13\attempt_001\experiment_13\final.zip,1.0441385856668317,0.2769784172661893,-4.545454545454541,-3.5,1.0441385856668317,0.2566666666666677,-4.878048780487809,-2.0,-5.627705627705626,-13.0
15,Sensitivity-DQN,8016,random,31.61774193548387,92.0,32.67166666666667,82.0,205,44,21,-190.32335416666675,310,105,0,2,0,0,300.0,13,0.3,0.5,0.4,13,0.3,0.5,0.4,22,22,150000,8016,random,validation,False,5d676c5c894eac0f3d9f703037c1ebf9802829a4819393f69c0acc1492442857,C:\Users\권민우\traffic-control\model\results\reward_fine_search_2026-10-09\runs\multiseed\seed_22\candidate_13\attempt_001\experiment_13\final.zip,28.065590906121397,6.929032258064517,27.777777777777768,20.0,28.065590906121372,7.16,15.789473684210531,6.0,-13.135593220338981,-31.0
16,Sensitivity-DQN,8017,random,22.191235059760956,67.0,18.566666666666666,45.0,209,41,15,-128.2047666666667,251,42,0,3,0,0,300.0,13,0.3,0.5,0.4,13,0.3,0.5,0.4,22,22,150000,8017,random,validation,False,658c6c23978d040d2ba3fee1c2044362083690f1063d980fbf123a6eeec43fd8,C:\Users\권민우\traffic-control\model\results\reward_fine_search_2026-10-09\runs\multiseed\seed_22\candidate_13\attempt_001\experiment_13\final.zip,-13.97683397683398,-3.6055776892430274,-14.102564102564108,-11.0,-13.97683397683397,-3.0166666666666657,-2.3809523809523836,-1.0,2.450980392156854,5.0
17,Sensitivity-DQN,8018,random,7.253846153846154,53.0,3.1433333333333335,9.0,127,39,23,-48.99605833333331,130,3,0,1,0,0,300.0,13,0.3,0.5,0.4,13,0.3,0.5,0.4,22,22,150000,8018,random,validation,False,f44facdd126218ef97befa1789def0801faaa77ceb04886a6bc156a900691cfc,C:\Users\권민우\traffic-control\model\results\reward_fine_search_2026-10-09\runs\multiseed\seed_22\candidate_13\attempt_001\experiment_13\final.zip,11.995249406175779,0.7769230769230768,45.205479452054796,16.5,11.995249406175779,0.3366666666666669,-4.878048780487809,-2.0,2.4193548387096753,3.0
18,Sensitivity-DQN,8019,random,34.52547770700637,83.0,36.13666666666666,101.0,215,46,21,-196.7193708333333,314,99,0,3,0,0,300.0,13,0.3,0.5,0.4,13,0.3,0.5,0.4,22,22,150000,8019,random,validation,False,52131aa9c898a5842eac0e7769a57b7442cca0dfa41dd4cce841370fc6b0060c,C:\Users\권민우\traffic-control\model\results\reward_fine_search_2026-10-09\runs\multiseed\seed_22\candidate_13\attempt_001\experiment_13\final.zip,44.344584248718455,10.60668789808917,-20.574162679425832,-21.5,44.344584248718455,11.101666666666663,12.195121951219523,5.0,-17.938931297709924,-47.0
19,Sensitivity-DQN,8020,random,16.978571428571428,50.5,11.886666666666667,28.0,194,40,16,-97.30250416666665,210,16,0,1,0,0,300.0,13,0.3,0.5,0.4,13,0.3,0.5,0.4,22,22,150000,8020,random,validation,False,8b6b3d586b585e66f3e99748305f4810b898bce1de2bf34ea783f93ef8efbc3c,C:\Users\권민우\traffic-control\model\results\reward_fine_search_2026-10-09\runs\multiseed\seed_22\candidate_13\attempt_001\experiment_13\final.zip,-8.834057785732552,-1.6452380952380956,-4.716981132075471,-2.5,-8.821273331628742,-1.1500000000000004,0.0,0.0,6.0109289617486406,11.0
0,Sensitivity-DQN,8001,random,34.090090090090094,92.5,37.84,89.0,226,38,19,-208.04097916666672,333,107,0,2,0,0,300.0,14,0.3,0.5,0.5,14,0.3,0.5,0.5,22,22,150000,8001,random,validation,True,8dd341828f90c6befd05da39f6398cba989e90169d9b64a606076b6fb9fb603c,C:\Users\권민우\traffic-control\model\results\reward_fine_search_2026-10-09\runs\multiseed\seed_22\candidate_14\attempt_001\experiment_14\final.zip,0.0,0.0,0.0,0.0,0.0,0.0,0.0,0.0,0.0,0.0
1,Sensitivity-DQN,8002,random,15.24,61.5,11.43,26.0,204,43,19,-101.53008333333325,225,21,0,2,0,0,300.0,14,0.3,0.5,0.5,14,0.3,0.5,0.5,22,22,150000,8002,random,validation,True,2821177a095106802fb7dc55d27cc7e848d70ca889c81c04df6e242d9b95dc2c,C:\Users\권민우\traffic-control\model\results\reward_fine_search_2026-10-09\runs\multiseed\seed_22\candidate_14\attempt_001\experiment_14\final.zip,0.0,0.0,0.0,0.0,0.0,0.0,0.0,0.0,0.0,0.0
2,Sensitivity-DQN,8003,random,14.23224043715847,56.5,8.681666666666667,24.0,171,42,16,-84.77415000000005,183,12,0,2,0,0,300.0,14,0.3,0.5,0.5,14,0.3,0.5,0.5,22,22,150000,8003,random,validation,True,9354c03af629ff819755229f14e05b8a1326de925c77653ba23425fd1637b4b4,C:\Users\권민우\traffic-control\model\results\reward_fine_search_2026-10-09\runs\multiseed\seed_22\candidate_14\attempt_001\experiment_14\final.zip,0.0,0.0,0.0,0.0,0.0,0.0,0.0,0.0,0.0,0.0
3,Sensitivity-DQN,8004,random,14.091121495327103,49.5,10.051666666666666,25.0,195,41,16,-90.63495833333339,214,19,0,2,0,0,300.0,14,0.3,0.5,0.5,14,0.3,0.5,0.5,22,22,150000,8004,random,validation,True,b79c500713d892f6e4ec75115e41bf065a3f2b239f70ef745728c491621d13e9,C:\Users\권민우\traffic-control\model\results\reward_fine_search_2026-10-09\runs\multiseed\seed_22\candidate_14\attempt_001\experiment_14\final.zip,0.0,0.0,0.0,0.0,0.0,0.0,0.0,0.0,0.0,0.0
4,Sensitivity-DQN,8005,random,28.114285714285714,97.5,29.52,66.0,229,43,21,-185.94015000000005,315,86,0,2,0,0,300.0,14,0.3,0.5,0.5,14,0.3,0.5,0.5,22,22,150000,8005,random,validation,True,dad8b07ae7aacd3f44de4c3b859fd5a3b640cf23c3bd71481a1f0ec1a70332aa,C:\Users\권민우\traffic-control\model\results\reward_fine_search_2026-10-09\runs\multiseed\seed_22\candidate_14\attempt_001\experiment_14\final.zip,0.0,0.0,0.0,0.0,0.0,0.0,0.0,0.0,0.0,0.0
5,Sensitivity-DQN,8006,random,11.322222222222223,49.5,6.793333333333333,19.0,163,46,18,-78.86571250000001,180,17,0,1,0,0,300.0,14,0.3,0.5,0.5,14,0.3,0.5,0.5,22,22,150000,8006,random,validation,True,ef2f623673927b137a233a73ec5cbcb6c8ce5ecf794f5e6abec53433d205ec06,C:\Users\권민우\traffic-control\model\results\reward_fine_search_2026-10-09\runs\multiseed\seed_22\candidate_14\attempt_001\experiment_14\final.zip,0.0,0.0,0.0,0.0,0.0,0.0,0.0,0.0,0.0,0.0
6,Sensitivity-DQN,8007,random,18.09691629955947,53.0,13.693333333333333,31.0,210,41,16,-110.53689999999996,227,17,0,2,0,0,300.0,14,0.3,0.5,0.5,14,0.3,0.5,0.5,22,22,150000,8007,random,validation,True,fa89c69d4df65396b556c47c51886af5f1a02287f4ec90fae5d842865d09b2b9,C:\Users\권민우\traffic-control\model\results\reward_fine_search_2026-10-09\runs\multiseed\seed_22\candidate_14\attempt_001\experiment_14\final.zip,0.0,0.0,0.0,0.0,0.0,0.0,0.0,0.0,0.0,0.0
7,Sensitivity-DQN,8008,random,12.889952153110048,51.0,8.98,24.0,196,45,16,-89.71381666666663,209,13,0,1,0,0,300.0,14,0.3,0.5,0.5,14,0.3,0.5,0.5,22,22,150000,8008,random,validation,True,85fdc4042e94b886aca1df437c5f5a2d379d3c3162408629c0b305b7392e680b,C:\Users\권민우\traffic-control\model\results\reward_fine_search_2026-10-09\runs\multiseed\seed_22\candidate_14\attempt_001\experiment_14\final.zip,0.0,0.0,0.0,0.0,0.0,0.0,0.0,0.0,0.0,0.0
8,Sensitivity-DQN,8009,random,13.185483870967742,49.5,8.175,25.0,178,39,16,-79.24562499999999,186,8,0,2,0,0,300.0,14,0.3,0.5,0.5,14,0.3,0.5,0.5,22,22,150000,8009,random,validation,True,776e63c43ae4b74af8684e652ee35e575d3c68422d440ebcdb28cfcfa668a94e,C:\Users\권민우\traffic-control\model\results\reward_fine_search_2026-10-09\runs\multiseed\seed_22\candidate_14\attempt_001\experiment_14\final.zip,0.0,0.0,0.0,0.0,0.0,0.0,0.0,0.0,0.0,0.0
9,Sensitivity-DQN,8010,random,29.01219512195122,103.5,27.755,59.0,215,40,21,-176.77209166666657,287,72,0,1,0,0,300.0,14,0.3,0.5,0.5,14,0.3,0.5,0.5,22,22,150000,8010,random,validation,True,a840059b85bbd9b6a912132b0c970d4d51ecdf0326cf009aaea2e9fad68f7bba,C:\Users\권민우\traffic-control\model\results\reward_fine_search_2026-10-09\runs\multiseed\seed_22\candidate_14\attempt_001\experiment_14\final.zip,0.0,0.0,0.0,0.0,0.0,0.0,0.0,0.0,0.0,0.0
10,Sensitivity-DQN,8011,random,32.84803921568628,127.0,33.505,69.0,233,40,21,-217.24977083333343,306,73,0,1,0,0,300.0,14,0.3,0.5,0.5,14,0.3,0.5,0.5,22,22,150000,8011,random,validation,True,3cb7167c2c2b34c1ebf11e7fdb965ba96a41e8a0e843c8e986e324a3722c4171,C:\Users\권민우\traffic-control\model\results\reward_fine_search_2026-10-09\runs\multiseed\seed_22\candidate_14\attempt_001\experiment_14\final.zip,0.0,0.0,0.0,0.0,0.0,0.0,0.0,0.0,0.0,0.0
11,Sensitivity-DQN,8012,random,25.977848101265824,93.0,27.363333333333333,83.0,235,41,20,-172.5398541666667,316,81,0,3,0,0,300.0,14,0.3,0.5,0.5,14,0.3,0.5,0.5,22,22,150000,8012,random,validation,True,a43af6ff2bb883b6d9a617961af61470161a2cebdc9b5d49bdb4318dbb7f654b,C:\Users\권민우\traffic-control\model\results\reward_fine_search_2026-10-09\runs\multiseed\seed_22\candidate_14\attempt_001\experiment_14\final.zip,0.0,0.0,0.0,0.0,0.0,0.0,0.0,0.0,0.0,0.0
12,Sensitivity-DQN,8013,random,19.127376425855513,70.5,16.768333333333334,44.0,211,43,18,-130.00078749999994,263,52,0,1,0,0,300.0,14,0.3,0.5,0.5,14,0.3,0.5,0.5,22,22,150000,8013,random,validation,True,dc72dfa2fd6460529e83df749d8d9abea9bcee3755fb816ec851d7258e8920db,C:\Users\권민우\traffic-control\model\results\reward_fine_search_2026-10-09\runs\multiseed\seed_22\candidate_14\attempt_001\experiment_14\final.zip,0.0,0.0,0.0,0.0,0.0,0.0,0.0,0.0,0.0,0.0
13,Sensitivity-DQN,8014,random,20.051724137931036,95.5,15.506666666666666,36.0,187,42,20,-129.5914916666667,232,45,0,2,0,0,300.0,14,0.3,0.5,0.5,14,0.3,0.5,0.5,22,22,150000,8014,random,validation,True,55cd1036a4d9d8cba7cc7d7ac04aa9661b6e4c0235b398b071eadc518fa79e7e,C:\Users\권민우\traffic-control\model\results\reward_fine_search_2026-10-09\runs\multiseed\seed_22\candidate_14\attempt_001\experiment_14\final.zip,0.0,0.0,0.0,0.0,0.0,0.0,0.0,0.0,0.0,0.0
14,Sensitivity-DQN,8015,random,26.526978417266186,77.0,24.581666666666667,52.0,231,41,19,-160.20114583333336,278,47,0,3,0,0,300.0,14,0.3,0.5,0.5,14,0.3,0.5,0.5,22,22,150000,8015,random,validation,True,4b5952cea76dd251669c9507a7f12fefeb3138a19302395b7893ec16755927b3,C:\Users\권민우\traffic-control\model\results\reward_fine_search_2026-10-09\runs\multiseed\seed_22\candidate_14\attempt_001\experiment_14\final.zip,0.0,0.0,0.0,0.0,0.0,0.0,0.0,0.0,0.0,0.0
15,Sensitivity-DQN,8016,random,24.688709677419354,72.0,25.511666666666667,59.0,236,38,20,-165.19791666666654,310,74,0,2,0,0,300.0,14,0.3,0.5,0.5,14,0.3,0.5,0.5,22,22,150000,8016,random,validation,True,5d676c5c894eac0f3d9f703037c1ebf9802829a4819393f69c0acc1492442857,C:\Users\권민우\traffic-control\model\results\reward_fine_search_2026-10-09\runs\multiseed\seed_22\candidate_14\attempt_001\experiment_14\final.zip,0.0,0.0,0.0,0.0,0.0,0.0,0.0,0.0,0.0,0.0
16,Sensitivity-DQN,8017,random,25.796812749003983,78.0,21.583333333333332,54.0,204,42,21,-148.16276250000004,251,47,0,3,0,0,300.0,14,0.3,0.5,0.5,14,0.3,0.5,0.5,22,22,150000,8017,random,validation,True,658c6c23978d040d2ba3fee1c2044362083690f1063d980fbf123a6eeec43fd8,C:\Users\권민우\traffic-control\model\results\reward_fine_search_2026-10-09\runs\multiseed\seed_22\candidate_14\attempt_001\experiment_14\final.zip,0.0,0.0,0.0,0.0,0.0,0.0,0.0,0.0,0.0,0.0
17,Sensitivity-DQN,8018,random,6.476923076923077,36.5,2.8066666666666666,9.0,124,41,17,-49.468774999999994,130,6,0,1,0,0,300.0,14,0.3,0.5,0.5,14,0.3,0.5,0.5,22,22,150000,8018,random,validation,True,f44facdd126218ef97befa1789def0801faaa77ceb04886a6bc156a900691cfc,C:\Users\권민우\traffic-control\model\results\reward_fine_search_2026-10-09\runs\multiseed\seed_22\candidate_14\attempt_001\experiment_14\final.zip,0.0,0.0,0.0,0.0,0.0,0.0,0.0,0.0,0.0,0.0
18,Sensitivity-DQN,8019,random,23.918789808917197,104.5,25.035,47.0,262,41,21,-183.82457916666672,314,52,0,3,0,0,300.0,14,0.3,0.5,0.5,14,0.3,0.5,0.5,22,22,150000,8019,random,validation,True,52131aa9c898a5842eac0e7769a57b7442cca0dfa41dd4cce841370fc6b0060c,C:\Users\권민우\traffic-control\model\results\reward_fine_search_2026-10-09\runs\multiseed\seed_22\candidate_14\attempt_001\experiment_14\final.zip,0.0,0.0,0.0,0.0,0.0,0.0,0.0,0.0,0.0,0.0
19,Sensitivity-DQN,8020,random,18.623809523809523,53.0,13.036666666666667,35.0,183,40,13,-106.59982916666667,210,27,0,1,0,0,300.0,14,0.3,0.5,0.5,14,0.3,0.5,0.5,22,22,150000,8020,random,validation,True,8b6b3d586b585e66f3e99748305f4810b898bce1de2bf34ea783f93ef8efbc3c,C:\Users\권민우\traffic-control\model\results\reward_fine_search_2026-10-09\runs\multiseed\seed_22\candidate_14\attempt_001\experiment_14\final.zip,0.0,0.0,0.0,0.0,0.0,0.0,0.0,0.0,0.0,0.0
0,Sensitivity-DQN,8001,random,30.71021021021021,83.5,34.09,90.0,236,39,22,-194.31194166666666,333,97,0,2,0,0,300.0,15,0.3,0.5,0.6,15,0.3,0.5,0.6,22,22,150000,8001,random,validation,False,8dd341828f90c6befd05da39f6398cba989e90169d9b64a606076b6fb9fb603c,C:\Users\권민우\traffic-control\model\results\reward_fine_search_2026-10-09\runs\multiseed\seed_22\candidate_15\attempt_001\experiment_15\final.zip,-9.914552501761808,-3.3798798798798835,-9.72972972972973,-9.0,-9.910147991543338,-3.75,2.6315789473684292,1.0,4.424778761061954,10.0
1,Sensitivity-DQN,8002,random,16.58,63.0,12.435,31.0,199,42,14,-109.40212916666661,225,26,0,2,0,0,300.0,15,0.3,0.5,0.6,15,0.3,0.5,0.6,22,22,150000,8002,random,validation,False,2821177a095106802fb7dc55d27cc7e848d70ca889c81c04df6e242d9b95dc2c,C:\Users\권민우\traffic-control\model\results\reward_fine_search_2026-10-09\runs\multiseed\seed_22\candidate_15\attempt_001\experiment_15\final.zip,8.792650918635147,1.339999999999998,2.4390243902439046,1.5,8.79265091863517,1.0050000000000008,-2.3255813953488413,-1.0,-2.450980392156865,-5.0
2,Sensitivity-DQN,8003,random,14.155737704918034,63.5,8.635,20.0,168,43,16,-95.50132083333338,183,15,0,2,0,0,300.0,15,0.3,0.5,0.6,15,0.3,0.5,0.6,22,22,150000,8003,random,validation,False,9354c03af629ff819755229f14e05b8a1326de925c77653ba23425fd1637b4b4,C:\Users\권민우\traffic-control\model\results\reward_fine_search_2026-10-09\runs\multiseed\seed_22\candidate_15\attempt_001\experiment_15\final.zip,-0.5375311960069129,-0.0765027322404368,12.389380530973447,7.0,-0.5375311960069129,-0.046666666666666856,2.3809523809523725,1.0,-1.7543859649122862,-3.0
3,Sensitivity-DQN,8004,random,16.72196261682243,56.0,11.928333333333333,30.0,183,43,18,-104.7105333333333,214,31,0,2,0,0,300.0,15,0.3,0.5,0.6,15,0.3,0.5,0.6,22,22,150000,8004,random,validation,False,b79c500713d892f6e4ec75115e41bf065a3f2b239f70ef745728c491621d13e9,C:\Users\권민우\traffic-control\model\results\reward_fine_search_2026-10-09\runs\multiseed\seed_22\candidate_15\attempt_001\experiment_15\final.zip,18.670203946277564,2.630841121495328,13.131313131313128,6.5,18.670203946277564,1.876666666666667,4.878048780487809,2.0,-6.153846153846154,-12.0
4,Sensitivity-DQN,8005,random,27.66190476190476,92.5,29.046666666666667,84.0,233,43,19,-188.43298750000005,315,82,0,2,0,0,300.0,15,0.3,0.5,0.6,15,0.3,0.5,0.6,22,22,150000,8005,random,validation,False,dad8b07ae7aacd3f44de4c3b859fd5a3b640cf23c3bd71481a1f0ec1a70332aa,C:\Users\권민우\traffic-control\model\results\reward_fine_search_2026-10-09\runs\multiseed\seed_22\candidate_15\attempt_001\experiment_15\final.zip,-1.6090785907859062,-0.45238095238095255,-5.128205128205132,-5.0,-1.6034327009936788,-0.4733333333333327,0.0,0.0,1.7467248908296984,4.0
5,Sensitivity-DQN,8006,random,16.425,51.5,9.855,23.0,160,42,19,-97.45850833333338,180,20,0,1,0,0,300.0,15,0.3,0.5,0.6,15,0.3,0.5,0.6,22,22,150000,8006,random,validation,False,ef2f623673927b137a233a73ec5cbcb6c8ce5ecf794f5e6abec53433d205ec06,C:\Users\권민우\traffic-control\model\results\reward_fine_search_2026-10-09\runs\multiseed\seed_22\candidate_15\attempt_001\experiment_15\final.zip,45.068694798822385,5.102777777777778,4.040404040404044,2.0,45.068694798822385,3.0616666666666674,-8.695652173913048,-4.0,-1.8404907975460127,-3.0
6,Sensitivity-DQN,8007,random,20.848017621145374,63.0,15.775,33.0,192,40,18,-126.52747500000012,227,35,0,2,0,0,300.0,15,0.3,0.5,0.6,15,0.3,0.5,0.6,22,22,150000,8007,random,validation,False,fa89c69d4df65396b556c47c51886af5f1a02287f4ec90fae5d842865d09b2b9,C:\Users\권민우\traffic-control\model\results\reward_fine_search_2026-10-09\runs\multiseed\seed_22\candidate_15\attempt_001\experiment_15\final.zip,15.20204479065239,2.751101321585903,18.867924528301884,10.0,15.20204479065239,2.081666666666667,-2.4390243902439046,-1.0,-8.571428571428575,-18.0
7,Sensitivity-DQN,8008,random,13.851674641148325,51.5,9.65,25.0,187,44,14,-97.24613333333332,209,22,0,1,0,0,300.0,15,0.3,0.5,0.6,15,0.3,0.5,0.6,22,22,150000,8008,random,validation,False,85fdc4042e94b886aca1df437c5f5a2d379d3c3162408629c0b305b7392e680b,C:\Users\권민우\traffic-control\model\results\reward_fine_search_2026-10-09\runs\multiseed\seed_22\candidate_15\attempt_001\experiment_15\final.zip,7.461024498886415,0.9617224880382764,0.9803921568627416,0.5,7.461024498886415,0.6699999999999999,-2.2222222222222254,-1.0,-4.591836734693877,-9.0
8,Sensitivity-DQN,8009,random,11.370967741935484,67.5,7.05,26.0,181,41,18,-82.70866250000006,186,5,0,2,0,0,300.0,15,0.3,0.5,0.6,15,0.3,0.5,0.6,22,22,150000,8009,random,validation,False,776e63c43ae4b74af8684e652ee35e575d3c68422d440ebcdb28cfcfa668a94e,C:\Users\권민우\traffic-control\model\results\reward_fine_search_2026-10-09\runs\multiseed\seed_22\candidate_15\attempt_001\experiment_15\final.zip,-13.761467889908252,-1.814516129032258,36.36363636363635,18.0,-13.761467889908264,-1.1250000000000009,5.128205128205132,2.0,1.6853932584269593,3.0
9,Sensitivity-DQN,8010,random,29.590592334494772,95.0,28.308333333333334,72.0,210,40,21,-184.68809999999996,287,77,0,1,0,0,300.0,15,0.3,0.5,0.6,15,0.3,0.5,0.6,22,22,150000,8010,random,validation,False,a840059b85bbd9b6a912132b0c970d4d51ecdf0326cf009aaea2e9fad68f7bba,C:\Users\권민우\traffic-control\model\results\reward_fine_search_2026-10-09\runs\multiseed\seed_22\candidate_15\attempt_001\experiment_15\final.zip,1.993634780520015,0.5783972125435533,-8.212560386473433,-8.5,1.9936347805200372,0.5533333333333346,0.0,0.0,-2.3255813953488413,-5.0
10,Sensitivity-DQN,8011,random,29.20751633986928,93.5,29.791666666666668,63.0,243,41,20,-198.06225,306,63,0,1,0,0,300.0,15,0.3,0.5,0.6,15,0.3,0.5,0.6,22,22,150000,8011,random,validation,False,3cb7167c2c2b34c1ebf11e7fdb965ba96a41e8a0e843c8e986e324a3722c4171,C:\Users\권민우\traffic-control\model\results\reward_fine_search_2026-10-09\runs\multiseed\seed_22\candidate_15\attempt_001\experiment_15\final.zip,-11.08292294682387,-3.6405228758169983,-26.37795275590551,-33.5,-11.082922946823858,-3.7133333333333347,2.499999999999991,1.0,4.29184549356223,10.0
11,Sensitivity-DQN,8012,random,27.520569620253166,102.5,28.988333333333333,73.0,217,42,18,-180.01172083333336,316,99,0,2,0,0,300.0,15,0.3,0.5,0.6,15,0.3,0.5,0.6,22,22,150000,8012,random,validation,False,a43af6ff2bb883b6d9a617961af61470161a2cebdc9b5d49bdb4318dbb7f654b,C:\Users\권민우\traffic-control\model\results\reward_fine_search_2026-10-09\runs\multiseed\seed_22\candidate_15\attempt_001\experiment_15\final.zip,5.938603971251077,1.5427215189873422,10.215053763440851,9.5,5.938603971251055,1.625,2.4390243902439046,1.0,-7.659574468085106,-18.0
12,Sensitivity-DQN,8013,random,20.46958174904943,65.5,17.945,46.0,213,44,20,-131.92587916666673,263,50,0,1,0,0,300.0,15,0.3,0.5,0.6,15,0.3,0.5,0.6,22,22,150000,8013,random,validation,False,dc72dfa2fd6460529e83df749d8d9abea9bcee3755fb816ec851d7258e8920db,C:\Users\권민우\traffic-control\model\results\reward_fine_search_2026-10-09\runs\multiseed\seed_22\candidate_15\attempt_001\experiment_15\final.zip,7.017195109830032,1.342205323193916,-7.092198581560282,-5.0,7.017195109830032,1.1766666666666659,2.3255813953488413,1.0,0.9478672985782088,2.0
13,Sensitivity-DQN,8014,random,20.987068965517242,66.0,16.23,55.0,186,43,23,-128.07512083333327,232,46,0,2,0,0,300.0,15,0.3,0.5,0.6,15,0.3,0.5,0.6,22,22,150000,8014,random,validation,False,55cd1036a4d9d8cba7cc7d7ac04aa9661b6e4c0235b398b071eadc518fa79e7e,C:\Users\권민우\traffic-control\model\results\reward_fine_search_2026-10-09\runs\multiseed\seed_22\candidate_15\attempt_001\experiment_15\final.zip,4.664660361134998,0.9353448275862064,-30.89005235602095,-29.5,4.664660361134998,0.7233333333333345,2.3809523809523725,1.0,-0.5347593582887722,-1.0
14,Sensitivity-DQN,8015,random,26.327338129496404,73.5,24.39666666666667,57.0,217,43,21,-170.02595000000002,278,61,0,3,0,0,300.0,15,0.3,0.5,0.6,15,0.3,0.5,0.6,22,22,150000,8015,random,validation,False,4b5952cea76dd251669c9507a7f12fefeb3138a19302395b7893ec16755927b3,C:\Users\권민우\traffic-control\model\results\reward_fine_search_2026-10-09\runs\multiseed\seed_22\candidate_15\attempt_001\experiment_15\final.zip,-0.7525933961624376,-0.19964028776978182,-4.545454545454541,-3.5,-0.7525933961624487,-0.18499999999999872,4.878048780487809,2.0,-6.060606060606055,-14.0
15,Sensitivity-DQN,8016,random,26.101612903225806,78.5,26.971666666666668,66.0,239,40,18,-178.74782916666678,310,71,0,2,0,0,300.0,15,0.3,0.5,0.6,15,0.3,0.5,0.6,22,22,150000,8016,random,validation,False,5d676c5c894eac0f3d9f703037c1ebf9802829a4819393f69c0acc1492442857,C:\Users\권민우\traffic-control\model\results\reward_fine_search_2026-10-09\runs\multiseed\seed_22\candidate_15\attempt_001\experiment_15\final.zip,5.722871888678394,1.4129032258064527,9.027777777777768,6.5,5.722871888678394,1.4600000000000009,5.263157894736836,2.0,1.2711864406779627,3.0
16,Sensitivity-DQN,8017,random,23.87649402390438,76.5,19.976666666666667,47.0,202,42,20,-139.4026208333333,251,49,0,3,0,0,300.0,15,0.3,0.5,0.6,15,0.3,0.5,0.6,22,22,150000,8017,random,validation,False,658c6c23978d040d2ba3fee1c2044362083690f1063d980fbf123a6eeec43fd8,C:\Users\권민우\traffic-control\model\results\reward_fine_search_2026-10-09\runs\multiseed\seed_22\candidate_15\attempt_001\experiment_15\final.zip,-7.44401544401544,-1.9203187250996017,-1.9230769230769273,-1.5,-7.44401544401544,-1.6066666666666656,0.0,0.0,-0.9803921568627416,-2.0
17,Sensitivity-DQN,8018,random,9.153846153846153,47.5,3.966666666666667,10.0,124,37,23,-64.38074999999999,130,6,0,1,0,0,300.0,15,0.3,0.5,0.6,15,0.3,0.5,0.6,22,22,150000,8018,random,validation,False,f44facdd126218ef97befa1789def0801faaa77ceb04886a6bc156a900691cfc,C:\Users\권민우\traffic-control\model\results\reward_fine_search_2026-10-09\runs\multiseed\seed_22\candidate_15\attempt_001\experiment_15\final.zip,41.33016627078383,2.6769230769230763,30.136986301369873,11.0,41.33016627078385,1.1600000000000001,-9.756097560975608,-4.0,0.0,0.0
18,Sensitivity-DQN,8019,random,29.101910828025478,89.5,30.46,70.0,251,40,21,-190.11888750000008,314,63,0,3,0,0,300.0,15,0.3,0.5,0.6,15,0.3,0.5,0.6,22,22,150000,8019,random,validation,False,52131aa9c898a5842eac0e7769a57b7442cca0dfa41dd4cce841370fc6b0060c,C:\Users\권민우\traffic-control\model\results\reward_fine_search_2026-10-09\runs\multiseed\seed_22\candidate_15\attempt_001\experiment_15\final.zip,21.669662472538455,5.183121019108281,-14.35406698564593,-15.0,21.669662472538455,5.425000000000001,-2.4390243902439046,-1.0,-4.19847328244275,-11.0
19,Sensitivity-DQN,8020,random,16.03095238095238,64.5,11.221666666666666,25.0,187,43,18,-107.8147,210,23,0,1,0,0,300.0,15,0.3,0.5,0.6,15,0.3,0.5,0.6,22,22,150000,8020,random,validation,False,8b6b3d586b585e66f3e99748305f4810b898bce1de2bf34ea783f93ef8efbc3c,C:\Users\권민우\traffic-control\model\results\reward_fine_search_2026-10-09\runs\multiseed\seed_22\candidate_15\attempt_001\experiment_15\final.zip,-13.92227051904883,-2.5928571428571416,21.698113207547177,11.5,-13.92227051904884,-1.8150000000000013,7.499999999999996,3.0,2.1857923497267784,4.0
0,Sensitivity-DQN,8001,random,35.609609609609606,112.0,39.526666666666664,78.0,207,42,22,-212.07216666666682,333,126,0,2,0,0,300.0,11,0.3,0.4,0.5,11,0.3,0.4,0.5,42,42,150000,8001,random,validation,False,8dd341828f90c6befd05da39f6398cba989e90169d9b64a606076b6fb9fb603c,C:\Users\권민우\traffic-control\model\results\reward_fine_search_2026-10-09\runs\multiseed\seed_42\candidate_11\attempt_001\experiment_11\final.zip,3.6447862949042786,1.252252252252248,-8.196721311475407,-10.0,3.644786294904301,1.3900000000000006,-2.3255813953488413,-1.0,-3.7209302325581395,-8.0
1,Sensitivity-DQN,8002,random,19.135555555555555,69.0,14.351666666666667,37.0,201,43,17,-112.10906666666664,225,24,0,2,0,0,300.0,11,0.3,0.4,0.5,11,0.3,0.4,0.5,42,42,150000,8002,random,validation,False,2821177a095106802fb7dc55d27cc7e848d70ca889c81c04df6e242d9b95dc2c,C:\Users\권민우\traffic-control\model\results\reward_fine_search_2026-10-09\runs\multiseed\seed_42\candidate_11\attempt_001\experiment_11\final.zip,16.69602927225913,2.7377777777777794,27.777777777777768,15.0,16.696029272259103,2.053333333333333,2.3809523809523725,1.0,-0.9852216748768461,-2.0
2,Sensitivity-DQN,8003,random,14.418032786885245,47.5,8.795,24.0,173,45,18,-80.53232500000003,183,10,0,2,0,0,300.0,11,0.3,0.4,0.5,11,0.3,0.4,0.5,42,42,150000,8003,random,validation,False,9354c03af629ff819755229f14e05b8a1326de925c77653ba23425fd1637b4b4,C:\Users\권민우\traffic-control\model\results\reward_fine_search_2026-10-09\runs\multiseed\seed_42\candidate_11\attempt_001\experiment_11\final.zip,1.188878235858093,0.16939890710382421,4.395604395604402,2.0,1.188878235858093,0.1033333333333335,7.14285714285714,3.0,-1.7045454545454586,-3.0
3,Sensitivity-DQN,8004,random,14.605140186915888,58.0,10.418333333333333,26.0,189,43,19,-89.6030125,214,25,0,2,0,0,300.0,11,0.3,0.4,0.5,11,0.3,0.4,0.5,42,42,150000,8004,random,validation,False,b79c500713d892f6e4ec75115e41bf065a3f2b239f70ef745728c491621d13e9,C:\Users\권민우\traffic-control\model\results\reward_fine_search_2026-10-09\runs\multiseed\seed_42\candidate_11\attempt_001\experiment_11\final.zip,5.111821086261981,0.7102803738317753,18.36734693877551,9.0,5.111821086261981,0.5066666666666659,0.0,0.0,-2.072538860103623,-4.0
4,Sensitivity-DQN,8005,random,30.75079365079365,83.5,32.288333333333334,84.0,223,42,22,-173.0362500000001,315,92,0,2,0,0,300.0,11,0.3,0.4,0.5,11,0.3,0.4,0.5,42,42,150000,8005,random,validation,False,dad8b07ae7aacd3f44de4c3b859fd5a3b640cf23c3bd71481a1f0ec1a70332aa,C:\Users\권민우\traffic-control\model\results\reward_fine_search_2026-10-09\runs\multiseed\seed_42\candidate_11\attempt_001\experiment_11\final.zip,7.389135254988899,2.1158730158730137,0.0,0.0,7.389135254988921,2.2216666666666676,5.000000000000004,2.0,-7.468879668049788,-18.0
5,Sensitivity-DQN,8006,random,12.466666666666667,45.0,7.48,24.0,158,43,20,-74.30155416666662,180,22,0,1,0,0,300.0,11,0.3,0.4,0.5,11,0.3,0.4,0.5,42,42,150000,8006,random,validation,False,ef2f623673927b137a233a73ec5cbcb6c8ce5ecf794f5e6abec53433d205ec06,C:\Users\권민우\traffic-control\model\results\reward_fine_search_2026-10-09\runs\multiseed\seed_42\candidate_11\attempt_001\experiment_11\final.zip,1.79178952143344,0.219444444444445,8.43373493975903,3.5,1.79178952143344,0.13166666666666682,2.3809523809523725,1.0,-1.2499999999999956,-2.0
6,Sensitivity-DQN,8007,random,20.215859030837006,63.0,15.296666666666667,35.0,192,42,17,-112.19165416666672,227,35,0,2,0,0,300.0,11,0.3,0.4,0.5,11,0.3,0.4,0.5,42,42,150000,8007,random,validation,False,fa89c69d4df65396b556c47c51886af5f1a02287f4ec90fae5d842865d09b2b9,C:\Users\권민우\traffic-control\model\results\reward_fine_search_2026-10-09\runs\multiseed\seed_42\candidate_11\attempt_001\experiment_11\final.zip,-7.236709116636342,-1.5770925110132161,-7.352941176470584,-5.0,-7.23670911663633,-1.1933333333333316,5.000000000000004,2.0,2.673796791443861,5.0
7,Sensitivity-DQN,8008,random,15.775119617224881,60.0,10.99,26.0,186,43,17,-91.40714166666667,209,23,0,1,0,0,300.0,11,0.3,0.4,0.5,11,0.3,0.4,0.5,42,42,150000,8008,random,validation,False,85fdc4042e94b886aca1df437c5f5a2d379d3c3162408629c0b305b7392e680b,C:\Users\권민우\traffic-control\model\results\reward_fine_search_2026-10-09\runs\multiseed\seed_42\candidate_11\attempt_001\experiment_11\final.zip,9.262634631317312,1.3373205741626801,-8.3969465648855,-5.5,9.262634631317312,0.9316666666666666,0.0,0.0,-1.5873015873015928,-3.0
8,Sensitivity-DQN,8009,random,15.330645161290322,79.0,9.505,28.0,176,41,19,-85.55036666666672,186,10,0,2,0,0,300.0,11,0.3,0.4,0.5,11,0.3,0.4,0.5,42,42,150000,8009,random,validation,False,776e63c43ae4b74af8684e652ee35e575d3c68422d440ebcdb28cfcfa668a94e,C:\Users\권민우\traffic-control\model\results\reward_fine_search_2026-10-09\runs\multiseed\seed_42\candidate_11\attempt_001\experiment_11\final.zip,18.639484085708347,2.408602150537634,81.60919540229885,35.5,18.639484085708347,1.493333333333334,2.499999999999991,1.0,-1.6759776536312887,-3.0
9,Sensitivity-DQN,8010,random,28.39721254355401,127.0,27.166666666666668,59.0,223,40,19,-164.8331416666667,287,64,0,1,0,0,300.0,11,0.3,0.4,0.5,11,0.3,0.4,0.5,42,42,150000,8010,random,validation,False,a840059b85bbd9b6a912132b0c970d4d51ecdf0326cf009aaea2e9fad68f7bba,C:\Users\권민우\traffic-control\model\results\reward_fine_search_2026-10-09\runs\multiseed\seed_42\candidate_11\attempt_001\experiment_11\final.zip,4.695227696062698,1.2735191637630692,36.559139784946225,34.0,4.695227696062698,1.2183333333333337,2.564102564102555,1.0,1.82648401826484,4.0
10,Sensitivity-DQN,8011,random,30.16013071895425,109.0,30.763333333333332,67.0,229,41,19,-188.48996250000002,306,77,0,1,0,0,300.0,11,0.3,0.4,0.5,11,0.3,0.4,0.5,42,42,150000,8011,random,validation,False,3cb7167c2c2b34c1ebf11e7fdb965ba96a41e8a0e843c8e986e324a3722c4171,C:\Users\권민우\traffic-control\model\results\reward_fine_search_2026-10-09\runs\multiseed\seed_42\candidate_11\attempt_001\experiment_11\final.zip,-4.233682681332363,-1.3333333333333321,28.99408284023668,24.5,-4.233682681332374,-1.360000000000003,7.8947368421052655,3.0,-5.7613168724279795,-14.0
11,Sensitivity-DQN,8012,random,26.436708860759495,94.0,27.848333333333333,76.0,232,38,17,-167.2063041666667,316,84,0,2,0,0,300.0,11,0.3,0.4,0.5,11,0.3,0.4,0.5,42,42,150000,8012,random,validation,False,a43af6ff2bb883b6d9a617961af61470161a2cebdc9b5d49bdb4318dbb7f654b,C:\Users\권민우\traffic-control\model\results\reward_fine_search_2026-10-09\runs\multiseed\seed_42\candidate_11\attempt_001\experiment_11\final.zip,-12.10016835016835,-3.639240506329113,1.6216216216216273,1.5,-12.094907407407407,-3.831666666666667,-5.000000000000004,-2.0,5.936073059360725,13.0
12,Sensitivity-DQN,8013,random,14.600760456273765,62.5,12.8,41.0,218,41,19,-95.02243333333334,263,45,0,1,0,0,300.0,11,0.3,0.4,0.5,11,0.3,0.4,0.5,42,42,150000,8013,random,validation,False,dc72dfa2fd6460529e83df749d8d9abea9bcee3755fb816ec851d7258e8920db,C:\Users\권민우\traffic-control\model\results\reward_fine_search_2026-10-09\runs\multiseed\seed_42\candidate_11\attempt_001\experiment_11\final.zip,-27.14854866249289,-5.441064638783271,0.0,0.0,-27.14854866249288,-4.77,0.0,0.0,3.3175355450236976,7.0
13,Sensitivity-DQN,8014,random,24.521551724137932,69.5,18.963333333333335,58.0,181,41,24,-118.19952083333325,232,51,0,2,0,0,300.0,11,0.3,0.4,0.5,11,0.3,0.4,0.5,42,42,150000,8014,random,validation,False,55cd1036a4d9d8cba7cc7d7ac04aa9661b6e4c0235b398b071eadc518fa79e7e,C:\Users\권민우\traffic-control\model\results\reward_fine_search_2026-10-09\runs\multiseed\seed_42\candidate_11\attempt_001\experiment_11\final.zip,26.03012848914488,5.064655172413794,-17.261904761904766,-14.5,26.0301284891449,3.916666666666668,2.499999999999991,1.0,-5.235602094240843,-10.0
14,Sensitivity-DQN,8015,random,30.469424460431654,107.0,28.235,69.0,210,42,21,-172.00087916666666,278,68,0,3,0,0,300.0,11,0.3,0.4,0.5,11,0.3,0.4,0.5,42,42,150000,8015,random,validation,False,4b5952cea76dd251669c9507a7f12fefeb3138a19302395b7893ec16755927b3,C:\Users\권민우\traffic-control\model\results\reward_fine_search_2026-10-09\runs\multiseed\seed_42\candidate_11\attempt_001\experiment_11\final.zip,15.978640377900998,4.197841726618705,10.880829015544036,10.5,15.978640377900998,3.8900000000000006,2.4390243902439046,1.0,-4.109589041095896,-9.0
15,Sensitivity-DQN,8016,random,29.020967741935483,87.5,29.988333333333333,88.0,216,43,20,-164.86159166666673,310,94,0,2,0,0,300.0,11,0.3,0.4,0.5,11,0.3,0.4,0.5,42,42,150000,8016,random,validation,False,5d676c5c894eac0f3d9f703037c1ebf9802829a4819393f69c0acc1492442857,C:\Users\권민우\traffic-control\model\results\reward_fine_search_2026-10-09\runs\multiseed\seed_42\candidate_11\attempt_001\experiment_11\final.zip,-10.438028870084626,-3.382258064516133,-3.314917127071826,-3.0,-10.438028870084626,-3.495000000000001,10.256410256410264,4.0,0.9345794392523255,2.0
16,Sensitivity-DQN,8017,random,25.92430278884462,72.5,21.69,50.0,204,39,18,-135.3315541666667,251,47,0,3,0,0,300.0,11,0.3,0.4,0.5,11,0.3,0.4,0.5,42,42,150000,8017,random,validation,False,658c6c23978d040d2ba3fee1c2044362083690f1063d980fbf123a6eeec43fd8,C:\Users\권민우\traffic-control\model\results\reward_fine_search_2026-10-09\runs\multiseed\seed_42\candidate_11\attempt_001\experiment_11\final.zip,12.43196544276457,2.8665338645418323,5.8394160583941535,4.0,12.43196544276457,2.3983333333333334,-4.878048780487809,-2.0,2.0000000000000018,4.0
17,Sensitivity-DQN,8018,random,9.815384615384616,41.0,4.253333333333333,12.0,126,40,22,-54.14374166666666,130,4,0,1,0,0,300.0,11,0.3,0.4,0.5,11,0.3,0.4,0.5,42,42,150000,8018,random,validation,False,f44facdd126218ef97befa1789def0801faaa77ceb04886a6bc156a900691cfc,C:\Users\권민우\traffic-control\model\results\reward_fine_search_2026-10-09\runs\multiseed\seed_42\candidate_11\attempt_001\experiment_11\final.zip,5.760464152507261,0.5346153846153854,13.888888888888884,5.0,5.760464152507239,0.23166666666666647,2.564102564102555,1.0,2.4390243902439046,3.0
18,Sensitivity-DQN,8019,random,30.269108280254777,83.0,31.68166666666667,69.0,247,37,20,-169.9977333333333,314,67,0,3,0,0,300.0,11,0.3,0.4,0.5,11,0.3,0.4,0.5,42,42,150000,8019,random,validation,False,52131aa9c898a5842eac0e7769a57b7442cca0dfa41dd4cce841370fc6b0060c,C:\Users\권민우\traffic-control\model\results\reward_fine_search_2026-10-09\runs\multiseed\seed_42\candidate_11\attempt_001\experiment_11\final.zip,19.560978677904274,4.952229299363058,-11.229946524064172,-10.5,19.560978677904274,5.183333333333334,-5.128205128205132,-2.0,-2.371541501976282,-6.0
19,Sensitivity-DQN,8020,random,17.966666666666665,60.0,12.576666666666666,28.0,187,43,18,-101.8175708333334,210,23,0,1,0,0,300.0,11,0.3,0.4,0.5,11,0.3,0.4,0.5,42,42,150000,8020,random,validation,False,8b6b3d586b585e66f3e99748305f4810b898bce1de2bf34ea783f93ef8efbc3c,C:\Users\권민우\traffic-control\model\results\reward_fine_search_2026-10-09\runs\multiseed\seed_42\candidate_11\attempt_001\experiment_11\final.zip,9.664292980671396,1.5833333333333321,3.4482758620689724,2.0,9.664292980671396,1.1083333333333325,4.878048780487809,2.0,-1.0582010582010581,-2.0
0,Sensitivity-DQN,8001,random,28.593093093093092,109.0,31.738333333333333,74.0,247,39,18,-189.15832500000005,333,86,0,2,0,0,300.0,13,0.3,0.5,0.4,13,0.3,0.5,0.4,42,42,150000,8001,random,validation,False,8dd341828f90c6befd05da39f6398cba989e90169d9b64a606076b6fb9fb603c,C:\Users\권민우\traffic-control\model\results\reward_fine_search_2026-10-09\runs\multiseed\seed_42\candidate_13\attempt_002\experiment_13\final.zip,-16.77737959968535,-5.764264264264266,-10.655737704918034,-13.0,-16.77737959968534,-6.39833333333333,-9.302325581395355,-4.0,14.883720930232558,32.0
1,Sensitivity-DQN,8002,random,18.266666666666666,70.5,13.7,32.0,204,43,18,-111.99749166666668,225,21,0,2,0,0,300.0,13,0.3,0.5,0.4,13,0.3,0.5,0.4,42,42,150000,8002,random,validation,False,2821177a095106802fb7dc55d27cc7e848d70ca889c81c04df6e242d9b95dc2c,C:\Users\권민우\traffic-control\model\results\reward_fine_search_2026-10-09\runs\multiseed\seed_42\candidate_13\attempt_002\experiment_13\final.zip,11.397208293806749,1.8688888888888897,30.555555555555557,16.5,11.397208293806749,1.4016666666666655,2.3809523809523725,1.0,0.49261083743843415,1.0
2,Sensitivity-DQN,8003,random,11.147540983606557,41.5,6.8,20.0,180,47,20,-68.92900833333333,183,3,0,2,0,0,300.0,13,0.3,0.5,0.4,13,0.3,0.5,0.4,42,42,150000,8003,random,validation,False,9354c03af629ff819755229f14e05b8a1326de925c77653ba23425fd1637b4b4,C:\Users\권민우\traffic-control\model\results\reward_fine_search_2026-10-09\runs\multiseed\seed_42\candidate_13\attempt_002\experiment_13\final.zip,-21.76414189837009,-3.1010928961748636,-8.791208791208794,-4.0,-21.76414189837008,-1.8916666666666666,11.904761904761907,5.0,2.2727272727272707,4.0
3,Sensitivity-DQN,8004,random,14.787383177570094,47.5,10.548333333333334,31.0,190,44,16,-88.74961249999993,214,24,0,2,0,0,300.0,13,0.3,0.5,0.4,13,0.3,0.5,0.4,42,42,150000,8004,random,validation,False,b79c500713d892f6e4ec75115e41bf065a3f2b239f70ef745728c491621d13e9,C:\Users\권민우\traffic-control\model\results\reward_fine_search_2026-10-09\runs\multiseed\seed_42\candidate_13\attempt_002\experiment_13\final.zip,6.423406759710781,0.8925233644859816,-3.0612244897959218,-1.5,6.423406759710781,0.6366666666666667,2.3255813953488413,1.0,-1.5544041450777257,-3.0
4,Sensitivity-DQN,8005,random,27.85238095238095,94.0,29.246666666666666,74.0,235,42,17,-170.1217833333332,315,80,0,2,0,0,300.0,13,0.3,0.5,0.4,13,0.3,0.5,0.4,42,42,150000,8005,random,validation,False,dad8b07ae7aacd3f44de4c3b859fd5a3b640cf23c3bd71481a1f0ec1a70332aa,C:\Users\권민우\traffic-control\model\results\reward_fine_search_2026-10-09\runs\multiseed\seed_42\candidate_13\attempt_002\experiment_13\final.zip,-2.732815964523294,-0.7825396825396851,12.574850299401197,10.5,-2.7272727272727337,-0.8200000000000003,5.000000000000004,2.0,-2.4896265560165998,-6.0
5,Sensitivity-DQN,8006,random,11.852777777777778,41.0,7.111666666666666,25.0,161,42,16,-70.92745416666664,180,19,0,1,0,0,300.0,13,0.3,0.5,0.4,13,0.3,0.5,0.4,42,42,150000,8006,random,validation,False,ef2f623673927b137a233a73ec5cbcb6c8ce5ecf794f5e6abec53433d205ec06,C:\Users\권민우\traffic-control\model\results\reward_fine_search_2026-10-09\runs\multiseed\seed_42\candidate_13\attempt_002\experiment_13\final.zip,-3.2206849625765477,-0.39444444444444393,-1.2048192771084376,-0.5,-3.220684962576559,-0.23666666666666725,0.0,0.0,0.6250000000000089,1.0
6,Sensitivity-DQN,8007,random,17.85022026431718,55.0,13.506666666666666,30.0,201,42,21,-107.19235000000002,227,26,0,2,0,0,300.0,13,0.3,0.5,0.4,13,0.3,0.5,0.4,42,42,150000,8007,random,validation,False,fa89c69d4df65396b556c47c51886af5f1a02287f4ec90fae5d842865d09b2b9,C:\Users\권민우\traffic-control\model\results\reward_fine_search_2026-10-09\runs\multiseed\seed_42\candidate_13\attempt_002\experiment_13\final.zip,-18.091772791590877,-3.942731277533042,-19.11764705882353,-13.0,-18.091772791590856,-2.9833333333333325,5.000000000000004,2.0,7.4866310160427885,14.0
7,Sensitivity-DQN,8008,random,12.198564593301436,55.0,8.498333333333333,19.0,196,43,13,-82.69226250000003,209,13,0,1,0,0,300.0,13,0.3,0.5,0.4,13,0.3,0.5,0.4,42,42,150000,8008,random,validation,False,85fdc4042e94b886aca1df437c5f5a2d379d3c3162408629c0b305b7392e680b,C:\Users\권민우\traffic-control\model\results\reward_fine_search_2026-10-09\runs\multiseed\seed_42\candidate_13\attempt_002\experiment_13\final.zip,-15.509527754763875,-2.2392344497607652,-16.030534351145043,-10.5,-15.509527754763885,-1.5600000000000005,0.0,0.0,3.703703703703698,7.0
8,Sensitivity-DQN,8009,random,10.626344086021506,74.0,6.588333333333333,21.0,180,43,16,-70.54928749999998,186,6,0,2,0,0,300.0,13,0.3,0.5,0.4,13,0.3,0.5,0.4,42,42,150000,8009,random,validation,False,776e63c43ae4b74af8684e652ee35e575d3c68422d440ebcdb28cfcfa668a94e,C:\Users\권민우\traffic-control\model\results\reward_fine_search_2026-10-09\runs\multiseed\seed_42\candidate_13\attempt_002\experiment_13\final.zip,-17.765758269190755,-2.295698924731182,70.11494252873563,30.5,-17.76575826919077,-1.4233333333333338,7.499999999999996,3.0,0.5586592178770999,1.0
9,Sensitivity-DQN,8010,random,29.973867595818817,113.0,28.675,68.0,212,43,18,-179.34740833333322,287,75,0,1,0,0,300.0,13,0.3,0.5,0.4,13,0.3,0.5,0.4,42,42,150000,8010,random,validation,False,a840059b85bbd9b6a912132b0c970d4d51ecdf0326cf009aaea2e9fad68f7bba,C:\Users\권민우\traffic-control\model\results\reward_fine_search_2026-10-09\runs\multiseed\seed_42\candidate_13\attempt_002\experiment_13\final.zip,10.508060890230597,2.8501742160278773,21.505376344086024,20.0,10.508060890230574,2.7266666666666666,10.256410256410264,4.0,-3.1963470319634757,-7.0
10,Sensitivity-DQN,8011,random,28.21732026143791,116.0,28.781666666666666,55.0,240,40,21,-197.35455000000007,306,66,0,1,0,0,300.0,13,0.3,0.5,0.4,13,0.3,0.5,0.4,42,42,150000,8011,random,validation,False,3cb7167c2c2b34c1ebf11e7fdb965ba96a41e8a0e843c8e986e324a3722c4171,C:\Users\권민우\traffic-control\model\results\reward_fine_search_2026-10-09\runs\multiseed\seed_42\candidate_13\attempt_002\experiment_13\final.zip,-10.402614921656117,-3.276143790849673,37.27810650887573,31.5,-10.402614921656117,-3.3416666666666686,5.263157894736836,2.0,-1.2345679012345734,-3.0
11,Sensitivity-DQN,8012,random,24.860759493670887,75.5,26.186666666666667,71.0,230,39,19,-148.66405833333334,316,86,0,2,0,0,300.0,13,0.3,0.5,0.4,13,0.3,0.5,0.4,42,42,150000,8012,random,validation,False,a43af6ff2bb883b6d9a617961af61470161a2cebdc9b5d49bdb4318dbb7f654b,C:\Users\권민우\traffic-control\model\results\reward_fine_search_2026-10-09\runs\multiseed\seed_42\candidate_13\attempt_002\experiment_13\final.zip,-17.340067340067332,-5.215189873417721,-18.37837837837838,-17.0,-17.340067340067332,-5.493333333333332,-2.500000000000002,-1.0,5.022831050228316,11.0
12,Sensitivity-DQN,8013,random,15.64638783269962,59.5,13.716666666666667,37.0,216,42,17,-104.77285833333337,263,47,0,1,0,0,300.0,13,0.3,0.5,0.4,13,0.3,0.5,0.4,42,42,150000,8013,random,validation,False,dc72dfa2fd6460529e83df749d8d9abea9bcee3755fb816ec851d7258e8920db,C:\Users\권민우\traffic-control\model\results\reward_fine_search_2026-10-09\runs\multiseed\seed_42\candidate_13\attempt_002\experiment_13\final.zip,-21.931322329728708,-4.395437262357415,-4.800000000000004,-3.0,-21.931322329728708,-3.8533333333333335,2.4390243902439046,1.0,2.369668246445489,5.0
13,Sensitivity-DQN,8014,random,20.90301724137931,79.5,16.165,42.0,188,39,22,-114.37503333333326,232,44,0,2,0,0,300.0,13,0.3,0.5,0.4,13,0.3,0.5,0.4,42,42,150000,8014,random,validation,False,55cd1036a4d9d8cba7cc7d7ac04aa9661b6e4c0235b398b071eadc518fa79e7e,C:\Users\권민우\traffic-control\model\results\reward_fine_search_2026-10-09\runs\multiseed\seed_42\candidate_13\attempt_002\experiment_13\final.zip,7.432432432432434,1.4461206896551708,-5.35714285714286,-4.5,7.432432432432434,1.1183333333333323,-2.500000000000002,-1.0,-1.5706806282722474,-3.0
14,Sensitivity-DQN,8015,random,27.08273381294964,84.5,25.096666666666668,65.0,213,42,18,-155.28037083333336,278,65,0,3,0,0,300.0,13,0.3,0.5,0.4,13,0.3,0.5,0.4,42,42,150000,8015,random,validation,False,4b5952cea76dd251669c9507a7f12fefeb3138a19302395b7893ec16755927b3,C:\Users\권민우\traffic-control\model\results\reward_fine_search_2026-10-09\runs\multiseed\seed_42\candidate_13\attempt_002\experiment_13\final.zip,3.087560758540442,0.8111510791366925,-12.435233160621761,-12.0,3.087560758540442,0.7516666666666687,2.4390243902439046,1.0,-2.73972602739726,-6.0
15,Sensitivity-DQN,8016,random,24.953225806451613,80.5,25.785,71.0,237,42,20,-154.5933916666666,310,73,0,2,0,0,300.0,13,0.3,0.5,0.4,13,0.3,0.5,0.4,42,42,150000,8016,random,validation,False,5d676c5c894eac0f3d9f703037c1ebf9802829a4819393f69c0acc1492442857,C:\Users\권민우\traffic-control\model\results\reward_fine_search_2026-10-09\runs\multiseed\seed_42\candidate_13\attempt_002\experiment_13\final.zip,-22.9915380786461,-7.450000000000003,-11.049723756906083,-10.0,-22.99153807864609,-7.698333333333334,7.692307692307687,3.0,10.747663551401864,23.0
16,Sensitivity-DQN,8017,random,20.621513944223107,73.0,17.253333333333334,38.0,213,41,19,-128.72001249999994,251,38,0,3,0,0,300.0,13,0.3,0.5,0.4,13,0.3,0.5,0.4,42,42,150000,8017,random,validation,False,658c6c23978d040d2ba3fee1c2044362083690f1063d980fbf123a6eeec43fd8,C:\Users\권민우\traffic-control\model\results\reward_fine_search_2026-10-09\runs\multiseed\seed_42\candidate_13\attempt_002\experiment_13\final.zip,-10.565874730021596,-2.4362549800796813,6.569343065693434,4.5,-10.565874730021596,-2.038333333333334,0.0,0.0,6.499999999999995,13.0
17,Sensitivity-DQN,8018,random,5.980769230769231,40.5,2.591666666666667,9.0,127,40,21,-41.82817083333334,130,3,0,1,0,0,300.0,13,0.3,0.5,0.4,13,0.3,0.5,0.4,42,42,150000,8018,random,validation,False,f44facdd126218ef97befa1789def0801faaa77ceb04886a6bc156a900691cfc,C:\Users\권민우\traffic-control\model\results\reward_fine_search_2026-10-09\runs\multiseed\seed_42\candidate_13\attempt_002\experiment_13\final.zip,-35.55739743058434,-3.3,12.5,4.5,-35.557397430584324,-1.4299999999999997,2.564102564102555,1.0,3.2520325203251987,4.0
18,Sensitivity-DQN,8019,random,29.090764331210192,102.0,30.448333333333334,65.0,246,40,22,-187.92268749999988,314,68,0,3,0,0,300.0,13,0.3,0.5,0.4,13,0.3,0.5,0.4,42,42,150000,8019,random,validation,False,52131aa9c898a5842eac0e7769a57b7442cca0dfa41dd4cce841370fc6b0060c,C:\Users\권민우\traffic-control\model\results\reward_fine_search_2026-10-09\runs\multiseed\seed_42\candidate_13\attempt_002\experiment_13\final.zip,14.90659789923896,3.773885350318473,9.090909090909083,8.5,14.906597899238939,3.9499999999999993,2.564102564102555,1.0,-2.766798418972327,-7.0
19,Sensitivity-DQN,8020,random,18.33809523809524,66.0,12.836666666666666,34.0,182,40,19,-102.28013333333335,210,28,0,1,0,0,300.0,13,0.3,0.5,0.4,13,0.3,0.5,0.4,42,42,150000,8020,random,validation,False,8b6b3d586b585e66f3e99748305f4810b898bce1de2bf34ea783f93ef8efbc3c,C:\Users\권민우\traffic-control\model\results\reward_fine_search_2026-10-09\runs\multiseed\seed_42\candidate_13\attempt_002\experiment_13\final.zip,11.931405318994347,1.9547619047619058,13.793103448275868,8.0,11.931405318994326,1.3683333333333323,-2.4390243902439046,-1.0,-3.703703703703709,-7.0
0,Sensitivity-DQN,8001,random,34.35735735735736,122.0,38.13666666666666,91.0,215,43,24,-224.27107916666668,333,118,0,2,0,0,300.0,14,0.3,0.5,0.5,14,0.3,0.5,0.5,42,42,150000,8001,random,validation,True,8dd341828f90c6befd05da39f6398cba989e90169d9b64a606076b6fb9fb603c,C:\Users\권민우\traffic-control\model\results\reward_fine_search_2026-10-09\runs\multiseed\seed_42\candidate_14\attempt_001\experiment_14\final.zip,0.0,0.0,0.0,0.0,0.0,0.0,0.0,0.0,0.0,0.0
1,Sensitivity-DQN,8002,random,16.397777777777776,54.0,12.298333333333334,27.0,203,42,14,-108.50057083333333,225,22,0,2,0,0,300.0,14,0.3,0.5,0.5,14,0.3,0.5,0.5,42,42,150000,8002,random,validation,True,2821177a095106802fb7dc55d27cc7e848d70ca889c81c04df6e242d9b95dc2c,C:\Users\권민우\traffic-control\model\results\reward_fine_search_2026-10-09\runs\multiseed\seed_42\candidate_14\attempt_001\experiment_14\final.zip,0.0,0.0,0.0,0.0,0.0,0.0,0.0,0.0,0.0,0.0
2,Sensitivity-DQN,8003,random,14.248633879781421,45.5,8.691666666666666,24.0,176,42,20,-84.9145125,183,7,0,2,0,0,300.0,14,0.3,0.5,0.5,14,0.3,0.5,0.5,42,42,150000,8003,random,validation,True,9354c03af629ff819755229f14e05b8a1326de925c77653ba23425fd1637b4b4,C:\Users\권민우\traffic-control\model\results\reward_fine_search_2026-10-09\runs\multiseed\seed_42\candidate_14\attempt_001\experiment_14\final.zip,0.0,0.0,0.0,0.0,0.0,0.0,0.0,0.0,0.0,0.0
3,Sensitivity-DQN,8004,random,13.894859813084112,49.0,9.911666666666667,24.0,193,43,21,-89.63977499999997,214,21,0,2,0,0,300.0,14,0.3,0.5,0.5,14,0.3,0.5,0.5,42,42,150000,8004,random,validation,True,b79c500713d892f6e4ec75115e41bf065a3f2b239f70ef745728c491621d13e9,C:\Users\권민우\traffic-control\model\results\reward_fine_search_2026-10-09\runs\multiseed\seed_42\candidate_14\attempt_001\experiment_14\final.zip,0.0,0.0,0.0,0.0,0.0,0.0,0.0,0.0,0.0,0.0
4,Sensitivity-DQN,8005,random,28.634920634920636,83.5,30.066666666666666,72.0,241,40,23,-179.03992083333335,315,74,0,2,0,0,300.0,14,0.3,0.5,0.5,14,0.3,0.5,0.5,42,42,150000,8005,random,validation,True,dad8b07ae7aacd3f44de4c3b859fd5a3b640cf23c3bd71481a1f0ec1a70332aa,C:\Users\권민우\traffic-control\model\results\reward_fine_search_2026-10-09\runs\multiseed\seed_42\candidate_14\attempt_001\experiment_14\final.zip,0.0,0.0,0.0,0.0,0.0,0.0,0.0,0.0,0.0,0.0
5,Sensitivity-DQN,8006,random,12.247222222222222,41.5,7.348333333333334,25.0,160,42,16,-77.41250000000001,180,20,0,1,0,0,300.0,14,0.3,0.5,0.5,14,0.3,0.5,0.5,42,42,150000,8006,random,validation,True,ef2f623673927b137a233a73ec5cbcb6c8ce5ecf794f5e6abec53433d205ec06,C:\Users\권민우\traffic-control\model\results\reward_fine_search_2026-10-09\runs\multiseed\seed_42\candidate_14\attempt_001\experiment_14\final.zip,0.0,0.0,0.0,0.0,0.0,0.0,0.0,0.0,0.0,0.0
6,Sensitivity-DQN,8007,random,21.792951541850222,68.0,16.49,40.0,187,40,18,-125.09404583333328,227,40,0,2,0,0,300.0,14,0.3,0.5,0.5,14,0.3,0.5,0.5,42,42,150000,8007,random,validation,True,fa89c69d4df65396b556c47c51886af5f1a02287f4ec90fae5d842865d09b2b9,C:\Users\권민우\traffic-control\model\results\reward_fine_search_2026-10-09\runs\multiseed\seed_42\candidate_14\attempt_001\experiment_14\final.zip,0.0,0.0,0.0,0.0,0.0,0.0,0.0,0.0,0.0,0.0
7,Sensitivity-DQN,8008,random,14.437799043062201,65.5,10.058333333333334,23.0,189,43,15,-96.94243333333337,209,20,0,1,0,0,300.0,14,0.3,0.5,0.5,14,0.3,0.5,0.5,42,42,150000,8008,random,validation,True,85fdc4042e94b886aca1df437c5f5a2d379d3c3162408629c0b305b7392e680b,C:\Users\권민우\traffic-control\model\results\reward_fine_search_2026-10-09\runs\multiseed\seed_42\candidate_14\attempt_001\experiment_14\final.zip,0.0,0.0,0.0,0.0,0.0,0.0,0.0,0.0,0.0,0.0
8,Sensitivity-DQN,8009,random,12.922043010752688,43.5,8.011666666666667,26.0,179,40,18,-82.95756249999995,186,7,0,2,0,0,300.0,14,0.3,0.5,0.5,14,0.3,0.5,0.5,42,42,150000,8009,random,validation,True,776e63c43ae4b74af8684e652ee35e575d3c68422d440ebcdb28cfcfa668a94e,C:\Users\권민우\traffic-control\model\results\reward_fine_search_2026-10-09\runs\multiseed\seed_42\candidate_14\attempt_001\experiment_14\final.zip,0.0,0.0,0.0,0.0,0.0,0.0,0.0,0.0,0.0,0.0
9,Sensitivity-DQN,8010,random,27.12369337979094,93.0,25.948333333333334,53.0,219,39,17,-172.9602916666667,287,68,0,1,0,0,300.0,14,0.3,0.5,0.5,14,0.3,0.5,0.5,42,42,150000,8010,random,validation,True,a840059b85bbd9b6a912132b0c970d4d51ecdf0326cf009aaea2e9fad68f7bba,C:\Users\권민우\traffic-control\model\results\reward_fine_search_2026-10-09\runs\multiseed\seed_42\candidate_14\attempt_001\experiment_14\final.zip,0.0,0.0,0.0,0.0,0.0,0.0,0.0,0.0,0.0,0.0
10,Sensitivity-DQN,8011,random,31.49346405228758,84.5,32.123333333333335,57.0,243,38,18,-197.04774166666664,306,63,0,1,0,0,300.0,14,0.3,0.5,0.5,14,0.3,0.5,0.5,42,42,150000,8011,random,validation,True,3cb7167c2c2b34c1ebf11e7fdb965ba96a41e8a0e843c8e986e324a3722c4171,C:\Users\권민우\traffic-control\model\results\reward_fine_search_2026-10-09\runs\multiseed\seed_42\candidate_14\attempt_001\experiment_14\final.zip,0.0,0.0,0.0,0.0,0.0,0.0,0.0,0.0,0.0,0.0
11,Sensitivity-DQN,8012,random,30.075949367088608,92.5,31.68,74.0,219,40,21,-190.98222499999986,316,97,0,2,0,0,300.0,14,0.3,0.5,0.5,14,0.3,0.5,0.5,42,42,150000,8012,random,validation,True,a43af6ff2bb883b6d9a617961af61470161a2cebdc9b5d49bdb4318dbb7f654b,C:\Users\권민우\traffic-control\model\results\reward_fine_search_2026-10-09\runs\multiseed\seed_42\candidate_14\attempt_001\experiment_14\final.zip,0.0,0.0,0.0,0.0,0.0,0.0,0.0,0.0,0.0,0.0
12,Sensitivity-DQN,8013,random,20.041825095057035,62.5,17.57,49.0,211,41,19,-129.29607083333335,263,52,0,1,0,0,300.0,14,0.3,0.5,0.5,14,0.3,0.5,0.5,42,42,150000,8013,random,validation,True,dc72dfa2fd6460529e83df749d8d9abea9bcee3755fb816ec851d7258e8920db,C:\Users\권민우\traffic-control\model\results\reward_fine_search_2026-10-09\runs\multiseed\seed_42\candidate_14\attempt_001\experiment_14\final.zip,0.0,0.0,0.0,0.0,0.0,0.0,0.0,0.0,0.0,0.0
13,Sensitivity-DQN,8014,random,19.45689655172414,84.0,15.046666666666667,38.0,191,40,18,-120.1758291666666,232,41,0,2,0,0,300.0,14,0.3,0.5,0.5,14,0.3,0.5,0.5,42,42,150000,8014,random,validation,True,55cd1036a4d9d8cba7cc7d7ac04aa9661b6e4c0235b398b071eadc518fa79e7e,C:\Users\권민우\traffic-control\model\results\reward_fine_search_2026-10-09\runs\multiseed\seed_42\candidate_14\attempt_001\experiment_14\final.zip,0.0,0.0,0.0,0.0,0.0,0.0,0.0,0.0,0.0,0.0
14,Sensitivity-DQN,8015,random,26.27158273381295,96.5,24.345,48.0,219,41,20,-170.85593333333338,278,59,0,3,0,0,300.0,14,0.3,0.5,0.5,14,0.3,0.5,0.5,42,42,150000,8015,random,validation,True,4b5952cea76dd251669c9507a7f12fefeb3138a19302395b7893ec16755927b3,C:\Users\권민우\traffic-control\model\results\reward_fine_search_2026-10-09\runs\multiseed\seed_42\candidate_14\attempt_001\experiment_14\final.zip,0.0,0.0,0.0,0.0,0.0,0.0,0.0,0.0,0.0,0.0
15,Sensitivity-DQN,8016,random,32.403225806451616,90.5,33.483333333333334,89.0,214,39,18,-188.77266250000017,310,96,0,2,0,0,300.0,14,0.3,0.5,0.5,14,0.3,0.5,0.5,42,42,150000,8016,random,validation,True,5d676c5c894eac0f3d9f703037c1ebf9802829a4819393f69c0acc1492442857,C:\Users\권민우\traffic-control\model\results\reward_fine_search_2026-10-09\runs\multiseed\seed_42\candidate_14\attempt_001\experiment_14\final.zip,0.0,0.0,0.0,0.0,0.0,0.0,0.0,0.0,0.0,0.0
16,Sensitivity-DQN,8017,random,23.05776892430279,68.5,19.291666666666668,51.0,200,41,22,-137.23987500000004,251,51,0,3,0,0,300.0,14,0.3,0.5,0.5,14,0.3,0.5,0.5,42,42,150000,8017,random,validation,True,658c6c23978d040d2ba3fee1c2044362083690f1063d980fbf123a6eeec43fd8,C:\Users\권민우\traffic-control\model\results\reward_fine_search_2026-10-09\runs\multiseed\seed_42\candidate_14\attempt_001\experiment_14\final.zip,0.0,0.0,0.0,0.0,0.0,0.0,0.0,0.0,0.0,0.0
17,Sensitivity-DQN,8018,random,9.28076923076923,36.0,4.0216666666666665,12.0,123,39,20,-57.56727083333332,130,7,0,1,0,0,300.0,14,0.3,0.5,0.5,14,0.3,0.5,0.5,42,42,150000,8018,random,validation,True,f44facdd126218ef97befa1789def0801faaa77ceb04886a6bc156a900691cfc,C:\Users\권민우\traffic-control\model\results\reward_fine_search_2026-10-09\runs\multiseed\seed_42\candidate_14\attempt_001\experiment_14\final.zip,0.0,0.0,0.0,0.0,0.0,0.0,0.0,0.0,0.0,0.0
18,Sensitivity-DQN,8019,random,25.31687898089172,93.5,26.498333333333335,56.0,253,39,19,-174.17861666666673,314,61,0,3,0,0,300.0,14,0.3,0.5,0.5,14,0.3,0.5,0.5,42,42,150000,8019,random,validation,True,52131aa9c898a5842eac0e7769a57b7442cca0dfa41dd4cce841370fc6b0060c,C:\Users\권민우\traffic-control\model\results\reward_fine_search_2026-10-09\runs\multiseed\seed_42\candidate_14\attempt_001\experiment_14\final.zip,0.0,0.0,0.0,0.0,0.0,0.0,0.0,0.0,0.0,0.0
19,Sensitivity-DQN,8020,random,16.383333333333333,58.0,11.468333333333334,32.0,189,41,17,-100.51356666666662,210,21,0,1,0,0,300.0,14,0.3,0.5,0.5,14,0.3,0.5,0.5,42,42,150000,8020,random,validation,True,8b6b3d586b585e66f3e99748305f4810b898bce1de2bf34ea783f93ef8efbc3c,C:\Users\권민우\traffic-control\model\results\reward_fine_search_2026-10-09\runs\multiseed\seed_42\candidate_14\attempt_001\experiment_14\final.zip,0.0,0.0,0.0,0.0,0.0,0.0,0.0,0.0,0.0,0.0
0,Sensitivity-DQN,8001,random,35.96246246246246,104.5,39.91833333333334,93.0,230,41,25,-244.06584583333347,333,103,0,2,0,0,300.0,15,0.3,0.5,0.6,15,0.3,0.5,0.6,42,42,150000,8001,random,validation,False,8dd341828f90c6befd05da39f6398cba989e90169d9b64a606076b6fb9fb603c,C:\Users\권민우\traffic-control\model\results\reward_fine_search_2026-10-09\runs\multiseed\seed_42\candidate_15\attempt_001\experiment_15\final.zip,4.671794423564379,1.6051051051051033,-14.344262295081966,-17.5,4.6717944235644016,1.7816666666666734,-4.651162790697672,-2.0,6.976744186046502,15.0
1,Sensitivity-DQN,8002,random,19.40222222222222,71.0,14.551666666666666,34.0,199,42,22,-131.23968750000003,225,26,0,2,0,0,300.0,15,0.3,0.5,0.6,15,0.3,0.5,0.6,42,42,150000,8002,random,validation,False,2821177a095106802fb7dc55d27cc7e848d70ca889c81c04df6e242d9b95dc2c,C:\Users\권민우\traffic-control\model\results\reward_fine_search_2026-10-09\runs\multiseed\seed_42\candidate_15\attempt_001\experiment_15\final.zip,18.32226588968695,3.004444444444445,31.481481481481488,17.0,18.32226588968693,2.253333333333332,0.0,0.0,-1.9704433497536922,-4.0
2,Sensitivity-DQN,8003,random,15.21311475409836,64.0,9.28,22.0,173,43,18,-101.10202499999998,183,10,0,2,0,0,300.0,15,0.3,0.5,0.6,15,0.3,0.5,0.6,42,42,150000,8003,random,validation,False,9354c03af629ff819755229f14e05b8a1326de925c77653ba23425fd1637b4b4,C:\Users\권민우\traffic-control\model\results\reward_fine_search_2026-10-09\runs\multiseed\seed_42\candidate_15\attempt_001\experiment_15\final.zip,6.7689357622243485,0.9644808743169389,40.65934065934067,18.5,6.7689357622243485,0.5883333333333329,2.3809523809523725,1.0,-1.7045454545454586,-3.0
3,Sensitivity-DQN,8004,random,13.964953271028037,51.5,9.961666666666666,26.0,192,42,19,-96.45544166666667,214,22,0,2,0,0,300.0,15,0.3,0.5,0.6,15,0.3,0.5,0.6,42,42,150000,8004,random,validation,False,b79c500713d892f6e4ec75115e41bf065a3f2b239f70ef745728c491621d13e9,C:\Users\권민우\traffic-control\model\results\reward_fine_search_2026-10-09\runs\multiseed\seed_42\candidate_15\attempt_001\experiment_15\final.zip,0.5044560282495336,0.07009345794392452,5.102040816326525,2.5,0.5044560282495336,0.049999999999998934,-2.3255813953488413,-1.0,-0.5181347150259086,-1.0
4,Sensitivity-DQN,8005,random,28.544444444444444,99.5,29.971666666666668,60.0,244,38,25,-194.6207124999999,315,71,0,2,0,0,300.0,15,0.3,0.5,0.6,15,0.3,0.5,0.6,42,42,150000,8005,random,validation,False,dad8b07ae7aacd3f44de4c3b859fd5a3b640cf23c3bd71481a1f0ec1a70332aa,C:\Users\권민우\traffic-control\model\results\reward_fine_search_2026-10-09\runs\multiseed\seed_42\candidate_15\attempt_001\experiment_15\final.zip,-0.31596452328159774,-0.09047619047619193,19.16167664670658,16.0,-0.31596452328159774,-0.09499999999999886,-5.000000000000004,-2.0,1.2448132780082943,3.0
5,Sensitivity-DQN,8006,random,14.052777777777777,68.0,8.431666666666667,19.0,158,43,23,-95.62570416666668,180,22,0,1,0,0,300.0,15,0.3,0.5,0.6,15,0.3,0.5,0.6,42,42,150000,8006,random,validation,False,ef2f623673927b137a233a73ec5cbcb6c8ce5ecf794f5e6abec53433d205ec06,C:\Users\권민우\traffic-control\model\results\reward_fine_search_2026-10-09\runs\multiseed\seed_42\candidate_15\attempt_001\experiment_15\final.zip,14.742572011794053,1.8055555555555554,63.85542168674698,26.5,14.742572011794053,1.083333333333333,2.3809523809523725,1.0,-1.2499999999999956,-2.0
6,Sensitivity-DQN,8007,random,21.65638766519824,67.5,16.386666666666667,35.0,192,40,19,-136.93628333333334,227,35,0,2,0,0,300.0,15,0.3,0.5,0.6,15,0.3,0.5,0.6,42,42,150000,8007,random,validation,False,fa89c69d4df65396b556c47c51886af5f1a02287f4ec90fae5d842865d09b2b9,C:\Users\권민우\traffic-control\model\results\reward_fine_search_2026-10-09\runs\multiseed\seed_42\candidate_15\attempt_001\experiment_15\final.zip,-0.6266424095411449,-0.13656387665198366,-0.7352941176470562,-0.5,-0.6266424095411227,-0.10333333333333172,0.0,0.0,2.673796791443861,5.0
7,Sensitivity-DQN,8008,random,12.212918660287082,58.5,8.508333333333333,23.0,195,39,16,-87.37085416666663,209,14,0,1,0,0,300.0,15,0.3,0.5,0.6,15,0.3,0.5,0.6,42,42,150000,8008,random,validation,False,85fdc4042e94b886aca1df437c5f5a2d379d3c3162408629c0b305b7392e680b,C:\Users\권민우\traffic-control\model\results\reward_fine_search_2026-10-09\runs\multiseed\seed_42\candidate_15\attempt_001\experiment_15\final.zip,-15.410107705053843,-2.224880382775119,-10.687022900763354,-7.0,-15.410107705053855,-1.5500000000000007,-9.302325581395355,-4.0,3.1746031746031855,6.0
8,Sensitivity-DQN,8009,random,14.505376344086022,70.0,8.993333333333334,24.0,181,40,20,-94.76988749999997,186,5,0,2,0,0,300.0,15,0.3,0.5,0.6,15,0.3,0.5,0.6,42,42,150000,8009,random,validation,False,776e63c43ae4b74af8684e652ee35e575d3c68422d440ebcdb28cfcfa668a94e,C:\Users\권민우\traffic-control\model\results\reward_fine_search_2026-10-09\runs\multiseed\seed_42\candidate_15\attempt_001\experiment_15\final.zip,12.252964426877465,1.583333333333334,60.91954022988506,26.5,12.252964426877488,0.9816666666666674,0.0,0.0,1.1173184357541999,2.0
9,Sensitivity-DQN,8010,random,32.771777003484324,110.0,31.351666666666667,78.0,200,41,19,-201.19490416666662,287,87,0,1,0,0,300.0,15,0.3,0.5,0.6,15,0.3,0.5,0.6,42,42,150000,8010,random,validation,False,a840059b85bbd9b6a912132b0c970d4d51ecdf0326cf009aaea2e9fad68f7bba,C:\Users\권민우\traffic-control\model\results\reward_fine_search_2026-10-09\runs\multiseed\seed_42\candidate_15\attempt_001\experiment_15\final.zip,20.8234311773396,5.648083623693385,18.279569892473123,17.0,20.82343117733958,5.403333333333332,5.128205128205132,2.0,-8.675799086757996,-19.0
10,Sensitivity-DQN,8011,random,33.939542483660134,104.5,34.61833333333333,74.0,233,39,19,-216.77707500000008,306,73,0,1,0,0,300.0,15,0.3,0.5,0.6,15,0.3,0.5,0.6,42,42,150000,8011,random,validation,False,3cb7167c2c2b34c1ebf11e7fdb965ba96a41e8a0e843c8e986e324a3722c4171,C:\Users\권민우\traffic-control\model\results\reward_fine_search_2026-10-09\runs\multiseed\seed_42\candidate_15\attempt_001\experiment_15\final.zip,7.766939919061966,2.446078431372552,23.66863905325445,20.0,7.766939919061944,2.4949999999999974,2.6315789473684292,1.0,-4.115226337448563,-10.0
11,Sensitivity-DQN,8012,random,28.650316455696203,97.5,30.178333333333335,70.0,225,39,24,-192.87698749999998,316,91,0,2,0,0,300.0,15,0.3,0.5,0.6,15,0.3,0.5,0.6,42,42,150000,8012,random,validation,False,a43af6ff2bb883b6d9a617961af61470161a2cebdc9b5d49bdb4318dbb7f654b,C:\Users\권민우\traffic-control\model\results\reward_fine_search_2026-10-09\runs\multiseed\seed_42\candidate_15\attempt_001\experiment_15\final.zip,-4.740109427609429,-1.4256329113924053,5.405405405405395,5.0,-4.7401094276094184,-1.5016666666666652,-2.500000000000002,-1.0,2.7397260273972712,6.0
12,Sensitivity-DQN,8013,random,17.768060836501903,79.0,15.576666666666666,45.0,215,42,18,-132.5664833333333,263,48,0,1,0,0,300.0,15,0.3,0.5,0.6,15,0.3,0.5,0.6,42,42,150000,8013,random,validation,False,dc72dfa2fd6460529e83df749d8d9abea9bcee3755fb816ec851d7258e8920db,C:\Users\권민우\traffic-control\model\results\reward_fine_search_2026-10-09\runs\multiseed\seed_42\candidate_15\attempt_001\experiment_15\final.zip,-11.345095807247196,-2.2737642585551328,26.400000000000002,16.5,-11.345095807247208,-1.993333333333334,2.4390243902439046,1.0,1.8957345971563955,4.0
13,Sensitivity-DQN,8014,random,20.13362068965517,110.0,15.57,40.0,191,40,24,-136.23671250000004,232,41,0,2,0,0,300.0,15,0.3,0.5,0.6,15,0.3,0.5,0.6,42,42,150000,8014,random,validation,False,55cd1036a4d9d8cba7cc7d7ac04aa9661b6e4c0235b398b071eadc518fa79e7e,C:\Users\권민우\traffic-control\model\results\reward_fine_search_2026-10-09\runs\multiseed\seed_42\candidate_15\attempt_001\experiment_15\final.zip,3.478068232166587,0.676724137931032,30.952380952380953,26.0,3.478068232166587,0.5233333333333334,0.0,0.0,0.0,0.0
14,Sensitivity-DQN,8015,random,27.904676258992804,99.5,25.858333333333334,55.0,222,40,23,-182.0670041666665,278,56,0,3,0,0,300.0,15,0.3,0.5,0.6,15,0.3,0.5,0.6,42,42,150000,8015,random,validation,False,4b5952cea76dd251669c9507a7f12fefeb3138a19302395b7893ec16755927b3,C:\Users\권민우\traffic-control\model\results\reward_fine_search_2026-10-09\runs\multiseed\seed_42\candidate_15\attempt_001\experiment_15\final.zip,6.216197713425076,1.6330935251798557,3.1088082901554515,3.0,6.216197713425076,1.5133333333333354,-2.4390243902439046,-1.0,1.3698630136986356,3.0
15,Sensitivity-DQN,8016,random,32.02903225806452,92.0,33.096666666666664,89.0,216,41,23,-190.239525,310,94,0,2,0,0,300.0,15,0.3,0.5,0.6,15,0.3,0.5,0.6,42,42,150000,8016,random,validation,False,5d676c5c894eac0f3d9f703037c1ebf9802829a4819393f69c0acc1492442857,C:\Users\권민우\traffic-control\model\results\reward_fine_search_2026-10-09\runs\multiseed\seed_42\candidate_15\attempt_001\experiment_15\final.zip,-1.1548033847685435,-0.3741935483870975,1.6574585635359185,1.5,-1.1548033847685546,-0.38666666666667027,5.128205128205132,2.0,0.9345794392523255,2.0
16,Sensitivity-DQN,8017,random,23.322709163346612,71.5,19.513333333333332,48.0,208,42,17,-142.5081,251,43,0,3,0,0,300.0,15,0.3,0.5,0.6,15,0.3,0.5,0.6,42,42,150000,8017,random,validation,False,658c6c23978d040d2ba3fee1c2044362083690f1063d980fbf123a6eeec43fd8,C:\Users\권민우\traffic-control\model\results\reward_fine_search_2026-10-09\runs\multiseed\seed_42\candidate_15\attempt_001\experiment_15\final.zip,1.1490280777537665,0.264940239043824,4.379562043795615,3.0,1.1490280777537665,0.22166666666666401,2.4390243902439046,1.0,4.0000000000000036,8.0
17,Sensitivity-DQN,8018,random,10.203846153846154,46.0,4.421666666666667,12.0,125,39,23,-64.75683749999999,130,5,0,1,0,0,300.0,15,0.3,0.5,0.6,15,0.3,0.5,0.6,42,42,150000,8018,random,validation,False,f44facdd126218ef97befa1789def0801faaa77ceb04886a6bc156a900691cfc,C:\Users\권민우\traffic-control\model\results\reward_fine_search_2026-10-09\runs\multiseed\seed_42\candidate_15\attempt_001\experiment_15\final.zip,9.946125155408204,0.9230769230769234,27.777777777777768,10.0,9.946125155408225,0.40000000000000036,0.0,0.0,1.6260162601626105,2.0
18,Sensitivity-DQN,8019,random,26.320063694267517,100.0,27.548333333333332,61.0,254,41,21,-186.5181708333334,314,60,0,3,0,0,300.0,15,0.3,0.5,0.6,15,0.3,0.5,0.6,42,42,150000,8019,random,validation,False,52131aa9c898a5842eac0e7769a57b7442cca0dfa41dd4cce841370fc6b0060c,C:\Users\권민우\traffic-control\model\results\reward_fine_search_2026-10-09\runs\multiseed\seed_42\candidate_15\attempt_001\experiment_15\final.zip,3.962513365620479,1.0031847133757985,6.951871657754016,6.5,3.962513365620479,1.0499999999999972,5.128205128205132,2.0,0.39525691699604515,1.0
19,Sensitivity-DQN,8020,random,20.066666666666666,65.0,14.046666666666667,30.0,183,41,20,-117.2713666666667,210,27,0,1,0,0,300.0,15,0.3,0.5,0.6,15,0.3,0.5,0.6,42,42,150000,8020,random,validation,False,8b6b3d586b585e66f3e99748305f4810b898bce1de2bf34ea783f93ef8efbc3c,C:\Users\권민우\traffic-control\model\results\reward_fine_search_2026-10-09\runs\multiseed\seed_42\candidate_15\attempt_001\experiment_15\final.zip,22.482197355035606,3.6833333333333336,12.06896551724137,7.0,22.482197355035606,2.578333333333333,0.0,0.0,-3.1746031746031744,-6.0
0,Sensitivity-DQN,8001,random,32.95645645645646,148.0,36.58166666666666,93.0,236,42,18,-223.9251458333333,333,97,0,2,0,0,300.0,11,0.3,0.4,0.5,11,0.3,0.4,0.5,62,62,150000,8001,random,validation,False,8dd341828f90c6befd05da39f6398cba989e90169d9b64a606076b6fb9fb603c,C:\Users\권민우\traffic-control\model\results\reward_fine_search_2026-10-09\runs\multiseed\seed_62\candidate_11\attempt_001\experiment_11\final.zip,3.401328496725875,1.0840840840840862,29.257641921397372,33.5,3.401328496725875,1.2033333333333331,0.0,0.0,0.8547008547008517,2.0
1,Sensitivity-DQN,8002,random,20.46,72.0,15.345,41.0,193,43,18,-119.9769666666666,225,32,0,2,0,0,300.0,11,0.3,0.4,0.5,11,0.3,0.4,0.5,62,62,150000,8002,random,validation,False,2821177a095106802fb7dc55d27cc7e848d70ca889c81c04df6e242d9b95dc2c,C:\Users\권민우\traffic-control\model\results\reward_fine_search_2026-10-09\runs\multiseed\seed_62\candidate_11\attempt_001\experiment_11\final.zip,14.018575851393212,2.515555555555558,11.627906976744185,7.5,14.004457652303115,1.8849999999999998,0.0,0.0,-4.926108374384242,-10.0
2,Sensitivity-DQN,8003,random,16.420765027322403,66.5,10.016666666666667,24.0,172,41,22,-94.54491666666668,183,11,0,2,0,0,300.0,11,0.3,0.4,0.5,11,0.3,0.4,0.5,62,62,150000,8003,random,validation,False,9354c03af629ff819755229f14e05b8a1326de925c77653ba23425fd1637b4b4,C:\Users\권민우\traffic-control\model\results\reward_fine_search_2026-10-09\runs\multiseed\seed_62\candidate_11\attempt_001\experiment_11\final.zip,28.831725616291525,3.6748633879781405,22.018348623853214,12.0,28.83172561629155,2.241666666666667,-10.869565217391308,-5.0,0.5847953216374213,1.0
3,Sensitivity-DQN,8004,random,16.64252336448598,81.5,11.871666666666666,27.0,190,41,20,-98.00861250000003,214,24,0,2,0,0,300.0,11,0.3,0.4,0.5,11,0.3,0.4,0.5,62,62,150000,8004,random,validation,False,b79c500713d892f6e4ec75115e41bf065a3f2b239f70ef745728c491621d13e9,C:\Users\권민우\traffic-control\model\results\reward_fine_search_2026-10-09\runs\multiseed\seed_62\candidate_11\attempt_001\experiment_11\final.zip,15.539334955393347,2.238317757009346,45.53571428571428,25.5,15.539334955393347,1.5966666666666658,5.128205128205132,2.0,-2.0618556701030966,-4.0
4,Sensitivity-DQN,8005,random,29.204761904761906,89.0,30.665,88.0,225,43,20,-176.16220416666658,315,90,0,2,0,0,300.0,11,0.3,0.4,0.5,11,0.3,0.4,0.5,62,62,150000,8005,random,validation,False,dad8b07ae7aacd3f44de4c3b859fd5a3b640cf23c3bd71481a1f0ec1a70332aa,C:\Users\권민우\traffic-control\model\results\reward_fine_search_2026-10-09\runs\multiseed\seed_62\candidate_11\attempt_001\experiment_11\final.zip,-1.19750832348835,-0.3539682539682545,-3.7837837837837784,-3.5,-1.19750832348835,-0.37166666666666615,4.878048780487809,2.0,-4.6610169491525415,-11.0
5,Sensitivity-DQN,8006,random,12.305555555555555,56.0,7.383333333333334,18.0,162,43,18,-74.86028750000001,180,18,0,1,0,0,300.0,11,0.3,0.4,0.5,11,0.3,0.4,0.5,62,62,150000,8006,random,validation,False,ef2f623673927b137a233a73ec5cbcb6c8ce5ecf794f5e6abec53433d205ec06,C:\Users\권민우\traffic-control\model\results\reward_fine_search_2026-10-09\runs\multiseed\seed_62\candidate_11\attempt_001\experiment_11\final.zip,3.215284249767003,0.38333333333333286,17.894736842105253,8.5,3.2152842497670253,0.23000000000000043,-4.444444444444439,-2.0,1.8867924528301883,3.0
6,Sensitivity-DQN,8007,random,21.389867841409693,62.0,16.185,34.0,199,41,22,-118.22334583333335,227,28,0,2,0,0,300.0,11,0.3,0.4,0.5,11,0.3,0.4,0.5,62,62,150000,8007,random,validation,False,fa89c69d4df65396b556c47c51886af5f1a02287f4ec90fae5d842865d09b2b9,C:\Users\권민우\traffic-control\model\results\reward_fine_search_2026-10-09\runs\multiseed\seed_62\candidate_11\attempt_001\experiment_11\final.zip,17.694824869712768,3.215859030837006,5.084745762711873,3.0,17.694824869712743,2.433333333333332,5.128205128205132,2.0,-6.132075471698117,-13.0
7,Sensitivity-DQN,8008,random,17.545454545454547,69.0,12.223333333333333,29.0,181,42,19,-106.2618416666667,209,28,0,1,0,0,300.0,11,0.3,0.4,0.5,11,0.3,0.4,0.5,62,62,150000,8008,random,validation,False,85fdc4042e94b886aca1df437c5f5a2d379d3c3162408629c0b305b7392e680b,C:\Users\권민우\traffic-control\model\results\reward_fine_search_2026-10-09\runs\multiseed\seed_62\candidate_11\attempt_001\experiment_11\final.zip,30.82411701748129,4.133971291866031,36.63366336633664,18.5,30.824117017481267,2.879999999999999,-8.695652173913048,-4.0,-5.235602094240843,-10.0
8,Sensitivity-DQN,8009,random,14.744623655913978,50.0,9.141666666666667,24.0,176,40,19,-81.75121666666669,186,10,0,2,0,0,300.0,11,0.3,0.4,0.5,11,0.3,0.4,0.5,62,62,150000,8009,random,validation,False,776e63c43ae4b74af8684e652ee35e575d3c68422d440ebcdb28cfcfa668a94e,C:\Users\권민우\traffic-control\model\results\reward_fine_search_2026-10-09\runs\multiseed\seed_62\candidate_11\attempt_001\experiment_11\final.zip,17.32620320855616,2.17741935483871,-30.069930069930074,-21.5,17.301112061591127,1.3483333333333345,-2.4390243902439046,-1.0,-3.296703296703296,-6.0
9,Sensitivity-DQN,8010,random,32.961672473867594,148.5,31.533333333333335,82.0,206,38,24,-203.00828749999997,287,81,0,1,0,0,300.0,11,0.3,0.4,0.5,11,0.3,0.4,0.5,62,62,150000,8010,random,validation,False,a840059b85bbd9b6a912132b0c970d4d51ecdf0326cf009aaea2e9fad68f7bba,C:\Users\권민우\traffic-control\model\results\reward_fine_search_2026-10-09\runs\multiseed\seed_62\candidate_11\attempt_001\experiment_11\final.zip,15.612587839902226,4.45121951219512,33.7837837837838,37.5,15.612587839902247,4.258333333333336,-15.555555555555555,-7.0,3.0000000000000027,6.0
10,Sensitivity-DQN,8011,random,34.467320261437905,159.0,35.156666666666666,75.0,219,39,21,-230.48889999999997,306,87,0,1,0,0,300.0,11,0.3,0.4,0.5,11,0.3,0.4,0.5,62,62,150000,8011,random,validation,False,3cb7167c2c2b34c1ebf11e7fdb965ba96a41e8a0e843c8e986e324a3722c4171,C:\Users\권민우\traffic-control\model\results\reward_fine_search_2026-10-09\runs\multiseed\seed_62\candidate_11\attempt_001\experiment_11\final.zip,5.968049834220834,1.941176470588232,40.70796460176991,46.0,5.968049834220834,1.9799999999999969,-7.14285714285714,-3.0,-4.7826086956521685,-11.0
11,Sensitivity-DQN,8012,random,29.117088607594937,99.0,30.67,72.0,219,39,22,-171.85472083333337,316,97,0,2,0,0,300.0,11,0.3,0.4,0.5,11,0.3,0.4,0.5,62,62,150000,8012,random,validation,False,a43af6ff2bb883b6d9a617961af61470161a2cebdc9b5d49bdb4318dbb7f654b,C:\Users\권민우\traffic-control\model\results\reward_fine_search_2026-10-09\runs\multiseed\seed_62\candidate_11\attempt_001\experiment_11\final.zip,-3.5787267487555674,-1.0806962025316444,-15.021459227467815,-17.5,-3.5787267487555674,-1.1383333333333319,-7.14285714285714,-3.0,5.288461538461542,11.0
12,Sensitivity-DQN,8013,random,18.024714828897338,72.5,15.801666666666666,44.0,219,43,16,-117.9616625,263,44,0,1,0,0,300.0,11,0.3,0.4,0.5,11,0.3,0.4,0.5,62,62,150000,8013,random,validation,False,dc72dfa2fd6460529e83df749d8d9abea9bcee3755fb816ec851d7258e8920db,C:\Users\권민우\traffic-control\model\results\reward_fine_search_2026-10-09\runs\multiseed\seed_62\candidate_11\attempt_001\experiment_11\final.zip,16.103355375949047,2.5,14.173228346456689,9.0,16.103355375949047,2.1916666666666664,4.878048780487809,2.0,-2.6666666666666616,-6.0
13,Sensitivity-DQN,8014,random,18.849137931034484,110.5,14.578333333333333,33.0,187,43,24,-119.40751666666671,232,45,0,2,0,0,300.0,11,0.3,0.4,0.5,11,0.3,0.4,0.5,62,62,150000,8014,random,validation,False,55cd1036a4d9d8cba7cc7d7ac04aa9661b6e4c0235b398b071eadc518fa79e7e,C:\Users\권민우\traffic-control\model\results\reward_fine_search_2026-10-09\runs\multiseed\seed_62\candidate_11\attempt_001\experiment_11\final.zip,-8.971690258118237,-1.8577586206896548,4.245283018867929,4.5,-8.961282264779346,-1.4349999999999987,2.3809523809523725,1.0,-1.5789473684210575,-3.0
14,Sensitivity-DQN,8015,random,25.357913669064747,109.0,23.498333333333335,56.0,223,39,20,-157.90195833333337,278,55,0,3,0,0,300.0,11,0.3,0.4,0.5,11,0.3,0.4,0.5,62,62,150000,8015,random,validation,False,4b5952cea76dd251669c9507a7f12fefeb3138a19302395b7893ec16755927b3,C:\Users\권민우\traffic-control\model\results\reward_fine_search_2026-10-09\runs\multiseed\seed_62\candidate_11\attempt_001\experiment_11\final.zip,0.26312046650547316,0.06654676258992609,25.28735632183907,22.0,0.26312046650547316,0.061666666666667425,-11.363636363636365,-5.0,2.764976958525356,6.0
15,Sensitivity-DQN,8016,random,34.63548387096774,133.5,35.79,114.0,197,43,18,-203.1616166666666,310,113,0,2,0,0,300.0,11,0.3,0.4,0.5,11,0.3,0.4,0.5,62,62,150000,8016,random,validation,False,5d676c5c894eac0f3d9f703037c1ebf9802829a4819393f69c0acc1492442857,C:\Users\권민우\traffic-control\model\results\reward_fine_search_2026-10-09\runs\multiseed\seed_62\candidate_11\attempt_001\experiment_11\final.zip,29.82286439755757,7.956451612903223,32.178217821782184,32.5,29.82286439755759,8.221666666666668,4.878048780487809,2.0,-13.215859030837008,-30.0
16,Sensitivity-DQN,8017,random,23.105577689243027,75.5,19.331666666666667,48.0,212,40,18,-128.9030458333333,251,39,0,3,0,0,300.0,11,0.3,0.4,0.5,11,0.3,0.4,0.5,62,62,150000,8017,random,validation,False,658c6c23978d040d2ba3fee1c2044362083690f1063d980fbf123a6eeec43fd8,C:\Users\권민우\traffic-control\model\results\reward_fine_search_2026-10-09\runs\multiseed\seed_62\candidate_11\attempt_001\experiment_11\final.zip,8.686281859070476,1.8466135458167336,1.342281879194629,1.0,8.686281859070476,1.5450000000000017,-6.976744186046513,-3.0,-0.9345794392523366,-2.0
17,Sensitivity-DQN,8018,random,9.03076923076923,37.5,3.9133333333333336,11.0,124,41,20,-51.413720833333315,130,6,0,1,0,0,300.0,11,0.3,0.4,0.5,11,0.3,0.4,0.5,62,62,150000,8018,random,validation,False,f44facdd126218ef97befa1789def0801faaa77ceb04886a6bc156a900691cfc,C:\Users\권민우\traffic-control\model\results\reward_fine_search_2026-10-09\runs\multiseed\seed_62\candidate_11\attempt_001\experiment_11\final.zip,27.40097666847532,1.9423076923076925,0.0,0.0,27.40097666847532,0.8416666666666668,-6.818181818181824,-3.0,-3.125,-4.0
18,Sensitivity-DQN,8019,random,33.99363057324841,120.0,35.58,86.0,227,42,22,-202.34955416666656,314,87,0,3,0,0,300.0,11,0.3,0.4,0.5,11,0.3,0.4,0.5,62,62,150000,8019,random,validation,False,52131aa9c898a5842eac0e7769a57b7442cca0dfa41dd4cce841370fc6b0060c,C:\Users\권민우\traffic-control\model\results\reward_fine_search_2026-10-09\runs\multiseed\seed_62\candidate_11\attempt_001\experiment_11\final.zip,26.890156918687612,7.203821656050959,3.0042918454935563,3.5,26.89015691868759,7.539999999999999,5.000000000000004,2.0,-9.199999999999998,-23.0
19,Sensitivity-DQN,8020,random,17.576190476190476,56.5,12.305,33.0,184,42,18,-98.62777083333333,210,26,0,1,0,0,300.0,11,0.3,0.4,0.5,11,0.3,0.4,0.5,62,62,150000,8020,random,validation,False,8b6b3d586b585e66f3e99748305f4810b898bce1de2bf34ea783f93ef8efbc3c,C:\Users\권민우\traffic-control\model\results\reward_fine_search_2026-10-09\runs\multiseed\seed_62\candidate_11\attempt_001\experiment_11\final.zip,-6.568788760916345,-1.2357142857142875,-8.130081300813007,-5.0,-6.556132135172765,-0.8633333333333333,0.0,0.0,1.098901098901095,2.0
0,Sensitivity-DQN,8001,random,33.35735735735736,109.0,37.026666666666664,82.0,234,41,20,-213.92130000000003,333,99,0,2,0,0,300.0,13,0.3,0.5,0.4,13,0.3,0.5,0.4,62,62,150000,8001,random,validation,False,8dd341828f90c6befd05da39f6398cba989e90169d9b64a606076b6fb9fb603c,C:\Users\권민우\traffic-control\model\results\reward_fine_search_2026-10-09\runs\multiseed\seed_62\candidate_13\attempt_001\experiment_13\final.zip,4.659160503132798,1.4849849849849868,-4.8034934497816595,-5.5,4.659160503132798,1.6483333333333334,-2.3809523809523836,-1.0,0.0,0.0
1,Sensitivity-DQN,8002,random,19.697777777777777,90.5,14.773333333333333,33.0,204,39,20,-127.60630833333337,225,21,0,2,0,0,300.0,13,0.3,0.5,0.4,13,0.3,0.5,0.4,62,62,150000,8002,random,validation,False,2821177a095106802fb7dc55d27cc7e848d70ca889c81c04df6e242d9b95dc2c,C:\Users\권민우\traffic-control\model\results\reward_fine_search_2026-10-09\runs\multiseed\seed_62\candidate_13\attempt_001\experiment_13\final.zip,9.770897832817349,1.7533333333333339,40.31007751937985,26.0,9.7573055968301,1.3133333333333326,-9.302325581395355,-4.0,0.49261083743843415,1.0
2,Sensitivity-DQN,8003,random,16.997267759562842,57.5,10.368333333333334,27.0,175,42,20,-95.08201250000003,183,8,0,2,0,0,300.0,13,0.3,0.5,0.4,13,0.3,0.5,0.4,62,62,150000,8003,random,validation,False,9354c03af629ff819755229f14e05b8a1326de925c77653ba23425fd1637b4b4,C:\Users\권민우\traffic-control\model\results\reward_fine_search_2026-10-09\runs\multiseed\seed_62\candidate_13\attempt_001\experiment_13\final.zip,33.354769560557344,4.251366120218579,5.504587155963292,3.0,33.354769560557344,2.5933333333333337,-8.695652173913048,-4.0,2.3391812865497075,4.0
3,Sensitivity-DQN,8004,random,16.037383177570092,78.0,11.44,25.0,188,43,20,-100.35846250000003,214,26,0,2,0,0,300.0,13,0.3,0.5,0.4,13,0.3,0.5,0.4,62,62,150000,8004,random,validation,False,b79c500713d892f6e4ec75115e41bf065a3f2b239f70ef745728c491621d13e9,C:\Users\권민우\traffic-control\model\results\reward_fine_search_2026-10-09\runs\multiseed\seed_62\candidate_13\attempt_001\experiment_13\final.zip,11.338199513381998,1.6331775700934568,39.28571428571428,22.0,11.338199513381998,1.1649999999999991,10.256410256410264,4.0,-3.0927835051546393,-6.0
4,Sensitivity-DQN,8005,random,31.298412698412697,113.5,32.86333333333334,77.0,225,42,21,-203.28400833333342,315,90,0,2,0,0,300.0,13,0.3,0.5,0.4,13,0.3,0.5,0.4,62,62,150000,8005,random,validation,False,dad8b07ae7aacd3f44de4c3b859fd5a3b640cf23c3bd71481a1f0ec1a70332aa,C:\Users\권민우\traffic-control\model\results\reward_fine_search_2026-10-09\runs\multiseed\seed_62\candidate_13\attempt_001\experiment_13\final.zip,5.885511760283535,1.739682539682537,22.702702702702695,21.0,5.885511760283557,1.8266666666666715,2.4390243902439046,1.0,-4.6610169491525415,-11.0
5,Sensitivity-DQN,8006,random,12.744444444444444,54.5,7.6466666666666665,21.0,160,43,17,-79.73982083333333,180,20,0,1,0,0,300.0,13,0.3,0.5,0.4,13,0.3,0.5,0.4,62,62,150000,8006,random,validation,False,ef2f623673927b137a233a73ec5cbcb6c8ce5ecf794f5e6abec53433d205ec06,C:\Users\권민우\traffic-control\model\results\reward_fine_search_2026-10-09\runs\multiseed\seed_62\candidate_13\attempt_001\experiment_13\final.zip,6.896551724137923,0.8222222222222211,14.73684210526316,7.0,6.896551724137923,0.4933333333333332,-4.444444444444439,-2.0,0.6289308176100628,1.0
6,Sensitivity-DQN,8007,random,22.964757709251103,104.0,17.376666666666665,36.0,192,44,20,-142.34288333333336,227,35,0,2,0,0,300.0,13,0.3,0.5,0.4,13,0.3,0.5,0.4,62,62,150000,8007,random,validation,False,fa89c69d4df65396b556c47c51886af5f1a02287f4ec90fae5d842865d09b2b9,C:\Users\권민우\traffic-control\model\results\reward_fine_search_2026-10-09\runs\multiseed\seed_62\candidate_13\attempt_001\experiment_13\final.zip,26.36044115864744,4.790748898678416,76.27118644067797,45.0,26.36044115864742,3.6249999999999982,12.82051282051282,5.0,-9.433962264150942,-20.0
7,Sensitivity-DQN,8008,random,15.354066985645932,63.5,10.696666666666667,26.0,188,44,17,-99.00274583333336,209,21,0,1,0,0,300.0,13,0.3,0.5,0.4,13,0.3,0.5,0.4,62,62,150000,8008,random,validation,False,85fdc4042e94b886aca1df437c5f5a2d379d3c3162408629c0b305b7392e680b,C:\Users\권민우\traffic-control\model\results\reward_fine_search_2026-10-09\runs\multiseed\seed_62\candidate_13\attempt_001\experiment_13\final.zip,14.484480913307163,1.9425837320574164,25.742574257425744,13.0,14.484480913307163,1.3533333333333335,-4.347826086956519,-2.0,-1.5706806282722474,-3.0
8,Sensitivity-DQN,8009,random,13.696236559139784,57.5,8.491666666666667,22.0,180,43,20,-82.35040833333332,186,6,0,2,0,0,300.0,13,0.3,0.5,0.4,13,0.3,0.5,0.4,62,62,150000,8009,random,validation,False,776e63c43ae4b74af8684e652ee35e575d3c68422d440ebcdb28cfcfa668a94e,C:\Users\권민우\traffic-control\model\results\reward_fine_search_2026-10-09\runs\multiseed\seed_62\candidate_13\attempt_001\experiment_13\final.zip,8.983957219251337,1.129032258064516,-19.580419580419584,-14.0,8.960650128314818,0.6983333333333341,4.878048780487809,2.0,-1.098901098901095,-2.0
9,Sensitivity-DQN,8010,random,28.618466898954704,95.5,27.378333333333334,62.0,216,41,18,-174.99578749999998,287,71,0,1,0,0,300.0,13,0.3,0.5,0.4,13,0.3,0.5,0.4,62,62,150000,8010,random,validation,False,a840059b85bbd9b6a912132b0c970d4d51ecdf0326cf009aaea2e9fad68f7bba,C:\Users\권민우\traffic-control\model\results\reward_fine_search_2026-10-09\runs\multiseed\seed_62\candidate_13\attempt_001\experiment_13\final.zip,0.3788573174457799,0.10801393728223019,-13.963963963963966,-15.5,0.3788573174457799,0.10333333333333528,-8.888888888888891,-4.0,8.000000000000007,16.0
10,Sensitivity-DQN,8011,random,29.537581699346404,116.5,30.128333333333334,59.0,247,39,21,-200.75711666666666,306,59,0,1,0,0,300.0,13,0.3,0.5,0.4,13,0.3,0.5,0.4,62,62,150000,8011,random,validation,False,3cb7167c2c2b34c1ebf11e7fdb965ba96a41e8a0e843c8e986e324a3722c4171,C:\Users\권민우\traffic-control\model\results\reward_fine_search_2026-10-09\runs\multiseed\seed_62\candidate_13\attempt_001\experiment_13\final.zip,-9.188184466994876,-2.988562091503269,3.0973451327433565,3.5,-9.188184466994887,-3.0483333333333356,-7.14285714285714,-3.0,7.391304347826089,17.0
11,Sensitivity-DQN,8012,random,30.968354430379748,87.5,32.62,72.0,207,41,22,-189.22737916666662,316,109,0,2,0,0,300.0,13,0.3,0.5,0.4,13,0.3,0.5,0.4,62,62,150000,8012,random,validation,False,a43af6ff2bb883b6d9a617961af61470161a2cebdc9b5d49bdb4318dbb7f654b,C:\Users\권민우\traffic-control\model\results\reward_fine_search_2026-10-09\runs\multiseed\seed_62\candidate_13\attempt_001\experiment_13\final.zip,2.5517422059208927,0.7705696202531662,-24.892703862660948,-29.0,2.5517422059208705,0.8116666666666639,-2.3809523809523836,-1.0,-0.48076923076922906,-1.0
12,Sensitivity-DQN,8013,random,16.680608365019012,62.0,14.623333333333333,36.0,215,43,19,-115.26587500000001,263,48,0,1,0,0,300.0,13,0.3,0.5,0.4,13,0.3,0.5,0.4,62,62,150000,8013,random,validation,False,dc72dfa2fd6460529e83df749d8d9abea9bcee3755fb816ec851d7258e8920db,C:\Users\권민우\traffic-control\model\results\reward_fine_search_2026-10-09\runs\multiseed\seed_62\candidate_13\attempt_001\experiment_13\final.zip,7.4455057555718795,1.155893536121674,-2.3622047244094446,-1.5,7.4455057555718795,1.0133333333333336,4.878048780487809,2.0,-4.444444444444439,-10.0
13,Sensitivity-DQN,8014,random,21.842672413793103,110.5,16.891666666666666,38.0,182,44,25,-134.86962916666673,232,50,0,2,0,0,300.0,13,0.3,0.5,0.4,13,0.3,0.5,0.4,62,62,150000,8014,random,validation,False,55cd1036a4d9d8cba7cc7d7ac04aa9661b6e4c0235b398b071eadc518fa79e7e,C:\Users\권민우\traffic-control\model\results\reward_fine_search_2026-10-09\runs\multiseed\seed_62\candidate_13\attempt_001\experiment_13\final.zip,5.485012489592012,1.1357758620689644,4.245283018867929,4.5,5.485012489592012,0.8783333333333339,4.761904761904767,2.0,-4.210526315789476,-8.0
14,Sensitivity-DQN,8015,random,24.489208633093526,111.5,22.691666666666666,47.0,230,41,22,-165.4204,278,48,0,3,0,0,300.0,13,0.3,0.5,0.4,13,0.3,0.5,0.4,62,62,150000,8015,random,validation,False,4b5952cea76dd251669c9507a7f12fefeb3138a19302395b7893ec16755927b3,C:\Users\권민우\traffic-control\model\results\reward_fine_search_2026-10-09\runs\multiseed\seed_62\candidate_13\attempt_001\experiment_13\final.zip,-3.171668325984922,-0.8021582733812949,28.160919540229877,24.5,-3.178779689944533,-0.745000000000001,-6.818181818181824,-3.0,5.990783410138256,13.0
15,Sensitivity-DQN,8016,random,28.761290322580646,91.0,29.721666666666668,93.0,228,42,21,-181.20387500000004,310,82,0,2,0,0,300.0,13,0.3,0.5,0.4,13,0.3,0.5,0.4,62,62,150000,8016,random,validation,False,5d676c5c894eac0f3d9f703037c1ebf9802829a4819393f69c0acc1492442857,C:\Users\권민우\traffic-control\model\results\reward_fine_search_2026-10-09\runs\multiseed\seed_62\candidate_13\attempt_001\experiment_13\final.zip,7.804848558128286,2.082258064516129,-9.9009900990099,-10.0,7.810894141829405,2.153333333333336,2.4390243902439046,1.0,0.4405286343612369,1.0
16,Sensitivity-DQN,8017,random,17.874501992031874,76.5,14.955,39.0,216,41,18,-119.48842916666672,251,35,0,3,0,0,300.0,13,0.3,0.5,0.4,13,0.3,0.5,0.4,62,62,150000,8017,random,validation,False,658c6c23978d040d2ba3fee1c2044362083690f1063d980fbf123a6eeec43fd8,C:\Users\권민우\traffic-control\model\results\reward_fine_search_2026-10-09\runs\multiseed\seed_62\candidate_13\attempt_001\experiment_13\final.zip,-15.920164917541213,-3.3844621513944197,2.684563758389258,2.0,-15.920164917541225,-2.831666666666665,-4.651162790697672,-2.0,0.9345794392523255,2.0
17,Sensitivity-DQN,8018,random,8.057692307692308,45.5,3.4916666666666667,11.0,125,42,21,-52.588025,130,5,0,1,0,0,300.0,13,0.3,0.5,0.4,13,0.3,0.5,0.4,62,62,150000,8018,random,validation,False,f44facdd126218ef97befa1789def0801faaa77ceb04886a6bc156a900691cfc,C:\Users\권민우\traffic-control\model\results\reward_fine_search_2026-10-09\runs\multiseed\seed_62\candidate_13\attempt_001\experiment_13\final.zip,13.673358654367895,0.9692307692307702,21.333333333333336,8.0,13.673358654367874,0.41999999999999993,-4.545454545454541,-2.0,-2.34375,-3.0
18,Sensitivity-DQN,8019,random,23.88216560509554,118.0,24.996666666666666,46.0,262,42,23,-193.08156250000008,314,52,0,3,0,0,300.0,13,0.3,0.5,0.4,13,0.3,0.5,0.4,62,62,150000,8019,random,validation,False,52131aa9c898a5842eac0e7769a57b7442cca0dfa41dd4cce841370fc6b0060c,C:\Users\권민우\traffic-control\model\results\reward_fine_search_2026-10-09\runs\multiseed\seed_62\candidate_13\attempt_001\experiment_13\final.zip,-10.853542558250117,-2.9076433121019107,1.2875536480686733,1.5,-10.853542558250117,-3.043333333333333,5.000000000000004,2.0,4.800000000000004,12.0
19,Sensitivity-DQN,8020,random,18.566666666666666,55.5,12.996666666666666,28.0,183,45,21,-106.98945833333332,210,27,0,1,0,0,300.0,13,0.3,0.5,0.4,13,0.3,0.5,0.4,62,62,150000,8020,random,validation,False,8b6b3d586b585e66f3e99748305f4810b898bce1de2bf34ea783f93ef8efbc3c,C:\Users\권민우\traffic-control\model\results\reward_fine_search_2026-10-09\runs\multiseed\seed_62\candidate_13\attempt_001\experiment_13\final.zip,-1.3036324515884212,-0.24523809523809703,-9.756097560975608,-6.0,-1.3036324515884101,-0.17166666666666686,7.14285714285714,3.0,0.5494505494505475,1.0
0,Sensitivity-DQN,8001,random,31.87237237237237,114.5,35.37833333333333,80.0,234,42,20,-204.53467499999996,333,99,0,2,0,0,300.0,14,0.3,0.5,0.5,14,0.3,0.5,0.5,62,62,150000,8001,random,validation,True,8dd341828f90c6befd05da39f6398cba989e90169d9b64a606076b6fb9fb603c,C:\Users\권민우\traffic-control\model\results\reward_fine_search_2026-10-09\runs\multiseed\seed_62\candidate_14\attempt_001\experiment_14\final.zip,0.0,0.0,0.0,0.0,0.0,0.0,0.0,0.0,0.0,0.0
1,Sensitivity-DQN,8002,random,17.944444444444443,64.5,13.46,29.0,203,43,16,-114.46095000000005,225,22,0,2,0,0,300.0,14,0.3,0.5,0.5,14,0.3,0.5,0.5,62,62,150000,8002,random,validation,True,2821177a095106802fb7dc55d27cc7e848d70ca889c81c04df6e242d9b95dc2c,C:\Users\권민우\traffic-control\model\results\reward_fine_search_2026-10-09\runs\multiseed\seed_62\candidate_14\attempt_001\experiment_14\final.zip,0.0,0.0,0.0,0.0,0.0,0.0,0.0,0.0,0.0,0.0
2,Sensitivity-DQN,8003,random,12.745901639344263,54.5,7.775,20.0,171,46,18,-83.35067499999992,183,12,0,2,0,0,300.0,14,0.3,0.5,0.5,14,0.3,0.5,0.5,62,62,150000,8003,random,validation,True,9354c03af629ff819755229f14e05b8a1326de925c77653ba23425fd1637b4b4,C:\Users\권민우\traffic-control\model\results\reward_fine_search_2026-10-09\runs\multiseed\seed_62\candidate_14\attempt_001\experiment_14\final.zip,0.0,0.0,0.0,0.0,0.0,0.0,0.0,0.0,0.0,0.0
3,Sensitivity-DQN,8004,random,14.404205607476635,56.0,10.275,24.0,194,39,15,-92.27882499999994,214,20,0,2,0,0,300.0,14,0.3,0.5,0.5,14,0.3,0.5,0.5,62,62,150000,8004,random,validation,True,b79c500713d892f6e4ec75115e41bf065a3f2b239f70ef745728c491621d13e9,C:\Users\권민우\traffic-control\model\results\reward_fine_search_2026-10-09\runs\multiseed\seed_62\candidate_14\attempt_001\experiment_14\final.zip,0.0,0.0,0.0,0.0,0.0,0.0,0.0,0.0,0.0,0.0
4,Sensitivity-DQN,8005,random,29.55873015873016,92.5,31.036666666666665,80.0,236,41,19,-181.72943333333336,315,79,0,2,0,0,300.0,14,0.3,0.5,0.5,14,0.3,0.5,0.5,62,62,150000,8005,random,validation,True,dad8b07ae7aacd3f44de4c3b859fd5a3b640cf23c3bd71481a1f0ec1a70332aa,C:\Users\권민우\traffic-control\model\results\reward_fine_search_2026-10-09\runs\multiseed\seed_62\candidate_14\attempt_001\experiment_14\final.zip,0.0,0.0,0.0,0.0,0.0,0.0,0.0,0.0,0.0,0.0
5,Sensitivity-DQN,8006,random,11.922222222222222,47.5,7.153333333333333,23.0,159,45,17,-76.71007500000002,180,21,0,1,0,0,300.0,14,0.3,0.5,0.5,14,0.3,0.5,0.5,62,62,150000,8006,random,validation,True,ef2f623673927b137a233a73ec5cbcb6c8ce5ecf794f5e6abec53433d205ec06,C:\Users\권민우\traffic-control\model\results\reward_fine_search_2026-10-09\runs\multiseed\seed_62\candidate_14\attempt_001\experiment_14\final.zip,0.0,0.0,0.0,0.0,0.0,0.0,0.0,0.0,0.0,0.0
6,Sensitivity-DQN,8007,random,18.174008810572687,59.0,13.751666666666667,37.0,212,39,18,-110.83094166666667,227,15,0,2,0,0,300.0,14,0.3,0.5,0.5,14,0.3,0.5,0.5,62,62,150000,8007,random,validation,True,fa89c69d4df65396b556c47c51886af5f1a02287f4ec90fae5d842865d09b2b9,C:\Users\권민우\traffic-control\model\results\reward_fine_search_2026-10-09\runs\multiseed\seed_62\candidate_14\attempt_001\experiment_14\final.zip,0.0,0.0,0.0,0.0,0.0,0.0,0.0,0.0,0.0,0.0
7,Sensitivity-DQN,8008,random,13.411483253588516,50.5,9.343333333333334,22.0,191,46,10,-91.63963749999996,209,18,0,1,0,0,300.0,14,0.3,0.5,0.5,14,0.3,0.5,0.5,62,62,150000,8008,random,validation,True,85fdc4042e94b886aca1df437c5f5a2d379d3c3162408629c0b305b7392e680b,C:\Users\권민우\traffic-control\model\results\reward_fine_search_2026-10-09\runs\multiseed\seed_62\candidate_14\attempt_001\experiment_14\final.zip,0.0,0.0,0.0,0.0,0.0,0.0,0.0,0.0,0.0,0.0
8,Sensitivity-DQN,8009,random,12.567204301075268,71.5,7.793333333333333,22.0,182,41,15,-82.33048749999999,186,4,0,2,0,0,300.0,14,0.3,0.5,0.5,14,0.3,0.5,0.5,62,62,150000,8009,random,validation,True,776e63c43ae4b74af8684e652ee35e575d3c68422d440ebcdb28cfcfa668a94e,C:\Users\권민우\traffic-control\model\results\reward_fine_search_2026-10-09\runs\multiseed\seed_62\candidate_14\attempt_001\experiment_14\final.zip,0.0,0.0,0.0,0.0,0.0,0.0,0.0,0.0,0.0,0.0
9,Sensitivity-DQN,8010,random,28.510452961672474,111.0,27.275,68.0,200,45,21,-178.38476666666656,287,87,0,1,0,0,300.0,14,0.3,0.5,0.5,14,0.3,0.5,0.5,62,62,150000,8010,random,validation,True,a840059b85bbd9b6a912132b0c970d4d51ecdf0326cf009aaea2e9fad68f7bba,C:\Users\권민우\traffic-control\model\results\reward_fine_search_2026-10-09\runs\multiseed\seed_62\candidate_14\attempt_001\experiment_14\final.zip,0.0,0.0,0.0,0.0,0.0,0.0,0.0,0.0,0.0,0.0
10,Sensitivity-DQN,8011,random,32.52614379084967,113.0,33.17666666666667,69.0,230,42,20,-215.85317083333342,306,76,0,1,0,0,300.0,14,0.3,0.5,0.5,14,0.3,0.5,0.5,62,62,150000,8011,random,validation,True,3cb7167c2c2b34c1ebf11e7fdb965ba96a41e8a0e843c8e986e324a3722c4171,C:\Users\권민우\traffic-control\model\results\reward_fine_search_2026-10-09\runs\multiseed\seed_62\candidate_14\attempt_001\experiment_14\final.zip,0.0,0.0,0.0,0.0,0.0,0.0,0.0,0.0,0.0,0.0
11,Sensitivity-DQN,8012,random,30.19778481012658,116.5,31.808333333333334,78.0,208,42,21,-190.64994999999993,316,108,0,2,0,0,300.0,14,0.3,0.5,0.5,14,0.3,0.5,0.5,62,62,150000,8012,random,validation,True,a43af6ff2bb883b6d9a617961af61470161a2cebdc9b5d49bdb4318dbb7f654b,C:\Users\권민우\traffic-control\model\results\reward_fine_search_2026-10-09\runs\multiseed\seed_62\candidate_14\attempt_001\experiment_14\final.zip,0.0,0.0,0.0,0.0,0.0,0.0,0.0,0.0,0.0,0.0
12,Sensitivity-DQN,8013,random,15.524714828897338,63.5,13.61,38.0,225,41,17,-112.75872083333329,263,38,0,1,0,0,300.0,14,0.3,0.5,0.5,14,0.3,0.5,0.5,62,62,150000,8013,random,validation,True,dc72dfa2fd6460529e83df749d8d9abea9bcee3755fb816ec851d7258e8920db,C:\Users\권민우\traffic-control\model\results\reward_fine_search_2026-10-09\runs\multiseed\seed_62\candidate_14\attempt_001\experiment_14\final.zip,0.0,0.0,0.0,0.0,0.0,0.0,0.0,0.0,0.0,0.0
13,Sensitivity-DQN,8014,random,20.70689655172414,106.0,16.013333333333332,51.0,190,42,17,-126.7914375,232,42,0,2,0,0,300.0,14,0.3,0.5,0.5,14,0.3,0.5,0.5,62,62,150000,8014,random,validation,True,55cd1036a4d9d8cba7cc7d7ac04aa9661b6e4c0235b398b071eadc518fa79e7e,C:\Users\권민우\traffic-control\model\results\reward_fine_search_2026-10-09\runs\multiseed\seed_62\candidate_14\attempt_001\experiment_14\final.zip,0.0,0.0,0.0,0.0,0.0,0.0,0.0,0.0,0.0,0.0
14,Sensitivity-DQN,8015,random,25.29136690647482,87.0,23.436666666666667,49.0,217,44,20,-164.28645000000003,278,61,0,3,0,0,300.0,14,0.3,0.5,0.5,14,0.3,0.5,0.5,62,62,150000,8015,random,validation,True,4b5952cea76dd251669c9507a7f12fefeb3138a19302395b7893ec16755927b3,C:\Users\권민우\traffic-control\model\results\reward_fine_search_2026-10-09\runs\multiseed\seed_62\candidate_14\attempt_001\experiment_14\final.zip,0.0,0.0,0.0,0.0,0.0,0.0,0.0,0.0,0.0,0.0
15,Sensitivity-DQN,8016,random,26.679032258064517,101.0,27.56833333333333,74.0,227,41,19,-173.5621666666666,310,83,0,2,0,0,300.0,14,0.3,0.5,0.5,14,0.3,0.5,0.5,62,62,150000,8016,random,validation,True,5d676c5c894eac0f3d9f703037c1ebf9802829a4819393f69c0acc1492442857,C:\Users\권민우\traffic-control\model\results\reward_fine_search_2026-10-09\runs\multiseed\seed_62\candidate_14\attempt_001\experiment_14\final.zip,0.0,0.0,0.0,0.0,0.0,0.0,0.0,0.0,0.0,0.0
16,Sensitivity-DQN,8017,random,21.258964143426294,74.5,17.786666666666665,42.0,214,43,20,-129.53916249999992,251,37,0,3,0,0,300.0,14,0.3,0.5,0.5,14,0.3,0.5,0.5,62,62,150000,8017,random,validation,True,658c6c23978d040d2ba3fee1c2044362083690f1063d980fbf123a6eeec43fd8,C:\Users\권민우\traffic-control\model\results\reward_fine_search_2026-10-09\runs\multiseed\seed_62\candidate_14\attempt_001\experiment_14\final.zip,0.0,0.0,0.0,0.0,0.0,0.0,0.0,0.0,0.0,0.0
17,Sensitivity-DQN,8018,random,7.088461538461538,37.5,3.0716666666666668,10.0,128,44,18,-50.04057500000001,130,2,0,1,0,0,300.0,14,0.3,0.5,0.5,14,0.3,0.5,0.5,62,62,150000,8018,random,validation,True,f44facdd126218ef97befa1789def0801faaa77ceb04886a6bc156a900691cfc,C:\Users\권민우\traffic-control\model\results\reward_fine_search_2026-10-09\runs\multiseed\seed_62\candidate_14\attempt_001\experiment_14\final.zip,0.0,0.0,0.0,0.0,0.0,0.0,0.0,0.0,0.0,0.0
18,Sensitivity-DQN,8019,random,26.78980891719745,116.5,28.04,58.0,250,40,22,-194.3466916666666,314,64,0,3,0,0,300.0,14,0.3,0.5,0.5,14,0.3,0.5,0.5,62,62,150000,8019,random,validation,True,52131aa9c898a5842eac0e7769a57b7442cca0dfa41dd4cce841370fc6b0060c,C:\Users\권민우\traffic-control\model\results\reward_fine_search_2026-10-09\runs\multiseed\seed_62\candidate_14\attempt_001\experiment_14\final.zip,0.0,0.0,0.0,0.0,0.0,0.0,0.0,0.0,0.0,0.0
19,Sensitivity-DQN,8020,random,18.811904761904763,61.5,13.168333333333333,29.0,182,42,19,-107.38526249999985,210,28,0,1,0,0,300.0,14,0.3,0.5,0.5,14,0.3,0.5,0.5,62,62,150000,8020,random,validation,True,8b6b3d586b585e66f3e99748305f4810b898bce1de2bf34ea783f93ef8efbc3c,C:\Users\권민우\traffic-control\model\results\reward_fine_search_2026-10-09\runs\multiseed\seed_62\candidate_14\attempt_001\experiment_14\final.zip,0.0,0.0,0.0,0.0,0.0,0.0,0.0,0.0,0.0,0.0
0,Sensitivity-DQN,8001,random,32.552552552552555,90.0,36.13333333333333,74.0,236,39,18,-206.23900833333332,333,97,0,2,0,0,300.0,15,0.3,0.5,0.6,15,0.3,0.5,0.6,62,62,150000,8001,random,validation,False,8dd341828f90c6befd05da39f6398cba989e90169d9b64a606076b6fb9fb603c,C:\Users\권민우\traffic-control\model\results\reward_fine_search_2026-10-09\runs\multiseed\seed_62\candidate_15\attempt_001\experiment_15\final.zip,2.134074527724139,0.6801801801801837,-21.397379912663762,-24.5,2.134074527724139,0.7550000000000026,-7.14285714285714,-3.0,0.8547008547008517,2.0
1,Sensitivity-DQN,8002,random,16.515555555555554,56.5,12.386666666666667,32.0,206,40,15,-112.23704166666668,225,19,0,2,0,0,300.0,15,0.3,0.5,0.6,15,0.3,0.5,0.6,62,62,150000,8002,random,validation,False,2821177a095106802fb7dc55d27cc7e848d70ca889c81c04df6e242d9b95dc2c,C:\Users\권민우\traffic-control\model\results\reward_fine_search_2026-10-09\runs\multiseed\seed_62\candidate_15\attempt_001\experiment_15\final.zip,-7.96284829721362,-1.4288888888888884,-12.4031007751938,-8.0,-7.974244675581977,-1.0733333333333341,-6.976744186046513,-3.0,1.4778325123152802,3.0
2,Sensitivity-DQN,8003,random,13.199453551912569,62.0,8.051666666666666,21.0,178,44,17,-93.46324166666665,183,5,0,2,0,0,300.0,15,0.3,0.5,0.6,15,0.3,0.5,0.6,62,62,150000,8003,random,validation,False,9354c03af629ff819755229f14e05b8a1326de925c77653ba23425fd1637b4b4,C:\Users\권민우\traffic-control\model\results\reward_fine_search_2026-10-09\runs\multiseed\seed_62\candidate_15\attempt_001\experiment_15\final.zip,3.558413719185416,0.4535519125683063,13.761467889908264,7.5,3.558413719185416,0.2766666666666655,-4.347826086956519,-2.0,4.093567251461994,7.0
3,Sensitivity-DQN,8004,random,15.257009345794392,80.5,10.883333333333333,27.0,193,41,16,-101.57451666666664,214,21,0,2,0,0,300.0,15,0.3,0.5,0.6,15,0.3,0.5,0.6,62,62,150000,8004,random,validation,False,b79c500713d892f6e4ec75115e41bf065a3f2b239f70ef745728c491621d13e9,C:\Users\권민우\traffic-control\model\results\reward_fine_search_2026-10-09\runs\multiseed\seed_62\candidate_15\attempt_001\experiment_15\final.zip,5.920519059205187,0.8528037383177569,43.75,24.5,5.920519059205187,0.6083333333333325,5.128205128205132,2.0,-0.5154639175257714,-1.0
4,Sensitivity-DQN,8005,random,25.03174603174603,77.0,26.283333333333335,56.0,244,39,16,-165.65561666666662,315,71,0,2,0,0,300.0,15,0.3,0.5,0.6,15,0.3,0.5,0.6,62,62,150000,8005,random,validation,False,dad8b07ae7aacd3f44de4c3b859fd5a3b640cf23c3bd71481a1f0ec1a70332aa,C:\Users\권민우\traffic-control\model\results\reward_fine_search_2026-10-09\runs\multiseed\seed_62\candidate_15\attempt_001\experiment_15\final.zip,-15.31521855869402,-4.526984126984129,-16.75675675675675,-15.5,-15.31521855869401,-4.75333333333333,-4.878048780487809,-2.0,3.3898305084745672,8.0
5,Sensitivity-DQN,8006,random,11.705555555555556,60.0,7.023333333333333,17.0,165,42,17,-84.99412083333343,180,15,0,1,0,0,300.0,15,0.3,0.5,0.6,15,0.3,0.5,0.6,62,62,150000,8006,random,validation,False,ef2f623673927b137a233a73ec5cbcb6c8ce5ecf794f5e6abec53433d205ec06,C:\Users\권민우\traffic-control\model\results\reward_fine_search_2026-10-09\runs\multiseed\seed_62\candidate_15\attempt_001\experiment_15\final.zip,-1.817334575955265,-0.21666666666666679,26.315789473684205,12.5,-1.817334575955265,-0.1299999999999999,-6.666666666666665,-3.0,3.7735849056603765,6.0
6,Sensitivity-DQN,8007,random,19.729074889867842,61.5,14.928333333333333,30.0,200,41,19,-122.61263333333332,227,27,0,2,0,0,300.0,15,0.3,0.5,0.6,15,0.3,0.5,0.6,62,62,150000,8007,random,validation,False,fa89c69d4df65396b556c47c51886af5f1a02287f4ec90fae5d842865d09b2b9,C:\Users\권민우\traffic-control\model\results\reward_fine_search_2026-10-09\runs\multiseed\seed_62\candidate_15\attempt_001\experiment_15\final.zip,8.556538601381657,1.5550660792951554,4.237288135593231,2.5,8.556538601381636,1.1766666666666659,5.128205128205132,2.0,-5.660377358490565,-12.0
7,Sensitivity-DQN,8008,random,13.66267942583732,46.5,9.518333333333333,27.0,195,43,13,-94.64269999999999,209,14,0,1,0,0,300.0,15,0.3,0.5,0.6,15,0.3,0.5,0.6,62,62,150000,8008,random,validation,False,85fdc4042e94b886aca1df437c5f5a2d379d3c3162408629c0b305b7392e680b,C:\Users\권민우\traffic-control\model\results\reward_fine_search_2026-10-09\runs\multiseed\seed_62\candidate_15\attempt_001\experiment_15\final.zip,1.872993221548347,0.25119617224880386,-7.920792079207917,-4.0,1.8729932215483247,0.17499999999999893,-6.521739130434778,-3.0,2.0942408376963373,4.0
8,Sensitivity-DQN,8009,random,12.008064516129032,49.5,7.445,18.0,183,42,15,-83.14372916666663,186,3,0,2,0,0,300.0,15,0.3,0.5,0.6,15,0.3,0.5,0.6,62,62,150000,8009,random,validation,False,776e63c43ae4b74af8684e652ee35e575d3c68422d440ebcdb28cfcfa668a94e,C:\Users\권민우\traffic-control\model\results\reward_fine_search_2026-10-09\runs\multiseed\seed_62\candidate_15\attempt_001\experiment_15\final.zip,-4.4491978609625615,-0.5591397849462361,-30.76923076923077,-22.0,-4.469632164242931,-0.3483333333333327,2.4390243902439046,1.0,0.5494505494505475,1.0
9,Sensitivity-DQN,8010,random,28.71080139372822,96.5,27.466666666666665,60.0,215,39,18,-180.00094583333336,287,72,0,1,0,0,300.0,15,0.3,0.5,0.6,15,0.3,0.5,0.6,62,62,150000,8010,random,validation,False,a840059b85bbd9b6a912132b0c970d4d51ecdf0326cf009aaea2e9fad68f7bba,C:\Users\권민우\traffic-control\model\results\reward_fine_search_2026-10-09\runs\multiseed\seed_62\candidate_15\attempt_001\experiment_15\final.zip,0.7027192178429509,0.2003484320557476,-13.063063063063062,-14.5,0.7027192178429509,0.19166666666666643,-13.33333333333333,-6.0,7.499999999999996,15.0
10,Sensitivity-DQN,8011,random,30.48856209150327,107.5,31.098333333333333,58.0,237,39,18,-207.63070833333344,306,69,0,1,0,0,300.0,15,0.3,0.5,0.6,15,0.3,0.5,0.6,62,62,150000,8011,random,validation,False,3cb7167c2c2b34c1ebf11e7fdb965ba96a41e8a0e843c8e986e324a3722c4171,C:\Users\권민우\traffic-control\model\results\reward_fine_search_2026-10-09\runs\multiseed\seed_62\candidate_15\attempt_001\experiment_15\final.zip,-6.264442881543253,-2.037581699346404,-4.867256637168138,-5.5,-6.264442881543264,-2.0783333333333367,-7.14285714285714,-3.0,3.04347826086957,7.0
11,Sensitivity-DQN,8012,random,30.495253164556964,90.5,32.12166666666667,81.0,219,40,22,-185.2621333333334,316,97,0,2,0,0,300.0,15,0.3,0.5,0.6,15,0.3,0.5,0.6,62,62,150000,8012,random,validation,False,a43af6ff2bb883b6d9a617961af61470161a2cebdc9b5d49bdb4318dbb7f654b,C:\Users\권민우\traffic-control\model\results\reward_fine_search_2026-10-09\runs\multiseed\seed_62\candidate_15\attempt_001\experiment_15\final.zip,0.9850668063924539,0.2974683544303822,-22.3175965665236,-26.0,0.9850668063924539,0.31333333333333613,-4.761904761904767,-2.0,5.288461538461542,11.0
12,Sensitivity-DQN,8013,random,18.05703422053232,55.5,15.83,41.0,213,42,17,-122.14757083333336,263,50,0,1,0,0,300.0,15,0.3,0.5,0.6,15,0.3,0.5,0.6,62,62,150000,8013,random,validation,False,dc72dfa2fd6460529e83df749d8d9abea9bcee3755fb816ec851d7258e8920db,C:\Users\권민우\traffic-control\model\results\reward_fine_search_2026-10-09\runs\multiseed\seed_62\candidate_15\attempt_001\experiment_15\final.zip,16.31153563556209,2.5323193916349815,-12.598425196850393,-8.0,16.31153563556209,2.2200000000000006,2.4390243902439046,1.0,-5.333333333333334,-12.0
13,Sensitivity-DQN,8014,random,24.11637931034483,73.5,18.651666666666667,38.0,176,44,22,-134.70072083333335,232,56,0,2,0,0,300.0,15,0.3,0.5,0.6,15,0.3,0.5,0.6,62,62,150000,8014,random,validation,False,55cd1036a4d9d8cba7cc7d7ac04aa9661b6e4c0235b398b071eadc518fa79e7e,C:\Users\권민우\traffic-control\model\results\reward_fine_search_2026-10-09\runs\multiseed\seed_62\candidate_15\attempt_001\experiment_15\final.zip,16.465445462114904,3.4094827586206904,-30.660377358490564,-32.5,16.475853455453795,2.6383333333333354,4.761904761904767,2.0,-7.36842105263158,-14.0
14,Sensitivity-DQN,8015,random,24.174460431654676,67.5,22.401666666666667,44.0,236,37,11,-150.56453333333334,278,42,0,3,0,0,300.0,15,0.3,0.5,0.6,15,0.3,0.5,0.6,62,62,150000,8015,random,validation,False,4b5952cea76dd251669c9507a7f12fefeb3138a19302395b7893ec16755927b3,C:\Users\권민우\traffic-control\model\results\reward_fine_search_2026-10-09\runs\multiseed\seed_62\candidate_15\attempt_001\experiment_15\final.zip,-4.416157018916234,-1.1169064748201443,-22.413793103448278,-19.5,-4.416157018916234,-1.0350000000000001,-15.909090909090907,-7.0,8.75576036866359,19.0
15,Sensitivity-DQN,8016,random,27.759677419354837,84.0,28.685,70.0,226,40,17,-180.75554583333346,310,84,0,2,0,0,300.0,15,0.3,0.5,0.6,15,0.3,0.5,0.6,62,62,150000,8016,random,validation,False,5d676c5c894eac0f3d9f703037c1ebf9802829a4819393f69c0acc1492442857,C:\Users\권민우\traffic-control\model\results\reward_fine_search_2026-10-09\runs\multiseed\seed_62\candidate_15\attempt_001\experiment_15\final.zip,4.050541079741232,1.0806451612903203,-16.831683168316836,-17.0,4.050541079741254,1.1166666666666671,-2.4390243902439046,-1.0,-0.4405286343612369,-1.0
16,Sensitivity-DQN,8017,random,19.250996015936256,75.0,16.106666666666666,39.0,206,42,15,-127.45664999999991,251,45,0,3,0,0,300.0,15,0.3,0.5,0.6,15,0.3,0.5,0.6,62,62,150000,8017,random,validation,False,658c6c23978d040d2ba3fee1c2044362083690f1063d980fbf123a6eeec43fd8,C:\Users\권민우\traffic-control\model\results\reward_fine_search_2026-10-09\runs\multiseed\seed_62\candidate_15\attempt_001\experiment_15\final.zip,-9.445277361319338,-2.007968127490038,0.6711409395973256,0.5,-9.445277361319338,-1.6799999999999997,-2.3255813953488413,-1.0,-3.738317757009346,-8.0
17,Sensitivity-DQN,8018,random,9.0,37.5,3.9,13.0,124,41,19,-58.74695000000003,130,6,0,1,0,0,300.0,15,0.3,0.5,0.6,15,0.3,0.5,0.6,62,62,150000,8018,random,validation,False,f44facdd126218ef97befa1789def0801faaa77ceb04886a6bc156a900691cfc,C:\Users\권민우\traffic-control\model\results\reward_fine_search_2026-10-09\runs\multiseed\seed_62\candidate_15\attempt_001\experiment_15\final.zip,26.96690179055887,1.9115384615384619,0.0,0.0,26.96690179055887,0.8283333333333331,-6.818181818181824,-3.0,-3.125,-4.0
18,Sensitivity-DQN,8019,random,25.418789808917197,77.5,26.605,69.0,256,41,19,-171.13684583333335,314,58,0,3,0,0,300.0,15,0.3,0.5,0.6,15,0.3,0.5,0.6,62,62,150000,8019,random,validation,False,52131aa9c898a5842eac0e7769a57b7442cca0dfa41dd4cce841370fc6b0060c,C:\Users\권민우\traffic-control\model\results\reward_fine_search_2026-10-09\runs\multiseed\seed_62\candidate_15\attempt_001\experiment_15\final.zip,-5.117689015691873,-1.3710191082802545,-33.47639484978541,-39.0,-5.117689015691862,-1.4349999999999987,2.499999999999991,1.0,2.400000000000002,6.0
19,Sensitivity-DQN,8020,random,17.50952380952381,62.5,12.256666666666666,27.0,184,42,17,-111.69433750000012,210,26,0,1,0,0,300.0,15,0.3,0.5,0.6,15,0.3,0.5,0.6,62,62,150000,8020,random,validation,False,8b6b3d586b585e66f3e99748305f4810b898bce1de2bf34ea783f93ef8efbc3c,C:\Users\권민우\traffic-control\model\results\reward_fine_search_2026-10-09\runs\multiseed\seed_62\candidate_15\attempt_001\experiment_15\final.zip,-6.923174281736499,-1.302380952380954,1.6260162601626105,1.0,-6.923174281736488,-0.9116666666666671,0.0,0.0,1.098901098901095,2.0
