episode,controller,seed,traffic_scenario,realized_scenario,avg_waiting_time,max_waiting_time,avg_queue,max_queue,throughput,episode_reward,departed,unfinished,pending,max_pending,collisions,teleports,duration,reward_queue,reward_waiting,reward_max_waiting,reward_switching,phase_changes,forced_changes,scheduled,not_inserted,route_sha256
1,dqn,772,random,balanced,33.93409090909091,148.0,24.885,65,149,-130.29440009063904,220,71,0,1,0,0,300.0,-23.26093774533365,-15.192837460207377,-80.64062488509808,-11.199999999999992,56,1,220,0,9cd712ab07f30a75a07166f5ce69084fb96cb827400a8d804407af148ac02bef
2,dqn,367,random,heavy,47.36807817589577,142.5,48.48,118,165,-181.07672949162844,307,142,1,4,0,0,300.0,-43.80312528053764,-38.297562562343906,-87.57604164874647,-11.399999999999991,57,0,308,1,b832bd9de988279a63337ec4f32da220792aa1c8794fee8fde1614aae91094fc
3,dqn,660,random,ew_heavy,42.689655172413794,112.5,37.141666666666666,89,143,-151.24989619122434,261,118,0,2,0,0,300.0,-34.81093783315737,-29.35562499316947,-75.68333336489741,-11.399999999999991,57,1,261,0,2ed79e64f524e5b7b8ab5f02f5934bd2a3de309d398f331ac9f1771fc1cdf4be
4,dqn,200,random,balanced,37.39940828402367,95.5,21.06833333333333,48,113,-106.84461660530143,169,56,0,1,0,0,300.0,-19.75156250759028,-13.420137472806523,-62.27291662490461,-11.399999999999991,57,1,169,0,1a929c4a0049f47981d25fa1a2b191be186d33cdb21b427a50830d3143d5a26b
5,dqn,945,random,heavy,38.31290322580645,155.0,19.795,49,112,-128.65157110778458,155,43,0,1,0,0,300.0,-18.557812671293505,-17.3260499920587,-81.56770844443236,-11.199999999999992,56,2,155,0,606d141bf0543a08ade33eddf46543c422db0ee504e984233d4ad7d5c4e41238
6,dqn,89,random,low,42.18410041841004,113.5,33.60666666666667,81,143,-136.85750862892962,239,96,0,2,0,0,300.0,-31.506250206264667,-22.30855005124832,-72.04270837141667,-10.999999999999993,55,0,239,0,80952ea77ad04adeba23ba0f608c640f7dc7003cdc2da1321fc69155ace8e900
7,dqn,265,random,heavy,36.440711462450594,96.0,30.731666666666666,85,148,-127.47455861501292,253,105,0,1,0,0,300.0,-28.810937711037695,-18.1396625066678,-69.12395839730743,-11.399999999999991,57,1,253,0,ccd0cb61ae3d35e7e1c4643a6e856ca7165cee8ab4d167d07231c1abd30b2526
8,dqn,654,random,ns_heavy,40.039370078740156,110.0,33.9,77,167,-137.00092089446343,254,87,0,1,0,0,300.0,-31.781250167521648,-23.94571248553765,-70.47395824140403,-10.799999999999994,54,0,254,0,766ff4111426a40427dbd142d1061bfbab5c451dad7ee5ad1a14ce8847c36e0a
9,dqn,17,random,heavy,35.19932432432432,128.5,17.365,48,104,-103.49495865817667,148,44,0,1,0,0,300.0,-16.279687828500755,-9.844437517118784,-66.17083331255708,-11.199999999999992,56,0,148,0,2eff2af0c12cfb2480e3d6c0691b366ff4fdb48e75c2b144f5d01e7863a95103
10,dqn,460,random,ns_heavy,46.333333333333336,153.0,43.09,100,147,-160.3646794770633,279,132,0,2,0,0,300.0,-40.39687530929223,-29.094887496579766,-79.47291667119134,-11.399999999999991,57,1,279,0,193042abca6c4ac65f7cd67cd4f8404afef5a8c7e3cf64485d2ff78581240b2b
11,dqn,148,random,balanced,43.08613445378151,103.0,34.181666666666665,74,162,-142.82813776426843,238,76,0,1,0,0,300.0,-32.045312847942114,-23.373450020424926,-76.20937489590142,-11.199999999999992,56,0,238,0,c7c282b923a371314d119956770922f3bf09aeabf5f788ce7b2f6677b27ee084
12,dqn,988,random,balanced,44.94631901840491,134.5,48.84166666666667,112,164,-177.63660023725348,326,162,0,2,0,0,300.0,-45.75000023539178,-40.38660000537705,-80.09999999648426,-11.399999999999991,57,0,326,0,e74279ee7b9ff1537d15af84d708b1df6a1a1a62f5eccf9e033dab4e660996c1
13,dqn,329,random,heavy,42.345360824742265,162.0,27.385,68,118,-147.81274995643687,194,76,0,2,0,0,300.0,-25.673437534831464,-23.439312457717463,-87.09999996388797,-11.59999999999999,58,1,194,0,53bb8aa11525e1d29038e52c7fcb55607c8a6ff0f9df2cb1cd07e7138924a19b
14,dqn,852,random,ns_heavy,58.411764705882355,171.5,66.20833333333333,135,141,-207.78473728107187,340,199,14,23,0,0,300.0,-60.514062303700484,-47.73630001348271,-88.33437496388797,-11.199999999999992,56,0,354,14,b715e90854fa60c064da66d6bbad42ef7493a7965e21cdc987e6eb760ed6e792
15,dqn,320,random,ns_heavy,53.964285714285715,184.5,37.775,81,130,-176.46062082130896,210,80,0,2,0,0,300.0,-35.1500000259839,-34.233537506237155,-95.87708328908775,-11.199999999999992,56,1,210,0,369ce49c5cf015ff48b3b62a178d177f6836e84570e9aa472b9acda7f487140e
16,dqn,837,random,ew_heavy,36.43089430894309,101.0,29.873333333333335,88,146,-120.70710844917564,246,100,0,2,0,0,300.0,-27.35781268030405,-20.181587514056442,-61.96770825481508,-11.199999999999992,56,1,246,0,1c89ea06e90130116aad0f4ed67f79b753b52be265eece744718846d0fff1159
17,dqn,53,random,heavy,38.265116279069765,107.5,27.423333333333332,61,138,-127.65677937884973,215,77,0,1,0,0,300.0,-25.70937528507784,-18.743237513570776,-71.80416658020113,-11.399999999999991,57,1,215,0,c3eaef5acade4eb3a2b0762e90de93c31a64ca1ef003787bfd05546e36f72abc
18,dqn,52,random,low,43.11351351351351,109.0,26.586666666666666,57,121,-125.85266683914959,185,64,0,1,0,0,300.0,-24.92500022565946,-16.426624955802982,-73.30104165768716,-11.199999999999992,56,1,185,0,75e73a14d8c3db5e1847137b89cb5e961f772f8f00c7a9ba203bcecc5553251c
19,dqn,270,random,left_heavy,39.294285714285714,144.5,22.923333333333332,48,120,-136.0334375726547,175,55,18,24,0,0,300.0,-21.490625064936467,-20.942812481198782,-82.60000002651941,-10.999999999999993,55,3,193,18,bbbc3af943cbcd65d0a6648c14110c33d2597fb24c3cdf3aadb5f5d9ea28298e
20,dqn,556,random,ew_heavy,21.952380952380953,79.5,12.296666666666667,32,109,-85.08806670893179,168,59,0,6,0,0,300.0,-11.528125082491897,-8.052649993991512,-54.10729163244832,-11.399999999999991,57,1,168,0,d2e0babe22c2fe9a7444df9afb30c9dc3b62dbd8afaa0a05bdb6d03369b837ac
21,dqn,165,random,left_heavy,41.284511784511785,108.5,40.87833333333333,96,167,-152.2092878108923,297,130,14,18,0,0,300.0,-38.32343779108487,-32.32022507743313,-70.76562494237442,-10.799999999999994,54,0,311,14,1c7ae3683120b7d3050b469acfbe6f13e5e620cd52d7ed0cb8d7c6ae4983f121
22,dqn,608,random,ew_heavy,47.104166666666664,147.5,41.45166666666667,101,142,-171.57723344284685,264,122,0,2,0,0,300.0,-37.04687519534491,-34.13139996376921,-88.79895828373265,-11.59999999999999,58,1,264,0,928b1135c5956601902d0fbd9854528f3e563a12ac44cb113f11503328323a6a
23,dqn,518,random,ns_heavy,33.21011673151751,114.5,28.45,80,161,-121.76165424869761,257,96,0,3,0,0,300.0,-26.560937744099647,-19.105924982045686,-65.29479152255226,-10.799999999999994,54,2,257,0,678ff2126c9a95469b5d7f8ea607527e4ce5172454fabfe138e5191446511ff8
24,dqn,51,random,ew_heavy,27.95762711864407,106.0,16.495,51,123,-97.72985011380655,177,54,0,3,0,0,300.0,-15.448437586892396,-10.76266254458606,-60.118749982328154,-11.399999999999991,57,1,177,0,d62a0f2a9b85b1016e860b9b7456fc61faa88d2a897b3f57f7cb267c92f99a7f
25,dqn,345,random,ns_heavy,34.90845070422535,123.5,24.785,50,149,-120.26769612357458,213,64,0,1,0,0,300.0,-23.2359376559034,-15.20155000740633,-70.63020846026484,-11.199999999999992,56,2,213,0,2f5c2b85f44a25b451c881b4089094232b3ce5f590c19e421b477402e8e147b0
26,dqn,478,random,ns_heavy,32.61173184357542,96.0,19.458333333333332,46,133,-97.54070847236368,179,46,0,1,0,0,300.0,-18.24218773865141,-10.57456250250616,-57.52395823120605,-11.199999999999992,56,1,179,0,dfa7fa02fc82a2fe0de5e00deef8c87e7516c1273d00579ebfd98af746207585
27,dqn,911,random,heavy,38.87259615384615,168.0,26.951666666666668,66,131,-135.2257210356962,208,77,0,3,0,0,300.0,-25.267187689547427,-21.315824993637943,-77.24270835251082,-11.399999999999991,57,1,208,0,7ba0de31f540462bf19026bdcbb4897d2d5767d413c8a1ceb105611bacea1fb5
28,dqn,330,random,left_heavy,52.23432343234323,184.0,52.76166666666666,113,153,-196.37478783334853,303,150,25,29,0,0,300.0,-48.88750017527491,-44.5810375319487,-91.70625012612436,-11.199999999999992,56,3,328,25,6957e43172dda788521429215769e45b2de9e989bb5e0f3843b7b1ed6cffa4bd
29,dqn,327,random,ew_heavy,37.7093023255814,91.0,21.62,53,114,-99.84034178385339,172,58,0,2,0,0,300.0,-20.268750131712295,-12.92367497058876,-55.847916681552306,-10.799999999999994,54,0,172,0,3467bc0f21b9c701fe63a1cfd1e002335ad031bd7302bdcfb6b0257fc1d88879
30,dqn,217,random,heavy,44.76268115942029,109.5,41.181666666666665,114,153,-146.4144419374766,276,123,0,2,0,0,300.0,-38.60781275841873,-28.014962469589236,-68.7916667094687,-10.999999999999993,55,0,276,0,ef77270ba31ebdc2fd2e16f8603233975b84a3fed569188187a0c24f7c1d9633
31,dqn,469,random,balanced,44.29083665338646,133.5,37.056666666666665,81,139,-171.62515821998608,251,112,0,3,0,0,300.0,-34.74062511418015,-32.7261999381626,-92.75833316764329,-11.399999999999991,57,0,251,0,26e7585b4bc1e77a17851f4eb31aafe400dd998867a330b5cdedd7e58afc74b8
32,dqn,798,random,ew_heavy,29.95398773006135,115.0,16.275,37,126,-93.41570028760763,163,37,0,1,0,0,300.0,-15.257812750525773,-8.201637506487895,-58.75625003059395,-11.199999999999992,56,0,163,0,29c7427026772cee900c4a8db273955ffad288a3575959829cf4b9ff2db78d9b
33,dqn,355,random,ew_heavy,39.04109589041096,142.5,28.5,61,154,-143.83857936780916,219,65,0,1,0,0,300.0,-26.718750272411853,-19.73128749358948,-85.98854160180781,-11.399999999999991,57,0,219,0,5293f30bc2385bd8d7d52ab1786ecc37a67840a2fa644a1a9defb7a36a9e19a3
34,dqn,421,random,balanced,31.259146341463413,106.0,17.088333333333335,47,119,-97.24494577188814,164,45,0,2,0,0,300.0,-16.020312491920777,-10.631925012113795,-59.592708267853595,-10.999999999999993,55,2,164,0,6723b92e81733115583a69e705a27a821de3916b512008a3c1ac05bc5507f26e
35,dqn,641,random,heavy,40.47592592592593,115.5,36.428333333333335,76,151,-146.89850436806364,270,119,0,2,0,0,300.0,-33.87968772032764,-25.28652502013065,-76.53229162760545,-11.199999999999992,56,1,270,0,90094cde7db2a3714e78a6463d6778ef266c9f15dbb6e5fcadbe07dd529a4cf4
36,dqn,104,random,heavy,26.079113924050635,97.5,13.735,32,122,-82.99483353772446,158,36,0,1,0,0,300.0,-12.87656266358681,-6.238062497878123,-52.68020837625954,-11.199999999999992,56,0,158,0,5284a70c0b981cc4da06b70d42388da55b10dc1c92e41d8e39091cf1d447936b
37,dqn,588,random,balanced,43.285198555956676,143.5,39.96666666666667,104,150,-146.5613463011084,277,127,0,2,0,0,300.0,-36.20000036444981,-27.328012483844223,-71.83333345281426,-11.199999999999992,56,1,277,0,d057c0363e435dfa4098e38fddcaf1ffa0ea589e700f050de5781227fcafa676
38,dqn,370,random,ew_heavy,34.245810055865924,104.5,20.433333333333334,51,115,-103.92613354622442,179,64,0,2,0,0,300.0,-19.156250248430297,-12.405299990010095,-60.76458330778405,-11.59999999999999,58,0,179,0,9070a2d6aeb5bfb454861b4cbd9992f7910e2b77cee26c5bd648cbb65d175a3b
39,dqn,594,random,left_heavy,47.50757575757576,159.0,31.36,58,113,-157.5281751642884,198,85,24,29,0,0,300.0,-29.40000018721912,-32.075050000701616,-84.45312497636769,-11.59999999999999,58,1,222,24,c34de4432a582ccd4715db37a9da27baee6e7bc3a2968b493c862daaddf342c2
40,dqn,915,random,low,35.1225,122.5,23.415,53,145,-132.29309611719805,200,55,0,1,0,0,300.0,-21.951562732458115,-16.192575007339475,-82.74895837740041,-11.399999999999991,57,1,200,0,db06061a6a6a3432d05d68f771f72ec7959656ff74bd78012c28635048386852
41,dqn,225,random,low,35.347457627118644,109.5,27.80666666666667,59,150,-124.96535019279541,236,86,0,3,0,0,300.0,-26.06875019520521,-17.62159996736882,-70.07500003022142,-11.199999999999992,56,3,236,0,9f7bb34fd285c1e657f3e36641e7d1a93919963549e882f08d811f7a04a4b578
42,dqn,390,random,left_heavy,37.84953703703704,146.0,27.251666666666665,54,138,-154.8400167704216,216,78,23,27,0,0,300.0,-25.548437621095218,-24.44678748716906,-93.44479166215751,-11.399999999999991,57,0,239,23,13685e5a39c2777152cfdb3187b107934b09eaadacdf207b4e1e901cecd4c997
43,dqn,401,random,ew_heavy,43.26569037656904,125.0,34.468333333333334,103,128,-146.73723337533954,239,111,0,2,0,0,300.0,-32.289062520023435,-29.0992124626653,-73.74895839265082,-11.59999999999999,58,0,239,0,6484a516f5fb9d85b9df0ec9b8c93bc6d465dc5b65be19b597c32b52f1f814c5
44,dqn,188,random,ew_heavy,46.03061224489796,127.5,45.11,105,148,-156.8831045226873,294,146,0,3,0,0,300.0,-42.27343775774352,-33.60237500443838,-69.60729176050518,-11.399999999999991,57,0,294,0,cd5e1cf1aa4de7cd5fc938361d98febf02194717de52bf1b2d090f8d7577d587
45,dqn,387,random,ew_heavy,31.887892376681613,132.5,23.703333333333333,51,166,-122.14903770148301,223,57,0,1,0,0,300.0,-22.22187527420465,-15.614662495521047,-72.91249993175734,-11.399999999999991,57,4,223,0,9911706c11cde52b7c41fd7d169a6292297bd57d5ab612b5a47a98e72932f91b
46,dqn,67,random,heavy,32.72857142857143,94.5,19.091666666666665,50,135,-95.11169181849547,175,40,0,1,0,0,300.0,-17.898437780328095,-10.2965874870235,-55.91666655114386,-10.999999999999993,55,0,175,0,1f68dacc099006291099fe5bfa1e1dfc0e4418400e1b79180f3c0ca0922027b3
47,dqn,247,random,ns_heavy,36.824528301886794,104.5,32.528333333333336,66,174,-119.94995879614875,265,91,0,3,0,0,300.0,-30.49531307257712,-17.799437497068716,-60.25520822650287,-11.399999999999991,57,0,265,0,75df0c7bce323381c22c0eb08f7e34c3bf86a6be1a1f8707454dbbb370ed9761
48,dqn,513,random,low,17.5974025974026,56.0,9.033333333333333,23,137,-55.704354439207954,154,17,0,1,0,0,300.0,-8.46875023492612,-2.7470624969551856,-33.28854170732666,-11.199999999999992,56,2,154,0,263f5dd8ac9e55331685168619f5fd1242f50500941a0f59160f9dbdd7a0b138
49,dqn,440,random,balanced,23.88953488372093,122.0,13.696666666666667,44,130,-85.52622940778164,172,42,0,2,0,0,300.0,-12.84062524267938,-5.650187494749117,-55.63541667035315,-11.399999999999991,57,2,172,0,6f2ca533aeccd40ed50287fb3c84cd0cf535d4faffd5cc80cd9f153f1259081f
50,dqn,668,random,left_heavy,40.708333333333336,106.0,35.825,80,142,-138.3341333567027,264,122,0,3,0,0,300.0,-33.5859375881264,-23.736737465332407,-69.81145830324385,-11.199999999999992,56,1,264,0,ed221f78d8886e1ad8228d74436582f2667cc135af7a1975a6d8d152becb285e
51,dqn,912,random,left_heavy,33.82165605095541,122.0,17.706666666666667,40,103,-109.76852096742003,157,54,17,20,0,0,300.0,-16.600000149570405,-13.25081249970462,-68.71770831814501,-11.199999999999992,56,1,174,17,04fd2d4685c3d6d20efad9e3587391c6a07ad85941e8d1df362d19b56ba34bda
52,dqn,413,random,ns_heavy,36.73626373626374,107.0,22.286666666666665,47,115,-115.48162088209868,182,67,0,2,0,0,300.0,-20.89375014451798,-16.220162534686818,-66.96770820289385,-11.399999999999991,57,0,182,0,21cf361e27022d77cc5d8baf0233c1c50cb8e50fa11cc6966b4483128489721d
53,dqn,987,random,balanced,21.041463414634148,126.0,14.378333333333334,51,162,-93.38042107723815,205,43,0,1,0,0,300.0,-13.479687745217234,-7.389274994853624,-61.11145833716728,-11.399999999999991,57,1,205,0,f334b2bf86f849827a07f242d1be8ba5ce46ba6c098d9d3c64e03b2faaa67c94
54,dqn,849,random,low,29.578212290502794,92.0,17.648333333333333,40,136,-101.08515007075403,179,43,0,1,0,0,300.0,-16.54531267855782,-10.236712494804662,-62.903124897391535,-11.399999999999991,57,0,179,0,e3b3f6f7262bdb42cf1563d012b38205c72140f9c1ff0b9589bc8f60ecc24cb6
55,dqn,326,random,ns_heavy,35.81964285714286,128.5,33.431666666666665,74,166,-140.2369963736412,280,114,0,2,0,0,300.0,-31.342187904869206,-21.511474974141322,-75.98333349463064,-11.399999999999991,57,0,280,0,e87bcb8923368989a35162a3ec8aaa232e911d5b0a2b623a606e5f543670b822
56,dqn,525,random,heavy,19.767857142857142,95.0,5.535,16,72,-69.53783351482049,84,12,0,1,0,0,300.0,-5.18906266905833,-2.059187502820714,-50.88958334294148,-11.399999999999991,57,4,84,0,6a247e80ff87310f3338a132359f94ded99b17861b1ac743b50d92be308d3b26
57,dqn,675,random,left_heavy,34.037974683544306,154.5,26.895,57,167,-149.24248375613172,237,70,21,24,0,0,300.0,-25.214062785031274,-22.223212534025503,-90.60520843707491,-11.199999999999992,56,1,258,21,a999d18fc567f149eacf9e8a3eea389dab6fcb3fe1077856f88928690c1e5089
58,dqn,798,random,ew_heavy,22.107361963190183,86.5,12.011666666666667,28,139,-74.51530019220736,163,24,0,1,0,0,300.0,-11.260937716579065,-4.991862493858934,-46.86249998176936,-11.399999999999991,57,1,163,0,29c7427026772cee900c4a8db273955ffad288a3575959829cf4b9ff2db78d9b
59,dqn,314,random,ew_heavy,38.648,132.5,32.20666666666666,86,149,-141.66887100337556,250,101,0,2,0,0,300.0,-30.19375024177134,-22.363662475310406,-78.11145828629378,-10.999999999999993,55,2,250,0,74324db8fd4748d1c5272a4fc921124c572f7606d87c78ea2fe75be23b2c6ece
60,dqn,566,random,left_heavy,35.51256281407035,139.0,23.561666666666667,53,131,-153.24589199432228,199,68,13,16,0,0,300.0,-22.089062693179585,-20.715162524968033,-99.04166677617468,-11.399999999999991,57,0,212,13,98caf007411bf315a5073ef51e3fd29f044aa1f1bf04f59d2113b6f179de05bf
61,dqn,878,random,low,29.25537634408602,89.0,18.138333333333332,49,132,-94.04046694848154,186,54,0,1,0,0,300.0,-17.004687743494287,-11.490987522713109,-54.54479168227408,-10.999999999999993,55,2,186,0,951cdc69d092f84fa4a17b5426485286bd1a9875f45ad7a180a7f27a41c6cccc
62,dqn,591,random,balanced,22.647368421052633,94.0,14.343333333333334,45,146,-80.90620010332565,190,44,0,2,0,0,300.0,-13.446875184425153,-6.009324997667135,-50.04999992123339,-11.399999999999991,57,1,190,0,e84ee16807ff7b35ab28cb371015d08f8d4773b76a2d47e92baa58b30e7852b0
63,dqn,983,random,ew_heavy,33.796875,152.0,21.63,48,140,-137.476012735458,192,52,0,1,0,0,300.0,-20.278125200187787,-16.48226246502527,-89.315625070245,-11.399999999999991,57,2,192,0,9e5fe2c537204719497dc9ab75dbe21de53c4412e56aa0b0729522739bc96801
64,dqn,413,random,ns_heavy,32.002747252747255,113.5,19.415,45,113,-113.89938774233816,182,69,0,2,0,0,300.0,-18.20156264549587,-13.997825007225764,-70.10000008961651,-11.59999999999999,58,1,182,0,21cf361e27022d77cc5d8baf0233c1c50cb8e50fa11cc6966b4483128489721d
65,dqn,627,random,low,35.215425531914896,150.5,22.06833333333333,45,128,-132.9646212628119,188,60,0,2,0,0,300.0,-20.689062821795233,-14.414099979075402,-86.46145846194122,-11.399999999999991,57,0,188,0,d9c906d4a1598efbc39ed818b8a54f56e98e89e1eaec94b28a19ed80499aa79c
66,dqn,110,random,left_heavy,36.88284518828452,124.5,29.383333333333333,75,157,-142.17835007612373,239,82,16,19,0,0,300.0,-27.546875187777914,-22.353349972327848,-81.27812491601799,-10.999999999999993,55,1,255,16,06ee0a480abb39954b5017714a06c894634c0f4344e508f5d24f48129df5bc52
67,dqn,252,random,low,31.24235807860262,135.0,23.85,55,165,-127.02040866037059,229,64,0,2,0,0,300.0,-22.35937540384475,-13.358949984015636,-79.70208327251021,-11.59999999999999,58,1,229,0,94df5b4fc460b705fe437a07af4710a8f8e54c0aa03ce370f2fb70aa497ed0f8
68,dqn,705,random,ns_heavy,29.022151898734176,138.0,15.285,36,124,-96.54702944025479,158,34,0,2,0,0,300.0,-14.329687799094245,-6.485050004125511,-64.53229163703509,-11.199999999999992,56,2,158,0,b3f04c91220060ff04f08e22eddcf5c26c6348ef51223c9367900a6eb42fd69e
69,dqn,44,random,heavy,30.444174757281555,122.5,20.905,45,140,-131.35737097314117,206,66,0,2,0,0,300.0,-19.598437484237365,-15.953725040443537,-84.20520844846033,-11.59999999999999,58,1,206,0,be5356b26df6e1f543a3b33ea3a5ffe69caabefb3edd0045bae4de463cf2a196
70,dqn,859,random,balanced,40.11929824561403,170.5,38.11333333333334,94,169,-163.04712113167693,285,116,0,1,0,0,300.0,-35.39062526356429,-29.24503752882665,-87.01145833928604,-11.399999999999991,57,1,285,0,ab3d7081a66f6ae15cff187b09fbe3eee3e1e018cc659850bfa2f8d0301b3fcd
71,dqn,408,random,ew_heavy,26.583333333333332,88.5,10.633333333333333,24,98,-85.97518768381049,120,22,0,1,0,0,300.0,-9.96875018265564,-4.750187499455207,-59.856250001699664,-11.399999999999991,57,1,120,0,8e31ba0602e7a514220bf883843953cd2a938e51fc9361bedb01cf368a7fd1b0
72,dqn,726,random,balanced,33.612648221343875,119.5,28.346666666666668,67,156,-126.12089176989176,253,97,0,2,0,0,300.0,-26.575000245007686,-18.697974955113732,-69.44791656977031,-11.399999999999991,57,2,253,0,802abdb794868b44064a53da8c91a253c457241ce3bab7fa87298777eeb9e9de
73,dqn,817,random,heavy,38.672489082969435,111.5,29.52,82,139,-115.39303370552153,229,90,0,2,0,0,300.0,-27.67500033415854,-18.60345000478919,-57.51458336657379,-11.59999999999999,58,0,229,0,1e81a63a7ec4ff91033d324721fc6ecdc883aa158673ee3d508d88097636ed38
74,dqn,420,random,left_heavy,36.786941580756015,130.0,35.69166666666667,70,167,-169.47782541654968,291,124,43,50,0,0,300.0,-33.4609377165325,-33.43251251484688,-91.18437518517021,-11.399999999999991,57,3,334,43,b71803a1087882fcaf409081081a56bb7b6f61ed004799143c41e25c788d8a5b
75,dqn,288,random,ns_heavy,42.52988047808765,105.5,35.583333333333336,84,139,-136.14297085705408,251,112,0,2,0,0,300.0,-33.359375131549314,-27.475262501143877,-63.90833322436083,-11.399999999999991,57,0,251,0,129baab82e557e04b017b3a74556b60f3002da89832247f318798aa850d76975
76,dqn,88,random,left_heavy,39.22199170124481,162.0,31.511666666666667,64,148,-154.62672943590007,241,93,25,29,0,0,300.0,-29.542187774786726,-26.121000038746583,-87.56354162236676,-11.399999999999991,57,0,266,25,b11ba89cca25825aa4072334a7b64271fb7adf6774b2f617145738bae3644642
77,dqn,118,random,ew_heavy,35.41629955947136,101.5,26.798333333333332,58,149,-117.89774205872455,227,78,0,2,0,0,300.0,-25.123437844216824,-18.792012523944862,-62.38229169056285,-11.59999999999999,58,0,227,0,c4c81e093692d63ab4df0e55959781b1c97c98706fffe11d30fceebe98456f80
78,dqn,186,random,balanced,36.9030612244898,149.5,36.165,92,166,-143.4987710814348,294,128,0,2,0,0,300.0,-33.904687743866816,-20.679499984684664,-77.31458335288335,-11.59999999999999,58,3,294,0,537bc70cf66b225a15295c0ae796f794c2df44804e3cdb5fec58c920b55b125b
79,dqn,10,random,heavy,32.36407766990291,143.0,22.223333333333333,49,133,-129.033441898269,206,73,0,1,0,0,300.0,-20.834375178907067,-15.35114999238431,-81.24791672697756,-11.59999999999999,58,0,206,0,6279580c7e386b227ff967f883679f2a9b21c2eec6c468787b351b4dca22fe7c
80,dqn,552,random,balanced,34.16804979253112,89.0,27.45,77,150,-120.26064202920031,241,91,0,4,0,0,300.0,-25.695312845055014,-16.50178751137064,-67.06354167277459,-10.999999999999993,55,3,241,0,7516b7068c82f1ee1f401a3b4f978cbe14bb213c55206e3859f1d1953eb52977
81,dqn,611,random,low,35.986559139784944,189.5,22.313333333333333,51,134,-139.25875021638277,186,52,0,1,0,0,300.0,-20.918750163167715,-18.036874991351937,-88.5031250618631,-11.79999999999999,59,1,186,0,fdb49defc6d42cbc8abb2042b77d7b83fe97ed6d9e65eb434a1ea97235cccb5d
82,dqn,659,random,low,34.79317269076305,111.0,28.878333333333334,76,152,-128.9901002088277,249,97,0,2,0,0,300.0,-27.07343769655563,-16.351037501818055,-74.3656250104541,-11.199999999999992,56,0,249,0,c90522d4a7d2c6f89c67489e38c17062eecc6660c66e5770812fad65a59e80d5
83,dqn,679,random,left_heavy,28.607142857142858,120.0,12.02,34,92,-121.80239168096381,126,34,24,30,0,0,300.0,-11.268749939859845,-14.69197502008683,-84.4416667210171,-11.399999999999991,57,1,150,24,8da9a28253ea8377ab7e3782a50f72ccf79362b65bbec2973e612616dfdf68ae
84,dqn,27,random,balanced,15.9,79.0,7.95,23,136,-69.40739177874566,150,14,0,2,0,0,300.0,-7.453125190571882,-2.696975003688567,-47.85729158448521,-11.399999999999991,57,3,150,0,a9a05237e06fb7cb66d68183c611db1ccf094499796dc643e9bc16acce24fdeb
85,dqn,421,random,balanced,27.0640243902439,126.0,14.795,38,123,-95.61086680482912,164,41,0,2,0,0,300.0,-13.870312759303488,-7.636387487420146,-62.7041665581055,-11.399999999999991,57,1,164,0,6723b92e81733115583a69e705a27a821de3916b512008a3c1ac05bc5507f26e
86,dqn,943,random,left_heavy,40.20746887966805,172.5,32.305,70,159,-154.2071960659691,241,82,7,8,0,0,300.0,-30.28593782603275,-27.119174913968177,-85.60208332596812,-11.199999999999992,56,2,248,7,98eefc3993a016b9fdb6fd910f3b9bb39f576319e2ffe2407a5ff1e9a07ab8bf
87,dqn,550,random,low,35.08948863636363,92.0,41.17166666666667,98,187,-143.29221682002319,352,165,0,3,0,0,300.0,-38.59687521774322,-27.509925011182347,-65.7854165910976,-11.399999999999991,57,3,352,0,f661b6c7bd5af3949de1e6128f2f7a19958ba666b968fd18b00094fa9d753041
88,dqn,715,random,ew_heavy,29.41025641025641,135.0,15.293333333333333,43,113,-106.22670435179245,156,43,0,1,0,0,300.0,-14.337500187102705,-8.853787485954674,-71.63541667873506,-11.399999999999991,57,2,156,0,6cbfe9321f730df749bbe09d8839912e78dae2198f487d1162355d0b79a8442d
89,dqn,207,random,balanced,31.076470588235296,135.5,26.415,74,171,-140.85763354216687,255,84,0,2,0,0,300.0,-24.764062734670006,-14.853987505929403,-89.83958330156747,-11.399999999999991,57,1,255,0,8c03eeb155ed8fdf51b877ffe15244f207568615abf085b01bdcdb59c48db48d
90,dqn,723,random,heavy,23.15921787709497,76.5,13.818333333333333,39,140,-78.77645432800563,179,39,0,2,0,0,300.0,-12.954687710967846,-5.367600001213576,-49.054166615824215,-11.399999999999991,57,0,179,0,4abf4b44750d94c4486b109d33de84b328493aeccec99f5c6bf369cbbe4a7841
91,dqn,709,random,heavy,37.528169014084504,93.0,26.64666666666667,57,132,-114.54539169646372,213,81,0,2,0,0,300.0,-24.98125015059486,-16.566224970091564,-61.397916575777344,-11.59999999999999,58,1,213,0,d175ab3820c4f9a4ea683f098ea0c3b51c71400227b08411ab250c8fd5b47be3
92,dqn,989,random,heavy,34.257425742574256,164.0,23.066666666666666,43,138,-141.7884629266621,202,64,0,1,0,0,300.0,-21.625000351807103,-17.504087497531874,-91.25937507732306,-11.399999999999991,57,0,202,0,20d4edba93a9d558acc20daee0045000fc44e5ec869cbf5c0b7b0e454e71e5f4
93,dqn,18,random,low,37.873873873873876,122.0,28.026666666666667,66,129,-144.57748360058676,222,93,0,2,0,0,300.0,-26.27500013145618,-21.556649993778407,-85.34583347535226,-11.399999999999991,57,1,222,0,315cacc99785eb771aa3614df21b696f38eb706b497a3acae6a15bad25b9cf34
94,dqn,621,random,ns_heavy,23.142857142857142,132.5,14.581666666666667,34,141,-100.05744583402634,189,48,0,2,0,0,300.0,-13.670312563423067,-8.281924996416636,-66.70520827418659,-11.399999999999991,57,0,189,0,872e25e4c28c558670af0cbee059c4a8b3158ae5324adcfdc2d7c8549d113315
95,dqn,773,random,low,33.71456692913386,110.5,28.545,65,167,-128.1571501334438,254,87,0,2,0,0,300.0,-26.760937661863863,-22.021212455910423,-68.5750000156695,-10.799999999999994,54,2,254,0,df7200a9dac373bbcfc06f0594a303f5a021428f1ee15ca33c0395fea6150f43
96,dqn,493,random,low,40.82539682539682,151.5,34.29333333333334,90,141,-156.36712118911012,252,111,0,2,0,0,300.0,-32.150000280700624,-30.19941257848332,-82.61770832992624,-11.399999999999991,57,1,252,0,21a1f198d1364a32bf74a2aae45b67a44f3fdea38fe808d80fd769e7bef5dbcf
97,dqn,182,random,heavy,29.394472361809044,125.5,19.498333333333335,47,145,-123.02436682419784,199,54,0,1,0,0,300.0,-18.279687584843487,-11.353012501177728,-81.99166673817672,-11.399999999999991,57,1,199,0,986d11ffd694e2d94cf06e48fd0d6972873813b15fa6b2c1f9a5e39a5bda2a40
98,dqn,225,random,low,38.67372881355932,167.5,30.423333333333332,70,147,-148.7445418662894,236,89,0,3,0,0,300.0,-28.521875252132304,-24.57162497751778,-84.45104163663927,-11.199999999999992,56,0,236,0,9f7bb34fd285c1e657f3e36641e7d1a93919963549e882f08d811f7a04a4b578
99,dqn,359,random,ew_heavy,38.56890459363957,150.5,36.38333333333333,92,174,-171.01227101877305,283,109,0,2,0,0,300.0,-34.10937532281969,-26.778937464048777,-98.52395823190454,-11.59999999999999,58,0,283,0,32f061e1251b2821d66713c4b6b21654a1f844a6291771eb4a10ef561d5935c1
100,dqn,686,random,low,29.03846153846154,105.5,13.841666666666667,39,108,-84.59413770664908,143,35,0,1,0,0,300.0,-12.97656273492612,-6.070700011001463,-53.74687496072147,-11.79999999999999,59,0,143,0,722cede8ed78161b2108e950f8b41e8b1fe1c9c949e85301c4d9e3622da2b298
101,dqn,880,random,heavy,32.04736842105263,87.0,20.296666666666667,72,129,-97.19442511434102,190,61,0,3,0,0,300.0,-19.02812517178245,-12.406925001301719,-54.15937494125683,-11.59999999999999,58,2,190,0,db0fc386fe02295db2c15e3e94dd9f35cfb5b9977e3dd50b05264eec1323a411
102,dqn,700,random,ns_heavy,38.11648745519713,121.0,35.45,75,162,-155.91760020668525,279,117,3,9,0,0,300.0,-33.1468751108041,-26.848850009989835,-84.52187508589122,-11.399999999999991,57,2,282,3,f02480fb6796fb9a15a58968bdb1e4b9b032e885824f58b3c521bad874b23b26
103,dqn,433,random,ns_heavy,37.344398340248965,177.0,30.0,63,160,-151.84525449371276,241,81,0,2,0,0,300.0,-28.125000349828042,-20.891087503333985,-91.22916664055083,-11.59999999999999,58,2,241,0,967b6402e27918d1003add17432a4fa829f698da1d3d96c2b5a0342345eb25b6
104,dqn,953,random,low,35.987544483985765,169.5,33.708333333333336,88,171,-144.27089614242945,281,110,0,2,0,0,300.0,-31.601562818628736,-22.751625008635898,-78.51770831516478,-11.399999999999991,57,0,281,0,0c3c3415ab7e540b93b70640bb00b410f539c15a9828fcd55f3473c30875867d
105,dqn,353,random,balanced,39.86507936507937,100.5,33.486666666666665,82,134,-131.05792101634145,252,118,0,2,0,0,300.0,-31.39375036105048,-22.958962487717503,-65.10520816757344,-11.59999999999999,58,0,252,0,7fd7b8d36d121cebcbd8940c983bf5279888aaf66af132acd68e5a11607507ce
106,dqn,934,random,left_heavy,39.11504424778761,151.0,29.473333333333333,55,146,-162.68963764058938,226,80,2,6,0,0,300.0,-27.631250114063732,-26.686512488597522,-96.77187503792811,-11.59999999999999,58,3,228,2,91d672bfcece7cb5254962a5667d6dac82c4360b7c8d1558019dcd0328f86672
107,dqn,506,random,left_heavy,38.10840707964602,132.0,28.715,61,145,-141.3922961976896,226,81,44,48,0,0,300.0,-26.920312783913687,-21.33552499355792,-81.53645842021797,-11.59999999999999,58,0,270,44,5850549723d34e5e210f162f4f47e5c6aac5b788736e6f1a189debdc4b3b8979
108,dqn,492,random,low,32.075581395348834,138.0,27.586666666666666,59,168,-126.14372542071938,258,90,0,1,0,0,300.0,-25.86250034638215,-15.009349996455425,-73.67187507788185,-11.59999999999999,58,0,258,0,26b610045b0c86aae2732f1cff51f96273345dc7d556e1665e6ffcae32ef6049
109,dqn,884,random,ew_heavy,46.28397212543554,140.0,44.278333333333336,90,160,-177.25819611041152,287,127,0,2,0,0,300.0,-41.510937811108306,-36.21705002362654,-87.9302082756767,-11.59999999999999,58,1,287,0,0dab51862f3b4475719cdf8c0f7875cc7553adb15be8a640b2b9f22d1792a543
110,dqn,853,random,balanced,29.86842105263158,116.5,13.241666666666667,38,97,-105.78508345360096,133,36,0,1,0,0,300.0,-12.414062616531737,-9.906437511194241,-72.06458332587499,-11.399999999999991,57,2,133,0,312df65e0593a2a4d5e9a53d43fed692d50c8c032db4e3f34a0ba395734f2cd8
111,dqn,144,random,ns_heavy,15.89047619047619,80.0,5.5616666666666665,19,100,-60.53826256989195,105,5,0,1,0,0,300.0,-5.214062613085844,-1.567949997667893,-42.15624995913822,-11.59999999999999,58,0,105,0,57907eaa162bbb511688c8ee3d4cf617ee3c1b5f6fb7a893f50806d4d3aec66c
112,dqn,959,random,ns_heavy,39.739583333333336,144.5,38.15,91,157,-156.63981692417363,288,131,0,2,0,0,300.0,-35.76562519231811,-26.93565001605385,-82.1385417158017,-11.79999999999999,59,2,288,0,e86a526b3b04f54e585acefc9df10dd628637343249122a882796ed8cf8c0d39
113,dqn,158,random,ew_heavy,41.773809523809526,122.0,40.94,99,151,-156.24672093897325,294,143,0,3,0,0,300.0,-38.38125014794059,-29.38838746171167,-77.07708332932089,-11.399999999999991,57,1,294,0,00e3ecfd39e9c003313ce9466ef1b385366bcb0cc258df2a9b7e51e9816d6390
114,dqn,417,random,ns_heavy,31.064575645756456,126.0,28.061666666666667,54,162,-128.2482710904486,271,109,0,2,0,0,300.0,-26.3078127768822,-18.407125025037388,-71.93333328852896,-11.59999999999999,58,1,271,0,8d5267bd2139456f0c04a12fdacec5c93ccaad80a94930f231d21fd1af29c77a
115,dqn,591,random,balanced,26.33157894736842,128.5,16.676666666666666,37,138,-105.62987095944119,190,52,0,2,0,0,300.0,-15.63437515241094,-8.459037503390572,-69.73645830363967,-11.79999999999999,59,1,190,0,e84ee16807ff7b35ab28cb371015d08f8d4773b76a2d47e92baa58b30e7852b0
116,dqn,607,random,low,32.997854077253216,111.5,25.628333333333334,60,144,-134.46379587942934,233,89,0,2,0,0,300.0,-24.02656258130446,-17.66952498072496,-81.16770831739996,-11.59999999999999,58,1,233,0,1d73278c5e49081d296dfb2efbf2999a24520a7c0d5ff940cc282cc801fa9d49
117,dqn,826,random,low,27.424242424242426,126.5,15.083333333333334,34,126,-102.81005446119745,165,39,0,1,0,0,300.0,-14.140625238534994,-8.237137513566267,-69.03229170909617,-11.399999999999991,57,1,165,0,3ed4541d5361d92e4ef129a304d92ec56946d39da0129481cbd0535675d2032e
118,dqn,594,random,left_heavy,37.79545454545455,141.5,24.951666666666668,44,129,-128.1895586027887,198,69,24,28,0,0,300.0,-23.39218780642841,-19.59216248268568,-73.60520831367467,-11.59999999999999,58,3,222,24,c34de4432a582ccd4715db37a9da27baee6e7bc3a2968b493c862daaddf342c2
119,dqn,388,random,ew_heavy,34.270161290322584,90.0,28.33,83,148,-114.98207533144077,248,100,0,2,0,0,300.0,-26.559375355602242,-17.935200018097383,-58.68749995774124,-11.79999999999999,59,0,248,0,fdf9400b38ceb592768a0eca483fb60f71a2cdd6dab707ce826bd79071d3e3b4
120,dqn,481,random,left_heavy,35.36976744186047,144.0,25.35,50,150,-142.6675919865134,215,65,22,25,0,0,300.0,-23.765625287778676,-21.091550054831163,-86.61041664390359,-11.199999999999992,56,1,237,22,7531f6db3ddff49f695303af627f0cb41c358defa3e28d8ca807529551841c5a
121,dqn,894,random,ew_heavy,31.355648535564853,118.0,24.98,56,142,-121.42001670079112,239,97,0,2,0,0,300.0,-23.41875018714927,-16.12522499975094,-70.27604151389096,-11.59999999999999,58,0,239,0,ea4080d54d0b2007c5908d0cc9a071c307d8b2de0d15c0101d2d7b51bca71341
122,dqn,470,random,low,20.857142857142858,62.5,7.786666666666667,23,97,-59.45017098186726,112,15,0,2,0,0,300.0,-7.300000146962702,-2.9199625042798303,-37.43020833062474,-11.79999999999999,59,0,112,0,9eddc8a3400f077067ff2f698d67eaa8a3c2f16cbddc069f7d41f7e7b556de4f
123,dqn,675,random,left_heavy,37.09493670886076,153.0,29.31,57,157,-162.5478625765165,237,80,21,26,0,0,300.0,-27.47812522482127,-26.70098741462934,-96.76874993706588,-11.59999999999999,58,1,258,21,a999d18fc567f149eacf9e8a3eea389dab6fcb3fe1077856f88928690c1e5089
124,dqn,222,random,ew_heavy,43.09970238095238,151.5,48.27166666666667,98,168,-185.82313347669347,336,168,0,2,0,0,300.0,-45.25468774442561,-38.30386249943181,-90.66458323283587,-11.59999999999999,58,1,336,0,357630230a4ad5f2d25b2927f5ab249176609ef95734f359dcf32e784ffb9af7
125,dqn,11,random,balanced,29.107558139534884,112.5,16.688333333333333,42,129,-104.25772497408761,172,43,0,1,0,0,300.0,-15.64531261078082,-8.687412505729302,-68.3249998575775,-11.59999999999999,58,2,172,0,8b81aa5e93979d6487bff9e786dc2e11878edd86bf19b0e15e1de5063e5b17e3
126,dqn,188,random,ew_heavy,37.37755102040816,168.0,36.63,89,172,-148.75092557906675,294,122,0,3,0,0,300.0,-34.34062546072528,-22.297800036315312,-80.51250008202624,-11.59999999999999,58,1,294,0,cd5e1cf1aa4de7cd5fc938361d98febf02194717de52bf1b2d090f8d7577d587
127,dqn,41,random,left_heavy,40.27902621722846,188.5,35.85166666666667,88,147,-174.23787102403952,267,120,19,22,0,0,300.0,-33.61093774472829,-31.612349923540755,-97.41458335577045,-11.59999999999999,58,2,286,19,3ff86ecc65355b3fd986c570ea66b9dbf6bdcdbc1240e12a29baeeb3742ad7fb
128,dqn,309,random,left_heavy,38.9625468164794,121.0,34.68333333333333,78,141,-154.40244180442812,267,126,30,33,0,0,300.0,-32.51250014954712,-28.660774997706163,-81.82916665717494,-11.399999999999991,57,0,297,30,88339736b9ea1f5fa3f386b80ee16586d4a1c8c64218327abb682118630a3a28
129,dqn,237,random,heavy,29.375545851528383,108.5,22.423333333333332,62,149,-106.69490445459743,229,80,0,1,0,0,300.0,-21.02187530917581,-12.028237498165257,-62.44479164725635,-11.199999999999992,56,1,229,0,b0ae5468d26944b549a7302de4ac811d9ead94bea93ade8468e2ff9788f20acc
130,dqn,593,random,low,36.236577181208055,131.5,35.995,86,167,-152.45702925752707,298,131,0,3,0,0,300.0,-33.745312653132714,-27.576299949966785,-79.53541665442754,-11.59999999999999,58,0,298,0,5594f84589d71dac0c130c4b6919abc1a82f72418dbd05032751bd1a82c1b1d1
131,dqn,853,random,balanced,28.69172932330827,90.5,12.72,33,96,-89.53941257368056,133,37,0,1,0,0,300.0,-11.925000175484456,-8.089412517195885,-57.72499988100026,-11.79999999999999,59,1,133,0,312df65e0593a2a4d5e9a53d43fed692d50c8c032db4e3f34a0ba395734f2cd8
132,dqn,660,random,ew_heavy,30.988505747126435,133.0,26.96,68,156,-134.8958959950709,261,105,0,2,0,0,300.0,-25.27500024449546,-15.87818749343205,-82.34270825714339,-11.399999999999991,57,2,261,0,2ed79e64f524e5b7b8ab5f02f5934bd2a3de309d398f331ac9f1771fc1cdf4be
133,dqn,681,random,heavy,35.07651245551602,189.5,32.855,81,163,-164.5857126478352,281,118,0,2,0,0,300.0,-30.801562660606578,-23.43102499968518,-98.95312498754356,-11.399999999999991,57,2,281,0,7073a83ca3e81583365212ad77efc76705c7542c5913d63b0e2b373df35c2e36
134,dqn,820,random,left_heavy,39.09090909090909,144.0,32.96666666666667,69,145,-146.21119158573055,253,108,6,8,0,0,300.0,-30.906250013620593,-25.144524983247543,-78.76041658886243,-11.399999999999991,57,0,259,6,58729fb25cb5dbec7e672c7aa8124a38cee0b67ec6018e9763b9894cbe1a67f1
135,dqn,607,random,low,32.27467811158798,95.5,25.066666666666666,53,148,-118.0558543972038,233,85,0,2,0,0,300.0,-23.500000319443643,-16.561062521400896,-66.59479155635927,-11.399999999999991,57,1,233,0,1d73278c5e49081d296dfb2efbf2999a24520a7c0d5ff940cc282cc801fa9d49
136,dqn,287,random,low,37.022624434389144,148.5,27.273333333333333,63,136,-143.67320437367093,221,85,0,2,0,0,300.0,-25.56875023036264,-18.872162445108554,-87.8322916981997,-11.399999999999991,57,1,221,0,1e498703ed468e425a3fddc465a7c807aa95864943e952eb9cef5e7b2f38f21c
137,dqn,18,random,low,41.6981981981982,189.0,30.86,69,130,-169.5973081233024,222,92,0,2,0,0,300.0,-28.496874767006375,-30.710849993237943,-98.98958336305805,-11.399999999999991,57,2,222,0,315cacc99785eb771aa3614df21b696f38eb706b497a3acae6a15bad25b9cf34
138,dqn,516,random,ns_heavy,34.975124378109456,133.0,23.433333333333334,54,131,-137.11057108349993,201,70,0,2,0,0,300.0,-21.968750279629603,-15.16786250360674,-88.17395830026362,-11.79999999999999,59,1,201,0,717c12fd086b2f7f443d05aaa729d2641c49fbcc11c9a29868e5ee3174f9bb06
139,dqn,158,random,ew_heavy,36.34863945578231,151.5,35.62166666666667,103,144,-143.8456710445425,294,150,0,2,0,0,300.0,-33.39531268225983,-23.223275052705866,-75.62708330957685,-11.59999999999999,58,1,294,0,00e3ecfd39e9c003313ce9466ef1b385366bcb0cc258df2a9b7e51e9816d6390
140,dqn,454,random,ew_heavy,18.834558823529413,74.0,8.538333333333334,24,119,-65.32154597514165,136,17,0,1,0,0,300.0,-8.00468767946586,-3.4022749929674325,-42.31458330270834,-11.59999999999999,58,0,136,0,74cdfe1838081f107205170958ddc5096c9d450a1d4cdacea05845016a6e5287
141,dqn,271,random,low,31.27777777777778,160.0,25.335,51,159,-142.19419187710596,243,84,0,2,0,0,300.0,-23.751562723191455,-17.341587493992126,-89.70104165992234,-11.399999999999991,57,1,243,0,e3ee40347871f73ec5b88146877b9689ecc977dbdd8fc0e9a01f347929857420
142,dqn,171,random,heavy,37.07761732851986,147.0,34.235,70,171,-144.12689180158628,277,106,0,2,0,0,300.0,-32.09531279921066,-22.439912466878006,-77.99166653549764,-11.59999999999999,58,3,277,0,1694d89ea256bf0fb432bc9511553c4591e9149dd5a9d231952a6ed3dd901797
143,dqn,895,random,left_heavy,30.564,100.5,25.47,59,144,-120.40309593294437,250,106,8,13,0,0,300.0,-23.878125211922452,-16.86038751179513,-68.06458320922684,-11.59999999999999,58,0,258,8,7c62d920ff8d88710b3138d1e6e26f4e3a7ed85309547d1fc56f0d87ecfaa114
144,dqn,982,random,left_heavy,30.638671875,105.5,26.148333333333333,63,152,-123.87713351854322,256,104,14,19,0,0,300.0,-24.5140626442153,-18.742237491362907,-69.02083338296507,-11.59999999999999,58,3,270,14,0600f734891fcd12257e7f2a96632317f78b548f1ae608b7d9f82325d53f1cb1
145,dqn,121,random,ns_heavy,34.075630252100844,123.5,27.033333333333335,60,162,-124.47220450044911,238,76,0,2,0,0,300.0,-25.343750293948688,-15.633662459406333,-71.89479174709413,-11.59999999999999,58,0,238,0,f26fa7cfb1c42991097d38025df60a345066782c83fdd5131c0158a8cea4c60e
146,dqn,336,random,ew_heavy,26.879781420765028,109.0,16.39666666666667,41,128,-101.48092098531849,183,55,0,2,0,0,300.0,-15.371875140699558,-9.225712499651854,-65.2833333449671,-11.59999999999999,58,0,183,0,51ec75921cc8c2e796542075e50c03c39467b8e9ac72a4316b41eaa6e3823fd3
147,dqn,762,random,ew_heavy,23.298342541436465,106.5,14.056666666666667,31,142,-86.0674251698307,181,39,0,2,0,0,300.0,-13.178125205799006,-5.526800002728124,-55.76249996130355,-11.59999999999999,58,2,181,0,d2c486090fb6139f92af8623c33f36410ba043d3a3eb9b0f0f3e876e3b6d60d4
148,dqn,691,random,ns_heavy,30.82777777777778,188.5,18.496666666666666,42,139,-136.7260250951797,180,41,0,1,0,0,300.0,-17.340625150711276,-15.77289995352548,-92.21249999094289,-11.399999999999991,57,1,180,0,6e2e953eedaf9c14cf4c26ab73e223c0553ee3541cc291720aa2b4cd5c8e337e
149,dqn,587,random,low,29.0375,114.5,23.231666666666666,57,137,-121.08160020788637,240,103,0,2,0,0,300.0,-21.779687667731196,-14.798787491889376,-72.90312504826579,-11.59999999999999,58,1,240,0,d1f7065b1bfbf0e8bec30c1566e402ed7431a4a9686a28b5fd5e706b16615225
150,dqn,692,random,left_heavy,31.235023041474655,109.5,22.6,46,158,-114.85397942686758,217,59,24,26,0,0,300.0,-21.187500243191607,-13.3529374982354,-68.91354168544058,-11.399999999999991,57,0,241,24,e37c63fab631e088496002e258c7891c9491d004e710b06de2a1976dab80104b
151,dqn,344,random,ns_heavy,40.89057239057239,125.5,40.48166666666667,96,158,-158.93875832714687,297,139,0,3,0,0,300.0,-37.92187516554259,-29.30542497903662,-80.11145818256773,-11.59999999999999,58,0,297,0,a2bd168242605747b22fe5ee06cf71c94a7e31639b4072effb9ec28b84ec71a5
152,dqn,771,random,left_heavy,28.66755319148936,154.0,17.965,40,136,-122.44257110753456,188,52,0,3,0,0,300.0,-16.842187702772208,-11.757675003915937,-82.64270840084646,-11.199999999999992,56,0,188,0,e00912487cd57d27215a1b34bfbe7cefbbc681a73edf02a490521a7446a0c3d6
153,dqn,973,random,ns_heavy,26.756983240223462,113.5,15.965,41,134,-93.26454178405912,179,45,0,1,0,0,300.0,-14.967187638860196,-9.118187485812088,-57.57916665938683,-11.59999999999999,58,0,179,0,6b170c37addbd337fa90e669cedaad91e4a221756d921c59f102ca2b7d3912d7
154,dqn,834,random,low,33.666666666666664,127.5,22.55666666666667,52,137,-118.42205871963597,201,64,0,2,0,0,300.0,-21.14687530172523,-11.98560000323414,-74.2895834146766,-10.999999999999993,55,2,201,0,69f64d67314e690ff454853f6f58344c139b5117072dacd8eacf1d08c18694a8
155,dqn,78,random,heavy,35.66896551724138,167.0,34.48,85,166,-147.83773374028183,290,124,0,3,0,0,300.0,-32.32343777944334,-25.949712540061597,-77.96458342077676,-11.59999999999999,58,1,290,0,3bcef3853123bf2b709c182b0f9c1accfbe4be9874d083ba04317cea7cbd9cb8
156,dqn,947,random,balanced,31.3876404494382,135.5,27.935,69,171,-126.30386687716164,267,96,0,2,0,0,300.0,-26.189062721678056,-16.25126250813409,-72.26354164734948,-11.59999999999999,58,2,267,0,46f9ece1e808445f0e18151a4ceba80ce551c6d0750b851f9ba7d306adfaa295
157,dqn,417,random,ns_heavy,36.30442804428044,129.0,32.795,68,148,-135.67103362307313,271,123,0,2,0,0,300.0,-30.745312714600004,-21.773637530676936,-71.75208337779623,-11.399999999999991,57,0,271,0,8d5267bd2139456f0c04a12fdacec5c93ccaad80a94930f231d21fd1af29c77a
158,dqn,321,random,ew_heavy,40.18881118881119,153.0,38.31333333333333,85,162,-164.23503363335982,286,124,0,2,0,0,300.0,-35.91875030542724,-27.26732503009043,-89.44895829784218,-11.59999999999999,58,0,286,0,899b23a9de6be635b1a886fb88ad572408afc8a7b3988e8b1422e5a352a267b1
159,dqn,994,random,low,25.836111111111112,133.0,15.501666666666667,42,138,-96.65931676341059,180,42,0,1,0,0,300.0,-14.532812661142088,-8.109837495245301,-62.41666660702322,-11.59999999999999,58,0,180,0,ece9842b4416f96850998424b0db49f1914b9be0033e20329f8ca94e73034aa1
160,dqn,669,random,low,30.73409090909091,118.5,22.538333333333334,48,134,-120.68818762861925,220,86,0,3,0,0,300.0,-21.129687634762377,-15.617875013507724,-72.5406249803491,-11.399999999999991,57,2,220,0,af1e9de03c101603207270283f3c1db9ff86b9fce20bfa66d3b868b5f106d519
161,dqn,872,random,low,29.687898089171973,126.5,15.536666666666667,40,104,-115.90007508750783,157,53,0,2,0,0,300.0,-14.565625164657831,-9.890700006086988,-79.84374991676304,-11.59999999999999,58,0,157,0,8a96aece1431875e4d66a9d1725954e6e6d952e9838859dc103c7465413e3404
162,dqn,317,random,ns_heavy,33.243362831858406,129.5,25.043333333333333,54,142,-130.3268336638452,226,84,0,3,0,0,300.0,-23.47812528454233,-15.96537498683829,-79.28333339246456,-11.59999999999999,58,1,226,0,cbe217d339231af89af1a775b5fe05fcbe921f7e17f5c2e09fdc68c8e22ee96f
163,dqn,359,random,ew_heavy,36.95406360424028,181.0,34.86,82,178,-153.59759608565284,283,105,0,2,0,0,300.0,-32.68125031760428,-25.2892625324188,-84.22708323562983,-11.399999999999991,57,1,283,0,32f061e1251b2821d66713c4b6b21654a1f844a6291771eb4a10ef561d5935c1
164,dqn,298,random,ew_heavy,35.86363636363637,122.0,30.245,75,172,-131.0923294589498,253,81,0,1,0,0,300.0,-28.354687782004476,-19.255350029689005,-71.88229164725635,-11.59999999999999,58,1,253,0,be4ec60c415ff732ba53ddb9984258f31dcd2902fce492286ce7e4138ed0a322
165,dqn,724,random,ns_heavy,40.66984126984127,188.5,42.70333333333333,91,170,-174.9805086176995,315,145,0,3,0,0,300.0,-40.03437526768539,-31.294050022905125,-92.452083327109,-11.199999999999992,56,1,315,0,dfb8bbd2600faca8a19da53063977a42de571877015e02d49e43712ae195e145
166,dqn,793,random,left_heavy,37.16375545851528,130.5,28.373333333333335,65,123,-143.12296272733658,229,106,30,33,0,0,300.0,-26.600000260281377,-23.49796253778914,-81.42499992926605,-11.59999999999999,58,1,259,30,499e1729ad711a6518186e39b3ba80ef46ef02099547306eb929ff347690c076
167,dqn,751,random,low,24.318471337579616,67.0,12.726666666666667,31,126,-70.73954181486992,157,31,0,1,0,0,300.0,-11.931250231456943,-4.447874999486522,-42.96041658392642,-11.399999999999991,57,0,157,0,7e286f9e2eaae60a2f33671fe09a55d143de77142360fd1454b9728c78eb6246
168,dqn,750,random,left_heavy,29.21846846846847,85.0,21.625,65,124,-99.57038764921084,222,98,17,22,0,0,300.0,-20.273437558556907,-12.71257499284183,-55.38437509781215,-11.199999999999992,56,2,239,17,1b64a012e291a9b411b497fbb83478547303b51cccd498c331266008cbd14cfa
169,dqn,581,random,balanced,36.35308056872038,134.5,25.56833333333333,61,128,-132.31289189356042,211,83,0,2,0,0,300.0,-23.97031277406495,-18.26341247743111,-78.47916664206423,-11.59999999999999,58,0,211,0,0d9eb3e6d78c0569ba18562f1a5115f9086bd9f1828722d9503d83d7a1108302
170,dqn,732,random,balanced,36.09230769230769,121.5,23.46,51,122,-124.27488770127896,195,73,0,2,0,0,300.0,-21.993750113644637,-16.203012486189987,-74.87812510144431,-11.199999999999992,56,1,195,0,870002afedfe01785bba24bf53e8ec1c1e8793ca7c50c1e6295716efade2d3b4
171,dqn,124,random,low,37.54447852760736,109.0,40.803333333333335,90,165,-155.6662254055999,326,161,0,7,0,0,300.0,-38.25312549248338,-28.33184997549178,-77.68124993762467,-11.399999999999991,57,0,326,0,3b3049cdb02bf9de65995f2d5fae9226452e365e241bcef2f381434543ed3486
172,dqn,123,random,balanced,19.04954954954955,60.0,7.048333333333333,21,100,-53.732591788625705,111,11,0,1,0,0,300.0,-6.607812653062865,-2.0862374970609388,-33.63854163850192,-11.399999999999991,57,0,111,0,74a76abc2d6a01ae3d3b512783dfefc6cb6aacccd51deade644c6b990ea6c72c
173,dqn,775,random,low,26.728855721393035,91.5,17.908333333333335,43,152,-98.62565437651428,201,49,0,1,0,0,300.0,-16.789062786498107,-7.710549984855606,-62.52604160516057,-11.59999999999999,58,0,201,0,fda729e9d350a3e1cb91c3eb6c70494f06bd9f505a6e1bce176f9d607838d3d4
174,dqn,968,random,ew_heavy,26.824786324786324,81.5,20.923333333333332,50,156,-90.08993354270577,234,78,0,1,0,0,300.0,-19.615625279257074,-9.819099981345788,-49.45520828210283,-11.199999999999992,56,0,234,0,949a492d2d25197834713041ce2c0e9f66ccb4d0514bb39bb6dc94cbcbe5a88e
175,dqn,47,random,balanced,36.86480686695279,179.0,28.631666666666668,62,140,-147.43001263122488,233,93,0,2,0,0,300.0,-26.842187592410482,-20.665950031340614,-88.32187500747386,-11.59999999999999,58,0,233,0,824f131c309db372367b988dd4a34730bd750bd18a7aea18ed592bb1d699827b
176,dqn,629,random,heavy,34.696969696969695,122.0,26.716666666666665,56,151,-121.27227518825028,231,80,0,2,0,0,300.0,-25.04687515029218,-15.07852503327812,-69.9468750046799,-11.199999999999992,56,0,231,0,b467adc868c3a39bf49f5bbc731a7bfe49f0f95f62461b22a5779a1eb57903c1
177,dqn,673,random,low,25.964285714285715,72.5,18.175,52,150,-81.46574181967229,210,60,0,2,0,0,300.0,-17.039062713622116,-8.481887504335463,-44.54479160171468,-11.399999999999991,57,0,210,0,eef8d318c687b8b56ed2f7a24273306fea342f6393aed40644a9028a1a005c37
178,dqn,465,random,ns_heavy,32.35087719298246,96.0,18.44,41,128,-100.61382114668595,171,43,0,1,0,0,300.0,-17.287500270293094,-10.246112512939,-61.68020836345386,-11.399999999999991,57,1,171,0,071ce8d8b764837e42942758684fc4f62d7fec87702be585d690e0e77d49daea
179,dqn,334,random,left_heavy,23.10759493670886,125.0,12.176666666666666,26,111,-93.12345437839244,158,47,6,13,0,0,300.0,-11.4156252957182,-8.122412504917879,-62.585416577756405,-10.999999999999993,55,1,164,6,0757a415babd1282529f37f100ee6921b201bcd243fb2a5a4741fca2f4bf1c31
180,dqn,913,random,ns_heavy,27.174285714285713,95.0,15.851666666666667,45,131,-93.3413167298095,175,44,0,3,0,0,300.0,-14.860937724006362,-8.798087504205615,-58.4822915015975,-11.199999999999992,56,0,175,0,5792f899b6108202efd649742458ff84a92fae38378ca65d99344d8fb7ff3a28
181,dqn,937,random,heavy,34.291666666666664,113.0,24.69,56,135,-114.96382936323127,216,81,0,2,0,0,300.0,-23.146875310572796,-16.040912471153568,-64.37604158150498,-11.399999999999991,57,1,216,0,9f83fc750643fcedf331b693d3e4b7bab0173f3668a1ba6c123ed941dbee0a59
182,dqn,112,random,ns_heavy,27.928934010152282,83.5,18.34,51,135,-87.7354668396991,197,62,0,1,0,0,300.0,-17.1937501761131,-8.581300007365646,-50.96041665622033,-10.999999999999993,55,1,197,0,ed97b032e09c88ab3b9ca4ce2b20e98d1e15261f0f8ca341fb70f1254038e104
183,dqn,948,random,left_heavy,20.762820512820515,85.0,10.801666666666666,22,112,-82.96252108631377,156,44,11,15,0,0,300.0,-10.1265627250541,-5.821375004464787,-56.0145833567949,-10.999999999999993,55,1,167,11,6bddc68af6004c6f92bd2e67d06c542a52ee9edbe74da0d705266555a008a56f
184,dqn,302,random,heavy,28.445454545454545,104.0,26.085,61,164,-114.61307103130461,275,111,11,22,0,0,300.0,-24.454687822028063,-15.634425000655025,-63.52395820862148,-10.999999999999993,55,0,286,11,eec14e17fbbb1505206471291bfa0319e0b1832dae3cc63d76c5209d79589ed5
185,dqn,145,random,left_heavy,35.21160409556314,132.5,34.395,70,164,-147.74961697275,293,129,16,20,0,0,300.0,-32.24531283718534,-26.28451247021729,-77.6197916653473,-11.59999999999999,58,1,309,16,80624511d23829673732f6c586c2d660574044671831d618cb0411ec2ad546a3
186,dqn,144,random,ns_heavy,13.342857142857143,57.0,4.67,19,101,-42.183954254304275,105,4,0,1,0,0,300.0,-4.378125081770122,-1.0610375006675898,-25.74479167186655,-10.999999999999993,55,0,105,0,57907eaa162bbb511688c8ee3d4cf617ee3c1b5f6fb7a893f50806d4d3aec66c
187,dqn,430,random,balanced,36.88586956521739,137.0,33.935,84,144,-143.88987122888426,276,132,0,2,0,0,300.0,-31.596875307150185,-24.71591251990976,-76.17708340182435,-11.399999999999991,57,0,276,0,4eb5dde2aa37490fe197326854941b580f997feda81622c6997cc3e8fe1aff00
188,dqn,328,random,ns_heavy,37.391304347826086,156.5,37.266666666666666,80,164,-155.0681710824495,299,135,0,2,0,0,300.0,-34.937500263913535,-26.778587519715785,-81.95208329882007,-11.399999999999991,57,1,299,0,c28eb849948a56d3d45ebd5970b8c4f31dce05ccc305ff7f629d7a8facc04be3
189,dqn,893,random,left_heavy,44.282758620689656,157.0,42.81666666666667,78,164,-176.27736278914324,290,126,23,29,0,0,300.0,-40.14062532316893,-35.90548749216757,-89.03124997380655,-11.199999999999992,56,1,313,23,ff0fb960405531796ec9661f36f6009064aaca20cda10289c8d6894b15f70efe
190,dqn,787,random,heavy,27.39917695473251,139.5,22.19333333333333,47,187,-115.43523362574122,243,56,0,2,0,0,300.0,-20.806250303518027,-11.280025009293604,-72.14895831292961,-11.199999999999992,56,0,243,0,9f9fa368eff6808cd434e9a744e0f28ceb0716deda49b6c1ae9bc78d43ae8c25
191,dqn,861,random,low,28.35377358490566,122.5,20.036666666666665,63,134,-97.07193768583673,212,78,0,2,0,0,300.0,-18.784375258954242,-9.971937481970237,-57.11562494491227,-11.199999999999992,56,0,212,0,ba3a491e4b9d01baff600c19f2d9af235b65ee870a6a93a360a3b98d292725b0
192,dqn,150,random,left_heavy,33.58188153310105,132.5,32.12833333333333,66,162,-141.87233387052328,287,125,9,14,0,0,300.0,-30.120312929386273,-21.374937545878506,-79.37708339525852,-10.999999999999993,55,1,296,9,9d17157e71213d5a818479d06a5453c56f8a15cbe0740ae7797064c166564464
193,dqn,414,random,low,38.010416666666664,115.0,30.41,67,157,-133.2443795665407,240,83,0,1,0,0,300.0,-28.50937529548537,-18.07771252442689,-75.45729174662847,-11.199999999999992,56,2,240,0,0004349dbbe924529ae4ea98c0c0632dee99bb1865a5fac6a3d177602e3533a8
194,dqn,762,random,ew_heavy,24.39779005524862,90.5,14.72,37,140,-87.88637529947377,181,41,0,2,0,0,300.0,-13.800000254414044,-6.148874999774126,-56.93750004528556,-10.999999999999993,55,1,181,0,d2c486090fb6139f92af8623c33f36410ba043d3a3eb9b0f0f3e876e3b6d60d4
195,dqn,42,random,balanced,30.97566371681416,131.0,23.335,57,158,-126.44369617795603,226,68,0,1,0,0,300.0,-21.876562770456076,-12.952549983742946,-80.414583423757,-11.199999999999992,56,0,226,0,c59b4cda74a9ff082421aa4a6602efc18f2acf4344a7f7ee1201dbd18b21addf
196,dqn,599,random,low,34.953125,123.0,33.555,100,186,-136.53717101922737,288,102,0,2,0,0,300.0,-31.45781267399434,-19.802275003618703,-74.27708334161434,-10.999999999999993,55,0,288,0,98db2c5f065a8c39fdb27fe79f003805a6ebf04c5ac4c93f7bbc4731d248004c
197,dqn,137,random,ew_heavy,25.125641025641027,92.0,16.331666666666667,47,157,-86.46666688861802,195,38,0,1,0,0,300.0,-15.310937744216062,-6.814062509066569,-52.94166663533542,-11.399999999999991,57,0,195,0,700e203f244737cef7e4e1da13c1e0d345111c8466269382f22836cadf5cfd94
198,dqn,330,random,left_heavy,53.83278145695364,158.0,54.196666666666665,104,150,-192.80952526830424,302,152,26,30,0,0,300.0,-50.75468785723206,-43.51733747472744,-87.3374999363441,-11.199999999999992,56,0,328,26,6957e43172dda788521429215769e45b2de9e989bb5e0f3843b7b1ed6cffa4bd
199,dqn,94,random,balanced,30.051111111111112,108.0,22.538333333333334,55,155,-109.28318786604143,225,70,0,2,0,0,300.0,-21.129687845008448,-11.947250009647545,-65.00625001138542,-11.199999999999992,56,0,225,0,c9db06e389f6b7e210048ae9a452eba2282a4abab795ec80a5eb5a302040e544
200,dqn,850,random,ew_heavy,28.827102803738317,93.0,20.563333333333333,61,146,-93.08225435592831,214,68,0,2,0,0,300.0,-19.253125161863863,-10.29058750061449,-52.13854169344995,-11.399999999999991,57,0,214,0,9bc7cfc78f91e39cc52e10373d42421ce4985b24f5a29b20b87ce488ac301912
201,dqn,503,random,ns_heavy,28.76068376068376,101.0,22.433333333333334,57,159,-101.91602107422436,234,75,0,2,0,0,300.0,-21.031250296742655,-12.176437509535036,-57.70833326794673,-10.999999999999993,55,1,234,0,c1fadd30b585ce4075fc979ed1d3210bd7934d56727527284d6e1f9203ede203
202,dqn,43,random,left_heavy,44.12017167381974,145.0,34.27166666666667,73,130,-168.95720027343862,233,103,8,10,0,0,300.0,-32.12968764489051,-27.211887515834682,-98.41562511271331,-11.199999999999992,56,0,241,8,a88a78010f1855cb196fb49c2f38ef4a64f9ada54d39be44382ee5baa87686db
203,dqn,410,random,ew_heavy,34.40033783783784,153.5,33.94166666666667,82,168,-136.37115031924404,296,128,0,2,0,0,300.0,-31.82031276728958,-21.175837528042777,-72.1750000239117,-11.199999999999992,56,1,296,0,91ec5e36ad57f0d1919d69b137371a063d3bb76fa94bee87c787ff77988c7925
204,dqn,244,random,low,33.677595628415304,98.5,20.543333333333333,48,133,-109.69296295427708,183,50,0,1,0,0,300.0,-19.259375388734043,-11.727337481886934,-67.10625008365605,-11.59999999999999,58,0,183,0,909accbb8fa105debf33b3bd10000710d57612de82a6abf05b3af750b334bb6a
205,dqn,571,random,low,29.105392156862745,80.0,19.791666666666668,52,141,-89.49347520296506,204,63,0,2,0,0,300.0,-18.554687748895958,-8.629412507876255,-50.70937494619284,-11.59999999999999,58,0,204,0,e0542ac0898f128937ff393e88f79352dc0cd44c6d9aabad0f54a8577c43ccc7
206,dqn,501,random,low,38.86,161.5,35.62166666666667,75,163,-156.34891707697096,275,112,1,5,0,0,300.0,-33.395312846289016,-25.29006251690588,-86.46354171377607,-11.199999999999992,56,0,276,1,9b09a09af66ce7f00b3e7b842532b577f76592765f95608b3ed138deb2440eb1
207,dqn,725,random,balanced,36.75111111111111,122.5,27.563333333333333,59,137,-128.95155861076555,225,88,0,2,0,0,300.0,-25.840625270386226,-18.627600005098074,-72.88333333528135,-11.59999999999999,58,0,225,0,20008adf1cef00009d5db0f41df8173a79f997d0212a2e7ddc97b15016e5156a
208,dqn,401,random,ew_heavy,28.851464435146443,104.0,22.985,62,170,-107.95200830044776,239,69,0,2,0,0,300.0,-21.548437630874105,-11.448362472849839,-64.15520819672383,-10.799999999999994,54,1,239,0,6484a516f5fb9d85b9df0ec9b8c93bc6d465dc5b65be19b597c32b52f1f814c5
209,dqn,923,random,heavy,35.234432234432234,121.5,32.06333333333333,67,166,-135.73347111012188,273,107,0,2,0,0,300.0,-30.059375245356932,-22.4876375291111,-71.98645833565388,-11.199999999999992,56,0,273,0,4da4d59cbaa37e027cee3dd471560c0f2778c583db1a4f675e4a44a164b71166
210,dqn,385,random,low,33.224489795918366,118.5,32.56333333333333,68,169,-146.45797101037962,294,125,0,2,0,0,300.0,-30.52812522999011,-23.196512480871032,-81.73333329951856,-10.999999999999993,55,1,294,0,0b8925119d2c6fccbc76f3474ec3d26d59ce5b4597b767803c16e29f97012a87
211,dqn,410,random,ew_heavy,39.579391891891895,112.5,39.05166666666667,106,149,-144.51339619901327,296,147,0,2,0,0,300.0,-36.59531298314687,-26.162874972227275,-70.15520824363921,-11.59999999999999,58,1,296,0,91ec5e36ad57f0d1919d69b137371a063d3bb76fa94bee87c787ff77988c7925
212,dqn,998,random,heavy,28.77386934673367,112.0,19.086666666666666,48,142,-101.54979198637959,199,57,0,1,0,0,300.0,-17.89375032496173,-10.955000016769192,-61.30104164464865,-11.399999999999991,57,1,199,0,63c1158b4831700f368d5d17eac311c916ece9477005980e8adaa5d0505e5a7f
213,dqn,985,random,left_heavy,27.717261904761905,143.0,15.525,38,115,-114.77148370816064,168,53,21,24,0,0,300.0,-14.554687779396772,-9.62721249532114,-80.18958343344275,-10.399999999999995,52,1,189,21,954ad4d10681985dbac012d02c39887c476d5517871b93d4616f5acd23c02d78
214,dqn,550,random,low,32.72443181818182,114.0,38.39833333333333,85,168,-132.63302100982108,352,184,0,3,0,0,300.0,-35.998437786940485,-25.054374981080777,-60.180208241799846,-11.399999999999991,57,0,352,0,f661b6c7bd5af3949de1e6128f2f7a19958ba666b968fd18b00094fa9d753041
215,dqn,148,random,balanced,33.825630252100844,104.0,26.835,60,164,-114.3357294319335,238,74,0,1,0,0,300.0,-25.15781289327424,-15.339374990495699,-62.63854154816363,-11.199999999999992,56,0,238,0,c7c282b923a371314d119956770922f3bf09aeabf5f788ce7b2f6677b27ee084
216,dqn,662,random,ew_heavy,32.84324324324324,97.5,20.253333333333334,44,135,-94.94780450491677,185,50,0,1,0,0,300.0,-18.987500267103314,-11.343637516400491,-53.61666672141291,-10.999999999999993,55,0,185,0,20d27d2d394a1656e81171e26e81613738a8e83f13b973f3ee244f9b5ac91a17
217,dqn,718,random,heavy,34.92916666666667,102.5,27.94333333333333,65,158,-113.53681694152117,240,82,0,2,0,0,300.0,-26.19687523995526,-14.507650001643203,-61.432291699922644,-11.399999999999991,57,0,240,0,ed5ad31308ecb6367826ed794a2da0e59bd62f273071ae85fb9c8c6a533811ae
218,dqn,456,random,ew_heavy,24.73093220338983,107.5,19.455,40,194,-102.9143504016873,236,42,0,1,0,0,300.0,-18.23906280042138,-10.072162474536169,-64.40312512672972,-10.199999999999996,51,0,236,0,b3154a9f05fcce7c260e686175ff3a4c3612643a0d92abc89f063af21876ed2c
219,dqn,160,random,balanced,28.383474576271187,108.0,22.328333333333333,48,172,-107.35897939465141,236,64,0,2,0,0,300.0,-20.932812779909,-10.787625009023033,-64.43854160571937,-11.199999999999992,56,0,236,0,51e3bd85434342ab1179601518c8b42cc512ff84b9ca7df5668244de04e5dc70
220,dqn,199,random,ew_heavy,19.89329268292683,62.0,10.875,25,127,-64.7030877140329,164,37,0,1,0,0,300.0,-10.195312735857442,-4.076524998827518,-39.23124997934792,-11.199999999999992,56,0,164,0,98a58f09c6027321d14224f2df488058fe7c6afd1319358dd798446bdfff4a8e
221,dqn,351,random,left_heavy,35.33168316831683,131.0,23.793333333333333,66,134,-123.2173708670416,202,68,30,33,0,0,300.0,-22.306250149849802,-16.049662491992784,-73.26145822519902,-11.59999999999999,58,0,232,30,a56b9c1f65e1d738b0cf2f76f38a1a395a1d88d9f72390e8305b7dd08d1c33fb
222,dqn,105,random,ns_heavy,41.266260162601625,148.0,33.83833333333333,69,151,-147.97895433941085,246,95,0,2,0,0,300.0,-31.72343769611325,-24.754475028823805,-80.9010416144738,-10.599999999999994,53,0,246,0,cdc957e8c82630178e75c8996120b84f788c99b8d09805a5bfb1ccd2f94d9463
223,dqn,692,random,left_heavy,36.640845070422536,136.5,26.018333333333334,52,153,-141.75071301508942,213,60,28,30,0,0,300.0,-24.392187870689668,-18.65540002758863,-88.50312511681113,-10.199999999999996,51,1,241,28,e37c63fab631e088496002e258c7891c9491d004e710b06de2a1976dab80104b
224,dqn,756,random,left_heavy,37.140845070422536,124.0,26.38,54,136,-137.61971691790907,213,77,17,21,0,0,300.0,-24.731250252923928,-20.296800002827517,-80.99166666215751,-11.59999999999999,58,0,230,17,4a60153406993c7cc8db253f22686c037cdb3081ef8a59eac1f3d624a19bdeb2
225,dqn,981,random,left_heavy,28.73876404494382,89.0,17.06,42,117,-96.47405007489216,178,61,13,17,0,0,300.0,-15.993750203633681,-10.617799977405957,-59.46249989385251,-10.399999999999995,52,2,191,13,6798af32a234420cbb9ebec20d1ada5ede8ec844dda82686185023b836b53de5
226,dqn,724,random,ns_heavy,41.41428571428571,181.5,43.486666666666665,85,167,-171.11720439268242,315,148,0,3,0,0,300.0,-40.768750203656964,-30.831787531291774,-88.11666665773373,-11.399999999999991,57,0,315,0,dfb8bbd2600faca8a19da53063977a42de571877015e02d49e43712ae195e145
227,dqn,987,random,balanced,24.058536585365854,74.5,16.44,43,149,-76.94606686668196,205,56,0,1,0,0,300.0,-15.41250026365742,-7.635649998911683,-42.697916604112834,-11.199999999999992,56,0,205,0,f334b2bf86f849827a07f242d1be8ba5ce46ba6c098d9d3c64e03b2faaa67c94
228,dqn,992,random,balanced,39.02405498281787,121.0,37.85333333333333,88,156,-141.2403293973802,291,135,0,2,0,0,300.0,-35.31718765234109,-26.40647504141452,-68.51666670362465,-10.999999999999993,55,0,291,0,c6fe6cbba1f02b8cc77e0608ed223a6dc598b375fa8d66bfb3469be8a291c1f1
229,dqn,982,random,left_heavy,36.747081712062254,126.0,31.486666666666668,74,135,-137.80147943117916,257,122,13,19,0,0,300.0,-29.518750132992864,-22.041062494095243,-74.64166680409107,-11.59999999999999,58,0,270,13,0600f734891fcd12257e7f2a96632317f78b548f1ae608b7d9f82325d53f1cb1
230,dqn,252,random,low,34.072052401746724,113.0,26.008333333333333,63,154,-127.7994545389396,229,75,0,2,0,0,300.0,-24.382812709198333,-16.18434999668607,-75.6322918330552,-11.59999999999999,58,0,229,0,94df5b4fc460b705fe437a07af4710a8f8e54c0aa03ce370f2fb70aa497ed0f8
231,dqn,566,random,left_heavy,36.46268656716418,111.5,24.43166666666667,48,124,-129.94238760409283,201,77,11,15,0,0,300.0,-22.904687633155845,-17.750199980413168,-77.88749999052379,-11.399999999999991,57,0,212,11,98caf007411bf315a5073ef51e3fd29f044aa1f1bf04f59d2113b6f179de05bf
232,dqn,394,random,ns_heavy,29.213942307692307,103.0,20.255,46,149,-107.26963757852796,208,59,0,1,0,0,300.0,-18.989062620094046,-12.124325005884755,-64.95624995254911,-11.199999999999992,56,0,208,0,1f0cdc58ed75af60df89a22b90399b37d03a41b7a65e40831302ee8e30f0d50d
233,dqn,865,random,balanced,43.34873949579832,129.5,34.39,74,149,-143.64088331420277,238,89,0,1,0,0,300.0,-32.24062511161901,-25.0700499462786,-75.1302082563052,-11.199999999999992,56,0,238,0,4f36b8198aa83306e6e95cd8a3578d2885a75d34d68fb14d973810d563ba8cdf
234,dqn,376,random,ew_heavy,25.924418604651162,88.0,14.863333333333333,43,119,-84.13832939024503,172,53,0,2,0,0,300.0,-13.934375245706178,-7.443537497422222,-51.560416647116654,-11.199999999999992,56,0,172,0,17da99ded48adcd327e0b30761093ed763acd083b68e7ccec0e378abe15ceb69
235,dqn,192,random,heavy,39.37978142076503,148.0,24.02166666666667,64,122,-133.72146273211033,183,61,0,2,0,0,300.0,-22.520312701002695,-17.648025024006344,-82.95312500710133,-10.599999999999994,53,1,183,0,5b8aaa9bfb59d24a509c5e250e86f7980d8fff57c472d3c2e7cc7fa7483f7e4a
236,dqn,574,random,ns_heavy,30.862385321100916,96.5,22.426666666666666,60,145,-99.76157943802033,218,73,0,2,0,0,300.0,-21.025000314577483,-11.738662516978371,-55.59791660646442,-11.399999999999991,57,0,218,0,ff6b1d6b61d0d9e98efc66a3f79020bc45253919c051c462d3164fd9b8dfae3e
237,dqn,399,random,low,31.99418604651163,175.5,27.515,66,162,-142.24684637698158,258,96,0,2,0,0,300.0,-25.7953128622612,-17.599450016271298,-88.05208349844906,-10.799999999999994,54,1,258,0,29991776368f820f57f188855e057eeea4c16fabcf7f6de076687eede13b0041
238,dqn,49,random,balanced,34.626482213438734,178.5,29.201666666666668,56,172,-151.00587121458514,253,81,0,2,0,0,300.0,-27.376562914345413,-19.105350000721227,-93.12395829951856,-11.399999999999991,57,1,253,0,ce40379bc1b88af8d6013096b2d7539eb8838ebf4276b3eb87f97281156cf0d0
239,dqn,964,random,ns_heavy,30.373563218390803,90.0,17.616666666666667,40,124,-91.39189182527262,174,50,0,2,0,0,300.0,-16.515625175787136,-8.928350010238496,-54.54791663924698,-11.399999999999991,57,0,174,0,96fc2f49e00b3a78bf4462a075c3e9cc430c7c474573cc3da7eb2ec9bdc3768c
240,dqn,798,random,ew_heavy,23.70245398773006,73.0,12.878333333333334,29,134,-75.0144502220275,163,29,0,1,0,0,300.0,-12.073437776300125,-5.137887503632374,-46.40312494209502,-11.399999999999991,57,0,163,0,29c7427026772cee900c4a8db273955ffad288a3575959829cf4b9ff2db78d9b
241,dqn,710,random,ew_heavy,21.238839285714285,109.0,15.858333333333333,35,153,-87.42913769588483,224,71,0,2,0,0,300.0,-14.867187771596946,-7.990074991878645,-53.971874932409264,-10.599999999999994,53,0,224,0,fed5a0f707d810ea30eec60bc4d9ba8951a789b47f972f906f572adb3414363f
242,dqn,733,random,heavy,33.411764705882355,146.0,28.4,63,154,-134.2555377335338,255,101,0,2,0,0,300.0,-26.625000294297934,-17.48366249341562,-78.74687494582031,-11.399999999999991,57,0,255,0,075dcaae9f12c71ae70dc932494d7226126ec188470383cad968a2fd4b5bc017
243,dqn,581,random,balanced,29.753554502369667,125.5,20.926666666666666,51,144,-129.80559621070057,211,67,0,2,0,0,300.0,-19.618750257533975,-15.31601251404281,-84.07083343912382,-10.799999999999994,54,0,211,0,0d9eb3e6d78c0569ba18562f1a5115f9086bd9f1828722d9503d83d7a1108302
244,dqn,95,random,ew_heavy,29.7675,127.5,19.845,40,142,-109.89485020168722,200,58,0,2,0,0,300.0,-18.60468765941914,-11.06516249912456,-68.82500004314352,-11.399999999999991,57,0,200,0,fc5e38405c51ef5b4f85014a06ac6f5d91f03b988f2a765578e7ea98c5a8100b
245,dqn,515,random,balanced,35.338951310861425,121.5,31.451666666666668,65,167,-138.94224618713855,267,100,0,2,0,0,300.0,-29.485937814577483,-19.6511000133447,-79.00520835921634,-10.799999999999994,54,3,267,0,705714917e1199776ba8faa67f8b7141c7f21d0b6c9a92901d9f911008bac674
246,dqn,713,random,ew_heavy,32.904545454545456,105.5,24.13,50,132,-118.10817950159039,220,88,0,2,0,0,300.0,-22.621875300537795,-14.638387476217028,-69.44791672483552,-11.399999999999991,57,0,220,0,cf06810f86bbfbf5d1fa75f3976f9dd809fd849b3398207e31c95efd63b068f0
247,dqn,793,random,left_heavy,37.38427947598253,136.0,28.545,68,135,-138.53766682176277,229,94,30,32,0,0,300.0,-26.76093763508834,-21.36318754575113,-79.61354164092336,-10.799999999999994,54,0,259,30,499e1729ad711a6518186e39b3ba80ef46ef02099547306eb929ff347690c076
248,dqn,340,random,balanced,33.38870967741936,151.0,34.501666666666665,83,182,-141.6925420063184,310,128,0,2,0,0,300.0,-32.34531285765115,-21.14306247642816,-77.00416667223908,-11.199999999999992,56,1,310,0,17f78fdc0f18b48fc2ad64e0f6f3db1ee51523cb0086bec6caddbea13d72e9af
249,dqn,724,random,ns_heavy,42.48253968253968,129.0,44.608333333333334,96,172,-160.95783782815778,315,143,0,3,0,0,300.0,-41.820312814670615,-31.27502495628068,-76.86250005720649,-10.999999999999993,55,1,315,0,dfb8bbd2600faca8a19da53063977a42de571877015e02d49e43712ae195e145
250,dqn,433,random,ns_heavy,31.24273858921162,118.0,25.098333333333333,52,167,-125.8371878498918,241,74,0,2,0,0,300.0,-23.529687779024243,-15.001249996524713,-76.10625007434282,-11.199999999999992,56,1,241,0,967b6402e27918d1003add17432a4fa829f698da1d3d96c2b5a0342345eb25b6
251,dqn,361,random,heavy,30.157754010695186,103.5,18.798333333333332,41,135,-108.12152948876535,187,52,0,1,0,0,300.0,-17.62343780824449,-11.45642498334563,-67.84166669717524,-11.199999999999992,56,0,187,0,d65373eeffc54ea15b0f372d7d24e77e208e3a7a255b8c099f01340f811064b7
252,dqn,202,random,ns_heavy,35.50413223140496,118.5,28.64,63,152,-129.30269596922224,242,90,0,2,0,0,300.0,-26.850000216276385,-19.14123748872444,-71.91145826422144,-11.399999999999991,57,0,242,0,b1b92b0e169ef1042273d871ab06fb3dcd7d23a90e2b9fb1dc88e969babbfae4
253,dqn,636,random,ns_heavy,15.121323529411764,53.0,6.855,16,119,-50.29293772067324,136,17,0,2,0,0,300.0,-6.4265626926207915,-1.9820000014864498,-30.884375026565976,-10.999999999999993,55,0,136,0,6c1fc46be2c7716d3de6fda3682d7a131b9405d19de6fce6c7b0aab1795c5d14
254,dqn,688,random,balanced,29.692118226600986,97.0,20.091666666666665,54,142,-94.96836693006775,203,61,0,1,0,0,300.0,-18.835937754716724,-8.612637501156138,-56.11979167419486,-11.399999999999991,57,0,203,0,85ae0ec7c80ed8590223509ab24d9914156d007ba7c04cae8211240b5a5e6b77
255,dqn,956,random,ew_heavy,27.861751152073733,94.5,20.153333333333332,43,158,-98.04706686790375,217,59,0,1,0,0,300.0,-18.893750261864625,-10.349150013544563,-58.004166592494585,-10.799999999999994,54,0,217,0,643df485d0d06d74593962805c1f7f77d560e38fedf9b6b3f120ff8994c979a1
256,dqn,578,random,heavy,24.744274809160306,85.5,10.805,24,112,-81.99108346977957,131,19,0,1,0,0,300.0,-10.129687676206231,-4.228062507465803,-56.83333328610752,-10.799999999999994,54,0,131,0,3fb3d97f4f19e794a3b84c9febddc58cc132838ba7bb51a913629b75f04fcc9a
257,dqn,984,random,ns_heavy,28.299492385786802,74.5,18.583333333333332,42,150,-91.63388773459077,197,47,0,2,0,0,300.0,-17.42187529464718,-9.280762515730016,-53.531249924213625,-11.399999999999991,57,0,197,0,aa30cee95ab1113825f528e4c46d3267c9ad7a4914cbece5481a597fe27290a1
258,dqn,23,random,balanced,19.20245398773006,81.0,10.433333333333334,24,130,-65.64040437548104,163,33,0,2,0,0,300.0,-9.78125022398308,-3.292487501889991,-41.76666664960794,-10.799999999999994,54,0,163,0,1608d8f38f55535d34068019ac898235e284684453ca4ae0e3780ced5f2056c0
259,dqn,290,random,ns_heavy,14.990196078431373,43.5,7.645,25,127,-46.166091818828846,153,26,0,3,0,0,300.0,-7.167187658138573,-1.950987500954216,-26.047916659736075,-10.999999999999993,55,0,153,0,4d67d5c5bee4554007fffd3cfd40273452e352b5fe7b61c46278e71639dc2644
260,dqn,150,random,left_heavy,36.74221453287197,120.0,35.39833333333333,75,173,-145.69202923609615,289,116,7,13,0,0,300.0,-33.18593778461218,-22.448799987139505,-78.8572914643446,-11.199999999999992,56,1,296,7,9d17157e71213d5a818479d06a5453c56f8a15cbe0740ae7797064c166564464
261,dqn,569,random,ns_heavy,33.17300380228137,106.5,29.081666666666667,61,162,-126.83951681753463,263,101,0,3,0,0,300.0,-27.26406266563572,-17.015037472232514,-71.76041667966638,-10.799999999999994,54,1,263,0,d9ddf450c68fd7bcc1ae2ee7e1b73bf5751435549ce4079fd278f71a88afaae3
262,dqn,733,random,heavy,34.641176470588235,144.0,29.445,69,157,-139.2903212095444,255,98,0,2,0,0,300.0,-27.60468789038714,-19.10542496829948,-81.78020835085772,-10.799999999999994,54,0,255,0,075dcaae9f12c71ae70dc932494d7226126ec188470383cad968a2fd4b5bc017
263,dqn,477,random,left_heavy,39.38102893890675,123.5,40.82833333333333,89,163,-164.87034193146474,311,148,14,29,0,0,300.0,-38.2765627570916,-31.077112510352876,-85.11666666402016,-10.399999999999995,52,0,325,14,ef0fdd3e76ab0bb67ab18177188a7c051fd1a73d76d4fc890c11dab7b2ff71b9
264,dqn,135,random,ew_heavy,34.47528517110266,140.5,30.223333333333333,63,147,-138.60519606380765,263,116,0,3,0,0,300.0,-28.334375160280615,-20.94686249746519,-78.52395840606187,-10.799999999999994,54,0,263,0,fcfb0d2d72a7d395f0b22682f6855ee60d39199197e06414ab8c653a21a06081
265,dqn,352,random,ns_heavy,41.74823943661972,101.0,39.52166666666667,87,165,-138.32750434814227,284,119,0,2,0,0,300.0,-37.05156273092143,-24.690525027310652,-65.38541658991016,-11.199999999999992,56,0,284,0,550e14806aaf5da01382f132de42344e06650276809c1d55f9ec04e1003f749d
266,dqn,467,random,ns_heavy,35.98287671232877,95.0,35.02333333333333,84,160,-128.82163745264765,292,132,0,3,0,0,300.0,-32.83437511906959,-22.78101249290413,-62.20624984067399,-10.999999999999993,55,0,292,0,ad5f44e4c629ee111562b372b616843bcc4d712b94d93fae8ab0dc377998f549
267,dqn,142,random,balanced,26.252083333333335,89.5,21.001666666666665,52,163,-101.22827940881687,240,77,0,1,0,0,300.0,-19.689062813762575,-10.416299985237128,-60.322916609817185,-10.799999999999994,54,0,240,0,681688fae9f3a326d2da3e32821f04c201ccf5711d55c0c2b9de444965c04eda
268,dqn,670,random,ns_heavy,32.361623616236166,138.5,29.233333333333334,64,178,-131.19010441927307,271,93,0,1,0,0,300.0,-27.406250245170668,-17.379687520513116,-75.60416665358935,-10.799999999999994,54,2,271,0,4f665980d2331f9c5db4c6ecb30b4e93dd17fad03c5569f31b5741447069ec95
269,dqn,354,random,heavy,23.971311475409838,78.0,19.496666666666666,46,155,-85.68111687420244,244,89,0,2,0,0,300.0,-18.278125299722888,-8.826950008993302,-48.17604156548623,-10.399999999999995,52,2,244,0,b8276afebc9d656a9aa59d2fb010a09cbab1acd37d182a783ae154a5d078d94f
270,dqn,170,random,heavy,40.51505016722408,132.0,40.38,84,150,-156.0401709840626,299,149,0,2,0,0,300.0,-37.856250228593126,-29.788087459303647,-77.1958332961658,-11.199999999999992,56,0,299,0,c511de3119b99e2c3c114ff4aa080fc9b8ff3486932f5da0192928afe3e5d566
271,dqn,488,random,low,34.02777777777778,92.5,24.5,56,131,-109.91675430267202,216,85,0,2,0,0,300.0,-22.968750210711733,-14.240712499093208,-61.107291592867114,-11.59999999999999,58,0,216,0,f4f3e7519ea4b6edb2071c47320adce1c10a4dbd6edf63f9a3cd58606a5b50e4
272,dqn,498,random,ew_heavy,40.075675675675676,99.5,24.713333333333335,55,107,-111.51320441070062,185,78,0,1,0,0,300.0,-23.168750301701948,-15.127787495968366,-62.61666661303025,-10.599999999999994,53,1,185,0,79136ab87b1bdd037372a28e094bfc2fd7b5d4d80c2029386fbad40cdcd7f32f
273,dqn,706,random,heavy,40.443396226415096,109.0,35.725,83,138,-136.8840961279471,265,127,0,2,0,0,300.0,-33.492187732015736,-22.877325011476202,-69.71458338445518,-10.799999999999994,54,1,265,0,c0cb2146d7dba62dea0802235dbf32c046697ce6eb84830ca761c09dd202b611
274,dqn,421,random,balanced,31.573170731707318,94.0,17.26,40,126,-91.91070427412559,164,38,0,2,0,0,300.0,-16.181250139023177,-8.887787506239695,-56.24166662886273,-10.599999999999994,53,1,164,0,6723b92e81733115583a69e705a27a821de3916b512008a3c1ac05bc5507f26e
275,dqn,100,random,heavy,27.745412844036696,104.0,20.161666666666665,54,152,-97.50450027011757,218,66,0,2,0,0,300.0,-18.90156275522895,-9.165437504248255,-59.23750001064036,-10.199999999999996,51,1,218,0,f42715a1f9c1f4532e86dcbcf2d6f67dc428b5bd3fe0bf0faa03ecde5cb39f64
276,dqn,141,random,ew_heavy,29.664804469273744,112.5,17.7,43,123,-91.37605441398115,179,56,0,2,0,0,300.0,-16.593750293832272,-9.384387504557525,-54.397916615591384,-10.999999999999993,55,0,179,0,21b35628916d78935ef143220b7cfcbcbb846d302c84e82b31e089b3a8c93265
277,dqn,892,random,left_heavy,33.9739336492891,102.0,23.898333333333333,55,128,-114.04838353323065,211,83,9,12,0,0,300.0,-22.404687767964788,-15.991612491544949,-65.25208327372093,-10.399999999999995,52,1,220,9,458ee46421dce99d0fd95fa0887853ec04c3beb3d94cc193ebce0878abbf08be
278,dqn,789,random,left_heavy,15.994535519125684,96.5,9.761666666666667,26,135,-66.70504178583575,183,48,12,19,0,0,300.0,-9.151562668732367,-3.3930625025830516,-43.56041661452036,-10.599999999999994,53,1,195,12,5296a343a29010c66e5e67446e63eaaa98fd13c130f2c888a8271ae188733afa
279,dqn,692,random,left_heavy,32.09907834101382,106.5,23.221666666666668,52,145,-115.05637942564135,217,72,24,27,0,0,300.0,-21.770312797278166,-14.15377500494869,-68.5322916234145,-10.599999999999994,53,1,241,24,e37c63fab631e088496002e258c7891c9491d004e710b06de2a1976dab80104b
280,dqn,83,random,heavy,33.84049079754601,94.5,18.386666666666667,39,118,-105.21178327248994,163,45,0,1,0,0,300.0,-17.237500147428364,-9.462825012878598,-67.91145811218303,-10.599999999999994,53,1,163,0,90978faffda23712babd520a4117ef2581ac6b734212ec81be226befb4bf5cab
281,dqn,7,random,low,24.43127962085308,55.5,17.183333333333334,42,160,-72.6670543173554,211,51,0,2,0,0,300.0,-16.109375197673216,-6.334762502041851,-39.222916617640294,-10.999999999999993,55,0,211,0,25de475f52afd35ce0bc8e2e398be14794f613c69fe72fd92dbb22c1f837e94e
282,dqn,827,random,balanced,32.20412844036697,119.0,23.401666666666667,50,157,-102.55124605178642,218,61,0,1,0,0,300.0,-21.939062783378176,-11.375724979879305,-57.63645828852896,-11.59999999999999,58,0,218,0,04e17b88b36a33bdfe75378b8fda6b69c17a876ac58c410ac5eed5b97851af39
283,dqn,731,random,left_heavy,43.196245733788395,129.5,42.19166666666667,82,157,-158.23830032976906,293,136,17,19,0,0,300.0,-39.554687814670615,-30.96173752159449,-76.32187499350403,-11.399999999999991,57,0,310,17,7b1a9269dd8edfe3c1d1e48bc34a353b80f56befe9e2f839621f204538f17b09
284,dqn,326,random,ns_heavy,36.723214285714285,107.0,34.275,67,162,-139.01100011128077,280,118,0,2,0,0,300.0,-32.13281273806933,-21.42818747786878,-74.24999989534263,-11.199999999999992,56,1,280,0,e87bcb8923368989a35162a3ec8aaa232e911d5b0a2b623a606e5f543670b822
285,dqn,957,random,left_heavy,35.93916349809886,140.0,31.511666666666667,69,138,-133.9790085603206,263,125,3,8,0,0,300.0,-29.54218776593916,-22.36598750827397,-71.27083328610752,-10.799999999999994,54,2,266,3,a769ffae74c0615d5c54de66947062c2abd1179efe4c8ee1854eb6b01241a98f
286,dqn,360,random,low,39.870065789473685,139.0,40.401666666666664,101,171,-156.14389603204978,304,133,0,2,0,0,300.0,-37.87656263075769,-28.640249951644368,-79.02708344964776,-10.599999999999994,53,1,304,0,3ac84310f4670bdb914221cb8d2acef68e94ff1262e4805fd8d9ea613f2081e5
287,dqn,684,random,balanced,37.46,101.5,28.095,61,136,-115.06794182515081,225,89,0,2,0,0,300.0,-26.339062736486085,-16.105962506228387,-61.4229165824363,-11.199999999999992,56,1,225,0,d7c44b148cbb1a2bfbb98c0e4fcc9853f4cddbf2ff8822998a1c342e4fc3e6a0
288,dqn,225,random,low,36.04872881355932,151.5,28.358333333333334,69,141,-138.2179668772856,236,95,0,3,0,0,300.0,-26.585937781841494,-20.08098744371746,-81.1510416517267,-10.399999999999995,52,1,236,0,9f7bb34fd285c1e657f3e36641e7d1a93919963549e882f08d811f7a04a4b578
289,dqn,300,random,balanced,34.592274678111586,118.0,26.866666666666667,57,156,-130.85948370815674,233,77,0,2,0,0,300.0,-25.18750030687079,-15.685525010497805,-79.18645839078818,-10.799999999999994,54,0,233,0,fdaab5e29aa531c9014ba3c319748171b2dcb96e48497de301d95e570c40fd4b
290,dqn,855,random,low,39.84417808219178,160.0,38.781666666666666,84,160,-151.25310863754342,292,132,0,1,0,0,300.0,-36.35781277983915,-24.452587512737235,-79.6427083449671,-10.799999999999994,54,0,292,0,1a83bafc74b7d8877a04d77ad70fc394799936ba190d468b8fa13e78da4a1a74
291,dqn,908,random,heavy,40.34108527131783,125.0,34.693333333333335,89,141,-148.80290830537416,258,117,0,2,0,0,300.0,-32.524999980814755,-25.847700016100124,-79.63020830845926,-10.799999999999994,54,1,258,0,dc130703ad34097ef9e5a605adaca0e298e21d633ec6d1c3f9c4fd5538ee7b9f
292,dqn,998,random,heavy,26.396984924623116,107.0,17.51,38,148,-91.9087127384271,199,51,0,1,0,0,300.0,-16.415625269408338,-8.880587502523122,-55.21249996649567,-11.399999999999991,57,0,199,0,63c1158b4831700f368d5d17eac311c916ece9477005980e8adaa5d0505e5a7f
293,dqn,855,random,low,33.42465753424658,123.5,32.53333333333333,72,173,-135.20788392446624,292,119,0,2,0,0,300.0,-30.500000396627,-19.10267500703848,-75.0052085208008,-10.599999999999994,53,2,292,0,1a83bafc74b7d8877a04d77ad70fc394799936ba190d468b8fa13e78da4a1a74
294,dqn,189,random,ew_heavy,34.9127358490566,102.0,24.671666666666667,54,126,-124.11392118246658,212,86,0,2,0,0,300.0,-23.129687848500907,-19.05715004096636,-71.3270832929993,-10.599999999999994,53,2,212,0,b2b820448a4489c04512f00c26904654becb8d730cbce14f527475f7e7c656b4
295,dqn,881,random,ew_heavy,38.9551724137931,142.5,37.656666666666666,79,172,-158.18920443572063,290,118,0,2,0,0,300.0,-35.303125323494896,-27.697537505202487,-84.58854160702322,-10.599999999999994,53,1,290,0,2b3902fd23543fccd85de2bbc1dc8d80a9e22335bf21f81482ab5a3da9da54a9
296,dqn,629,random,heavy,33.27272727272727,119.5,25.62,54,160,-128.8586586270794,231,71,0,2,0,0,300.0,-24.018750293529592,-15.02844998858271,-79.6114583449671,-10.199999999999996,51,3,231,0,b467adc868c3a39bf49f5bbc731a7bfe49f0f95f62461b22a5779a1eb57903c1
297,dqn,420,random,left_heavy,34.71016949152543,173.5,34.13666666666666,77,157,-154.9639586911952,295,138,39,47,0,0,300.0,-32.00312534044497,-24.111875002244034,-87.84895834850613,-10.999999999999993,55,1,334,39,b71803a1087882fcaf409081081a56bb7b6f61ed004799143c41e25c788d8a5b
298,dqn,44,random,heavy,27.4126213592233,102.5,18.823333333333334,38,136,-108.61332937797332,206,70,0,2,0,0,300.0,-17.646875278907828,-11.18103749651272,-68.58541660255287,-11.199999999999992,56,0,206,0,be5356b26df6e1f543a3b33ea3a5ffe69caabefb3edd0045bae4de463cf2a196
299,dqn,5,random,heavy,30.0,162.5,20.5,61,155,-123.44112952218347,205,50,0,1,0,0,300.0,-19.21875026728958,-11.783837542631227,-82.83854171226267,-9.599999999999998,48,4,205,0,b2c9ae499438344992acf07f480e0c9688c1b91c7e9b81434eae4b69aa2b0e70
300,dqn,398,random,low,39.90094339622642,149.5,28.196666666666665,60,149,-128.14668350103966,212,63,0,1,0,0,300.0,-26.434375176788308,-17.669600015419576,-73.84270830883179,-10.199999999999996,51,2,212,0,879b1043e1005d62790cf5c13fd790223c510ce6b24450e11d51fc63651de7f0
301,dqn,331,random,balanced,27.05121951219512,157.0,18.485,36,166,-131.04422110447564,205,39,0,1,0,0,300.0,-17.32968785101548,-11.949949986537828,-91.76458326692227,-9.999999999999996,50,3,205,0,0537ab4e8d94625758fba82d566c6dcdd66456e1eefd07a4316f19bc3546b3ce
302,dqn,220,random,heavy,29.101659751037346,113.0,23.378333333333334,59,146,-120.1744378082956,241,95,0,2,0,0,300.0,-21.917187737650238,-15.372874998724,-72.08437507192139,-10.799999999999994,54,1,241,0,cf330d3355edc1217b54389faa613f0e8645c24178fbbb582448f329b37ea4c3
303,dqn,664,random,left_heavy,35.973214285714285,117.0,26.863333333333333,54,133,-128.22317512714432,224,91,14,18,0,0,300.0,-25.18437520985026,-20.191924994198047,-71.84687492309604,-10.999999999999993,55,1,238,14,6f63f329edaea415599792c5f8c1a4164a8d03c95523e70e1517e2d7bbf68580
304,dqn,633,random,left_heavy,29.027439024390244,103.5,15.876666666666667,31,113,-107.31657528285075,164,51,18,22,0,0,300.0,-14.884375299792737,-10.78532499104404,-70.84687499201391,-10.799999999999994,54,2,182,18,2dbe92cfc4a8f65af29ec82a9b64686f1224a0b980353ff7973c3772f0e07d66
305,dqn,399,random,low,27.906976744186046,129.0,24.0,55,161,-125.62660862021367,258,97,0,2,0,0,300.0,-22.500000278116204,-13.880774962671415,-78.84583337942604,-10.399999999999995,52,4,258,0,29991776368f820f57f188855e057eeea4c16fabcf7f6de076687eede13b0041
306,dqn,203,random,ns_heavy,22.037190082644628,91.5,8.89,21,103,-72.15612938785493,121,18,0,1,0,0,300.0,-8.334375140839256,-3.7800874968248563,-49.64166675019078,-10.399999999999995,52,0,121,0,de2b586f7a33898c22f2d8e2a23f3d0ad4e3154d85a8b586de1d61e68fb65cab
307,dqn,646,random,left_heavy,38.114583333333336,118.5,18.3,41,85,-115.3257708612575,144,59,11,14,0,0,300.0,-17.156250025727786,-14.823687536756179,-72.7458332987735,-10.599999999999994,53,1,155,11,b9cc9fb72717adfd257743e4536596ccd7e4b5edc363ac71236c5883961d72a8
308,dqn,613,random,ew_heavy,29.73846153846154,116.5,25.773333333333333,60,168,-118.24762542597016,260,92,0,2,0,0,300.0,-24.16250040451996,-13.46012501358055,-69.82500000786968,-10.799999999999994,54,1,260,0,4df8d6e2ec64076779ee385fe01eaf91790c5aecdc701e39327c1061920bd255
309,dqn,677,random,ns_heavy,27.721951219512196,100.0,18.94333333333333,47,148,-96.2671585493103,205,57,0,2,0,0,300.0,-17.759375245077536,-8.8838249984743,-58.823958305758424,-10.799999999999994,54,1,205,0,dc6015d9198b071c2604df47dce2b413498831fe036ff838fc120036a9cf155e
310,dqn,962,random,ns_heavy,31.829694323144103,143.0,24.296666666666667,47,165,-128.03102526647342,229,64,0,2,0,0,300.0,-22.77812520088628,-16.490399994503967,-78.7625000710832,-9.999999999999996,50,3,229,0,084304cd4b537e3be3f565fc77f2e3f34b41187f9e43d8537947438ad258317f
311,dqn,363,random,balanced,30.64516129032258,126.0,25.333333333333332,56,160,-118.52407088317122,248,88,0,2,0,0,300.0,-23.75000019557774,-15.509487494990758,-69.46458319260273,-9.799999999999997,49,1,248,0,3424e6e045eeac004b83aab826b99ed358a68f25aa0497ce0ea300271416ac57
312,dqn,251,random,balanced,30.525821596244132,114.0,21.673333333333332,45,137,-109.61146262965269,213,76,0,2,0,0,300.0,-20.318750191829167,-12.62396248473887,-65.46874995308463,-11.199999999999992,56,0,213,0,dd8a650c7dcb48199ea3ba382a7200963034f8d5b7cbc64bd0e3e291e56400bb
313,dqn,707,random,ns_heavy,30.302777777777777,99.0,18.18166666666667,51,125,-88.7208084869642,180,55,0,1,0,0,300.0,-17.0453126890352,-8.885912500645649,-51.98958329728339,-10.799999999999994,54,2,180,0,54b0c223084411f3dcb4e460f5d6523f059559c49a65a389efc2c5f9d3259c50
314,dqn,129,random,left_heavy,41.70289855072464,111.5,47.961666666666666,99,158,-159.10261704009412,345,187,14,19,0,0,300.0,-44.964062774553895,-35.83751258922637,-67.30104167631362,-10.999999999999993,55,1,359,14,4073a805572b0b716bbf6c1b4450a7fa0f76d1fbf10053b5b89a7708e052f884
315,dqn,134,random,heavy,26.86637931034483,108.5,20.776666666666667,63,163,-101.3836460588762,232,69,0,2,0,0,300.0,-19.478125305846334,-9.744062507504715,-60.96145824552514,-11.199999999999992,56,0,232,0,b0682668f42f500aab9e14c92a5db24bf41a07dc64f61bdc53742cf5bc9665e3
316,dqn,857,random,low,29.05787037037037,111.0,20.921666666666667,52,153,-107.32721275846701,216,63,0,2,0,0,300.0,-19.614062765729614,-11.788150007778313,-64.72499998495914,-11.199999999999992,56,1,216,0,6a2edb5df814ece24a2e2c271be596928aeb7e99e7547466c5fa893114fdf20f
317,dqn,982,random,left_heavy,33.91153846153846,95.5,29.391666666666666,70,142,-118.82290018590427,260,118,10,14,0,0,300.0,-27.554687708616257,-18.6432125195468,-61.62499995774124,-10.999999999999993,55,1,270,10,0600f734891fcd12257e7f2a96632317f78b548f1ae608b7d9f82325d53f1cb1
318,dqn,54,random,ns_heavy,35.47402597402598,139.5,18.21,40,106,-114.66825016756985,154,48,0,1,0,0,300.0,-17.071875128312968,-12.646375001701376,-74.95000003755558,-9.999999999999996,50,3,154,0,9395a48f1d17c76df63bff72f793ebbae98bc7b314ce08ea33290a06dc26d9a7
319,dqn,480,random,heavy,34.58,151.0,28.816666666666666,67,185,-144.44696254715595,250,65,0,2,0,0,300.0,-27.0156251587905,-20.990712522080127,-87.44062486628536,-9.0,45,7,250,0,607001744f58565ca621b3cc0e30242ecb8254de1206709d6c5cb73462df74d7
320,dqn,741,random,left_heavy,24.032608695652176,115.0,14.741666666666667,32,130,-90.2591001205452,184,54,5,8,0,0,300.0,-13.820312663214281,-7.241912503687493,-58.39687495364342,-10.799999999999994,54,2,189,5,142fdfa34f62d7c23ec2e881d528b789f632320690fb9af0464a881b73f4b87b
321,dqn,943,random,left_heavy,35.74493927125506,141.0,29.433333333333334,60,147,-129.54550434636107,247,100,1,6,0,0,300.0,-27.593750245287083,-19.850712517892685,-71.30104158318136,-10.799999999999994,54,1,248,1,98eefc3993a016b9fdb6fd910f3b9bb39f576319e2ffe2407a5ff1e9a07ab8bf
322,dqn,892,random,left_heavy,35.80487804878049,127.0,24.473333333333333,48,128,-128.456550104361,205,77,15,19,0,0,300.0,-22.94375026295893,-18.969050019261324,-75.74374982214067,-10.799999999999994,54,1,220,15,458ee46421dce99d0fd95fa0887853ec04c3beb3d94cc193ebce0878abbf08be
323,dqn,232,random,left_heavy,28.00646551724138,101.5,21.665,50,155,-108.19090860579237,232,77,11,15,0,0,300.0,-20.310937817790546,-12.634137519030629,-64.24583326897118,-10.999999999999993,55,1,243,11,1be23ffd793b219c96665ccf92aefe6c1dcd616c56c3e32137413e48cb1c43f0
324,dqn,135,random,ew_heavy,39.874524714828894,156.5,34.95666666666666,99,158,-141.108183536087,263,105,0,3,0,0,300.0,-32.42343773145694,-26.33578754581031,-72.54895825881977,-9.799999999999997,49,3,263,0,fcfb0d2d72a7d395f0b22682f6855ee60d39199197e06414ab8c653a21a06081
325,dqn,85,random,heavy,31.774703557312254,155.5,26.796666666666667,56,164,-131.04322941956195,253,89,0,2,0,0,300.0,-25.12187525862828,-15.57031250846194,-78.95104165247176,-11.399999999999991,57,1,253,0,059fb7256d90e12b6bbff199214b6a82337fda3dc7764610e528385bef49354f
326,dqn,516,random,ns_heavy,37.243781094527364,131.0,24.953333333333333,65,124,-119.25100018493399,201,77,0,2,0,0,300.0,-23.393750168266706,-14.397874982115175,-70.45937503455207,-10.999999999999993,55,2,201,0,717c12fd086b2f7f443d05aaa729d2641c49fbcc11c9a29868e5ee3174f9bb06
327,dqn,795,random,heavy,25.469945355191257,125.0,15.536666666666667,38,136,-110.53041272082412,183,47,0,1,0,0,300.0,-14.56562527269125,-8.15228748666632,-77.81249996146653,-9.999999999999996,50,4,183,0,201e0f3e93fe22f26ba8519814e1c4e61d754732577eb37c713d636bcc9d7e68
328,dqn,976,random,ns_heavy,30.155,116.0,20.10333333333333,51,137,-115.00162541165994,200,63,0,2,0,0,300.0,-18.84687535557896,-10.99849999701182,-74.95625005906913,-10.199999999999996,51,2,200,0,3ab555dd0a6952a67b71d0247cc7301af9df3bb6ddbc1a4cf2a170a4d759aabc
329,dqn,221,random,ew_heavy,39.01004016064257,119.5,32.37833333333333,68,142,-143.61012944321624,249,107,0,2,0,0,300.0,-30.354687814367935,-21.316899997983278,-80.93854163086507,-10.999999999999993,55,2,249,0,fc7fade8c82ced36b4951b9fb9b1e3b20d8294b108ef47c2a1df0eb2165530f4
330,dqn,151,random,heavy,34.783018867924525,120.0,30.725,82,162,-118.79573787237379,265,103,0,2,0,0,300.0,-28.804687959491275,-16.60354997525792,-62.58749993762467,-10.799999999999994,54,1,265,0,d007c0c24136beb730aeb12d0d159b0ab82fdef908b093fb70ab9ee3d6d200c7
331,dqn,559,random,balanced,36.027027027027025,130.5,39.99,91,166,-158.4148502575299,333,167,0,2,0,0,300.0,-37.490625349688344,-26.83672499405875,-83.48749991378281,-10.599999999999994,53,3,333,0,55d2e41af3e2ff3daaab55836e5a7575f7ddddadb34bd467d399a210dafcf1b4
332,dqn,835,random,heavy,18.64245810055866,73.0,11.123333333333333,32,146,-60.44198353548782,179,33,0,1,0,0,300.0,-10.42812520696316,-3.818025008144469,-36.19583332038019,-9.999999999999996,50,3,179,0,f44ab6f5c93995380facc61389d23c1c4118a1ea3c0f44bc2fef25fe60e1a07c
333,dqn,389,random,ns_heavy,24.212041884816752,89.5,15.415,42,130,-75.32649600224472,191,61,0,1,0,0,300.0,-14.451562737580389,-6.694724998114544,-43.380208266549744,-10.799999999999994,54,2,191,0,03a0e3d29a575c5e43bc54f87c6e90542506042129622540e67233b6b1ea2913
334,dqn,672,random,low,32.13900414937759,95.5,25.81833333333333,60,143,-111.17240869600428,241,98,0,2,0,0,300.0,-24.2046878131805,-14.068762504887857,-61.698958377935924,-11.199999999999992,56,1,241,0,a287fe145fe6972f4bf922a8aae0a64d7d1c4944aeefaad8cb62b799bf68e18f
335,dqn,668,random,left_heavy,37.909615384615385,135.5,32.85666666666667,70,140,-147.00161692511458,260,120,4,7,0,0,300.0,-30.80312524398323,-25.85369999361864,-79.54479168751277,-10.799999999999994,54,2,264,4,ed221f78d8886e1ad8228d74436582f2667cc135af7a1975a6d8d152becb285e
336,dqn,73,random,heavy,24.42929292929293,79.0,16.126666666666665,40,137,-92.17657500612042,198,61,3,8,0,0,300.0,-15.11875016905833,-7.9515749854916065,-57.906249851570465,-11.199999999999992,56,3,201,3,8e7f660dca5e6b9fedf02acbd9456dedb45994cbae95b52bbd77605270a14c08
337,dqn,81,random,balanced,32.642857142857146,103.5,25.89666666666667,74,154,-110.07970875205284,238,84,0,2,0,0,300.0,-24.27812533697579,-15.14637500561585,-59.45520840946119,-11.199999999999992,56,1,238,0,9c7788348bc19c45efc7de4fe2cbf847f09b511a756419df37b8e780112bf24d
338,dqn,171,random,heavy,39.601083032490976,142.5,36.565,78,158,-155.77067930323312,277,119,0,2,0,0,300.0,-34.27968771394808,-25.543074942587566,-84.54791664669756,-11.399999999999991,57,1,277,0,1694d89ea256bf0fb432bc9511553c4591e9149dd5a9d231952a6ed3dd901797
339,dqn,610,random,ew_heavy,14.660194174757281,67.0,5.033333333333333,15,98,-44.818737597492834,103,5,0,1,0,0,300.0,-4.718750079278834,-1.2437375018693275,-29.45625001634471,-9.399999999999999,47,3,103,0,6a2102d9ca988596d7fd8391e5bb86062705bbd6b6c3cf833262cbf095738e21
340,dqn,924,random,heavy,33.99512195121951,145.5,23.23,48,146,-126.36126263060875,205,59,0,2,0,0,300.0,-21.778125298558734,-14.698762499827719,-80.08437483222224,-9.799999999999997,49,4,205,0,9b6eec27a26b21ccef0496efbd61cc72fe29078df874dd406cf43736a66bc0f7
341,dqn,451,random,heavy,39.804597701149426,128.0,34.63,72,147,-149.95181274666032,261,114,0,2,0,0,300.0,-32.4656251949491,-23.71118752840485,-82.77500002330635,-10.999999999999993,55,0,261,0,27ca77e3e90cc2c533c09df0a26e05e8742ffc4190504310f752b3c73cf28e55
342,dqn,66,random,low,28.879146919431278,129.0,20.311666666666667,42,144,-120.697175351384,211,67,0,2,0,0,300.0,-19.042187777464278,-12.486237531986989,-78.3687500419328,-10.799999999999994,54,1,211,0,b0b74801081d7a2ae669466a8785222550ef2c686c1796df4de891da310603ff
343,dqn,930,random,balanced,31.51123595505618,120.5,28.048333333333332,60,151,-123.40959186065447,267,116,0,4,0,0,300.0,-26.295312649337575,-16.335112481359108,-69.9791667299578,-10.799999999999994,54,2,267,0,620ec92bf581f7aa20322a2a829c624b28af954526b79df6a6b1268f06589325
344,dqn,357,random,left_heavy,38.83582089552239,133.0,26.025,57,120,-130.05606705186437,201,81,3,7,0,0,300.0,-24.398437806405127,-20.5815874999018,-74.27604174555745,-10.799999999999994,54,1,204,3,d0cafe34eae2f38f6ae9c214d60a95598cb77f40d428c28ad83a9cafc40f7813
345,dqn,805,random,ns_heavy,14.919491525423728,69.0,5.868333333333333,16,104,-48.54989170252376,118,14,0,1,0,0,300.0,-5.501562596880831,-1.4972875043706155,-31.3510416012723,-10.199999999999996,51,2,118,0,7428892fe51292db1d2d4da7c24f51316373fa2e9eef35907d9e002fac91de7e
346,dqn,35,random,balanced,34.2851711026616,126.0,30.06,55,139,-147.69239613850874,263,124,1,8,0,0,300.0,-28.181250344146974,-23.099687514959804,-86.211458279402,-10.199999999999996,51,3,264,1,c2a69d0e23f3672edef98435f069eddc1ea53385135fbd05b904f9ee8ddef9fe
347,dqn,215,random,low,31.89717741935484,129.5,26.368333333333332,56,134,-134.0785962792542,248,114,0,2,0,0,300.0,-24.720312822959386,-17.834324986903088,-80.5239584693918,-10.999999999999993,55,2,248,0,bf678b3241ca3fd07761d204298757116fc98dd81caac2e7a77f32d5f38d4254
348,dqn,258,random,left_heavy,32.845454545454544,105.0,24.09,55,134,-115.39574600489648,220,86,15,20,0,0,300.0,-22.5843751715729,-14.331162497855987,-67.88020833546761,-10.599999999999994,53,2,235,15,e6c17d1ef923d98607f6259e079a74fcaf1561133f33a70cd7ecd80567c906ca
349,dqn,16,random,left_heavy,30.759358288770052,120.5,19.175,39,127,-116.92758774341127,187,60,4,9,0,0,300.0,-17.97656273993198,-13.20727500401481,-75.14374999946449,-10.599999999999994,53,2,191,4,5a8ec888e3351b72032ef8e54a8be76ff9ff345db081c47bb65f15a4a3394e40
350,dqn,214,random,balanced,26.383663366336634,114.5,17.765,38,155,-114.00282506633233,202,47,0,2,0,0,300.0,-16.65468768682331,-9.420012499253792,-78.1281248802552,-9.799999999999997,49,4,202,0,ea84b8d4230180cc085458867f689ad098223fd699b396071e378272b68d77b8
351,dqn,575,random,low,39.27992957746479,129.5,37.185,78,157,-158.05730864043946,284,127,0,1,0,0,300.0,-34.86093782144599,-24.969287514166343,-87.0270833048271,-11.199999999999992,56,1,284,0,b0a88752af54cdd8ccb985b0a7aec74809045021b3b65a1b4351a3d98bf88ef8
352,dqn,791,random,balanced,11.544354838709678,40.5,4.7716666666666665,13,119,-37.89197923646498,124,5,0,1,0,0,300.0,-4.473437593434937,-0.8362500013616234,-23.382291641668417,-9.2,46,3,124,0,ce89e3d02692d5f0372c1bd53e2255316eb501e0ede8905100ea0d6ddddca646
353,dqn,257,random,heavy,43.65582655826558,134.0,53.696666666666665,98,159,-183.31257952813294,369,210,0,2,0,0,300.0,-50.34062523103785,-41.31153751945305,-80.46041677764151,-11.199999999999992,56,1,369,0,a3e887b14dadf2dfea389dcd5dbfcb42653ea044ebf5504501aa9ff2303f02cf
354,dqn,81,random,balanced,32.80672268907563,129.5,26.026666666666667,57,161,-126.54086690755716,238,77,0,2,0,0,300.0,-24.40000027581118,-15.952324988960028,-74.988541642786,-11.199999999999992,56,1,238,0,9c7788348bc19c45efc7de4fe2cbf847f09b511a756419df37b8e780112bf24d
355,dqn,373,random,left_heavy,38.28431372549019,116.5,32.545,64,136,-143.66666681346973,255,119,16,19,0,0,300.0,-30.51093763508834,-24.689062499087594,-77.26666667929385,-11.199999999999992,56,1,271,16,b25ae643c885ad1fde8e3f2bd994bec487e3cdf5f908e9da9c35f3fbc142e448
356,dqn,112,random,ns_heavy,25.532994923857867,80.0,16.766666666666666,52,149,-78.7468126886081,197,48,0,1,0,0,300.0,-15.71875020803418,-7.112437496755592,-46.51562498381827,-9.399999999999999,47,3,197,0,ed97b032e09c88ab3b9ca4ce2b20e98d1e15261f0f8ca341fb70f1254038e104
357,dqn,920,random,left_heavy,36.96488294314381,119.5,36.85166666666667,88,147,-140.9561921461835,299,152,17,23,0,0,300.0,-34.54843793134205,-24.666087522392637,-71.14166669244878,-10.599999999999994,53,1,316,17,8394135b73f29564e93098ceca2b25f5797af08840c94cad56ac93a8066495b7
358,dqn,543,random,heavy,35.39148936170213,141.5,27.723333333333333,68,160,-132.20947949571203,235,75,0,2,0,0,300.0,-25.99062529229559,-16.786562525612677,-78.43229167780373,-10.999999999999993,55,1,235,0,c3cd059b242498ca61648937ede582f3b51e75a788a2239a9d29b628b8ed7181
359,dqn,710,random,ew_heavy,28.071428571428573,105.0,20.96,48,123,-102.41149611223592,224,101,0,2,0,0,300.0,-19.650000222143717,-11.865662495462315,-60.29583339462988,-10.599999999999994,53,3,224,0,fed5a0f707d810ea30eec60bc4d9ba8951a789b47f972f906f572adb3414363f
360,dqn,200,random,balanced,33.94378698224852,124.5,19.121666666666666,43,117,-115.02532113494306,169,52,0,1,0,0,300.0,-17.92656272451859,-11.099800009298633,-75.59895840112586,-10.399999999999995,52,1,169,0,1a929c4a0049f47981d25fa1a2b191be186d33cdb21b427a50830d3143d5a26b
361,dqn,472,random,ns_heavy,35.51877934272301,117.5,25.218333333333334,56,130,-115.83173770716887,213,83,0,1,0,0,300.0,-23.642187756486237,-15.18954999121852,-65.59999995946418,-11.399999999999991,57,0,213,0,7df0a83ffb5647246345db300733efa150ad7cf66efb1a8b8387f8697935cfac
362,dqn,520,random,ns_heavy,25.28409090909091,80.0,14.833333333333334,33,141,-87.92541272080703,176,35,0,1,0,0,300.0,-13.90625028242357,-7.187912491073074,-55.831249947310425,-10.999999999999993,55,2,176,0,6f3a12162302791388f2d88d6e0e8d586db5d6fb0c5f23d02daa1955815e00b0
363,dqn,707,random,ns_heavy,28.511111111111113,102.0,17.106666666666666,38,131,-85.14472109971467,180,49,0,1,0,0,300.0,-16.03750029229559,-7.420762505292808,-51.486458302126266,-10.199999999999996,51,3,180,0,54b0c223084411f3dcb4e460f5d6523f059559c49a65a389efc2c5f9d3259c50
364,dqn,53,random,heavy,33.19069767441861,110.0,23.786666666666665,48,130,-114.21877949919357,215,85,0,1,0,0,300.0,-22.30000028735958,-15.886487487091651,-64.83229172474239,-11.199999999999992,56,1,215,0,c3eaef5acade4eb3a2b0762e90de93c31a64ca1ef003787bfd05546e36f72abc
365,dqn,375,random,ns_heavy,30.466037735849056,104.0,26.911666666666665,56,148,-117.32569200153881,265,117,3,7,0,0,300.0,-25.22968788316939,-18.46996250017037,-63.02604161819909,-10.599999999999994,53,1,268,3,4177d0d2747b66881571ee22ce1319b1698431305703d0bb7ce03adbd528ac78
366,dqn,188,random,ew_heavy,35.95068027210884,169.5,35.233333333333334,83,169,-147.61060026977134,294,125,0,3,0,0,300.0,-33.03125023539178,-23.710600042365698,-80.26874999201391,-10.599999999999994,53,2,294,0,cd5e1cf1aa4de7cd5fc938361d98febf02194717de52bf1b2d090f8d7577d587
367,dqn,927,random,left_heavy,23.720496894409937,87.5,12.73,29,129,-80.7152460288817,161,32,0,1,0,0,300.0,-11.934375254902989,-5.213162500350883,-53.167708273627795,-10.399999999999995,52,2,161,0,6cd9902fde3319af4ac7bfb7b3aa41cfc2db4520620fb6282c725189e3094d2e
368,dqn,344,random,ns_heavy,39.5,129.0,39.105,78,149,-159.1349420470352,297,148,0,3,0,0,300.0,-36.66093776351772,-28.919837501405702,-82.35416678211186,-11.199999999999992,56,1,297,0,a2bd168242605747b22fe5ee06cf71c94a7e31639b4072effb9ec28b84ec71a5
369,dqn,787,random,heavy,35.8477366255144,134.5,29.036666666666665,70,149,-125.32115035767715,243,94,0,2,0,0,300.0,-27.221875423798338,-15.264899995043372,-71.43437493883539,-11.399999999999991,57,0,243,0,9f9fa368eff6808cd434e9a744e0f28ceb0716deda49b6c1ae9bc78d43ae8c25
370,dqn,719,random,left_heavy,43.608996539792386,161.0,42.013333333333335,78,150,-173.04582523652286,289,139,11,13,0,0,300.0,-39.387500209966674,-34.877074974192524,-87.38125005236361,-11.399999999999991,57,1,300,11,3702bda132b8a1de72130a4b9c1ce5ea72d54dc9f866d67ebcb3c1b7f3efa32a
371,dqn,71,random,low,40.54641350210971,116.0,32.031666666666666,69,145,-136.64218778936632,237,92,0,2,0,0,300.0,-30.029687757138163,-20.521875030528474,-75.09062500169966,-10.999999999999993,55,2,237,0,45e0571bb397399fef20c12c794c542cfa4cbd2a2584c89c5ef23b9a49245c1f
372,dqn,829,random,heavy,27.755494505494507,94.5,16.838333333333335,38,125,-86.27611708869877,182,57,0,1,0,0,300.0,-15.785937759443186,-7.917262508959541,-52.572916820296086,-9.999999999999996,50,2,182,0,9e046489f6908c896e19442aea230335002a8cd15c8b20c6e1b397ecff66f608
373,dqn,388,random,ew_heavy,28.096774193548388,97.0,23.226666666666667,51,155,-107.57668797059372,248,93,0,2,0,0,300.0,-21.775000341818668,-12.186062504140864,-63.21562512463424,-10.399999999999995,52,2,248,0,fdf9400b38ceb592768a0eca483fb60f71a2cdd6dab707ce826bd79071d3e3b4
374,dqn,190,random,ns_heavy,38.6239837398374,108.5,31.671666666666667,86,137,-130.59755411742006,246,109,0,2,0,0,300.0,-29.69218766083941,-20.998074913632454,-69.50729154294822,-10.399999999999995,52,1,246,0,cfd2eca04d82417c2c101b5c8b2b187271375f0f6f226e5858c2e860fd8bb67b
375,dqn,783,random,low,34.42857142857143,143.5,24.903333333333332,53,138,-125.15478782531426,217,79,0,2,0,0,300.0,-23.3468752206536,-14.295412503379334,-77.31250010128133,-10.199999999999996,51,3,217,0,2f59ea6e22f22c0e6a6995fb9306938062fd79f0a4cb8284ae374120fa08a22d
376,dqn,507,random,heavy,34.0668449197861,106.5,21.235,43,129,-112.2590169727518,187,58,0,4,0,0,300.0,-19.907812804332934,-11.515787495830592,-70.03541667258833,-10.799999999999994,54,2,187,0,f0805999d3776909f2137178101023ddd9bbf324562138ab525543cee51929b5
377,dqn,504,random,low,36.90692640692641,119.5,28.418333333333333,60,144,-128.60518771166903,231,87,0,2,0,0,300.0,-26.64218769373838,-16.44112500058472,-74.92187501734588,-10.599999999999994,53,2,231,0,841ead57d2fd8680e6608855215f58601ae4809db6008e3900aaf5f4f0b013cb
378,dqn,856,random,ew_heavy,34.25217391304348,158.5,26.26,62,147,-132.58555019672932,230,83,0,1,0,0,300.0,-24.61875022179447,-16.332425016052724,-80.83437495888211,-10.799999999999994,54,1,230,0,99abb64332df91843ef6542d2437b4676f52bc387d1c4cc5767060e30099c22e
379,dqn,14,random,balanced,33.43295019157088,122.5,29.086666666666666,66,157,-125.96775854869338,261,104,0,1,0,0,300.0,-27.26875023485627,-16.41254999222291,-71.28645832161419,-10.999999999999993,55,3,261,0,766506079a34cd908b77128ecf75f888554352f56f3b15fa51bdfe95deae54dd
380,dqn,534,random,heavy,30.837786259541986,98.0,26.93166666666667,53,151,-113.43773775421796,262,111,0,2,0,0,300.0,-25.248437796719372,-15.414300029559676,-62.374999927938916,-10.399999999999995,52,2,262,0,674b2a0b34f57764c6b369b584fe7585f010dde07fa45a4a418b77e94dcf4619
381,dqn,364,random,left_heavy,15.60948905109489,76.0,7.128333333333333,19,119,-57.42761255707662,137,18,0,3,0,0,300.0,-6.682812621234916,-2.238549999055249,-41.90624993678648,-6.600000000000003,33,10,137,0,1abd50723357566c2f22ed1da95d90dc213dae864a2c93eef4cfc3fa4d6afb29
382,dqn,792,random,heavy,34.604910714285715,101.0,25.838333333333335,63,136,-105.84903366289583,224,88,0,2,0,0,300.0,-24.223437879467383,-14.042262471988945,-56.78333331143949,-10.799999999999994,54,2,224,0,54500242c62b7769ae6349def75d9b5db7519d2a8dd36fe10a201447a687fcde
383,dqn,104,random,heavy,29.46518987341772,82.5,15.518333333333333,33,116,-85.97550016959792,158,42,0,1,0,0,300.0,-14.548437725403346,-7.54268750582487,-53.68437493836973,-10.199999999999996,51,3,158,0,5284a70c0b981cc4da06b70d42388da55b10dc1c92e41d8e39091cf1d447936b
384,dqn,852,random,ns_heavy,39.693409742120345,153.0,46.181666666666665,104,159,-177.14967534351823,349,190,5,16,0,0,300.0,-43.295312878792174,-34.560612484446736,-88.29374998027924,-10.999999999999993,55,1,354,5,b715e90854fa60c064da66d6bbad42ef7493a7965e21cdc987e6eb760ed6e792
385,dqn,155,random,balanced,35.16477272727273,108.0,30.945,75,146,-127.21527508690411,264,118,0,4,0,0,300.0,-29.006250272737816,-18.746525025180745,-68.86249978898559,-10.599999999999994,53,1,264,0,eb7c482c1c640ecb278d3dcbccb2dfbdc60a8542225bc0c9394fdbd81b4b2f5f
386,dqn,331,random,balanced,26.53170731707317,120.0,18.131666666666668,41,138,-105.8852793364109,205,67,0,2,0,0,300.0,-16.99843768798746,-10.670174988990038,-67.8166666594334,-10.399999999999995,52,2,205,0,0537ab4e8d94625758fba82d566c6dcdd66456e1eefd07a4316f19bc3546b3ce
387,dqn,838,random,ns_heavy,32.8542600896861,105.5,24.421666666666667,57,126,-111.6456751686761,223,97,0,2,0,0,300.0,-22.895312742562965,-14.178487491654957,-64.17187493445817,-10.399999999999995,52,2,223,0,ed962a61ca7e1a97d88e219db4252b78d920926829988e6376d3d3744e09b5d9
388,dqn,614,random,heavy,35.48464912280702,117.0,26.968333333333334,55,135,-123.07300441926486,228,93,0,2,0,0,300.0,-25.28281279327348,-16.923524984323013,-69.86666664166842,-10.999999999999993,55,1,228,0,5f6afc00399cb94289175238e2fc6f2c37f5dd6d1c12da6b8a12bd3c15c994dd
389,dqn,931,random,heavy,33.494974874371856,99.5,22.218333333333334,46,140,-101.87044621031016,199,59,0,1,0,0,300.0,-20.829687898163684,-11.160550020334629,-58.88020829181187,-10.999999999999993,55,1,199,0,00d0c25b4a0640b2e15c85a1025c6f770a8405455215fe2a98ac33a7cfb116ec
390,dqn,538,random,balanced,24.4,89.5,18.706666666666667,46,145,-95.90159607608729,230,85,0,2,0,0,300.0,-17.537500300677493,-9.021387500478157,-59.94270827493165,-9.399999999999999,47,4,230,0,d02d3b3c0a8650f1791b65dbd14f015a3cee0fdb8abfe9630cbe0c838e9f1cb7
391,dqn,605,random,ns_heavy,35.23012552301255,112.5,28.066666666666666,62,158,-115.91082111138311,239,81,0,2,0,0,300.0,-26.312500333646312,-14.65561248864906,-64.14270828908775,-10.799999999999994,54,2,239,0,f6e313aebb7aa5162ec51f8da35ac2084eee5f4e61e93a1c5657cd5381158568
392,dqn,204,random,heavy,24.202312138728324,74.5,13.956666666666667,35,146,-77.4935917913106,173,27,0,1,0,0,300.0,-13.08437516365666,-4.9706750010729595,-49.83854162658099,-9.599999999999998,48,5,173,0,454867996975e041da5df5037a8b6d1ae2ae7b0aee6746dfbd81be27cfb658d1
393,dqn,762,random,ew_heavy,27.955801104972377,101.5,16.866666666666667,39,132,-101.45355032429289,181,49,0,2,0,0,300.0,-15.812500372878276,-7.522300016164809,-67.3187499352498,-10.799999999999994,54,2,181,0,d2c486090fb6139f92af8623c33f36410ba043d3a3eb9b0f0f3e876e3b6d60d4
394,dqn,724,random,ns_heavy,46.076190476190476,169.0,48.38166666666667,94,162,-178.4039127188633,315,153,0,3,0,0,300.0,-45.357812699628994,-35.624225025730276,-86.82187499350403,-10.599999999999994,53,2,315,0,dfb8bbd2600faca8a19da53063977a42de571877015e02d49e43712ae195e145
395,dqn,671,random,ns_heavy,39.13095238095238,134.0,49.31333333333333,96,162,-175.40816687289416,378,216,2,15,0,0,300.0,-46.23125014919788,-37.11962496915146,-81.45729175454471,-10.599999999999994,53,2,380,2,706760fa2a1a3430f5af21515449a679c7fee18faac867d400ea146afa62a83a
396,dqn,874,random,left_heavy,29.860103626943005,106.0,19.211666666666666,40,126,-97.5450294215807,193,67,2,7,0,0,300.0,-18.01093781099189,-8.99867500691835,-60.535416603670456,-9.999999999999996,50,3,195,2,8a034b87719a465968a2661379ec51200d8ced9038ed0f2cbc840263386384d9
397,dqn,39,random,low,31.127027027027026,99.0,19.195,40,121,-101.71502518467528,185,64,0,2,0,0,300.0,-17.995312706916593,-10.925962511821853,-62.39374996593688,-10.399999999999995,52,2,185,0,2c1e289bb2049af78d397c7cc434eec6e152400fa5221cfe77c5f803664d0870
398,dqn,38,random,ns_heavy,39.304597701149426,104.0,34.195,67,165,-135.7933959813984,261,96,0,2,0,0,300.0,-32.05781263764948,-21.496000006511895,-71.63958333723713,-10.599999999999994,53,2,261,0,2388acc5c3432b3e5970c4b63cc06b9859f8aceda0c1de37131005f630083129
399,dqn,527,random,low,29.6225,105.5,19.748333333333335,41,150,-99.36794189825814,200,50,0,2,0,0,300.0,-18.514062742702663,-8.624712491721583,-61.229166663833894,-10.999999999999993,55,2,200,0,849462797b3d041d53d03b5ddbc4d547f5c763347a26e013cb25a2cc94a015a4
400,dqn,955,random,balanced,39.12328767123287,99.0,28.56,59,146,-117.23913356394111,219,73,0,1,0,0,300.0,-26.77500027057249,-15.35580001545677,-63.90833327791188,-11.199999999999992,56,2,219,0,d7ce4b7e3d67a6faf3686f4f94254c6db5a2b8f3e9d061a8f7d780ad00603f91
401,dqn,416,random,left_heavy,25.893939393939394,100.5,17.095,43,140,-87.39522101818656,198,58,0,6,0,0,300.0,-16.026562784216367,-7.535324997781569,-54.23333323618863,-9.599999999999998,48,3,198,0,05eb738634fb18cd6d445e1ee1563b42d90c4cb8de1596522fc512792662513e
402,dqn,54,random,ns_heavy,36.743506493506494,118.5,18.861666666666668,39,104,-111.49620860874647,154,50,0,1,0,0,300.0,-17.682812740444206,-11.758187494277813,-71.65520837402437,-10.399999999999995,52,3,154,0,9395a48f1d17c76df63bff72f793ebbae98bc7b314ce08ea33290a06dc26d9a7
403,dqn,211,random,balanced,27.325949367088608,85.5,14.391666666666667,30,129,-92.54508341498514,158,29,0,1,0,0,300.0,-13.49218771548476,-6.2070625057800495,-62.44583319372032,-10.399999999999995,52,2,158,0,889655864cad64164cc118accb734b9841271c34c291130750687fd1004da0ac
404,dqn,404,random,low,31.093434343434343,94.5,20.52166666666667,43,147,-111.7286128429223,198,51,0,2,0,0,300.0,-19.239062727428973,-12.873924990114027,-69.0156251253793,-10.599999999999994,53,1,198,0,a15773ee65a7070349d5ffffd03e96ad455e4dade19b01f5547cd93a9a77e597
405,dqn,589,random,ew_heavy,38.44047619047619,136.0,32.29,63,139,-147.63487097585022,252,113,0,3,0,0,300.0,-30.271875091129914,-25.13278756135988,-81.63020832336042,-10.599999999999994,53,2,252,0,62d65a166e907d971f6276982d01baf19375edb011e55a71b13b62e13ac09031
406,dqn,77,random,balanced,30.929936305732483,102.5,16.186666666666667,44,130,-94.08801686581941,157,27,0,2,0,0,300.0,-15.1750002525514,-7.455724986873245,-60.857291626394726,-10.599999999999994,53,3,157,0,66769b7d63048d7023c157e0e9dd6c3c726a13196b688d44967bb0ff52f5df1b
407,dqn,290,random,ns_heavy,20.679738562091504,67.0,10.546666666666667,26,124,-70.05832101708292,153,29,0,3,0,0,300.0,-9.88750021578744,-3.7124874950713984,-46.058333306224085,-10.399999999999995,52,3,153,0,4d67d5c5bee4554007fffd3cfd40273452e352b5fe7b61c46278e71639dc2644
408,dqn,381,random,heavy,35.03021148036254,164.0,38.65,76,152,-156.81049190851417,331,179,0,3,0,0,300.0,-36.234375296742655,-26.403199965073867,-83.17291664669756,-10.999999999999993,55,1,331,0,180f20b176edf6b4ed2f72eabcb3f9b632d7da73643ee40b1e0cdd03582d6801
409,dqn,306,random,heavy,29.450592885375492,79.5,24.836666666666666,56,145,-102.21871698365935,253,108,0,2,0,0,300.0,-23.28437537769787,-13.052050010859238,-54.88229159510229,-10.999999999999993,55,4,253,0,700ba6b5cebd2848c9f12185925c31322ead97bc2a37aeba2cf6620bedb4f9cb
410,dqn,569,random,ns_heavy,36.258555133079845,127.5,31.786666666666665,63,157,-145.95262082481997,263,106,0,3,0,0,300.0,-29.800000126007944,-19.91928751291489,-85.23333318589721,-10.999999999999993,55,2,263,0,d9ddf450c68fd7bcc1ae2ee7e1b73bf5751435549ce4079fd278f71a88afaae3
411,dqn,961,random,balanced,28.73469387755102,140.5,9.386666666666667,18,84,-112.37098357406863,98,14,0,1,0,0,300.0,-8.800000226008706,-5.647025009239587,-89.32395833882038,-8.600000000000001,43,6,98,0,1dc288c1a78226e794609cdb2041557686fa61e30d2571f6aeee9e870b72f8f2
412,dqn,502,random,ns_heavy,29.962962962962962,157.0,24.27,66,149,-123.10672100577577,243,94,0,2,0,0,300.0,-22.75312517536804,-13.582762517850638,-76.17083331255708,-10.599999999999994,53,2,243,0,587b6a738beee818c4ee8a05897de2582a50bdb2970cb67fcf263c1164006f3b
413,dqn,711,random,ew_heavy,41.1858407079646,158.0,31.026666666666667,58,138,-150.52112113787518,226,88,0,2,0,0,300.0,-29.08750033006072,-23.07841249339472,-87.15520831441972,-11.199999999999992,56,0,226,0,ecd8d68f35661f79bc1aa36ac5f2031e9bee8f9f925b4c4659e510798ffd416a
414,dqn,355,random,ew_heavy,29.28310502283105,144.0,21.376666666666665,43,163,-109.38441701317134,219,56,0,2,0,0,300.0,-20.04062530316878,-10.84275001878777,-68.30104169121478,-10.199999999999996,51,2,219,0,5293f30bc2385bd8d7d52ab1786ecc37a67840a2fa644a1a9defb7a36a9e19a3
415,dqn,904,random,low,25.28974358974359,104.0,16.438333333333333,41,146,-96.68735852959148,195,49,0,1,0,0,300.0,-15.410937691573054,-8.614962469954481,-62.661458368063904,-9.999999999999996,50,3,195,0,752de5406f1a60f4ea2458929e93c8aed50194eee4e2887eac005976f6e75371
416,dqn,522,random,ew_heavy,39.95709570957096,138.5,40.358333333333334,82,153,-158.28227944555837,303,150,0,5,0,0,300.0,-37.83593779895455,-28.510924986681495,-80.93541665992234,-10.999999999999993,55,2,303,0,482fe256c319c800f922cbcf21787918770bcf26a84838e1345eb17e0d449857
417,dqn,645,random,balanced,33.15561224489796,122.5,21.663333333333334,58,135,-118.87591283354925,196,61,0,2,0,0,300.0,-20.3093753491994,-13.53216250090409,-75.83437498344574,-9.2,46,3,196,0,d435db909a3c194e3acf2061fde2d954724331287d21becff06636ee5bf1a437
418,dqn,698,random,heavy,32.350202429149796,117.5,26.635,74,158,-116.68867520389976,247,89,0,1,0,0,300.0,-24.97031277185306,-15.577737466296098,-65.74062496575061,-10.399999999999995,52,1,247,0,a4f585fc8b143a4a892a344bfae299896492848eeb76e9ac75eb0096e0f3012c
419,dqn,796,random,ns_heavy,23.56441717791411,64.0,12.803333333333333,25,124,-70.11179183661956,163,39,0,2,0,0,300.0,-12.00312520051375,-4.888874998535178,-42.4197916375706,-10.799999999999994,54,3,163,0,4f1343132c82baaa9daf414d237e738224b00fd17da8eeeccaae6261b4d440c8
420,dqn,655,random,ns_heavy,32.525862068965516,133.0,25.153333333333332,53,146,-128.3287170775388,232,86,0,2,0,0,300.0,-23.581250297487713,-14.55267504040749,-79.39479173964355,-10.799999999999994,54,2,232,0,cd734f17b097eb958f9715f9f9714b8827887a8266ab5f7346a55d9ba6ed2e72
421,dqn,103,random,left_heavy,38.94827586206897,136.0,37.655,81,153,-148.40566696272214,290,137,3,6,0,0,300.0,-35.30156283045653,-27.818687513321496,-74.68541661894415,-10.599999999999994,53,2,293,3,18edb8d4168b60e66455d7b72d2ff4c754e225f7bb52ebfce3813ecc6d5cfdbd
422,dqn,152,random,heavy,26.83128834355828,115.0,14.578333333333333,31,121,-93.72576272993533,163,42,0,2,0,0,300.0,-13.667187774321064,-6.1835749993631905,-64.27499995625112,-9.599999999999998,48,5,163,0,11baa19501b302c7815fe85e868903fd3ac5f4409fa7d812551eb605132621ed
423,dqn,905,random,left_heavy,29.854748603351954,94.0,17.81833333333333,33,126,-102.82905841956325,179,53,8,13,0,0,300.0,-16.70468775916379,-10.331662494246121,-65.39270816615317,-10.399999999999995,52,3,187,8,0f5d4bdd08deab02733df099d05802f86cba5267b6ada5cb7d94fc7455310686
424,dqn,556,random,ew_heavy,20.723214285714285,66.0,11.61,34,102,-81.28909617450043,168,66,0,10,0,0,300.0,-10.88437533355318,-6.627637498215332,-52.97708334273193,-10.799999999999994,54,1,168,0,d2e0babe22c2fe9a7444df9afb30c9dc3b62dbd8afaa0a05bdb6d03369b837ac
425,dqn,15,random,low,31.507731958762886,117.0,20.375,44,137,-99.27245466402894,194,57,0,2,0,0,300.0,-19.101562959258445,-10.901100030692037,-59.86979167407844,-9.399999999999999,47,4,194,0,cabf4192916bc2404dd1bb5fe3e23be13423c7bb57f8c58240deccb4a48ae5d2
426,dqn,66,random,low,30.308056872037916,152.5,21.316666666666666,48,141,-126.32977948057302,211,70,0,2,0,0,300.0,-19.98437530954834,-12.353737511102363,-83.59166665992234,-10.399999999999995,52,1,211,0,b0b74801081d7a2ae669466a8785222550ef2c686c1796df4de891da310603ff
427,dqn,401,random,ew_heavy,26.02092050209205,121.0,20.73,53,158,-105.69853792113214,239,81,0,2,0,0,300.0,-19.434375438722782,-9.829787516472424,-66.03437496593688,-10.399999999999995,52,3,239,0,6484a516f5fb9d85b9df0ec9b8c93bc6d465dc5b65be19b597c32b52f1f814c5
428,dqn,643,random,left_heavy,38.077551020408166,128.5,31.1,64,130,-142.01467093741957,245,115,17,21,0,0,300.0,-29.15625011071097,-22.306337501089732,-79.35208332561888,-11.199999999999992,56,2,262,17,486fea750b9fef87c77581b0585c5597161e764d7a6d4d6b445a2de67f446aac
429,dqn,60,random,ns_heavy,25.273364485981308,78.5,18.028333333333332,40,164,-89.05737940176694,214,50,0,2,0,0,300.0,-16.901562797022052,-8.232900010387674,-53.72291659435723,-10.199999999999996,51,3,214,0,16c175020d411c46299b3a1f013b0c77472fb46dc9fd40621ad0942b48edbe16
430,dqn,43,random,left_heavy,38.292735042735046,153.5,29.87,61,136,-149.64432944198563,234,98,7,10,0,0,300.0,-28.00312538968865,-23.540162470978256,-87.30104158131871,-10.799999999999994,54,0,241,7,a88a78010f1855cb196fb49c2f38ef4a64f9ada54d39be44382ee5baa87686db
431,dqn,743,random,left_heavy,30.992227979274613,114.5,19.94333333333333,39,122,-116.3252916860292,193,71,11,14,0,0,300.0,-18.696875103050843,-15.583625019541072,-71.44479156343732,-10.599999999999994,53,1,204,11,af3d3491f39fc948a42a6ef068548e2ef1a73df8abd6847e1c8f6477381d70b5
432,dqn,559,random,balanced,37.5015015015015,122.5,41.626666666666665,92,168,-153.94198776725753,333,165,0,2,0,0,300.0,-39.02500034845434,-27.579487478570822,-76.13749994023237,-11.199999999999992,56,1,333,0,55d2e41af3e2ff3daaab55836e5a7575f7ddddadb34bd467d399a210dafcf1b4
433,dqn,894,random,ew_heavy,26.55439330543933,107.0,21.155,48,152,-107.89095440099554,239,87,0,2,0,0,300.0,-19.832812789594755,-10.866474988638224,-66.19166662276257,-10.999999999999993,55,1,239,0,ea4080d54d0b2007c5908d0cc9a071c307d8b2de0d15c0101d2d7b51bca71341
434,dqn,229,random,left_heavy,30.942934782608695,98.5,18.983333333333334,43,120,-97.88877126265427,184,64,8,11,0,0,300.0,-17.796875264379196,-11.227312525670275,-57.86458347260486,-10.999999999999993,55,2,192,8,7ae9585f8bd1735e1b0dfbeb1a34909c9965f63e394f0c889efc6cbb0d59b9ed
435,dqn,925,random,ns_heavy,36.74740484429066,148.0,35.4,70,144,-168.08442113668934,289,145,0,2,0,0,300.0,-33.18750026926864,-25.576087459868727,-97.92083340755198,-11.399999999999991,57,2,289,0,1400ca180edf0a45a7ef775b2600615cfb1d13ce8f412e7c9817851ceb5a3358
436,dqn,49,random,balanced,37.09090909090909,123.0,31.28,62,162,-144.82446708160788,253,91,0,2,0,0,300.0,-29.325000364566222,-18.851549987363253,-85.6479167296784,-10.999999999999993,55,1,253,0,ce40379bc1b88af8d6013096b2d7539eb8838ebf4276b3eb87f97281156cf0d0
437,dqn,658,random,ew_heavy,43.32905982905983,138.5,33.79666666666667,73,123,-152.44114589439624,234,111,0,2,0,0,300.0,-31.684375203331,-23.89218745897452,-85.86458323209081,-10.999999999999993,55,2,234,0,0ff30e07b66e194fa34a0174c3e7b944208de53793b23484d7a75621353e3357
438,dqn,487,random,left_heavy,34.87442922374429,131.5,25.466666666666665,50,129,-122.76468348456176,219,90,33,36,0,0,300.0,-23.875000274158083,-18.540725025996654,-69.14895818440709,-11.199999999999992,56,4,252,33,1fb513a2492574e780bdfcee52484cc9139cd2e58c28ce715e2670244ddaaf98
439,dqn,245,random,low,25.211267605633804,96.5,11.933333333333334,25,117,-90.01578354211158,142,25,0,1,0,0,300.0,-11.18750019161962,-6.010575003708799,-62.21770834678318,-10.599999999999994,53,3,142,0,120f6b96eacedd0e49f0f91f6aa6413a0c10d10fc97cdd0ffdee2b36a644ac4a
440,dqn,307,random,low,40.261565836298935,138.5,37.711666666666666,87,157,-162.94339635893184,281,124,0,3,0,0,300.0,-35.354687936021946,-27.449124993751322,-89.33958342915867,-10.799999999999994,54,1,281,0,0a54e8692d4f2c8b5a14492a137ba29b7781ec15194fd66d370936631ed9ff26
441,dqn,791,random,balanced,15.318548387096774,87.0,6.331666666666667,16,114,-53.15870849942513,124,10,0,1,0,0,300.0,-5.935937634436414,-1.5675624976698606,-36.455208367318846,-9.2,46,3,124,0,ce89e3d02692d5f0372c1bd53e2255316eb501e0ede8905100ea0d6ddddca646
442,dqn,58,random,left_heavy,30.861702127659573,98.5,24.18166666666667,48,134,-124.27624193332235,235,101,15,19,0,0,300.0,-22.67031288065482,-16.258012496680745,-74.14791655598674,-11.199999999999992,56,0,250,15,22ac7d2660c24fb3ecc230ed433192a0e7a8e9804ec889a42b37aeaa98902943
443,dqn,372,random,left_heavy,37.50909090909091,109.5,27.508333333333333,61,121,-123.42866669594588,220,99,17,20,0,0,300.0,-25.789062623749487,-19.22606243127303,-67.61354164092336,-10.799999999999994,54,1,237,17,6b5831900879c4868efc5846ef037e7ec27ff6c22570a9de11effff528e972bd
444,dqn,783,random,low,27.679723502304146,150.0,20.02166666666667,46,165,-111.35864605127206,217,52,0,2,0,0,300.0,-18.770312740816735,-10.792499992682858,-71.39583331777249,-10.399999999999995,52,3,217,0,2f59ea6e22f22c0e6a6995fb9306938062fd79f0a4cb8284ae374120fa08a22d
445,dqn,205,random,left_heavy,38.44396551724138,122.5,29.736666666666668,51,141,-134.5165711721645,232,91,22,26,0,0,300.0,-27.87812529085204,-22.345737518464016,-73.0927083628485,-11.199999999999992,56,0,254,22,89af6512ac5f388c5f51946375b1edc3904205886e6b5fc65b8893d1fc3de4ac
446,dqn,233,random,balanced,27.09493670886076,109.0,14.27,36,118,-91.69509612311306,158,40,0,2,0,0,300.0,-13.378125251154415,-7.374262478562743,-60.14270839339588,-10.799999999999994,54,1,158,0,4af62996debdab1aa3ea222acd0bc880dd16c7deba05674f73c7f8a8db56db77
447,dqn,950,random,low,29.426966292134832,128.5,17.46,38,131,-122.04637512025154,178,47,0,1,0,0,300.0,-16.368750280933455,-10.88699996502328,-83.79062487429474,-10.999999999999993,55,4,178,0,8efd5bbce89cd20756eabd05eeb4ee985be06fe871441aac976c24e1c8d84e8a
448,dqn,661,random,balanced,40.988839285714285,135.5,30.605,71,123,-146.51651681693397,224,101,0,2,0,0,300.0,-28.69218769890722,-21.529537549932872,-85.69479156809393,-10.599999999999994,53,3,224,0,1a414c42314b64bf8cc9771061844ae1a7cf6863140fde512ac2412a5ab1b9be
449,dqn,227,random,ew_heavy,30.33108108108108,138.5,22.445,50,144,-118.86765457113731,222,78,0,2,0,0,300.0,-21.042187816812657,-12.711925025856909,-74.11354172846768,-10.999999999999993,55,1,222,0,90b1002e86e70c5bb80bcf99d87ede7dbdde0c4d98aab4a8ac5899e5fedc1ba6
450,dqn,418,random,left_heavy,31.266519823788546,117.5,23.658333333333335,47,153,-121.5376170024021,227,74,28,33,0,0,300.0,-22.17968778440263,-17.388137508530768,-71.3697917094687,-10.599999999999994,53,2,255,28,4e09c798d6527f1d560e9828eb0d30c88179c1ad637cd6d038f651b13a88effb
451,dqn,318,random,balanced,33.08893280632411,109.5,27.905,60,151,-113.32915450120417,253,102,0,2,0,0,300.0,-26.160937874461524,-15.860925005563335,-60.50729162117932,-10.799999999999994,54,3,253,0,bad8acf6ae8bf1d2e297303d4d97064ec72a24903ba76ed52b74cf34cd8221e0
452,dqn,789,random,left_heavy,21.725641025641025,93.0,14.121666666666666,42,136,-91.77709613298215,195,59,0,9,0,0,300.0,-13.239062705892138,-7.054700007733483,-62.283333419356495,-9.2,46,4,195,0,5296a343a29010c66e5e67446e63eaaa98fd13c130f2c888a8271ae188733afa
453,dqn,26,random,low,21.387614678899084,103.5,15.541666666666666,48,146,-90.3221626458879,218,72,0,2,0,0,300.0,-14.570312707452103,-6.929975007702889,-58.42187493073288,-10.399999999999995,52,5,218,0,465ddbb95a36545c0936f7dfeae809c800295fd9d226a47c9708ce4fa9e5f480
454,dqn,301,random,ns_heavy,28.81637168141593,106.5,21.708333333333332,51,157,-108.2457502269092,226,69,0,1,0,0,300.0,-20.351562717580236,-10.509812475591758,-66.58437503373716,-10.799999999999994,54,2,226,0,9dbc89037759de63558948d1e18f226df49b2439b1cd0b0d4351f53d80e347f7
455,dqn,359,random,ew_heavy,42.25971731448763,128.0,39.86666666666667,79,161,-158.3938544163473,283,122,0,2,0,0,300.0,-37.37500031653326,-27.602187489438066,-82.01666661037598,-11.399999999999991,57,1,283,0,32f061e1251b2821d66713c4b6b21654a1f844a6291771eb4a10ef561d5935c1
456,dqn,129,random,left_heavy,39.791545189504376,138.0,45.501666666666665,87,164,-163.2938709415416,343,179,16,21,0,0,300.0,-42.65781273553148,-34.255849914314595,-75.38020829169545,-10.999999999999993,55,1,359,16,4073a805572b0b716bbf6c1b4450a7fa0f76d1fbf10053b5b89a7708e052f884
457,dqn,878,random,low,28.35483870967742,79.5,17.58,44,123,-90.90431256814558,186,63,0,1,0,0,300.0,-16.481250191805884,-8.926187500554809,-54.29687487578485,-11.199999999999992,56,1,186,0,951cdc69d092f84fa4a17b5426485286bd1a9875f45ad7a180a7f27a41c6cccc
458,dqn,344,random,ns_heavy,38.54545454545455,118.0,38.16,76,149,-151.5725584680265,297,148,0,3,0,0,300.0,-35.77500005415641,-29.20485002419955,-75.39270838967059,-11.199999999999992,56,2,297,0,a2bd168242605747b22fe5ee06cf71c94a7e31639b4072effb9ec28b84ec71a5
459,dqn,340,random,balanced,35.29516129032258,121.0,36.471666666666664,73,164,-142.34599201815658,310,146,0,2,0,0,300.0,-34.192187903565355,-23.924637520233954,-72.62916659435723,-11.59999999999999,58,0,310,0,17f78fdc0f18b48fc2ad64e0f6f3db1ee51523cb0086bec6caddbea13d72e9af
460,dqn,676,random,balanced,27.018099547511312,85.0,19.903333333333332,45,142,-101.0790876135944,221,79,0,2,0,0,300.0,-18.65937518957071,-10.894712512848493,-61.12499991117511,-10.399999999999995,52,2,221,0,3b371675b8f6776880a16342eb83f8d5e5aca890a52b385a24ac45c440a18be0
461,dqn,304,random,heavy,35.449056603773585,136.5,31.313333333333333,65,165,-139.80463788599363,265,100,0,2,0,0,300.0,-29.356250333948992,-20.557762450507294,-79.29062510153744,-10.599999999999994,53,1,265,0,c7e37714438630ea82d223a5efff6d5576298d80c5476e1fb6c5162b24295574
462,dqn,315,random,left_heavy,37.90334572490706,127.5,33.995,82,137,-148.57865032185438,269,132,37,40,0,0,300.0,-31.870312853250653,-25.84271248208461,-79.6656249865191,-11.199999999999992,56,1,306,37,df55f184347ce5cf41c31c106d67c9bfc4f8d6bf11a2427649c16469c284653f
463,dqn,462,random,left_heavy,34.404444444444444,111.5,25.808333333333334,56,130,-116.35907534079674,225,95,25,30,0,0,300.0,-24.195312759839,-17.65126252822156,-63.31250005273614,-11.199999999999992,56,0,250,25,7dd1ccc1207862660f47929096182011b946c7075353657c77db0e9bcbe0ce3b
464,dqn,824,random,low,14.565693430656934,44.0,6.651666666666666,24,127,-44.75889178313446,137,10,0,1,0,0,300.0,-6.235937635297887,-1.4531624961098708,-26.8697916517267,-10.199999999999996,51,2,137,0,1e666f71c49f4fccb3c6f865600811d72623c1fb13fd0f714655ae4365d97dfe
465,dqn,809,random,ew_heavy,19.029850746268657,62.0,8.5,26,108,-54.98067930211618,134,26,0,1,0,0,300.0,-7.9687501770677045,-2.8858875020996484,-34.12604162294883,-9.999999999999996,50,1,134,0,37f48cce4f717ccf1b801d4d0679c677345a880b80c10546a0689ba2102469dc
466,dqn,354,random,heavy,21.610655737704917,120.5,17.576666666666668,47,160,-104.92880426230339,244,84,0,2,0,0,300.0,-16.478125144029036,-7.568387495604839,-70.48229162266944,-10.399999999999995,52,3,244,0,b8276afebc9d656a9aa59d2fb010a09cbab1acd37d182a783ae154a5d078d94f
467,dqn,500,random,left_heavy,33.013333333333335,104.0,24.761666666666667,53,144,-111.41458774083945,225,81,2,5,0,0,300.0,-23.21406285406556,-15.281774998695619,-61.91874988807831,-10.999999999999993,55,0,227,2,960b4f8a37cb30f594872518b915d2fb88deaa3f72f1f908eb3f62285d674c15
468,dqn,191,random,balanced,26.432989690721648,107.0,17.093333333333334,39,144,-100.27752938674895,194,50,0,1,0,0,300.0,-16.025000240653753,-8.357737490643194,-64.49479165545199,-11.399999999999991,57,2,194,0,4d0957c9651ff85b55a9c15aa51319839b175dd0c513bf4017ab2d2aa6034de8
469,dqn,244,random,low,35.03005464480874,150.0,21.368333333333332,39,127,-123.44077941424834,183,56,0,1,0,0,300.0,-20.032812742167152,-13.73505000675723,-78.67291666532401,-10.999999999999993,55,1,183,0,909accbb8fa105debf33b3bd10000710d57612de82a6abf05b3af750b334bb6a
470,dqn,576,random,balanced,25.357142857142858,113.0,21.891666666666666,49,177,-103.43004595905441,259,82,0,3,0,0,300.0,-20.523437710595317,-11.176399995320386,-60.7302082531387,-10.999999999999993,55,1,259,0,98f0a1aa598913d7c08fea0eac23359114d68b055d1434c34dc6d09ee1ed8c6d
471,dqn,242,random,heavy,37.45454545454545,174.0,28.84,63,142,-139.60600443260398,231,89,0,2,0,0,300.0,-27.037500211969018,-21.267462535194497,-80.10104168544058,-11.199999999999992,56,1,231,0,42d2243537f612c4d0af505551e4e79308d20d920241f65bafd9bbfae9da80f9
472,dqn,571,random,low,22.32843137254902,98.5,15.183333333333334,38,158,-83.58705860763224,204,46,0,2,0,0,300.0,-14.23437529464718,-5.878724992325444,-52.073958320659585,-11.399999999999991,57,1,204,0,e0542ac0898f128937ff393e88f79352dc0cd44c6d9aabad0f54a8577c43ccc7
473,dqn,768,random,heavy,37.457661290322584,172.5,30.965,67,141,-146.25913779174235,248,107,0,3,0,0,300.0,-29.029687737696804,-22.26382500410327,-83.76562504994217,-11.199999999999992,56,2,248,0,13e9da340406a21e64117d9080edd67d0df5e32428754b747570555eb1a90116
474,dqn,583,random,ns_heavy,20.78368794326241,73.5,9.768333333333333,20,119,-75.98386683077045,141,22,0,1,0,0,300.0,-9.157812727149576,-3.6437624932448687,-51.78229161037598,-11.399999999999991,57,0,141,0,78326943eb5be11606f878166cb29e4f13afb39ea45c2bc6ef098e9e52931751
475,dqn,716,random,ew_heavy,40.80487804878049,104.5,39.03666666666667,91,169,-142.2046837819601,287,118,0,1,0,0,300.0,-36.596875280258246,-25.761975071053175,-68.84583343064878,-10.999999999999993,55,1,287,0,a55dc77ec8172c2030adcbb098647c80018cf24eaf9432eeae7064be30462fee
476,dqn,27,random,balanced,20.376666666666665,79.5,10.188333333333333,24,124,-68.07691682547376,150,26,0,2,0,0,300.0,-9.551562675274909,-3.79931249903093,-43.92604165116791,-10.799999999999994,54,3,150,0,a9a05237e06fb7cb66d68183c611db1ccf094499796dc643e9bc16acce24fdeb
477,dqn,554,random,left_heavy,46.439516129032256,149.0,38.391666666666666,96,122,-174.06524190510768,248,126,27,32,0,0,300.0,-35.992187610128894,-35.85638756874612,-91.4166667262325,-10.799999999999994,54,3,275,27,1357acea26deba285d711896a9b91cedb2815e1276744ee5a2d0c94f1f8b40af
478,dqn,530,random,ns_heavy,29.61622807017544,122.5,22.508333333333333,48,144,-116.74200852645147,228,84,0,2,0,0,300.0,-21.101562721305527,-14.197737452798176,-70.44270835234784,-10.999999999999993,55,1,228,0,b4e97d1f42d1bfca3570171a665f9d877251593ee06cb0701d65e30d07eb070d
479,dqn,773,random,low,33.624015748031496,99.5,28.468333333333334,57,156,-115.96206260896365,254,98,0,2,0,0,300.0,-26.68906278628856,-16.21674998488816,-61.85624983778689,-11.199999999999992,56,0,254,0,df7200a9dac373bbcfc06f0594a303f5a021428f1ee15ca33c0395fea6150f43
480,dqn,594,random,left_heavy,37.326530612244895,108.0,24.391666666666666,50,118,-131.10734984662045,196,78,26,30,0,0,300.0,-22.867187622236088,-20.11828750133645,-76.92187472304795,-11.199999999999992,56,2,222,26,c34de4432a582ccd4715db37a9da27baee6e7bc3a2968b493c862daaddf342c2
481,dqn,622,random,ew_heavy,25.81094527363184,110.0,17.293333333333333,37,137,-107.20151695015443,201,64,0,2,0,0,300.0,-16.212500269059092,-9.084849991370717,-70.90416668972466,-10.999999999999993,55,2,201,0,f857ae1374219d6abf0d7e86b50ef163a7afebca8ea1020202c6825d749e6b7a
482,dqn,150,random,left_heavy,33.61284722222222,149.5,32.275,73,158,-136.51454195817715,288,130,8,12,0,0,300.0,-30.257812759722583,-19.602562511151344,-75.05416668730322,-11.59999999999999,58,1,296,8,9d17157e71213d5a818479d06a5453c56f8a15cbe0740ae7797064c166564464
483,dqn,166,random,low,33.924778761061944,135.0,25.55666666666667,54,149,-137.89533341846908,226,77,0,2,0,0,300.0,-23.959375096135773,-17.51512497252334,-85.42083334980998,-10.999999999999993,55,2,226,0,33fa4eb9c6433c363b580e0c3d2b1e76957480a154da7e53e41f9c1a0610eccd
484,dqn,46,random,left_heavy,42.440384615384616,135.5,36.785,79,142,-158.03292550120167,260,118,30,33,0,0,300.0,-34.485937924007885,-30.621987607904156,-81.52499996928964,-11.399999999999991,57,0,290,30,4c408e75356d0421411c730cec1a9914ee8cf2b789ed1a1d12a25760557920a0
485,dqn,648,random,balanced,37.68388429752066,130.5,30.398333333333333,56,149,-145.13920444309036,242,93,0,2,0,0,300.0,-28.498437797883525,-19.633474997950543,-86.00729164725635,-10.999999999999993,55,2,242,0,a32a98b8d39e36e4e305e11c30525ee1c4159324b739e566d4b67a3b860b4a78
486,dqn,472,random,ns_heavy,34.49295774647887,157.5,24.49,58,131,-127.13186684986505,213,82,0,1,0,0,300.0,-22.959375183447264,-16.671450013200957,-76.50104165321682,-10.999999999999993,55,0,213,0,7df0a83ffb5647246345db300733efa150ad7cf66efb1a8b8387f8697935cfac
487,dqn,815,random,low,44.5,128.0,49.098333333333336,87,163,-176.5389336418499,331,168,0,2,0,0,300.0,-46.02968773560133,-36.02591251769555,-83.083333388553,-11.399999999999991,57,0,331,0,6f974eb5b68496665b90463eed9cd2e0b246a9c83e4a6c5a12cd120f14cc5a51
488,dqn,635,random,heavy,35.53378378378378,103.0,26.295,57,154,-124.5100085458274,222,68,0,2,0,0,300.0,-24.65156272740569,-15.271987473547782,-73.38645834487397,-11.199999999999992,56,0,222,0,87bb54fcaffb334b9ef8791c6fca9c3d3c296bfc279bb4bc96f477b0e543e596
489,dqn,622,random,ew_heavy,27.393034825870647,135.5,18.35333333333333,48,134,-114.942104474637,201,67,0,2,0,0,300.0,-17.206250230548903,-11.269187481138214,-75.4666667629499,-10.999999999999993,55,0,201,0,f857ae1374219d6abf0d7e86b50ef163a7afebca8ea1020202c6825d749e6b7a
490,dqn,32,random,low,36.0,110.5,24.96,53,139,-130.75087945867125,208,69,0,2,0,0,300.0,-23.400000240886584,-16.471712516139092,-80.07916670164559,-10.799999999999994,54,2,208,0,761daac37bf13f4ba486534ad3de5d4d4a919b78cea23fa6ffb8d048d2b95e3f
491,dqn,63,random,ew_heavy,30.63963963963964,101.0,22.673333333333332,50,151,-107.21658359112851,222,71,0,1,0,0,300.0,-21.256250347243622,-12.623874972492194,-62.73645827139262,-10.599999999999994,53,2,222,0,cece21a0283b05d57c4c4902f4b814bd4d03ce5e84ccf53debbb7b05713fd77d
492,dqn,790,random,balanced,32.81877729257642,125.0,25.051666666666666,56,147,-129.70344190849647,229,82,0,2,0,0,300.0,-23.48593770689331,-15.39458751802522,-80.02291668357793,-10.799999999999994,54,1,229,0,66fb49dd741d6d624559d448eadd06ca9e9f162bfd9125da43b4ee79408ca8d3
493,dqn,122,random,low,30.63221153846154,112.0,21.238333333333333,42,137,-112.30988336544917,208,71,0,2,0,0,300.0,-19.910937696578912,-12.649987481482823,-68.34895818738732,-11.399999999999991,57,0,208,0,2461fb49df5f6d65d9c65c8c207e72d42796930288b8df5e7e71104fa41d9c47
494,dqn,332,random,ew_heavy,30.154166666666665,109.5,24.123333333333335,60,156,-118.4640668344473,240,84,0,2,0,0,300.0,-22.61562515469268,-13.722400022067456,-70.92604165768716,-11.199999999999992,56,1,240,0,5087045ed863c260b449be0856090e0ed590fe0956913147367c5669c35637d1
495,dqn,697,random,heavy,35.92479674796748,136.0,29.458333333333332,62,154,-144.97990429579437,246,92,0,2,0,0,300.0,-27.61718764307443,-19.264800007279696,-86.69791664544027,-11.399999999999991,57,1,246,0,7871f37e9e9ae5d0011fffb3d735302428f11f9f2dc3f9a8ad47be4233562927
496,dqn,273,random,balanced,38.491150442477874,180.0,43.495,94,181,-179.23804622697708,339,158,0,3,0,0,300.0,-40.776562909944914,-33.61252499348558,-94.04895832354669,-10.799999999999994,54,2,339,0,df3a6483493d411abea23c4b88ce3746670573c795cc44de897fb90e356c2eec
497,dqn,82,random,heavy,37.13857677902622,169.5,33.053333333333335,62,154,-160.95679615795018,267,113,0,2,0,0,300.0,-30.987500275834464,-27.257837480989846,-90.91145840112586,-11.79999999999999,59,0,267,0,9e9d6a62a14fb39d95eda5ef31855973b349186e1baa48b575a989ff4f556812
498,dqn,578,random,heavy,19.064885496183205,90.5,8.325,21,113,-73.56458342938053,131,18,0,1,0,0,300.0,-7.804687653668225,-3.470312498638667,-51.28958327707369,-10.999999999999993,55,1,131,0,3fb3d97f4f19e794a3b84c9febddc58cc132838ba7bb51a913629b75f04fcc9a
499,dqn,77,random,balanced,22.46815286624204,128.0,11.76,29,140,-94.32528343042216,157,17,0,2,0,0,300.0,-11.025000195484608,-4.976325004406681,-66.92395823053084,-11.399999999999991,57,0,157,0,66769b7d63048d7023c157e0e9dd6c3c726a13196b688d44967bb0ff52f5df1b
500,dqn,88,random,left_heavy,41.27215189873418,119.0,32.61333333333334,68,137,-146.34161259048406,237,100,29,32,0,0,300.0,-30.57500022999011,-24.872862501100464,-79.49374985939357,-11.399999999999991,57,1,266,29,b11ba89cca25825aa4072334a7b64271fb7adf6774b2f617145738bae3644642
501,dqn,852,random,ns_heavy,39.35201149425287,167.5,45.65833333333333,104,158,-174.7619252370911,348,190,6,15,0,0,300.0,-42.80468770733569,-35.43536245308421,-85.12187507667113,-11.399999999999991,57,0,354,6,b715e90854fa60c064da66d6bbad42ef7493a7965e21cdc987e6eb760ed6e792
502,dqn,812,random,heavy,35.61578947368421,101.5,22.55666666666667,47,136,-117.37514189742295,190,54,0,1,0,0,300.0,-21.146875305101275,-12.299100000199543,-72.72916659212206,-11.199999999999992,56,1,190,0,087b88182c0947e5bba4054f675043e77d9e6f2afb1db7e32c53b4518c1177c1
503,dqn,971,random,ns_heavy,28.679166666666667,106.0,22.94333333333333,55,160,-109.40265026475537,240,80,0,2,0,0,300.0,-21.509375236928463,-13.880775009433272,-62.81250001839362,-11.199999999999992,56,1,240,0,5927a1b8d7c3ea545e0337c496efa177bfef11f6f34431a87dee4ae13c2159a4
504,dqn,905,random,left_heavy,25.528248587570623,130.0,15.071666666666667,31,126,-96.70671695645574,177,51,10,14,0,0,300.0,-14.129687762469985,-8.669737496414745,-62.907291697571054,-10.999999999999993,55,2,187,10,0f5d4bdd08deab02733df099d05802f86cba5267b6ada5cb7d94fc7455310686
505,dqn,558,random,ew_heavy,13.55511811023622,67.0,5.738333333333333,14,118,-56.153079260488425,127,9,0,2,0,0,300.0,-5.37968761252705,-1.7723499958388862,-39.20104165212251,-9.799999999999997,49,3,127,0,0749a8b3465f02cf33601cf9728b12f12b8b4333a54192cf3c24a3145f26ae05
506,dqn,22,random,heavy,23.11173184357542,73.0,13.79,34,137,-73.87875425749296,179,42,0,2,0,0,300.0,-12.928125172504224,-5.6183375021799264,-43.93229158280883,-11.399999999999991,57,2,179,0,414d8d9a7520942d3e158b7941d414cc579f5f07b2ceae3d2c2f3ca8e6a86e02
507,dqn,799,random,ew_heavy,33.74248120300752,114.5,29.918333333333333,58,154,-127.40114595907943,266,112,0,2,0,0,300.0,-28.04843769595027,-19.953749984099694,-67.99895827902947,-11.399999999999991,57,0,266,0,3e8c7291d061e50dc5d386ce76937c79568c86c15ab0768cba4e606014344e6c
508,dqn,336,random,ew_heavy,21.15846994535519,89.0,12.906666666666666,30,131,-77.26797941977058,183,52,0,2,0,0,300.0,-12.100000281818211,-5.77318748473554,-48.59479165321682,-10.799999999999994,54,0,183,0,51ec75921cc8c2e796542075e50c03c39467b8e9ac72a4316b41eaa6e3823fd3
509,dqn,102,random,ew_heavy,32.76260504201681,155.0,25.993333333333332,67,158,-134.3862796978138,238,80,0,2,0,0,300.0,-24.368750470108353,-15.657112536746723,-83.76041669095866,-10.599999999999994,53,2,238,0,0a94fd57d5e955edbd6ab03c5bc9359f090c1468f83f0d4207b47755743da6bc
510,dqn,77,random,balanced,23.308917197452228,126.5,12.198333333333334,30,138,-93.7900794631896,157,19,0,2,0,0,300.0,-11.435937735834159,-5.003100002240536,-65.95104172511492,-11.399999999999991,57,2,157,0,66769b7d63048d7023c157e0e9dd6c3c726a13196b688d44967bb0ff52f5df1b
511,dqn,888,random,heavy,10.18939393939394,71.0,4.483333333333333,17,109,-40.25200008592291,132,23,0,1,0,0,300.0,-4.203125102329068,-1.0801250011725643,-23.968749982421286,-10.999999999999993,55,2,132,0,4e6d169c615b58bb5630512eee77beea3d92debfaf4c060da922ef539f34df02
512,dqn,120,random,ns_heavy,21.615853658536587,94.5,11.816666666666666,29,135,-77.5248377347547,164,29,0,1,0,0,300.0,-11.078125206637196,-4.95608749705789,-50.49062503105961,-10.999999999999993,55,1,164,0,80d8b88a22162380109afb796194af6db7da2801dbec7609de04b4c38475c4a7
513,dqn,146,random,low,35.19396551724138,113.5,27.216666666666665,58,148,-126.03744194923858,232,84,0,2,0,0,300.0,-25.515625311410986,-16.15514999206134,-73.76666664576624,-10.599999999999994,53,2,232,0,ffaf29ca8651762fd31032234c7453e37d15f731ff060ae8251ffd308b6fc2bd
514,dqn,790,random,balanced,31.70305676855895,112.5,24.2,58,135,-122.40536263388272,229,94,0,2,0,0,300.0,-22.687500165426172,-15.192862494044677,-73.52499997441191,-10.999999999999993,55,1,229,0,66fb49dd741d6d624559d448eadd06ca9e9f162bfd9125da43b4ee79408ca8d3
515,dqn,778,random,low,13.6125,67.0,5.445,14,116,-52.776687558978324,120,4,0,1,0,0,300.0,-5.1046876412583515,-1.3813749990942596,-35.89062491862569,-10.399999999999995,52,0,120,0,695e1a442d4f5797443185822942a8e823d25bea1997f5f8a1bcfc050caac58a
516,dqn,695,random,balanced,36.018248175182485,123.5,32.89666666666667,70,159,-135.60373791881065,274,115,0,2,0,0,300.0,-30.840625217417255,-20.969362546956823,-72.79375015443657,-10.999999999999993,55,2,274,0,94ca6bda60dde2e09ad14b2ddac97f5f443cc9a34eeca695a2c59311bf52ee38
517,dqn,208,random,low,34.75296442687747,142.5,29.311666666666667,73,154,-142.23405439405678,253,99,6,9,0,0,300.0,-27.479687717626803,-18.87207500062869,-85.28229167580139,-10.599999999999994,53,1,259,6,78b8bb9f38246d47790a68a21473ff5a9498a8d0225d5383a28368990860a06c
518,dqn,226,random,low,36.02794117647059,151.5,40.83166666666666,89,169,-162.8191794292267,340,171,0,2,0,0,300.0,-38.27968782419339,-27.88532498413333,-85.25416662089992,-11.399999999999991,57,0,340,0,7a2290e4a256bb4d2bbd030ec95d1961cf580fa23acfe24bf70200b6074eadce
519,dqn,29,random,low,21.050279329608937,127.5,12.56,30,150,-102.8935876560703,179,29,0,1,0,0,300.0,-11.77500019245781,-4.915462497093541,-75.00312496651895,-11.199999999999992,56,2,179,0,99f2846174037385b882a4c714e8234606c6ee9e277f5812400eb4ce8dda25be
520,dqn,4,random,heavy,29.62992125984252,110.0,25.086666666666666,57,148,-113.47474609342535,254,106,0,2,0,0,300.0,-23.518750235554762,-16.2507875075018,-62.505208350368775,-11.199999999999992,56,1,254,0,4d4f2d5bf194663c89b614f4291d4a6f11113f0d6b7e52bdef134e87d740f04d
521,dqn,808,random,low,19.54679802955665,90.5,13.226666666666667,39,180,-80.14115856015052,203,23,0,2,0,0,300.0,-12.400000278023072,-4.795325001235324,-52.54583328089211,-10.399999999999995,52,1,203,0,ff88d4ea7fb9e33cad42c77d09bda659e11a05ef52643de373f11919b3b6b065
522,dqn,629,random,heavy,37.47835497835498,128.5,28.858333333333334,59,139,-142.2959791969238,231,92,0,2,0,0,300.0,-27.05468763911631,-19.537124977606428,-84.30416658020113,-11.399999999999991,57,0,231,0,b467adc868c3a39bf49f5bbc731a7bfe49f0f95f62461b22a5779a1eb57903c1
523,dqn,592,random,ew_heavy,32.14397905759162,135.5,20.465,45,133,-120.64692952748229,191,58,0,1,0,0,300.0,-19.185937802190892,-12.9474500204793,-77.71354170481209,-10.799999999999994,54,2,191,0,fc5990c7c3974eef8c10891ffc49d85cc2a8a12c0570c07a57dc7a3a8fd8ca97
524,dqn,463,random,heavy,25.25691699604743,104.0,21.3,48,156,-95.30334603196096,253,97,0,2,0,0,300.0,-19.968750216299668,-10.104387491928357,-54.03020832373295,-11.199999999999992,56,2,253,0,631e202584a83d427c8284f7678f0175dedb62c23821fdd45737ccaf3769d157
525,dqn,89,random,low,35.42468619246862,165.5,28.221666666666668,62,153,-147.7759710336314,239,86,0,2,0,0,300.0,-26.45781271008309,-17.241074968150485,-93.07708335539792,-10.999999999999993,55,1,239,0,80952ea77ad04adeba23ba0f608c640f7dc7003cdc2da1321fc69155ace8e900
526,dqn,725,random,balanced,32.66,101.5,24.495,51,146,-117.45185016889081,225,79,0,1,0,0,300.0,-22.964062695973553,-15.197162527050384,-67.89062494586688,-11.399999999999991,57,1,225,0,20008adf1cef00009d5db0f41df8173a79f997d0212a2e7ddc97b15016e5156a
527,dqn,909,random,balanced,32.050251256281406,81.5,21.26,46,147,-95.1247501930506,199,52,0,2,0,0,300.0,-19.931250225752592,-10.537250005086387,-53.45624996221159,-11.199999999999992,56,0,199,0,caed48faee592b6587c11a396611f88ce90a17e4d2714c565003d0db941a9e99
528,dqn,771,random,left_heavy,23.38563829787234,69.0,14.655,37,137,-80.79296260452611,188,51,0,3,0,0,300.0,-13.739062670851126,-6.144524994560197,-50.10937493911479,-10.799999999999994,54,3,188,0,e00912487cd57d27215a1b34bfbe7cefbbc681a73edf02a490521a7446a0c3d6
529,dqn,568,random,heavy,35.263888888888886,112.0,29.621666666666666,67,138,-128.44450437754494,252,114,0,2,0,0,300.0,-27.770312628010288,-18.848150005420756,-70.2260417441139,-11.59999999999999,58,0,252,0,2b6f818d06e147671cbf7816ec6a378feb94f087733e99768d5f8e4ecd4dcf71
530,dqn,828,random,ns_heavy,19.985645933014354,74.0,13.923333333333334,40,137,-74.75130025750329,209,72,0,2,0,0,300.0,-13.053125294973142,-4.823175001063648,-45.87499996146653,-10.999999999999993,55,4,209,0,9c411d8d6c7369ab12b03a91e4c70571dec27596539d2b3d54a883f1da397be9
531,dqn,190,random,ns_heavy,38.68089430894309,135.0,31.718333333333334,63,136,-149.06912516105587,246,110,0,2,0,0,300.0,-29.735937627381645,-23.567562506456284,-84.3656250272179,-11.399999999999991,57,1,246,0,cfd2eca04d82417c2c101b5c8b2b187271375f0f6f226e5858c2e860fd8bb67b
532,dqn,447,random,ew_heavy,37.832692307692305,128.0,32.788333333333334,78,155,-140.02390439058138,260,105,0,2,0,0,300.0,-30.739062783541158,-20.490050010820415,-77.39479159621987,-11.399999999999991,57,1,260,0,454d144e27bc693fbec17011190ac0eeb328e1147ca57f151f5f7a4ad9dc8962
533,dqn,369,random,heavy,27.13975155279503,114.5,14.565,34,132,-97.26236681908263,161,29,0,1,0,0,300.0,-13.654687718721107,-6.475387491848232,-66.53229160851333,-10.599999999999994,53,1,161,0,67eeecdae59adbe12f4e9de7e3fac91ea4c1f6e9cd0b93d317efbd7baf1d2122
534,dqn,599,random,low,35.71006944444444,140.0,34.281666666666666,73,160,-136.97807510384808,288,128,0,2,0,0,300.0,-32.13906269008294,-19.73276245751404,-74.30624995625112,-10.799999999999994,54,2,288,0,98db2c5f065a8c39fdb27fe79f003805a6ebf04c5ac4c93f7bbc4731d248004c
535,dqn,580,random,ns_heavy,23.79047619047619,100.5,16.653333333333332,39,146,-98.69806260675911,210,64,0,2,0,0,300.0,-15.61250014428515,-7.654312505105194,-64.63124995736871,-10.799999999999994,54,4,210,0,00c9f5313e9366e7f50e0de83f5a05213495722ff037dc410390eded57679a09
536,dqn,927,random,left_heavy,25.79192546583851,76.0,13.841666666666667,29,120,-79.2613460371205,161,41,0,1,0,0,300.0,-12.97656272223685,-6.370199998228779,-48.9145833166549,-10.999999999999993,55,0,161,0,6cd9902fde3319af4ac7bfb7b3aa41cfc2db4520620fb6282c725189e3094d2e
537,dqn,364,random,left_heavy,17.64406779661017,95.5,6.948333333333333,15,85,-74.56908349694349,118,33,19,25,0,0,300.0,-6.514062642818317,-3.0185624998448475,-54.23645835428033,-10.799999999999994,54,0,137,19,1abd50723357566c2f22ed1da95d90dc213dae864a2c93eef4cfc3fa4d6afb29
538,dqn,413,random,ns_heavy,34.18131868131868,103.5,20.736666666666668,41,107,-113.67371270955415,182,75,0,2,0,0,300.0,-19.44062520703301,-13.6299624854546,-69.40312501706649,-11.199999999999992,56,2,182,0,21cf361e27022d77cc5d8baf0233c1c50cb8e50fa11cc6966b4483128489721d
539,dqn,714,random,low,29.894117647058824,93.0,16.94,43,117,-96.66354199184568,170,53,0,2,0,0,300.0,-15.881250350968912,-8.637499996949918,-60.744791643926874,-11.399999999999991,57,2,170,0,91197c12207e96928bbd54564e0fdf92d89a516385654e66f57f145791e506a4
540,dqn,498,random,ew_heavy,35.189189189189186,95.0,21.7,50,100,-106.70534187351082,185,85,0,1,0,0,300.0,-20.34375028067734,-14.529300018685893,-60.63229157414753,-11.199999999999992,56,2,185,0,79136ab87b1bdd037372a28e094bfc2fd7b5d4d80c2029386fbad40cdcd7f32f
541,dqn,936,random,heavy,36.34241245136187,136.5,31.133333333333333,58,160,-140.23035451510148,257,97,0,1,0,0,300.0,-29.18750031781383,-19.394937483907416,-80.64791671338025,-10.999999999999993,55,1,257,0,edacc4545fa970a97c2ca37ead33660d2dee923af26469c1dd4769f22faaa98c
542,dqn,342,random,heavy,27.75,85.0,13.32,30,109,-87.54255858157778,144,35,0,1,0,0,300.0,-12.487500228569843,-5.962350001335289,-58.09270835167263,-10.999999999999993,55,3,144,0,a8b413df3274accd97bded972664f6060ad6abcce287132692bbd373448fbe63
543,dqn,106,random,left_heavy,34.870370370370374,125.5,28.25,60,140,-132.66438360621032,243,103,18,21,0,0,300.0,-26.484375379630364,-19.634175035746743,-75.34583319083322,-11.199999999999992,56,0,261,18,dc620d35bff553b52dcc05711ac3b564c1f8978c6ff60092f35eb7cd673970e4
544,dqn,655,random,ns_heavy,34.060344827586206,106.0,26.34,52,140,-128.6200084878052,232,92,0,2,0,0,300.0,-24.693750245613046,-16.77104997843635,-75.75520826375578,-11.399999999999991,57,1,232,0,cd734f17b097eb958f9715f9f9714b8827887a8266ab5f7346a55d9ba6ed2e72
545,dqn,680,random,low,33.111111111111114,117.5,20.86,46,136,-113.25156272743043,189,53,0,1,0,0,300.0,-19.556250285357237,-12.723437485077007,-69.37187495699618,-11.59999999999999,58,0,189,0,657f77ce38a3debf797ccbb404ae23820a2fb872190e7b314376aea10d0d2adf
546,dqn,579,random,low,23.6796875,81.5,15.155,37,138,-86.1761835759702,192,54,0,1,0,0,300.0,-14.207812743727118,-6.953787512607959,-54.61458331963513,-10.399999999999995,52,5,192,0,5ebe6f4f7b3264f8eb379ab29028c02f52c58725adbdd7b6e724ed04c9185ff4
547,dqn,995,random,heavy,32.98045602605863,117.0,33.75,84,173,-139.47064202152907,307,134,0,2,0,0,300.0,-31.640625385916792,-21.310224986376852,-75.31979164923541,-11.199999999999992,56,1,307,0,e4e5d3ec01a2cc85e504a9a5cb38abf5ccc927c9b955358cfad846cbd1e1660c
548,dqn,744,random,low,27.020912547528518,103.5,23.688333333333333,67,156,-106.06779595880653,263,107,0,2,0,0,300.0,-22.20781272603199,-11.482899971975712,-61.37708326079883,-10.999999999999993,55,1,263,0,aed4201f6b23f58da7731108c5b0271adaf8fb76de5662e4be3351f8c9073845
549,dqn,762,random,ew_heavy,26.671270718232044,81.5,16.091666666666665,42,132,-88.09260020463185,181,49,0,2,0,0,300.0,-15.085937718045898,-6.772287508728185,-54.834374977857806,-11.399999999999991,57,0,181,0,d2c486090fb6139f92af8623c33f36410ba043d3a3eb9b0f0f3e876e3b6d60d4
550,dqn,776,random,heavy,30.85209003215434,134.0,31.985,74,171,-136.71205034846284,311,140,0,4,0,0,300.0,-29.98593780118972,-19.32923750832052,-75.99687503895257,-11.399999999999991,57,1,311,0,997b285c128fbdc57ecf24d671ca979018d8d652cd366c8bbf03762acef403c2
551,dqn,881,random,ew_heavy,42.54137931034483,105.0,41.123333333333335,89,150,-148.71281695923756,290,140,0,2,0,0,300.0,-38.55312514852267,-27.552400041268992,-71.20729176944587,-11.399999999999991,57,0,290,0,2b3902fd23543fccd85de2bbc1dc8d80a9e22335bf21f81482ab5a3da9da54a9
552,dqn,122,random,low,31.83653846153846,96.0,22.073333333333334,44,135,-103.89306686610429,208,73,0,2,0,0,300.0,-20.693750261329114,-13.217024989556366,-58.982291615218855,-10.999999999999993,55,2,208,0,2461fb49df5f6d65d9c65c8c207e72d42796930288b8df5e7e71104fa41d9c47
553,dqn,535,random,ns_heavy,18.538011695906434,71.0,10.566666666666666,27,140,-68.77442093529606,171,31,0,2,0,0,300.0,-9.906250207102858,-3.825462502435404,-43.642708225757815,-11.399999999999991,57,0,171,0,a65060576d5a617d26d82522c628c763a1ded56cadbc1041b31584eb4f352f77
554,dqn,869,random,left_heavy,32.27683615819209,100.0,19.046666666666667,36,102,-111.23908349057672,177,75,24,29,0,0,300.0,-17.856250209035352,-13.121374986865705,-68.86145829467569,-11.399999999999991,57,1,201,24,669dde01be600da2425b46495eb40602bb99322cb610fc14830cbdf8a0934380
555,dqn,277,random,balanced,25.56923076923077,112.5,11.08,24,100,-102.15742511823267,130,30,0,1,0,0,300.0,-10.387500138254836,-6.554300011060697,-74.01562496891711,-11.199999999999992,56,2,130,0,bac6b0f13d7ff30a325f5af5563d3b9eec09b57adf56a395b957de19961e0c59
556,dqn,753,random,ns_heavy,20.388198757763973,74.5,10.941666666666666,23,127,-74.66026667635522,161,34,0,1,0,0,300.0,-10.257812638767064,-4.823287492171946,-48.57916654541623,-10.999999999999993,55,2,161,0,b7070ebcb0457fdd464e9dd40fe2fd57ca170fdf88e687a081559392cde9d8a8
557,dqn,775,random,low,26.781094527363184,91.5,17.94333333333333,41,153,-100.30345445062633,201,48,0,1,0,0,300.0,-16.821875260211527,-8.396162496312902,-63.88541669410188,-11.199999999999992,56,0,201,0,fda729e9d350a3e1cb91c3eb6c70494f06bd9f505a6e1bce176f9d607838d3d4
558,dqn,108,random,balanced,25.997093023255815,109.5,14.905,36,131,-89.83067103430733,172,41,0,1,0,0,300.0,-13.97343767771963,-8.02077498703366,-56.63645836955402,-11.199999999999992,56,0,172,0,d48eee2da03c83692acaa5634d1638552c409350aaa30fee8ce63f224f1e7882
559,dqn,682,random,heavy,33.57209302325582,128.5,24.06,53,131,-120.57227525025294,215,84,0,3,0,0,300.0,-22.556250182446092,-16.597275004081165,-71.01875006372575,-10.399999999999995,52,1,215,0,6f2cfe0962d84c2ff1a9c353bbd3b2e8c7eb38d7f3c6a8dc7ccec3dbcb5dda8b
560,dqn,397,random,low,39.166023166023166,117.5,33.81333333333333,73,148,-136.53975889859802,259,111,0,1,0,0,300.0,-31.70000026503112,-21.865800047014634,-71.57395858655218,-11.399999999999991,57,0,259,0,4931f8d7f89bb17a482535b851f0855aa6621e99fc0207f453d937a8811676b2
561,dqn,816,random,ns_heavy,32.8429203539823,110.0,24.741666666666667,59,158,-114.04760012034897,226,68,0,2,0,0,300.0,-23.195312759373337,-12.489787504934787,-67.36249985604081,-10.999999999999993,55,5,226,0,9fe063bac8a2dc7692c71fcd56aa9bb383e05d9aed360c7b1e5c5052348d5080
562,dqn,290,random,ns_heavy,17.12091503267974,69.5,8.731666666666667,26,126,-63.65332932844832,153,27,0,3,0,0,300.0,-8.185937674366869,-2.5569750062662924,-42.310416647815146,-10.599999999999994,53,3,153,0,4d67d5c5bee4554007fffd3cfd40273452e352b5fe7b61c46278e71639dc2644
563,dqn,977,random,heavy,34.171480144404335,124.5,31.551666666666666,76,175,-127.58938354792258,277,102,0,2,0,0,300.0,-29.579687819699757,-17.901362453663758,-69.30833327455912,-10.799999999999994,54,3,277,0,8c44976afab54d46686c7a0aeed299fbd08e91ce668dd0bebe01c0c15979d12d
564,dqn,704,random,left_heavy,45.16775244299674,136.0,46.23,81,159,-164.32279178314707,307,148,14,22,0,0,300.0,-43.340625168639235,-34.22175005069801,-75.36041656380985,-11.399999999999991,57,0,321,14,78ede428d382315c0dc057923d3e72030513cb5d6e92421e7309fff9c4e779e9
565,dqn,220,random,heavy,29.12240663900415,98.0,23.395,54,143,-109.62136679714757,241,98,0,3,0,0,300.0,-21.932812719489448,-14.362512487747876,-62.526041589910164,-10.799999999999994,54,4,241,0,cf330d3355edc1217b54389faa613f0e8645c24178fbbb582448f329b37ea4c3
566,dqn,999,random,heavy,33.1924882629108,130.0,23.566666666666666,48,141,-121.86090020430204,213,72,0,3,0,0,300.0,-22.093750223051757,-14.43589996576702,-74.53125001548324,-10.799999999999994,54,0,213,0,9b1373578232abf7038b7421cdf74ba225d19a88f8091da68014255f39c45f4b
567,dqn,862,random,low,33.568075117370896,142.0,23.833333333333332,52,144,-132.86476701523137,213,69,0,2,0,0,300.0,-22.343750355648808,-13.694975008600887,-86.22604165098164,-10.599999999999994,53,3,213,0,d6131a1002c6f1d6e65ae4abf80dc7deb4fb04c37e3a60f4b1cdc29a608d07c7
568,dqn,414,random,low,40.375,104.0,32.3,65,150,-126.67353358679976,240,90,0,1,0,0,300.0,-30.28125024714973,-19.45582499666198,-65.73645834298804,-11.199999999999992,56,1,240,0,0004349dbbe924529ae4ea98c0c0632dee99bb1865a5fac6a3d177602e3533a8
569,dqn,268,random,heavy,39.64967105263158,110.5,40.178333333333335,80,158,-143.30868752814794,304,146,0,2,0,0,300.0,-37.66718765965197,-26.854000007332807,-67.98749986116309,-10.799999999999994,54,2,304,0,dafd59a73d6b138808b258f89a1c3c515ebd5447b7480a188af6f43809c45ebd
570,dqn,339,random,balanced,41.746105919003114,125.0,44.66833333333334,91,152,-160.83917921322498,321,169,0,2,0,0,300.0,-41.857812669011764,-31.789699947620846,-76.5916665965924,-10.599999999999994,53,1,321,0,1ab825ab2115f843b642b7b44f7907d842e1ff14368fe03e57aa282564120324
571,dqn,959,random,ns_heavy,33.33506944444444,125.5,32.001666666666665,76,158,-122.89767526967701,288,130,0,2,0,0,300.0,-30.001562840072438,-18.630487489837833,-63.46562493976671,-10.799999999999994,54,2,288,0,e86a526b3b04f54e585acefc9df10dd628637343249122a882796ed8cf8c0d39
572,dqn,486,random,ew_heavy,36.178030303030305,126.5,31.836666666666666,70,132,-135.19163778364083,264,132,0,2,0,0,300.0,-29.84687519725412,-21.735387506456025,-72.80937507993076,-10.799999999999994,54,1,264,0,c48174d291d4179fa2478861367ed6d97846c57069e05b161ba92a842ac12403
573,dqn,264,random,balanced,34.854166666666664,107.5,19.518333333333334,44,115,-105.44757113918968,168,53,0,3,0,0,300.0,-18.29843773820903,-11.100174993801193,-65.84895840717945,-10.199999999999996,51,3,168,0,73f329d58f7a00b8f2ce80b4a30402bdce9261a445fee5bf30baf2bae844c535
574,dqn,857,random,low,29.895833333333332,87.0,21.525,52,148,-99.52276698763161,216,68,0,2,0,0,300.0,-20.17968784412369,-11.56078748505243,-56.782291658455506,-10.999999999999993,55,4,216,0,6a2edb5df814ece24a2e2c271be596928aeb7e99e7547466c5fa893114fdf20f
575,dqn,176,random,ns_heavy,32.099221789883266,118.5,27.498333333333335,60,140,-123.03737939452112,257,117,0,2,0,0,300.0,-25.779687652364373,-18.75664999350265,-67.1010417486541,-11.399999999999991,57,2,257,0,bdf88e828a2cbc961f159d573e616bd3cfbc6993bab18c0dd6d0902ee4ad2219
576,dqn,181,random,heavy,34.56782945736434,97.0,29.72833333333333,67,157,-117.4383962231615,258,101,0,2,0,0,300.0,-27.870312844170257,-16.594125011765573,-61.573958367225714,-11.399999999999991,57,1,258,0,7cac1cfbc1518dee4b3cb703e0ff1c9c8eb812d8e88d10f315f22fd693a938f7
577,dqn,158,random,ew_heavy,30.59013605442177,96.0,29.97833333333333,79,158,-112.00816282811357,294,136,0,2,0,0,300.0,-28.104687825543806,-16.34097497162657,-56.16250003094319,-11.399999999999991,57,3,294,0,00e3ecfd39e9c003313ce9466ef1b385366bcb0cc258df2a9b7e51e9816d6390
578,dqn,717,random,balanced,28.701421800947866,70.0,20.186666666666667,51,148,-82.38689197116553,211,63,0,2,0,0,300.0,-18.925000359420665,-8.598350006211696,-43.8635416055331,-10.999999999999993,55,1,211,0,524683fe1390f5db95870f51548887fcd71c0d73b806d0bbb8133018300b3cf0
579,dqn,702,random,balanced,29.05060728744939,120.0,23.918333333333333,59,157,-115.1062668824154,247,90,0,2,0,0,300.0,-22.423437797813676,-14.147412490616995,-67.1354165939847,-11.399999999999991,57,0,247,0,e6fdd4d00899ba67f56a1effab5bb002437d0c35c1f967b3fd6e057ed8b6632e
580,dqn,308,random,left_heavy,36.43290043290043,143.5,28.058333333333334,55,145,-130.35254175525264,231,86,16,19,0,0,300.0,-26.30468774714973,-18.374937496796345,-74.67291651130654,-10.999999999999993,55,1,247,16,c84dc8f4f73a6dfff7e1721e7e9f92b3d31e3ab5aaf425b65088deea5a67f8ce
581,dqn,156,random,low,26.185567010309278,85.5,8.466666666666667,17,82,-77.26412106654027,97,15,0,1,0,0,300.0,-7.937500265310518,-4.0307875007099945,-55.495833300519735,-9.799999999999997,49,1,97,0,a1ea2666482f410151a782cbc5b6cdecfa70b47b5b90ba8b3fe9cd1fead0935c
582,dqn,691,random,ns_heavy,31.525,94.5,18.915,47,128,-103.95648771394625,180,52,0,1,0,0,300.0,-17.732812705799006,-11.292424966843098,-64.13125004130416,-10.799999999999994,54,1,180,0,6e2e953eedaf9c14cf4c26ab73e223c0553ee3541cc291720aa2b4cd5c8e337e
583,dqn,705,random,ns_heavy,31.139240506329113,95.5,16.4,34,117,-98.92480853566163,158,41,0,2,0,0,300.0,-15.375000211992301,-7.919600004592939,-65.03020831907634,-10.599999999999994,53,4,158,0,b3f04c91220060ff04f08e22eddcf5c26c6348ef51223c9367900a6eb42fd69e
584,dqn,867,random,left_heavy,32.145833333333336,149.0,20.578333333333333,40,116,-124.24389610112051,192,76,22,26,0,0,300.0,-19.292187804356217,-13.446499991285238,-80.30520830547903,-11.199999999999992,56,1,214,22,c4d6cd4df46d599ac84496afa0f1b452708e246f5d9f9b5bee7f02431165c973
585,dqn,348,random,ns_heavy,31.37701612903226,133.5,25.938333333333333,55,159,-124.88669629148862,248,89,0,2,0,0,300.0,-24.317187831387855,-14.920550028334395,-74.24895843176637,-11.399999999999991,57,0,248,0,9cdf569300831fb0b864fbc86a5106a8196701740ad1c54da344573fa4019309
586,dqn,362,random,heavy,25.155882352941177,99.5,14.255,39,127,-92.64329596546814,170,43,0,1,0,0,300.0,-13.364062734995969,-6.7427750045280845,-61.93645822594408,-10.599999999999994,53,3,170,0,1ddf3bf94dc131b689eb2d2e3512a82d27273412e73a3950fc56b7b19e57bfb0
587,dqn,235,random,heavy,22.285714285714285,112.0,9.36,25,98,-80.30713766421026,126,28,0,1,0,0,300.0,-8.775000183610246,-4.804012496036735,-56.12812498456333,-10.599999999999994,53,2,126,0,8b47b6468f0412005b2cecc495374c4b1d657d434c651f88c270a926f44cca3f
588,dqn,871,random,balanced,34.681654676258994,191.5,32.138333333333335,71,145,-149.36681701676645,278,133,0,3,0,0,300.0,-30.129687810549513,-23.154837518913695,-84.88229168730322,-11.199999999999992,56,4,278,0,a35a77512524efb380958e80a608831c48422649bee491464e4c6bf338251185
589,dqn,488,random,low,35.19675925925926,152.0,25.341666666666665,56,131,-134.42456273672656,216,85,0,2,0,0,300.0,-23.757812620373443,-15.56674999227762,-84.10000012407545,-10.999999999999993,55,2,216,0,f4f3e7519ea4b6edb2071c47320adce1c10a4dbd6edf63f9a3cd58606a5b50e4
590,dqn,626,random,heavy,34.670616113744074,119.5,24.385,57,122,-123.07890445865273,211,89,0,2,0,0,300.0,-22.86093770386651,-15.041924999496409,-73.97604175528977,-11.199999999999992,56,2,211,0,4d9a8962b3f07156427c2eb26335926f2f64fc447a49b232d8cf0857583dfc59
591,dqn,776,random,heavy,29.627009646302252,131.0,30.715,69,170,-128.9018460678555,311,141,0,5,0,0,300.0,-28.79531281371601,-19.945075007520074,-68.76145824661944,-11.399999999999991,57,3,311,0,997b285c128fbdc57ecf24d671ca979018d8d652cd366c8bbf03762acef403c2
592,dqn,559,random,balanced,34.18018018018018,152.5,37.94,82,188,-153.68371299690546,333,145,0,2,0,0,300.0,-35.56875046668574,-23.46496247506219,-83.85000005515758,-10.799999999999994,54,4,333,0,55d2e41af3e2ff3daaab55836e5a7575f7ddddadb34bd467d399a210dafcf1b4
593,dqn,960,random,ew_heavy,18.0725,61.0,12.048333333333334,32,142,-61.86450859138931,200,58,0,2,0,0,300.0,-11.295312785776332,-4.198362496036135,-34.97083330957685,-11.399999999999991,57,5,200,0,52978ccf146960f47420cdf655465656975e05da60510a373e8ebdac68bc22a0
594,dqn,619,random,ew_heavy,35.46025104602511,187.0,28.25,57,155,-150.2694087155272,239,84,0,1,0,0,300.0,-26.484375318163075,-19.90482503339807,-92.48020836396609,-11.399999999999991,57,1,239,0,7b14a41f6eecdbe6527ff94b2cacc1062f4c68d8cb241a50994f6aa0a5fd84c6
595,dqn,204,random,heavy,17.26300578034682,92.0,9.955,31,143,-76.80721268165729,173,30,0,1,0,0,300.0,-9.332812663516961,-3.0775249987920685,-53.19687501934823,-11.199999999999992,56,5,173,0,454867996975e041da5df5037a8b6d1ae2ae7b0aee6746dfbd81be27cfb658d1
596,dqn,126,random,ns_heavy,25.476635514018692,118.0,18.173333333333332,41,121,-98.53708771557503,214,93,0,2,0,0,300.0,-17.037500220234506,-11.312087470963162,-58.98750002437737,-11.199999999999992,56,1,214,0,4948c918ca2df16c0093025b831822601923b7f096d8741961703b8254d95164
597,dqn,982,random,left_heavy,30.484615384615385,160.0,26.426666666666666,63,149,-138.60328776887266,260,111,10,16,0,0,300.0,-24.775000149733387,-15.868912518533037,-86.75937510060612,-11.199999999999992,56,5,270,10,0600f734891fcd12257e7f2a96632317f78b548f1ae608b7d9f82325d53f1cb1
598,dqn,186,random,balanced,35.015306122448976,159.5,34.315,85,162,-165.54302545725727,294,132,0,2,0,0,300.0,-32.1703129040543,-21.110212526916428,-100.66250002628658,-11.59999999999999,58,0,294,0,537bc70cf66b225a15295c0ae796f794c2df44804e3cdb5fec58c920b55b125b
599,dqn,521,random,balanced,33.3248730964467,134.0,21.883333333333333,47,128,-114.44047931429084,197,69,0,2,0,0,300.0,-20.515625258209184,-14.311312475880548,-68.41354158020113,-11.199999999999992,56,1,197,0,1ef62ee3ff97f5f91b656237ca49088016e08e37e93c157108bbf3d50042a566
600,dqn,628,random,balanced,25.81578947368421,90.5,14.715,36,138,-78.93851271847453,171,33,0,1,0,0,300.0,-13.795312739093788,-6.433825012512535,-47.9093749668682,-10.799999999999994,54,1,171,0,0c9ca48dff7c8ede0455d8ef398e10bff93218dfa3fbaace879db09fd51859f7
601,dqn,275,random,ns_heavy,34.05978260869565,104.5,20.89,45,103,-107.17784169404693,184,81,0,1,0,0,300.0,-19.584375139907934,-14.158050011935849,-63.035416542203166,-10.399999999999995,52,2,184,0,4a14ce59eb996a8725d7f0662bb5974b0188150e1bec5be5091b85683e50a778
602,dqn,905,random,left_heavy,28.773255813953487,117.0,16.5,32,115,-107.39780446947478,172,57,15,18,0,0,300.0,-15.468750297091901,-11.024887542635403,-70.50416662974749,-10.399999999999995,52,3,187,15,0f5d4bdd08deab02733df099d05802f86cba5267b6ada5cb7d94fc7455310686
603,dqn,612,random,heavy,36.601941747572816,171.0,25.133333333333333,55,135,-144.3910046259734,206,71,0,1,0,0,300.0,-23.562500422238372,-16.252462507304884,-93.77604169643018,-10.799999999999994,54,3,206,0,e1913591c423689a644dc04aa0e493b241159eb256d9ff7e66338b3f81d74bbe
604,dqn,86,random,low,25.767567567567568,142.5,15.89,34,147,-118.11037105159707,185,38,0,2,0,0,300.0,-14.896875275298953,-8.01453749093562,-84.79895828536246,-10.399999999999995,52,3,185,0,2e3a4046180862829637378301c190ecb66e7ee409b769088229a01c92de39e8
605,dqn,117,random,balanced,21.224324324324325,113.5,13.088333333333333,26,158,-101.05504613548914,185,27,0,1,0,0,300.0,-12.27031277376227,-5.798274997015687,-72.18645836471114,-10.799999999999994,54,2,185,0,7503aa03aec769da842fa75d86a1ea6aacf34d7e48f03362ca321bd432d5fa2f
606,dqn,579,random,low,24.395833333333332,76.0,15.613333333333333,41,134,-87.4618960148429,192,58,0,1,0,0,300.0,-14.637500245473348,-7.244187497976963,-54.58020827139262,-10.999999999999993,55,5,192,0,5ebe6f4f7b3264f8eb379ab29028c02f52c58725adbdd7b6e724ed04c9185ff4
607,dqn,349,random,heavy,29.941509433962263,128.0,26.448333333333334,72,160,-125.06764182416303,265,105,0,2,0,0,300.0,-24.79531265539117,-13.940037493994895,-74.93229167477693,-11.399999999999991,57,2,265,0,fa8c24e3dec5992c1ed769e67afd5eb0fc19fa755ad871ee6c8ead533055a231
608,dqn,929,random,ns_heavy,36.910204081632656,149.5,30.143333333333334,66,157,-150.6341418977427,245,88,0,1,0,0,300.0,-28.25937527208589,-21.001849985851,-90.77291663980577,-10.599999999999994,53,1,245,0,d48f50c6fa3bb045ccec665368436929f18911df8bf3875923baf3765bb1fb0b
609,dqn,918,random,heavy,34.10427807486631,115.5,21.258333333333333,49,120,-123.05947498848904,187,67,0,3,0,0,300.0,-19.929687641793862,-13.923537496987413,-78.40624984970782,-10.799999999999994,54,3,187,0,6577b86280988a85deba2a9663b7f0f5a4dfcc45491b3e526dd927999a4df36c
610,dqn,682,random,heavy,29.967441860465115,150.0,21.476666666666667,46,146,-126.09993380907032,215,69,0,3,0,0,300.0,-20.134375404100865,-13.897850023261707,-82.46770838170778,-9.599999999999998,48,6,215,0,6f2cfe0962d84c2ff1a9c353bbd3b2e8c7eb38d7f3c6a8dc7ccec3dbcb5dda8b
611,dqn,538,random,balanced,14.545652173913043,85.0,11.151666666666667,43,181,-77.84380846850767,230,49,0,2,0,0,300.0,-10.454687722027302,-4.196412495018013,-53.99270825146232,-9.2,46,5,230,0,d02d3b3c0a8650f1791b65dbd14f015a3cee0fdb8abfe9630cbe0c838e9f1cb7
612,dqn,784,random,low,22.03142857142857,124.5,12.851666666666667,32,134,-99.12560852795293,175,41,0,3,0,0,300.0,-12.048437718884088,-5.668837507058924,-70.40833330200985,-10.999999999999993,55,2,175,0,2412343e38240f1d9a072a7b95b0fa2accd949acd36c0a97405822e0106b755d
613,dqn,435,random,left_heavy,23.322289156626507,94.0,12.908333333333333,31,116,-85.0389459110287,166,50,5,10,0,0,300.0,-12.101562702213414,-6.7415500076211154,-55.59583320119418,-10.599999999999994,53,3,171,5,d173a13888e259843d14dd1f13d1d37de5ea09550aecc7ed3568f53545678d6a
614,dqn,848,random,balanced,10.409090909090908,115.0,3.0533333333333332,8,84,-57.215204182905254,88,4,0,1,0,0,300.0,-2.8625000544125214,-0.8641625024705722,-44.4885416260222,-9.0,45,4,88,0,91ee3e01d94e54d057b608ed39661e72666243487c6e91ee96dc051a8fad0f0c
615,dqn,815,random,low,43.87462235649547,123.5,48.40833333333333,88,169,-176.7948501150029,331,162,0,2,0,0,300.0,-45.38281262514647,-35.01203752466463,-84.99999996519182,-11.399999999999991,57,1,331,0,6f974eb5b68496665b90463eed9cd2e0b246a9c83e4a6c5a12cd120f14cc5a51
616,dqn,500,random,left_heavy,33.64772727272727,113.5,24.68,53,139,-126.9956376830734,220,81,7,10,0,0,300.0,-23.13750026759226,-15.123762487542258,-77.73437492793892,-10.999999999999993,55,3,227,7,960b4f8a37cb30f594872518b915d2fb88deaa3f72f1f908eb3f62285d674c15
617,dqn,583,random,ns_heavy,21.872340425531913,79.0,10.281666666666666,26,120,-75.91768351631326,141,21,0,1,0,0,300.0,-9.639062727917917,-3.8890374929513207,-51.38958329544403,-10.999999999999993,55,1,141,0,78326943eb5be11606f878166cb29e4f13afb39ea45c2bc6ef098e9e52931751
618,dqn,549,random,ew_heavy,19.515625,66.5,10.408333333333333,26,135,-66.39629185670854,160,25,0,1,0,0,300.0,-9.757812714087777,-3.156187492756725,-42.682291649864055,-10.799999999999994,54,3,160,0,655c096e881d28cb4fb375bbc1537ab080af26c10bb542f7c102184396d033af
619,dqn,45,random,low,41.67537313432836,142.5,37.23,73,168,-142.7031877364126,268,100,0,2,0,0,300.0,-34.90312526212074,-24.95006253079991,-71.449999943492,-11.399999999999991,57,2,268,0,52d61a3051ffc8dfd9262c84912d30370521048ffd25585a3573fe9c2b676d0c
620,dqn,894,random,ew_heavy,28.43305439330544,128.5,22.651666666666667,48,151,-122.60365864062472,239,88,0,2,0,0,300.0,-21.23593781911768,-12.97188749665656,-76.99583332485054,-11.399999999999991,57,1,239,0,ea4080d54d0b2007c5908d0cc9a071c307d8b2de0d15c0101d2d7b51bca71341
621,dqn,805,random,ns_heavy,16.614406779661017,74.0,6.535,17,103,-60.64823345430708,118,15,0,1,0,0,300.0,-6.126562624820508,-1.8758375001656533,-42.045833329320885,-10.599999999999994,53,2,118,0,7428892fe51292db1d2d4da7c24f51316373fa2e9eef35907d9e002fac91de7e
622,dqn,68,random,ew_heavy,39.81211180124224,159.0,42.73166666666667,94,164,-165.86145023907955,322,158,0,2,0,0,300.0,-40.06093776470516,-29.3973874488329,-85.00312502554152,-11.399999999999991,57,2,322,0,983c67d6219671bc2be21c849a1a434e76217e9755f8a71a421690e4c9f2613f
623,dqn,347,random,heavy,33.666666666666664,141.0,30.636666666666667,73,148,-133.59418352933292,273,125,0,2,0,0,300.0,-28.721875212388113,-18.58897500215243,-74.88333331479225,-11.399999999999991,57,1,273,0,73ec87c761e3e04e71dabb2ef86f53d3c657c856bd6d5b750c94695c9e5f1301
624,dqn,695,random,balanced,37.11131386861314,146.0,33.895,78,158,-151.40256279364337,274,116,0,2,0,0,300.0,-31.762500262004323,-24.818187519508506,-83.82187501213048,-10.999999999999993,55,3,274,0,94ca6bda60dde2e09ad14b2ddac97f5f443cc9a34eeca695a2c59311bf52ee38
625,dqn,691,random,ns_heavy,28.802777777777777,136.5,17.281666666666666,37,134,-108.7662210272356,180,46,0,1,0,0,300.0,-16.201562672154978,-10.165699989438147,-71.99895836564247,-10.399999999999995,52,2,180,0,6e2e953eedaf9c14cf4c26ab73e223c0553ee3541cc291720aa2b4cd5c8e337e
626,dqn,755,random,ew_heavy,34.47517730496454,131.5,32.41,66,160,-140.9520670366597,282,122,0,4,0,0,300.0,-30.38437536242418,-23.141650020925596,-76.22604165330995,-11.199999999999992,56,2,282,0,f88efc6a728ad30457ebce74b3b137f6c823d28eb0bd9b2c06b5f5d2ab811e56
627,dqn,183,random,low,30.136363636363637,138.0,26.52,66,148,-134.36131285465456,264,116,0,2,0,0,300.0,-24.862500210641883,-16.776937485478275,-81.52187515853439,-11.199999999999992,56,3,264,0,475cb8dd272a12bc0e2297496e126032ba1c42481da64089f5815708a94ac15b
628,dqn,844,random,ew_heavy,26.285714285714285,142.0,19.013333333333332,36,148,-116.09090864705,217,69,0,1,0,0,300.0,-17.82500030787196,-10.807574991975704,-76.05833334720228,-11.399999999999991,57,1,217,0,747b89d9d0cb1ab18ed566d5909aa9620a2da301c1e25775ce2eb4ce4398447a
629,dqn,9,random,ew_heavy,35.32101167315175,158.0,30.26,66,182,-131.5456503731541,257,75,0,2,0,0,300.0,-28.36875034845434,-17.84252501631781,-74.7343750083819,-10.599999999999994,53,3,257,0,3b261f67d24bd2225cdaad04dd441765117e5caa5216074c9efa81b6d8eeb2dc
630,dqn,539,random,ns_heavy,32.888663967611336,105.0,27.078333333333333,68,146,-118.21540018437442,247,101,0,2,0,0,300.0,-25.385937702143565,-15.929462527283606,-65.49999995494727,-11.399999999999991,57,1,247,0,728120cc01ea7d8517ede201f39b3a5f2ed1a8f6bdde01e117fc965068cb0233
631,dqn,602,random,ns_heavy,32.71590909090909,144.5,28.79,71,158,-133.64287952079098,264,106,0,2,0,0,300.0,-26.990625258884393,-18.238712509038308,-77.81354175286833,-10.599999999999994,53,5,264,0,c0f401ab8b142d995def02c7ea1d8fa2f258092bf9f89c64bb00a105dd2a6fce
632,dqn,817,random,heavy,32.146288209606986,101.5,24.538333333333334,57,151,-106.67362510906392,229,78,0,2,0,0,300.0,-23.004687706474215,-13.125187505081698,-59.54374989750795,-10.999999999999993,55,2,229,0,1e81a63a7ec4ff91033d324721fc6ecdc883aa158673ee3d508d88097636ed38
633,dqn,123,random,balanced,14.644144144144144,58.5,5.418333333333333,13,104,-48.24367925594052,111,7,0,1,0,0,300.0,-5.079687629942782,-1.359824999975535,-31.004166626022197,-10.799999999999994,54,3,111,0,74a76abc2d6a01ae3d3b512783dfefc6cb6aacccd51deade644c6b990ea6c72c
634,dqn,932,random,ns_heavy,29.68141592920354,111.0,22.36,56,160,-118.30653765820963,226,66,0,1,0,0,300.0,-20.962500253808685,-12.412787501607818,-73.5312499027932,-11.399999999999991,57,2,226,0,f0656e04c11bde5e78ef8fed9d64556e11cb70395092fc1ec3d0c7e874edbbfe
635,dqn,154,random,ns_heavy,25.85175879396985,112.5,17.148333333333333,52,138,-94.02438369382361,199,61,0,1,0,0,300.0,-16.076562840957195,-10.083237524663124,-57.0645833282033,-10.799999999999994,54,1,199,0,ad04d7efaf4e1455183e65d11b015b6c06b3b397860fbe663be7446f2bc86501
636,dqn,48,random,balanced,33.73519163763066,172.5,32.27333333333333,68,167,-148.63582535828465,287,120,0,1,0,0,300.0,-30.256250376347452,-22.148325018212198,-85.83124996372499,-10.399999999999995,52,3,287,0,9b51f8938d7154acf52c4cd404ea4f2157f848da061aeaf0fe870e3edd37bce2
637,dqn,584,random,ns_heavy,28.515765765765767,106.0,21.101666666666667,42,157,-106.68220012770541,222,65,0,2,0,0,300.0,-19.782812729361467,-11.115012500393636,-64.78437489795033,-10.999999999999993,55,3,222,0,6447ff4f13ce69f234ff5ba742715fff353dc7a116d9ac071aefec3c27976de6
638,dqn,12,random,left_heavy,29.609756097560975,107.0,16.188333333333333,34,118,-106.1784794670064,164,46,2,5,0,0,300.0,-15.176562768523581,-11.432124987035065,-69.36979171144776,-10.199999999999996,51,4,166,2,b8d2e9ca3c4b726f93b9df1de33b18813e46fc44c42e0299929d927fcae2f264
639,dqn,679,random,left_heavy,20.636363636363637,78.5,9.086666666666666,23,94,-69.97816256407602,132,38,18,22,0,0,300.0,-8.518750141491182,-4.887537499861354,-46.57187492272351,-9.999999999999996,50,5,150,18,8da9a28253ea8377ab7e3782a50f72ccf79362b65bbec2973e612616dfdf68ae
640,dqn,149,random,ns_heavy,27.37272727272727,148.0,20.073333333333334,45,158,-110.56070032971473,220,62,0,2,0,0,300.0,-18.81875032116659,-10.223199999188362,-71.51875000935979,-9.999999999999996,50,3,220,0,9449e19f3f314eabedcf5df37a2ec26a9fdd05eb2eb4987b19317825cea1f2b5
641,dqn,849,random,low,34.273743016759774,111.0,20.45,47,123,-108.69265418711291,179,56,0,1,0,0,300.0,-19.171875062282197,-12.7384874599491,-66.18229166488163,-10.599999999999994,53,2,179,0,e3b3f6f7262bdb42cf1563d012b38205c72140f9c1ff0b9589bc8f60ecc24cb6
642,dqn,695,random,balanced,37.40510948905109,121.5,34.163333333333334,86,150,-142.9142752255277,274,124,0,2,0,0,300.0,-32.02812531858217,-24.13927497975165,-75.74687492719386,-10.999999999999993,55,1,274,0,94ca6bda60dde2e09ad14b2ddac97f5f443cc9a34eeca695a2c59311bf52ee38
643,dqn,536,random,low,22.80448717948718,54.5,11.858333333333333,38,115,-69.02427935070078,156,41,0,1,0,0,300.0,-11.117187638417818,-6.093549996481303,-41.01354171580169,-10.799999999999994,54,1,156,0,3ef97edf8fff93fbe1b04394d5717988e6d4f2d39e0742f7949217fa55712e56
644,dqn,164,random,left_heavy,29.59248554913295,105.5,17.071666666666665,45,119,-105.98030837498008,173,54,14,18,0,0,300.0,-16.0046876919223,-10.557912510944153,-69.41770817211363,-9.999999999999996,50,1,187,14,568a03fa642ac7e48a79bca2bcb937142f4ccabda61d65484c83d4da4f4bdd68
645,dqn,929,random,ns_heavy,36.05510204081633,113.5,29.445,59,152,-124.21400867677663,245,93,0,1,0,0,300.0,-27.60468777047936,-17.54786252547419,-67.86145838082302,-11.199999999999992,56,0,245,0,d48f50c6fa3bb045ccec665368436929f18911df8bf3875923baf3765bb1fb0b
646,dqn,29,random,low,22.539106145251395,114.5,13.45,33,144,-91.87632508314641,179,35,0,1,0,0,300.0,-12.609375118743628,-4.995075008896674,-63.271874955506064,-10.999999999999993,55,1,179,0,99f2846174037385b882a4c714e8234606c6ee9e277f5812400eb4ce8dda25be
647,dqn,974,random,left_heavy,36.254355400696866,108.0,34.68666666666667,74,149,-130.46062941493804,287,138,27,31,0,0,300.0,-32.518750350922346,-23.81583749480412,-62.92604156921152,-11.199999999999992,56,0,314,27,abaacb35f2a8ad89c6a8919e3632f72b0f76f64753dfdb3bc716f36d8368ef5f
648,dqn,639,random,low,31.340579710144926,88.5,21.625,48,130,-105.60185437210674,207,77,0,2,0,0,300.0,-20.27343783690594,-13.308625003894118,-60.81979153130669,-11.199999999999992,56,1,207,0,31cb5eb2a8fb03db4cecfa664e31d87d7c4ebaad5f021cd3ba066856b22def51
649,dqn,300,random,balanced,32.5450643776824,149.5,25.276666666666667,50,148,-132.99585850883815,233,85,0,2,0,0,300.0,-23.6968752091052,-16.36877498158792,-81.53020831814501,-11.399999999999991,57,1,233,0,fdaab5e29aa531c9014ba3c319748171b2dcb96e48497de301d95e570c40fd4b
650,dqn,208,random,low,36.42084942084942,172.0,31.446666666666665,88,147,-150.17763806855152,259,112,0,5,0,0,300.0,-29.48125057236757,-21.012012517953544,-89.48437497823033,-10.199999999999996,51,1,259,0,78b8bb9f38246d47790a68a21473ff5a9498a8d0225d5383a28368990860a06c
651,dqn,104,random,heavy,31.050632911392405,87.0,16.35333333333333,44,111,-88.40845451369607,158,47,0,1,0,0,300.0,-15.33125032717362,-8.748037512071463,-54.12916667445097,-10.199999999999996,51,2,158,0,5284a70c0b981cc4da06b70d42388da55b10dc1c92e41d8e39091cf1d447936b
652,dqn,212,random,balanced,26.392638036809817,77.5,14.34,35,125,-78.88162106101083,163,38,0,1,0,0,300.0,-13.443750228499994,-6.113912495180558,-48.72395833733026,-10.599999999999994,53,2,163,0,c9fc0d8c4dc8bf92610f5cc8c4dca6b6072a52866b528ed588d79e755810ffd8
653,dqn,399,random,low,31.496124031007753,129.0,27.086666666666666,59,145,-122.31729191392871,258,113,0,2,0,0,300.0,-25.39375024253968,-16.591250029906956,-68.93229164148215,-11.399999999999991,57,2,258,0,29991776368f820f57f188855e057eeea4c16fabcf7f6de076687eede13b0041
654,dqn,685,random,low,28.828389830508474,133.5,22.68,58,163,-108.81871700076665,236,73,0,2,0,0,300.0,-21.262500317534432,-12.833299987523786,-63.92291669570841,-10.799999999999994,54,1,236,0,568243bc33b127032363a42c024179871613468783101c1ea842ca151d3cfb65
655,dqn,144,random,ns_heavy,16.13809523809524,80.0,5.648333333333333,17,101,-53.733754315799885,105,4,0,1,0,0,300.0,-5.2953126322245225,-1.6467749986702982,-36.79166668490507,-9.999999999999996,50,4,105,0,57907eaa162bbb511688c8ee3d4cf617ee3c1b5f6fb7a893f50806d4d3aec66c
656,dqn,548,random,ew_heavy,37.554,155.5,31.295,66,153,-147.1428502739647,250,97,0,2,0,0,300.0,-29.339062733808532,-20.425662554102747,-85.97812498605344,-11.399999999999991,57,0,250,0,646ac64f80e222ddf12fcb6ab91e240994180b91884f1d6cfea08cfe1560475a
657,dqn,419,random,heavy,27.23671497584541,112.0,18.793333333333333,35,148,-107.35566685475426,207,59,0,2,0,0,300.0,-17.618750291410834,-9.217124998043435,-69.31979156529997,-11.199999999999992,56,1,207,0,d72e9cb29f2a56bbe97ee8fc0ac27ec97e8178c207908a023a235102c04db75b
658,dqn,697,random,heavy,33.8130081300813,168.5,27.726666666666667,59,156,-142.95630022434125,246,90,0,2,0,0,300.0,-25.993750217719935,-17.25317497958967,-88.50937502703164,-11.199999999999992,56,0,246,0,7871f37e9e9ae5d0011fffb3d735302428f11f9f2dc3f9a8ad47be4233562927
659,dqn,61,random,ew_heavy,29.82089552238806,133.0,26.64,56,163,-118.12803786019433,268,105,0,2,0,0,300.0,-24.975000410689972,-14.178037497444167,-67.77499995206017,-11.199999999999992,56,1,268,0,6a388d1c5460a7dea110c7852817b55367058b04ad73f82c7650cbb78022e94a
660,dqn,350,random,ew_heavy,39.114285714285714,118.5,31.94333333333333,62,149,-133.68476257927608,245,96,0,1,0,0,300.0,-29.946875190827996,-20.872262482674703,-71.46562490577344,-11.399999999999991,57,0,245,0,5d472a3d9f86e94612887a5d57d839efb06fec310d2f81de694dd0e84d929c3d
661,dqn,55,random,low,34.070454545454545,124.0,24.985,59,138,-114.98794608029489,220,82,0,2,0,0,300.0,-23.42343762877863,-14.446800029435693,-66.31770842208061,-10.799999999999994,54,1,220,0,0723c88980d3191aef6ebeb946599b70cd3ed4610b86fee7c46d1423d6df8a19
662,dqn,626,random,heavy,35.317535545023695,118.0,24.84,57,125,-121.30179995022405,211,86,0,2,0,0,300.0,-23.287500109756365,-15.679924980142815,-72.1343748603249,-10.199999999999996,51,2,211,0,4d9a8962b3f07156427c2eb26335926f2f64fc447a49b232d8cf0857583dfc59
663,dqn,839,random,heavy,28.294701986754966,130.5,14.241666666666667,27,122,-107.3530002379259,151,29,0,1,0,0,300.0,-13.351562793715857,-7.663937502487533,-75.73749994172249,-10.599999999999994,53,4,151,0,1c3011e96b4e9a35f254df33adb27574a666b1e9c9f3afae1fce317b66455751
664,dqn,644,random,left_heavy,35.61270491803279,155.0,28.971666666666668,57,156,-133.00379606614518,244,88,15,18,0,0,300.0,-27.16093778773211,-17.862649992305524,-76.38020828610752,-11.59999999999999,58,1,259,15,39e6523d0e586ce27988166a4cdb8ee700344fac847e5cc60220dc3a1a8b2d06
665,dqn,289,random,left_heavy,34.36926605504587,129.0,24.97833333333333,50,135,-134.07414604777657,218,83,7,10,0,0,300.0,-23.41718780156225,-18.545499950421068,-81.31145829579327,-10.799999999999994,54,1,225,7,c9d06557ede6c876984102f230b7380b90aab3bb9081c79babf6fe8efc9438ec
666,dqn,9,random,ew_heavy,36.34241245136187,151.5,31.133333333333333,63,174,-137.1659459897499,257,83,0,2,0,0,300.0,-29.187500144355,-20.348237519845863,-77.23020832554903,-10.399999999999995,52,1,257,0,3b261f67d24bd2225cdaad04dd441765117e5caa5216074c9efa81b6d8eeb2dc
667,dqn,400,random,heavy,36.691699604743086,130.5,30.94333333333333,65,155,-144.24419188232355,253,98,0,2,0,0,300.0,-29.009375247405842,-20.396274967544745,-83.63854166737292,-11.199999999999992,56,0,253,0,c24ffd48ef8380ffaa1db3ec6edd7b4a7f169ed7263c65cd759dff8faab9de36
668,dqn,595,random,low,42.77554179566563,126.0,46.055,100,146,-164.0605420440823,323,177,0,3,0,0,300.0,-43.176562806474976,-35.01418750634545,-75.26979173126165,-10.599999999999994,53,1,323,0,176365a0d053e45756d5ac52d18e237a4e8129ec1805e3ce86f335a362671275
669,dqn,13,random,low,21.930803571428573,150.5,16.375,38,159,-104.74102943593101,224,65,0,3,0,0,300.0,-15.351562782772817,-7.735300016332623,-70.85416663682554,-10.799999999999994,54,5,224,0,da6932cfdcc3cb93dfe7e929acda64ec0e1044362b1105bda333fa43b45171c6
670,dqn,478,random,ns_heavy,26.70949720670391,108.5,15.936666666666667,47,132,-94.74611684030387,179,47,0,1,0,0,300.0,-14.940625224844553,-7.251324993325396,-61.954166622133926,-10.599999999999994,53,4,179,0,dfa7fa02fc82a2fe0de5e00deef8c87e7516c1273d00579ebfd98af746207585
671,dqn,988,random,balanced,42.357361963190186,101.5,46.028333333333336,95,158,-162.3919753505914,326,168,0,2,0,0,300.0,-43.151562859653495,-34.143537483277754,-73.89687500766013,-11.199999999999992,56,2,326,0,e74279ee7b9ff1537d15af84d708b1df6a1a1a62f5eccf9e033dab4e660996c1
672,dqn,510,random,ns_heavy,25.561643835616437,86.5,12.44,29,122,-83.20317517530412,146,24,0,2,0,0,300.0,-11.662500221747905,-5.315675003638167,-55.22499994991813,-10.999999999999993,55,2,146,0,7fb25156e299554efc13d825561a78f2510c1aba9577b358175c1024058c2f29
673,dqn,755,random,ew_heavy,35.40070921985816,144.0,33.278333333333336,73,161,-142.7315129195755,282,121,0,2,0,0,300.0,-31.198437961400487,-24.20182498925788,-76.53124996891711,-10.799999999999994,54,3,282,0,f88efc6a728ad30457ebce74b3b137f6c823d28eb0bd9b2c06b5f5d2ab811e56
674,dqn,436,random,heavy,28.58880308880309,139.0,24.68166666666667,48,167,-132.5010295106636,259,92,0,2,0,0,300.0,-23.139062830014154,-15.010924982333377,-83.55104169831611,-10.799999999999994,54,2,259,0,20c205bdaee82bb23666523351fcb84dfd2e8ddb303e4580ed75b0b7beefb53d
675,dqn,680,random,low,29.53968253968254,113.5,18.61,41,138,-102.83253786463317,189,51,0,1,0,0,300.0,-17.446875346126035,-9.848162517552552,-64.3375000009546,-11.199999999999992,56,1,189,0,657f77ce38a3debf797ccbb404ae23820a2fb872190e7b314376aea10d0d2adf
676,dqn,996,random,heavy,23.641129032258064,75.5,9.771666666666667,25,98,-64.69553355509629,124,26,0,2,0,0,300.0,-9.160937727312557,-3.81376250451649,-41.92083332326729,-9.799999999999997,49,4,124,0,7921e447759d82336acc8bc60f86ecd3fff556377707fa09e1fd89f6153c6a3b
677,dqn,344,random,ns_heavy,39.32996632996633,132.5,38.93666666666667,77,156,-157.16530041192817,297,141,0,3,0,0,300.0,-36.50312533066608,-28.815300041564484,-81.04687503969762,-10.799999999999994,54,1,297,0,a2bd168242605747b22fe5ee06cf71c94a7e31639b4072effb9ec28b84ec71a5
678,dqn,561,random,ns_heavy,41.432377049180324,111.5,33.69833333333333,81,132,-136.90195850068773,244,112,0,3,0,0,300.0,-31.573437744867988,-24.01081249578929,-70.31770826003049,-10.999999999999993,55,1,244,0,91b7946f5c3a131787e3daa3d937c2dd7cd9a886985fa99cb926cbdf32cc5617
679,dqn,881,random,ew_heavy,43.36896551724138,127.0,41.92333333333333,84,147,-150.23618347746446,290,143,0,2,0,0,300.0,-39.303125209291466,-29.30909995934125,-70.62395830883179,-10.999999999999993,55,1,290,0,2b3902fd23543fccd85de2bbc1dc8d80a9e22335bf21f81482ab5a3da9da54a9
680,dqn,204,random,heavy,18.210982658959537,76.0,10.501666666666667,31,147,-74.1615917532276,173,26,0,1,0,0,300.0,-9.845312691410072,-3.3558624961449848,-50.360416565672494,-10.599999999999994,53,4,173,0,454867996975e041da5df5037a8b6d1ae2ae7b0aee6746dfbd81be27cfb658d1
681,dqn,671,random,ns_heavy,38.39066666666667,152.0,47.99666666666667,100,157,-178.42980028231767,375,218,5,16,0,0,300.0,-44.99687527085189,-37.314174990860174,-84.71875002060551,-11.399999999999991,57,0,380,5,706760fa2a1a3430f5af21515449a679c7fee18faac867d400ea146afa62a83a
682,dqn,946,random,left_heavy,28.485119047619047,150.5,15.955,38,104,-105.2908793271498,168,64,12,16,0,0,300.0,-14.957812651526183,-8.56952499781983,-70.96354167780373,-10.799999999999994,54,2,180,12,da12606dc8669a53ff92f253b2136acd55237ce98bf1cf7e280cb577538e66c1
683,dqn,331,random,balanced,25.497560975609755,92.0,17.423333333333332,40,144,-94.77537935067446,205,61,0,1,0,0,300.0,-16.334375225473195,-8.799337512962667,-58.64166661223862,-10.999999999999993,55,0,205,0,0537ab4e8d94625758fba82d566c6dcdd66456e1eefd07a4316f19bc3546b3ce
684,dqn,41,random,left_heavy,38.4078947368421,176.5,34.06,69,173,-158.9789920820774,266,93,20,23,0,0,300.0,-31.931250420282595,-25.406074986226326,-91.64166667556856,-9.999999999999996,50,6,286,20,3ff86ecc65355b3fd986c570ea66b9dbf6bdcdbc1240e12a29baeeb3742ad7fb
685,dqn,841,random,low,29.03404255319149,106.5,22.743333333333332,58,155,-102.09066682052948,235,80,0,2,0,0,300.0,-21.32187524146866,-13.167749979185464,-56.601041599875316,-10.999999999999993,55,1,235,0,c3592ec916e6d01adf68421d06c4883ebe0fe33bab38684a784314c4328bea39
686,dqn,291,random,balanced,36.40691489361702,157.0,22.815,52,126,-124.73122533810313,188,62,0,2,0,0,300.0,-21.38906272687018,-13.439037492559144,-78.50312511867378,-11.399999999999991,57,0,188,0,afa038bff57806ab8148b5a9a79d28e2f4f6456ac9bae8130d777752888502d8
687,dqn,229,random,left_heavy,31.714673913043477,81.5,19.453333333333333,47,117,-94.65010041551798,184,67,8,11,0,0,300.0,-18.237500262330286,-10.568850018984087,-54.44375013420358,-11.399999999999991,57,1,192,8,7ae9585f8bd1735e1b0dfbeb1a34909c9965f63e394f0c889efc6cbb0d59b9ed
688,dqn,789,random,left_heavy,18.98,119.0,11.08,26,123,-86.53121271547063,175,52,20,24,0,0,300.0,-10.387500207987614,-4.003087497215163,-60.54062501026783,-11.59999999999999,58,2,195,20,5296a343a29010c66e5e67446e63eaaa98fd13c130f2c888a8271ae188733afa
689,dqn,886,random,low,20.959558823529413,81.0,9.501666666666667,21,117,-74.78279195247669,136,19,0,1,0,0,300.0,-8.907812712946907,-3.055187500631289,-51.21979173889849,-11.59999999999999,58,1,136,0,7c49550219b6cb6f7c1e61bc59b3f470d15fb87c9e9612b00c197d5537a28cd8
690,dqn,672,random,low,32.439834024896264,128.5,26.06,65,163,-128.66673791486173,241,78,0,2,0,0,300.0,-24.431250321562402,-15.888612485615159,-77.54687510768417,-10.799999999999994,54,2,241,0,a287fe145fe6972f4bf922a8aae0a64d7d1c4944aeefaad8cb62b799bf68e18f
691,dqn,652,random,left_heavy,45.83201581027668,143.0,38.655,72,147,-161.76290032849874,253,106,26,28,0,0,300.0,-36.239062885171734,-31.795712518927022,-82.52812492439989,-11.199999999999992,56,1,279,26,86c09604b7ab65b8cba1f44353c895b3e94156022cba51a43e414416ccc59735
692,dqn,190,random,ns_heavy,39.10569105691057,137.0,32.06666666666667,74,156,-138.67155448726047,246,90,0,2,0,0,300.0,-30.062500202446245,-22.02676250493749,-75.78229177987669,-10.799999999999994,54,3,246,0,cfd2eca04d82417c2c101b5c8b2b187271375f0f6f226e5858c2e860fd8bb67b
693,dqn,420,random,left_heavy,34.61433447098976,189.5,33.81333333333333,67,155,-153.42248359650327,293,138,41,52,0,0,300.0,-31.700000355020165,-23.801649981080104,-86.92083326040301,-10.999999999999993,55,0,334,41,b71803a1087882fcaf409081081a56bb7b6f61ed004799143c41e25c788d8a5b
694,dqn,742,random,ew_heavy,32.632183908045974,148.5,28.39,63,161,-133.132670999533,261,100,0,2,0,0,300.0,-26.61562520917505,-16.73058747929099,-78.58645831106696,-11.199999999999992,56,2,261,0,dc1973aeb5b3466721b831c86161b6e3ecf2e13f29e06416338401c22efb7abc
695,dqn,121,random,ns_heavy,36.42857142857143,128.0,28.9,62,153,-129.30085429191308,238,85,0,2,0,0,300.0,-27.093750261352398,-17.137312485377343,-74.4697915451834,-10.599999999999994,53,0,238,0,f26fa7cfb1c42991097d38025df60a345066782c83fdd5131c0158a8cea4c60e
696,dqn,303,random,ew_heavy,31.06809338521401,176.5,26.616666666666667,53,152,-144.26540031226256,257,105,0,3,0,0,300.0,-24.95312530628871,-16.584150000921365,-92.12812500505242,-10.599999999999994,53,4,257,0,3f41e4efd3ac0e3a16caad8cffbb7249ef1f9cacc1ea846f14b2918f6b486cc8
697,dqn,867,random,left_heavy,30.533678756476682,130.5,19.65,48,118,-112.16984186590774,193,75,21,25,0,0,300.0,-18.42187526030466,-12.575049984051294,-70.17291662155185,-10.999999999999993,55,4,214,21,c4d6cd4df46d599ac84496afa0f1b452708e246f5d9f9b5bee7f02431165c973
698,dqn,599,random,low,38.04340277777778,159.0,36.52166666666667,89,162,-143.35310016844815,288,126,0,2,0,0,300.0,-34.23906265583355,-24.40778754034473,-73.50624997226987,-11.199999999999992,56,3,288,0,98db2c5f065a8c39fdb27fe79f003805a6ebf04c5ac4c93f7bbc4731d248004c
699,dqn,798,random,ew_heavy,20.1840490797546,116.5,10.966666666666667,27,140,-86.65617528309306,163,23,0,1,0,0,300.0,-10.281250248197466,-3.984300002927921,-61.59062503196765,-10.799999999999994,54,1,163,0,29c7427026772cee900c4a8db273955ffad288a3575959829cf4b9ff2db78d9b
700,dqn,393,random,heavy,29.44736842105263,124.5,24.255,48,135,-135.10404606315572,247,112,0,5,0,0,300.0,-22.73906275315676,-16.33165002370516,-85.03333328629378,-10.999999999999993,55,2,247,0,8ed004c43a1e2e37df1f0a1e88cbdc81619404027c38da49129b6fcc1e2fba4f
701,dqn,728,random,heavy,25.95275590551181,142.5,21.973333333333333,50,180,-113.43932956379794,254,74,0,2,0,0,300.0,-20.60000028333161,-10.172662485781622,-71.66666679468472,-10.999999999999993,55,4,254,0,43ea3f1b84773fcee4de73cff87914fcf5899870b85b9e76d2e739cca3aa2dbd
702,dqn,479,random,heavy,35.40983606557377,119.5,28.8,56,143,-128.81193364766148,244,101,0,2,0,0,300.0,-27.000000275904313,-20.362975002389426,-70.24895836936776,-11.199999999999992,56,1,244,0,055f04cce56e893f7eedf0e5fc4fa4548f7ec1a1b42659217222e9eaa90b09f3
703,dqn,834,random,low,34.48756218905473,117.5,23.106666666666666,49,127,-122.59243776349247,201,74,0,2,0,0,300.0,-21.662500200560316,-14.683062519136723,-75.44687504379544,-10.799999999999994,54,2,201,0,69f64d67314e690ff454853f6f58344c139b5117072dacd8eacf1d08c18694a8
704,dqn,624,random,ns_heavy,25.368263473053894,58.0,14.121666666666666,35,123,-71.55205024409297,167,44,0,2,0,0,300.0,-13.23906280414667,-5.475487488910585,-42.237499951035716,-10.599999999999994,53,2,167,0,94a11bf2d7252ac722ef0bfd76ed5bb2828e729d18e7d06f83d17250af5832c9
705,dqn,88,random,left_heavy,46.13598326359833,127.5,36.76,73,127,-155.43848761420966,239,112,27,30,0,0,300.0,-34.46250017429702,-27.90723743262499,-81.6687500072876,-11.399999999999991,57,0,266,27,b11ba89cca25825aa4072334a7b64271fb7adf6774b2f617145738bae3644642
706,dqn,78,random,heavy,37.23965517241379,125.0,35.998333333333335,79,153,-141.79668361915617,290,137,0,3,0,0,300.0,-33.74843759520445,-25.874287574676405,-71.17395844927523,-10.999999999999993,55,0,290,0,3bcef3853123bf2b709c182b0f9c1accfbe4be9874d083ba04317cea7cbd9cb8
707,dqn,563,random,ns_heavy,28.444642857142856,126.5,26.548333333333332,66,185,-140.34430847249462,280,95,0,3,0,0,300.0,-24.889062728965655,-18.840662521286863,-86.41458322224207,-10.199999999999996,51,4,280,0,81623ae39ca5633a2f9e4a9ced7d2455ec4a52e2b3eb39812eb65b6142ad085c
708,dqn,750,random,left_heavy,34.95161290322581,131.5,25.285,58,113,-149.88853750565394,217,104,22,25,0,0,300.0,-23.704687521676533,-23.024474977062347,-92.15937500691507,-10.999999999999993,55,6,239,22,1b64a012e291a9b411b497fbb83478547303b51cccd498c331266008cbd14cfa
709,dqn,322,random,balanced,32.505,79.5,21.67,53,136,-111.00537948360217,200,64,0,2,0,0,300.0,-20.315625253133476,-11.901212522117568,-67.38854170835111,-11.399999999999991,57,3,200,0,5232a5366cb3b9d7711e953d2f083fdbda6cffb62d16c35b346ce98850b4c803
710,dqn,277,random,balanced,28.46923076923077,109.0,12.336666666666666,31,103,-89.02767082793872,130,27,0,1,0,0,300.0,-11.565625147195533,-6.544337499432732,-60.917708181310445,-9.999999999999996,50,5,130,0,bac6b0f13d7ff30a325f5af5563d3b9eec09b57adf56a395b957de19961e0c59
711,dqn,566,random,left_heavy,36.77804878048781,109.0,25.133333333333333,50,119,-130.4080417357102,205,86,7,11,0,0,300.0,-23.56250013515819,-18.397624988872114,-77.44791661167983,-10.999999999999993,55,1,212,7,98caf007411bf315a5073ef51e3fd29f044aa1f1bf04f59d2113b6f179de05bf
712,dqn,59,random,heavy,35.63563829787234,108.0,22.333333333333332,50,129,-122.79183353282119,188,59,0,2,0,0,300.0,-20.937500259373337,-13.43975000373175,-78.01458326971624,-10.399999999999995,52,4,188,0,4f18337cf537db4f6deb49f8454a95b97a8cb58516d71684a2e883e8e707e3c3
713,dqn,624,random,ns_heavy,26.05688622754491,64.0,14.505,46,120,-72.01662093506384,167,47,0,2,0,0,300.0,-13.598437668639235,-6.38797499745342,-41.23020826897118,-10.799999999999994,54,3,167,0,94a11bf2d7252ac722ef0bfd76ed5bb2828e729d18e7d06f83d17250af5832c9
714,dqn,212,random,balanced,26.85276073619632,95.5,14.59,33,127,-96.32977522176951,163,36,0,1,0,0,300.0,-13.678125195670873,-7.920399987146083,-63.73125003895257,-10.999999999999993,55,1,163,0,c9fc0d8c4dc8bf92610f5cc8c4dca6b6072a52866b528ed588d79e755810ffd8
715,dqn,689,random,ns_heavy,34.083333333333336,104.5,23.18,66,119,-110.29845444991011,204,85,1,6,0,0,300.0,-21.731250201235525,-13.866162482208898,-64.10104176646564,-10.599999999999994,53,3,205,1,3509be764a6353cbabd064caf9ac4175c0b0c27fc5a753b771c0428df9d4a44d
716,dqn,113,random,ns_heavy,26.1,64.0,13.485,34,122,-70.18580437217094,155,33,0,1,0,0,300.0,-12.642187756369822,-5.14570000505264,-41.19791661074851,-11.199999999999992,56,1,155,0,bf4caa10621319b5a13ceb1fb946a751a7619841dc636677c5b9ad8917384e50
717,dqn,84,random,left_heavy,39.1160409556314,181.0,38.20333333333333,83,149,-161.20025841424143,293,144,0,3,0,0,300.0,-35.81562510714866,-28.80442503067097,-85.98020827642176,-10.599999999999994,53,2,293,0,bb30c30c3d85602e55b3964bfc5189f88f1a0db34181038425309aadbf94f8ab
718,dqn,111,random,ew_heavy,37.800448430493276,100.5,28.098333333333333,64,133,-120.86646270958366,223,90,0,1,0,0,300.0,-26.34218775574118,-17.999275006532116,-64.92499994731043,-11.59999999999999,58,0,223,0,525c4bc286e353468dbc4d7602cd6d293d8acc42f55f4a652abbe80435c2a219
719,dqn,580,random,ns_heavy,27.292857142857144,90.0,19.105,49,131,-95.05539610383211,210,79,0,2,0,0,300.0,-17.910937856533565,-9.21737500701202,-56.72708324028645,-11.199999999999992,56,1,210,0,00c9f5313e9366e7f50e0de83f5a05213495722ff037dc410390eded57679a09
720,dqn,727,random,balanced,31.93076923076923,120.0,20.755,45,136,-113.35662929666505,195,59,0,2,0,0,300.0,-19.45781269983854,-13.525899982445836,-69.97291661438067,-10.399999999999995,52,3,195,0,a1ca146bf4a66843d8c7fcfa7a463c9b68010a599153c25ad52c8095269ddba0
721,dqn,626,random,heavy,36.367298578199055,95.5,25.578333333333333,53,121,-112.74662915410227,211,90,0,2,0,0,300.0,-23.97968762135133,-16.0721499819796,-61.09479155077133,-11.59999999999999,58,0,211,0,4d9a8962b3f07156427c2eb26335926f2f64fc447a49b232d8cf0857583dfc59
722,dqn,121,random,ns_heavy,35.55672268907563,130.0,28.208333333333332,64,152,-122.91160039013559,238,86,0,2,0,0,300.0,-26.445312879630364,-16.494412506756632,-68.57187500374857,-11.399999999999991,57,1,238,0,f26fa7cfb1c42991097d38025df60a345066782c83fdd5131c0158a8cea4c60e
723,dqn,182,random,heavy,30.268844221105528,92.0,20.078333333333333,41,140,-100.53492947474294,199,59,0,1,0,0,300.0,-18.82343780831434,-9.769824997356041,-60.54166666907258,-11.399999999999991,57,1,199,0,986d11ffd694e2d94cf06e48fd0d6972873813b15fa6b2c1f9a5e39a5bda2a40
724,dqn,610,random,ew_heavy,21.563106796116504,76.0,7.403333333333333,18,90,-61.12707932396586,103,13,0,1,0,0,300.0,-6.940625133225694,-2.4104125025754928,-40.776041688164696,-10.999999999999993,55,1,103,0,6a2102d9ca988596d7fd8391e5bb86062705bbd6b6c3cf833262cbf095738e21
725,dqn,689,random,ns_heavy,35.14824120603015,153.5,23.316666666666666,56,117,-126.51475835258819,199,82,6,10,0,0,300.0,-21.85937511175871,-14.778299982661697,-78.67708325816784,-11.199999999999992,56,1,205,6,3509be764a6353cbabd064caf9ac4175c0b0c27fc5a753b771c0428df9d4a44d
726,dqn,851,random,ns_heavy,28.643478260869564,160.5,21.961666666666666,49,175,-123.23585448054806,230,55,0,1,0,0,300.0,-20.58906281646341,-12.155125003603464,-79.69166666048113,-10.799999999999994,54,2,230,0,8ea44c534d8e5da8132512910267e0a120380a731208129809b8a5ea154c40cc
727,dqn,473,random,ns_heavy,27.96875,110.0,14.918333333333333,35,125,-103.93717508552294,160,35,0,1,0,0,300.0,-13.98593765962869,-7.198112508921623,-71.55312491697259,-11.199999999999992,56,0,160,0,2246ffddde29ad3743e9d10824acfa5a038eb0ea18d0838e6338014d2b637e23
728,dqn,37,random,balanced,35.56164383561644,127.5,25.96,56,139,-133.35818364499346,219,80,0,2,0,0,300.0,-24.33750024146866,-18.00610000156085,-80.01458340196405,-10.999999999999993,55,1,219,0,1757cab7d07d94a74db353734efc7857b31ce942006509f5e0ee1344f335faf6
729,dqn,206,random,left_heavy,41.86824324324324,137.5,41.321666666666665,88,145,-161.34902934869106,296,151,20,26,0,0,300.0,-38.64062522165477,-32.801112472701774,-79.1072916543344,-10.799999999999994,54,1,316,20,73d8b036b5b21ed3761e5f4643f6a6fefdf586090f2a0acc9a816730279eb2c6
730,dqn,369,random,heavy,18.801242236024844,64.0,10.09,26,139,-62.07565853925915,161,22,0,1,0,0,300.0,-9.459375227568671,-3.267324993522197,-38.1489583181683,-11.199999999999992,56,1,161,0,67eeecdae59adbe12f4e9de7e3fac91ea4c1f6e9cd0b93d317efbd7baf1d2122
731,dqn,41,random,left_heavy,35.74045801526717,147.0,31.215,68,157,-151.7089418898665,262,105,24,26,0,0,300.0,-29.26406281616073,-23.646962444330715,-88.19791662937496,-10.599999999999994,53,3,286,24,3ff86ecc65355b3fd986c570ea66b9dbf6bdcdbc1240e12a29baeeb3742ad7fb
732,dqn,829,random,heavy,30.076923076923077,75.5,18.246666666666666,39,118,-89.822362515625,182,64,0,1,0,0,300.0,-17.106250225915574,-10.141112488756338,-51.77499980095308,-10.799999999999994,54,2,182,0,9e046489f6908c896e19442aea230335002a8cd15c8b20c6e1b397ecff66f608
733,dqn,323,random,heavy,36.0,105.5,30.12,62,167,-125.79657105679726,251,84,0,1,0,0,300.0,-28.23750028212089,-18.397612489127646,-68.56145828554872,-10.599999999999994,53,1,251,0,eba28b1e00f6aad6f1030e6dd35ed592016cb40209237d4e649c52485fbcae0f
734,dqn,362,random,heavy,31.644117647058824,92.0,17.93166666666667,42,115,-105.66880436667921,170,55,0,1,0,0,300.0,-16.810937761329114,-10.191200010434114,-68.66666659491602,-9.999999999999996,50,2,170,0,1ddf3bf94dc131b689eb2d2e3512a82d27273412e73a3950fc56b7b19e57bfb0
735,dqn,493,random,low,41.70039682539682,149.0,35.028333333333336,85,161,-154.0941334969445,252,91,0,2,0,0,300.0,-32.8390627107583,-28.00923751991577,-82.84583326627035,-10.399999999999995,52,2,252,0,21a1f198d1364a32bf74a2aae45b67a44f3fdea38fe808d80fd769e7bef5dbcf
736,dqn,499,random,heavy,19.283464566929133,68.5,8.163333333333334,24,108,-62.169429344542024,127,19,0,1,0,0,300.0,-7.653125181910582,-2.771512502010593,-40.54479166062083,-11.199999999999992,56,0,127,0,cd1e7bbcc53fe9e3f603ec53fb8eb51ebd71e311233ca9a526d86014ed6d8393
737,dqn,146,random,low,37.161637931034484,98.5,28.738333333333333,57,142,-123.48329196782073,232,90,0,2,0,0,300.0,-26.942187826381996,-17.90568742712712,-66.83541671431158,-11.79999999999999,59,1,232,0,ffaf29ca8651762fd31032234c7453e37d15f731ff060ae8251ffd308b6fc2bd
738,dqn,359,random,ew_heavy,38.802120141342755,156.5,36.60333333333333,75,171,-153.60263369276294,283,112,0,2,0,0,300.0,-34.31562535709236,-24.969300025348637,-83.3177083103219,-10.999999999999993,55,1,283,0,32f061e1251b2821d66713c4b6b21654a1f844a6291771eb4a10ef561d5935c1
739,dqn,975,random,low,27.488687782805428,107.5,20.25,55,151,-100.29169598492015,221,70,0,2,0,0,300.0,-18.98437524191104,-9.208362505702832,-60.698958237306215,-11.399999999999991,57,1,221,0,bcd30b0476a4709dd852e4025820417f9ca5684b7a7aeee47237e7117066a146
740,dqn,738,random,left_heavy,46.03787878787879,167.5,40.515,79,145,-174.09773775367597,264,119,15,18,0,0,300.0,-37.98281279404182,-35.13367499835364,-90.58124996128026,-10.399999999999995,52,0,279,15,76907cd7e7e2b0759999660518020597fa9ad954390d9d055b572315093f0859
741,dqn,325,random,balanced,29.77970297029703,175.0,20.053333333333335,44,144,-122.11517111319479,202,58,0,2,0,0,300.0,-18.80000034184195,-10.172462476397776,-81.94270829495508,-11.199999999999992,56,4,202,0,3d026660992de65171ac6d94c3ac8e65fec5dcf25bfcb3e3f65aed919292afa6
742,dqn,750,random,left_heavy,27.525114155251142,105.5,20.098333333333333,45,123,-97.6887919199602,219,96,20,24,0,0,300.0,-18.842187716974877,-11.764312484948457,-55.88229171803687,-11.199999999999992,56,4,239,20,1b64a012e291a9b411b497fbb83478547303b51cccd498c331266008cbd14cfa
743,dqn,194,random,low,28.408256880733944,103.0,20.643333333333334,45,150,-103.59064189515269,218,68,0,2,0,0,300.0,-19.353125262772664,-11.989599994809398,-61.2479166375706,-10.999999999999993,55,3,218,0,a180e7f579d2a4443db5809f3931ff5ec3573a8019df47c03ab5945fb2d00ba5
744,dqn,416,random,left_heavy,24.386740331491712,79.0,14.718333333333334,38,127,-88.54080012022241,181,54,17,23,0,0,300.0,-13.798437756369822,-8.029862507439251,-55.51249985641334,-11.199999999999992,56,0,198,17,05eb738634fb18cd6d445e1ee1563b42d90c4cb8de1596522fc512792662513e
745,dqn,385,random,low,33.935374149659864,165.5,33.25666666666667,78,155,-146.0402461380719,294,139,0,2,0,0,300.0,-31.178125369013287,-24.519412477363222,-78.94270829169545,-11.399999999999991,57,3,294,0,0b8925119d2c6fccbc76f3474ec3d26d59ce5b4597b767803c16e29f97012a87
746,dqn,5,random,heavy,23.758536585365853,85.5,16.235,39,163,-84.80791691431155,205,42,0,1,0,0,300.0,-15.220312780002132,-6.277187492268427,-53.110416642040946,-10.199999999999996,51,4,205,0,b2c9ae499438344992acf07f480e0c9688c1b91c7e9b81434eae4b69aa2b0e70
747,dqn,618,random,ns_heavy,34.19565217391305,148.0,26.216666666666665,60,148,-119.02635036329086,230,82,0,2,0,0,300.0,-24.578125337022357,-15.313850036210347,-67.93437499005813,-11.199999999999992,56,1,230,0,3d63af3430bcbfc409a7a62c27167c8e29668379e4485926722c66cfbe16ae60
748,dqn,869,random,left_heavy,38.777142857142856,119.5,22.623333333333335,46,104,-119.12100432459917,175,71,26,29,0,0,300.0,-21.209375196136534,-15.435587449168812,-71.87604167929385,-10.599999999999994,53,2,201,26,669dde01be600da2425b46495eb40602bb99322cb610fc14830cbdf8a0934380
749,dqn,375,random,ns_heavy,29.811567164179106,115.5,26.633333333333333,68,150,-121.91265841905917,268,118,0,4,0,0,300.0,-24.96875018568244,-17.219949989178716,-68.723958244198,-10.999999999999993,55,1,268,0,4177d0d2747b66881571ee22ce1319b1698431305703d0bb7ce03adbd528ac78
750,dqn,214,random,balanced,26.581683168316832,128.0,17.898333333333333,39,136,-117.78175430850533,202,66,0,2,0,0,300.0,-16.77968765492551,-9.76352499475179,-80.83854165882803,-10.399999999999995,52,3,202,0,ea84b8d4230180cc085458867f689ad098223fd699b396071e378272b68d77b8
751,dqn,323,random,heavy,33.67529880478088,160.5,28.175,63,161,-144.85141685114291,251,90,0,1,0,0,300.0,-26.41406268510036,-18.608187507796526,-89.22916665824596,-10.599999999999994,53,3,251,0,eba28b1e00f6aad6f1030e6dd35ed592016cb40209237d4e649c52485fbcae0f
752,dqn,707,random,ns_heavy,23.741666666666667,122.0,14.245,40,134,-82.98653350509196,180,46,0,1,0,0,300.0,-13.35468766419217,-6.0047625149316435,-52.227083325968124,-11.399999999999991,57,2,180,0,54b0c223084411f3dcb4e460f5d6523f059559c49a65a389efc2c5f9d3259c50
753,dqn,406,random,heavy,28.564981949458485,100.5,26.375,66,149,-113.1160712563513,277,128,0,4,0,0,300.0,-24.72656292899046,-16.94055000102016,-60.04895832634065,-11.399999999999991,57,2,277,0,a83a8ea8bbdb6b35a0d6847b65aef215fcc730f7d56bad2b7a801531da04e3c1
754,dqn,861,random,low,24.389150943396228,101.5,17.235,59,143,-85.80942103648268,212,69,0,3,0,0,300.0,-16.157812796300277,-7.39639998997736,-51.45520825020503,-10.799999999999994,54,3,212,0,ba3a491e4b9d01baff600c19f2d9af235b65ee870a6a93a360a3b98d292725b0
755,dqn,258,random,left_heavy,34.25934579439252,115.0,24.448333333333334,63,126,-115.30841275764901,214,88,21,25,0,0,300.0,-22.920312689617276,-14.341224996296665,-66.44687507173512,-11.59999999999999,58,1,235,21,e6c17d1ef923d98607f6259e079a74fcaf1561133f33a70cd7ecd80567c906ca
756,dqn,374,random,heavy,35.14173228346457,149.5,29.753333333333334,62,146,-141.38124608815494,254,108,0,2,0,0,300.0,-27.893750309129246,-20.70416250074122,-82.18333327828441,-10.599999999999994,53,1,254,0,f3952a1d9ada462992257be485dfacc7ea30d63bc3030edf8b4479c246a29bce
757,dqn,32,random,low,36.99759615384615,100.0,25.651666666666667,64,131,-118.85074620287497,208,77,0,2,0,0,300.0,-24.04843786219135,-16.487725002375363,-66.91458333830815,-11.399999999999991,57,0,208,0,761daac37bf13f4ba486534ad3de5d4d4a919b78cea23fa6ffb8d048d2b95e3f
758,dqn,125,random,ew_heavy,22.39097744360902,97.5,9.926666666666666,28,111,-77.11835849440398,133,22,0,1,0,0,300.0,-9.306250191060826,-3.6287750023111602,-52.98333330103196,-11.199999999999992,56,2,133,0,832fd63f425e5020cac364886af4e7d1b1673dea8220ac3ed075ad8b37b3c2ed
759,dqn,519,random,heavy,26.469325153374232,87.0,14.381666666666666,39,119,-83.86170432275834,163,44,0,1,0,0,300.0,-13.482812659349293,-6.53722499834112,-52.241666665067896,-11.59999999999999,58,0,163,0,a3eec615fe21f5fae221d56ba665d013b9f28739b9a80ef6c92a81282dc6b9e5
760,dqn,405,random,ew_heavy,30.683520599250937,212.0,27.31,57,175,-151.04162520368774,267,92,0,2,0,0,300.0,-25.603125198627822,-17.285375010065756,-97.95312499499414,-10.199999999999996,51,4,267,0,acfd59da888e23b557ddb49451f693fc6e5a794ba47049daf4143e2c2e910d57
761,dqn,543,random,heavy,34.03404255319149,96.5,26.66,63,154,-108.48213371554807,235,81,0,2,0,0,300.0,-24.99375032237731,-14.573800006107922,-57.514583387062885,-11.399999999999991,57,0,235,0,c3cd059b242498ca61648937ede582f3b51e75a788a2239a9d29b628b8ed7181
762,dqn,170,random,heavy,36.714046822742475,130.5,36.59166666666667,84,161,-137.11647932489944,299,138,0,2,0,0,300.0,-34.3046876488952,-23.94199999121556,-67.86979168478865,-10.999999999999993,55,0,299,0,c511de3119b99e2c3c114ff4aa080fc9b8ff3486932f5da0192928afe3e5d566
763,dqn,313,random,ns_heavy,33.69047619047619,103.5,25.941666666666666,58,156,-113.79501678794404,231,75,0,1,0,0,300.0,-24.320312706986442,-13.248662515098836,-64.82604156585876,-11.399999999999991,57,0,231,0,a52b470be3a30957a280455844e5dd78d9ed00c5927780dfc42825d6255045cb
764,dqn,193,random,left_heavy,23.177033492822968,104.5,16.155,40,131,-89.15005436540095,209,78,14,20,0,0,300.0,-15.145312704960816,-6.7880750044991185,-55.816666655940935,-11.399999999999991,57,1,223,14,23a6e56f6b35e98849363d4d5f5b452d4253eb6d467352feb685c582e2382a6c
765,dqn,374,random,heavy,35.08267716535433,131.5,29.703333333333333,61,153,-124.94425047025797,254,101,0,2,0,0,300.0,-27.84687536896672,-20.306750018380264,-65.79062508291099,-10.999999999999993,55,1,254,0,f3952a1d9ada462992257be485dfacc7ea30d63bc3030edf8b4479c246a29bce
766,dqn,929,random,ns_heavy,35.16122448979592,119.0,28.715,55,149,-130.05731283590575,245,96,0,1,0,0,300.0,-26.9203128174413,-17.602625012829957,-74.5343750056345,-10.999999999999993,55,1,245,0,d48f50c6fa3bb045ccec665368436929f18911df8bf3875923baf3765bb1fb0b
767,dqn,162,random,left_heavy,44.753246753246756,126.0,34.465,69,118,-139.4293876168995,231,113,3,6,0,0,300.0,-32.310937691130675,-26.655949973429234,-69.26249995233957,-11.199999999999992,56,0,234,3,c386d88f10736dfea8583ec879dac340a33edf87aa13849215872051e3a70cdd
768,dqn,847,random,ns_heavy,29.017241379310345,83.0,16.83,34,118,-99.3535293303976,174,56,0,1,0,0,300.0,-15.778125260956585,-10.521237503675357,-62.05416656576563,-10.999999999999993,55,2,174,0,553849584c92b285b1d3bdb733029257f6453e30e6c8d65496567a972600e6c5
769,dqn,870,random,low,25.223880597014926,77.5,11.266666666666667,22,107,-77.69629178207683,134,27,0,1,0,0,300.0,-10.562500189291313,-5.076500001408565,-51.257291591377,-10.799999999999994,54,1,134,0,85325f5f55a952933135b8fd0c6fdffd8ebc715b0c00c3050f2ecda054d46c6e
770,dqn,206,random,left_heavy,38.758389261744966,133.0,38.505,78,146,-159.23538351196402,298,152,18,28,0,0,300.0,-36.098437718697824,-33.86611245276945,-78.67083334049676,-10.599999999999994,53,1,316,18,73d8b036b5b21ed3761e5f4643f6a6fefdf586090f2a0acc9a816730279eb2c6
771,dqn,45,random,low,43.92164179104478,123.5,39.236666666666665,85,152,-142.70329196744348,268,116,0,2,0,0,300.0,-36.78437539981678,-26.630374986284732,-67.888541581342,-11.399999999999991,57,0,268,0,52d61a3051ffc8dfd9262c84912d30370521048ffd25585a3573fe9c2b676d0c
772,dqn,521,random,balanced,33.954314720812185,126.0,22.296666666666667,45,130,-112.90269601655679,197,67,0,2,0,0,300.0,-20.903125254204497,-15.559987506047033,-65.2395832563052,-11.199999999999992,56,2,197,0,1ef62ee3ff97f5f91b656237ca49088016e08e37e93c157108bbf3d50042a566
773,dqn,628,random,balanced,25.73391812865497,78.5,14.668333333333333,36,134,-76.75651270007437,171,37,0,1,0,0,300.0,-13.751562871737406,-7.033074998000664,-44.37187483033631,-11.59999999999999,58,3,171,0,0c9ca48dff7c8ede0455d8ef398e10bff93218dfa3fbaace879db09fd51859f7
774,dqn,486,random,ew_heavy,33.76893939393939,139.0,29.721666666666668,71,147,-131.09916282699635,264,117,0,4,0,0,300.0,-27.817187801701948,-20.88822497945002,-71.19375004584435,-11.199999999999992,56,1,264,0,c48174d291d4179fa2478861367ed6d97846c57069e05b161ba92a842ac12403
775,dqn,662,random,ew_heavy,33.48918918918919,111.5,20.651666666666667,46,137,-101.21386700545911,185,48,0,1,0,0,300.0,-19.360937811317854,-11.742512511960376,-58.71041668218095,-11.399999999999991,57,3,185,0,20d27d2d394a1656e81171e26e81613738a8e83f13b973f3ee244f9b5ac91a17
776,dqn,45,random,low,43.21455223880597,134.5,38.605,79,163,-159.95877515800737,268,105,0,2,0,0,300.0,-36.19218779401854,-26.791587482220365,-86.1749998817686,-10.799999999999994,54,2,268,0,52d61a3051ffc8dfd9262c84912d30370521048ffd25585a3573fe9c2b676d0c
