episode,controller,seed,traffic_scenario,realized_scenario,avg_waiting_time,max_waiting_time,avg_queue,max_queue,throughput,episode_reward,departed,unfinished,pending,max_pending,collisions,teleports,duration,reward_queue,reward_waiting,reward_max_waiting,reward_switching,phase_changes,forced_changes,scheduled,not_inserted,route_sha256
1,dqn,134,random,heavy,30.073275862068964,95.0,23.256666666666668,57,167,-106.72642520928278,232,65,0,2,0,0,300.0,-21.803125193342566,-11.548300039572496,-62.37499997636769,-10.999999999999993,55,1,232,0,b0682668f42f500aab9e14c92a5db24bf41a07dc64f61bdc53742cf5bc9665e3
2,dqn,129,random,left_heavy,42.76384839650146,112.0,48.89833333333333,104,178,-167.78943387125116,343,165,16,20,0,0,300.0,-45.757812861236744,-36.982662571914965,-74.04895843809936,-10.999999999999993,55,1,359,16,4073a805572b0b716bbf6c1b4450a7fa0f76d1fbf10053b5b89a7708e052f884
3,dqn,798,random,ew_heavy,21.711656441717793,76.5,11.796666666666667,25,143,-75.51780432653688,163,20,0,1,0,0,300.0,-11.059375202748924,-4.548012497765741,-48.9104166260222,-10.999999999999993,55,0,163,0,29c7427026772cee900c4a8db273955ffad288a3575959829cf4b9ff2db78d9b
4,dqn,500,random,left_heavy,37.43438914027149,136.0,27.58,65,144,-127.0579752905534,221,77,6,8,0,0,300.0,-25.856250245007686,-19.551725056139546,-70.2499999894062,-11.399999999999991,57,0,227,6,960b4f8a37cb30f594872518b915d2fb88deaa3f72f1f908eb3f62285d674c15
5,dqn,591,random,balanced,33.089473684210525,89.0,20.956666666666667,67,135,-96.39927528729243,190,55,0,2,0,0,300.0,-19.59062522451859,-12.324274976975712,-53.48437508579809,-10.999999999999993,55,1,190,0,e84ee16807ff7b35ab28cb371015d08f8d4773b76a2d47e92baa58b30e7852b0
6,dqn,602,random,ns_heavy,59.38636363636363,166.0,52.26,129,122,-193.54445830108435,264,142,0,2,0,0,300.0,-46.959374992293306,-41.96737495413757,-93.41770835465286,-11.199999999999992,56,1,264,0,c0f401ab8b142d995def02c7ea1d8fa2f258092bf9f89c64bb00a105dd2a6fce
7,dqn,713,random,ew_heavy,36.55681818181818,103.5,26.808333333333334,62,134,-117.09993777178826,220,86,0,2,0,0,300.0,-25.1328127537854,-15.99525001779329,-64.77187500020955,-11.199999999999992,56,0,220,0,cf06810f86bbfbf5d1fa75f3976f9dd809fd849b3398207e31c95efd63b068f0
8,dqn,29,random,low,34.99441340782123,99.5,20.88,58,125,-102.33226259173095,179,54,0,1,0,0,300.0,-19.575000173645094,-11.694762517690831,-59.86249990039505,-11.199999999999992,56,1,179,0,99f2846174037385b882a4c714e8234606c6ee9e277f5812400eb4ce8dda25be
9,dqn,486,random,ew_heavy,43.33712121212121,117.5,38.13666666666666,93,134,-144.20002094532902,264,130,0,3,0,0,300.0,-35.57656260463409,-27.587000036519747,-69.43645830417518,-11.59999999999999,58,0,264,0,c48174d291d4179fa2478861367ed6d97846c57069e05b161ba92a842ac12403
10,dqn,148,random,balanced,38.99579831932773,130.0,30.936666666666667,80,162,-146.4264792697905,238,76,0,1,0,0,300.0,-29.003125295159407,-21.55668746558295,-84.46666650904808,-11.399999999999991,57,1,238,0,c7c282b923a371314d119956770922f3bf09aeabf5f788ce7b2f6677b27ee084
11,dqn,402,random,heavy,46.55,156.0,38.791666666666664,78,138,-172.15627532123978,250,112,0,2,0,0,300.0,-36.27812540414743,-30.593774995113943,-94.08437492197845,-11.199999999999992,56,0,250,0,b4d3738f6a03ae53104a3ed6b4190a7681bbaf9751c2281a04491b807446e099
12,dqn,929,random,ns_heavy,44.41428571428571,129.5,36.27166666666667,93,149,-143.49267931409778,245,96,0,1,0,0,300.0,-33.9906251472421,-25.263512493522285,-73.03854167333338,-11.199999999999992,56,0,245,0,d48f50c6fa3bb045ccec665368436929f18911df8bf3875923baf3765bb1fb0b
13,dqn,548,random,ew_heavy,47.25,123.5,39.375,88,141,-142.07668734422836,250,109,0,2,0,0,300.0,-36.91406240488868,-27.600124961016267,-66.16249997832347,-11.399999999999991,57,0,250,0,646ac64f80e222ddf12fcb6ab91e240994180b91884f1d6cfea08cfe1560475a
14,dqn,71,random,low,39.42194092827004,128.5,31.145,63,156,-146.5295712139297,237,81,0,2,0,0,300.0,-29.198437835322693,-22.07280001724866,-84.25833336135838,-10.999999999999993,55,0,237,0,45e0571bb397399fef20c12c794c542cfa4cbd2a2584c89c5ef23b9a49245c1f
15,dqn,543,random,heavy,39.95106382978724,120.0,31.295,82,149,-132.78879168262935,235,86,0,2,0,0,300.0,-29.339062593411654,-21.042437495954797,-71.40729159326293,-10.999999999999993,55,1,235,0,c3cd059b242498ca61648937ede582f3b51e75a788a2239a9d29b628b8ed7181
16,dqn,130,random,heavy,37.97409326424871,107.0,24.43,59,136,-110.3560251628005,193,57,0,1,0,0,300.0,-22.903125205775723,-13.959150017909998,-62.09374993911479,-11.399999999999991,57,0,193,0,51b1e36fbfc2726b213e586673a5fe48716b975b8cacc99f3a3b6e9d70bcd7e8
17,dqn,755,random,ew_heavy,40.547872340425535,124.5,38.115,80,158,-144.77977507423563,282,124,0,1,0,0,300.0,-35.58125013613608,-25.27040000438646,-72.52812493371312,-11.399999999999991,57,0,282,0,f88efc6a728ad30457ebce74b3b137f6c823d28eb0bd9b2c06b5f5d2ab811e56
18,dqn,949,random,ew_heavy,36.75,126.5,20.58,44,119,-120.22958346594166,168,49,0,1,0,0,300.0,-19.293750239768997,-11.918124976200486,-78.0177082499722,-10.999999999999993,55,0,168,0,703ee376114a7c7abb2160b06a8f3610e50c4e634b04efdb1afbe22a2df83452
19,dqn,980,random,ns_heavy,33.20454545454545,113.0,26.785,61,140,-124.34243365205407,242,102,0,2,0,0,300.0,-25.11093773576431,-17.554412501100888,-70.27708341518883,-11.399999999999991,57,1,242,0,4c9d7e87285867d6a9a753d82b13571ed5d80ee70085b3d88a02794fa5926c2f
20,dqn,622,random,ew_heavy,28.960199004975124,107.5,19.403333333333332,49,140,-111.8072543518945,201,61,0,2,0,0,300.0,-18.190625178278424,-11.846837489386237,-70.76979168422986,-10.999999999999993,55,1,201,0,f857ae1374219d6abf0d7e86b50ef163a7afebca8ea1020202c6825d749e6b7a
21,dqn,869,random,left_heavy,44.63583815028902,152.0,25.741666666666667,50,100,-150.1467418324683,173,73,28,31,0,0,300.0,-24.132812741328962,-24.3785124895876,-90.6354166015517,-10.999999999999993,55,2,201,28,669dde01be600da2425b46495eb40602bb99322cb610fc14830cbdf8a0934380
22,dqn,369,random,heavy,23.854037267080745,80.5,12.801666666666666,29,141,-78.10335444717568,161,20,0,1,0,0,300.0,-12.00156271760352,-4.616375001104462,-50.28541672846768,-11.199999999999992,56,0,161,0,67eeecdae59adbe12f4e9de7e3fac91ea4c1f6e9cd0b93d317efbd7baf1d2122
23,dqn,146,random,low,35.77801724137931,124.5,27.668333333333333,57,167,-123.64876276707069,232,65,0,2,0,0,300.0,-25.939062706194818,-17.100325014472773,-69.80937504640315,-10.799999999999994,54,0,232,0,ffaf29ca8651762fd31032234c7453e37d15f731ff060ae8251ffd308b6fc2bd
24,dqn,512,random,ew_heavy,29.242138364779873,107.0,15.498333333333333,38,116,-98.25212506880122,159,43,0,1,0,0,300.0,-14.529687626636587,-9.70368750528505,-62.81874993687961,-11.199999999999992,56,0,159,0,c87a2bd55d730bda380661d0caad3f9440fc83abab40eb683676cdceea05e066
25,dqn,444,random,heavy,41.78286852589641,145.5,34.958333333333336,74,146,-146.23508748265675,251,105,0,2,0,0,300.0,-32.7250000940403,-26.338212502586973,-76.1718748860294,-10.999999999999993,55,0,251,0,ce33ce1144962693e1a066ec106f97caacb2d22b88aec8cddcb42b2b68d12425
26,dqn,663,random,low,24.484848484848484,97.0,13.466666666666667,28,135,-86.64379611004475,165,30,0,1,0,0,300.0,-12.625000303727575,-5.679212512433147,-57.33958329388406,-10.999999999999993,55,0,165,0,3b5ee66c7f41b9833dc6deced150cab7482bfe1f5c66c422adf9764a1378d989
27,dqn,995,random,heavy,48.79315960912052,130.5,49.931666666666665,127,163,-174.14500865502797,307,144,0,2,0,0,300.0,-46.63281272514723,-37.94448754784676,-78.56770838203374,-10.999999999999993,55,1,307,0,e4e5d3ec01a2cc85e504a9a5cb38abf5ccc927c9b955358cfad846cbd1e1660c
28,dqn,276,random,left_heavy,44.23853211009175,134.0,32.14833333333333,66,131,-158.41581678825983,218,87,28,32,0,0,300.0,-30.13906260963995,-29.941337462818055,-86.9354167158017,-11.399999999999991,57,1,246,28,b79a9852ce8f7681442923caf49deec4cce464cd351db464d562b99c28338fc2
29,dqn,856,random,ew_heavy,31.315217391304348,91.5,24.008333333333333,59,158,-101.32993366730302,230,72,0,1,0,0,300.0,-22.507812885101885,-11.754412495348516,-55.867708286852576,-11.199999999999992,56,1,230,0,99abb64332df91843ef6542d2437b4676f52bc387d1c4cc5767060e30099c22e
30,dqn,138,random,left_heavy,43.0354609929078,173.5,40.458333333333336,91,157,-166.8108293848141,282,125,17,20,0,0,300.0,-37.92968763236422,-32.595724978882934,-85.08541677356698,-11.199999999999992,56,2,299,17,6ad1b02ff207613328c9aaf805a780899669394701afd47bf9ea255c00b3ed04
31,dqn,348,random,ns_heavy,37.35282258064516,101.5,30.878333333333334,74,166,-125.01835868565321,248,82,0,2,0,0,300.0,-28.948437820537947,-19.34596248289527,-65.92395838222001,-10.799999999999994,54,1,248,0,9cdf569300831fb0b864fbc86a5106a8196701740ad1c54da344573fa4019309
32,dqn,789,random,left_heavy,34.49707602339181,103.0,19.666666666666668,51,108,-99.64711668704695,171,63,24,27,0,0,300.0,-18.437500075204298,-12.121075012432991,-58.288541599409655,-10.799999999999994,54,0,195,24,5296a343a29010c66e5e67446e63eaaa98fd13c130f2c888a8271ae188733afa
33,dqn,248,random,left_heavy,43.257383966244724,118.5,34.175,78,133,-151.43200838772248,237,104,36,40,0,0,300.0,-32.03906250477303,-30.11898748410531,-78.27395839884412,-10.999999999999993,55,1,273,36,dd141f976319bd4b73fdf4247f113202e4aed763f9f0bacc7eea9039af219c68
34,dqn,671,random,ns_heavy,43.126315789473686,129.5,54.626666666666665,156,178,-178.01636272514412,380,202,0,4,0,0,300.0,-51.11875024612527,-38.26948753394315,-77.22812494507525,-11.399999999999991,57,0,380,0,706760fa2a1a3430f5af21515449a679c7fee18faac867d400ea146afa62a83a
35,dqn,459,random,ew_heavy,31.821428571428573,98.5,17.82,37,134,-99.18349588605842,168,34,0,1,0,0,300.0,-16.70625005743932,-9.128287482534502,-62.74895834608469,-10.599999999999994,53,1,168,0,161e122cd36b185b56f0146f7cdf92e4569f652ce1e043dc29fc6059bc396ed5
36,dqn,513,random,low,21.305194805194805,73.5,10.936666666666667,30,139,-74.86776693957874,154,15,0,1,0,0,300.0,-10.253125240909867,-4.376100008571667,-49.03854169009719,-11.199999999999992,56,1,154,0,263f5dd8ac9e55331685168619f5fd1242f50500941a0f59160f9dbdd7a0b138
37,dqn,942,random,low,49.484189723320156,133.5,41.73166666666667,93,125,-175.7003334437724,253,128,0,4,0,0,300.0,-38.62812496710103,-36.163874986604036,-89.70833349006716,-11.199999999999992,56,0,253,0,40e5f3b5b2da6bdbe673b51b6a8fadaecc4c3e4bde8404e96009198830cad1b0
38,dqn,817,random,heavy,40.46943231441048,117.0,30.891666666666666,61,149,-134.31045448954023,229,80,0,2,0,0,300.0,-28.96093785832636,-18.517225003329074,-75.83229162788484,-10.999999999999993,55,1,229,0,1e81a63a7ec4ff91033d324721fc6ecdc883aa158673ee3d508d88097636ed38
39,dqn,840,random,ns_heavy,33.84108527131783,114.0,29.105,59,166,-136.8453293946317,258,92,0,2,0,0,300.0,-27.28593774093315,-20.905224956523313,-77.65416669717524,-10.999999999999993,55,0,258,0,6b5270acb9debb55a651c9b7322a7719bee806ec6113f98c4d5d2be473117da1
40,dqn,550,random,low,48.2830459770115,165.0,56.01166666666666,117,161,-203.93262929811743,348,187,4,10,0,0,300.0,-51.96093754435424,-45.080025050999296,-96.09166670276318,-10.799999999999994,54,0,352,4,f661b6c7bd5af3949de1e6128f2f7a19958ba666b968fd18b00094fa9d753041
41,dqn,983,random,ew_heavy,23.950520833333332,70.5,15.328333333333333,46,158,-81.23729177041166,192,34,0,1,0,0,300.0,-14.370312706334516,-6.312812518521236,-49.35416654555593,-11.199999999999992,56,3,192,0,9e5fe2c537204719497dc9ab75dbe21de53c4412e56aa0b0729522739bc96801
42,dqn,981,random,left_heavy,35.29190751445087,159.0,20.356666666666666,45,129,-135.78505420879003,173,44,18,21,0,0,300.0,-19.084375058999285,-21.068387540439296,-84.43229160935152,-11.199999999999992,56,0,191,18,6798af32a234420cbb9ebec20d1ada5ede8ec844dda82686185023b836b53de5
43,dqn,136,random,low,31.833333333333332,118.0,17.19,41,113,-103.20590024015326,162,49,0,1,0,0,300.0,-16.11562521988526,-9.712150006274893,-65.97812501399312,-11.399999999999991,57,0,162,0,cc4738d817001dfa102fdb5abbf4140f22640a43309ace22e0c91454a3b7006b
44,dqn,205,random,left_heavy,44.63461538461539,150.5,34.82333333333333,73,145,-151.16453367304572,234,89,20,24,0,0,300.0,-32.646875377278775,-27.321824981812814,-79.79583331395406,-11.399999999999991,57,1,254,20,89af6512ac5f388c5f51946375b1edc3904205886e6b5fc65b8893d1fc3de4ac
45,dqn,309,random,left_heavy,42.94423791821561,160.0,38.50833333333333,79,149,-166.53828330276085,269,120,28,32,0,0,300.0,-36.10156246693805,-34.615887586223096,-84.82083324959967,-10.999999999999993,55,2,297,28,88339736b9ea1f5fa3f386b80ee16586d4a1c8c64218327abb682118630a3a28
46,dqn,554,random,left_heavy,45.624,154.5,38.025,97,141,-184.1128252370392,250,109,25,30,0,0,300.0,-35.51875013601966,-40.99095000930754,-96.80312509171199,-10.799999999999994,54,1,275,25,1357acea26deba285d711896a9b91cedb2815e1276744ee5a2d0c94f1f8b40af
47,dqn,824,random,low,24.802919708029197,59.0,11.326666666666666,33,108,-64.63701275756102,137,29,0,1,0,0,300.0,-10.618750232853927,-3.8276374892935565,-38.79062503541354,-11.399999999999991,57,0,137,0,1e666f71c49f4fccb3c6f865600811d72623c1fb13fd0f714655ae4365d97dfe
48,dqn,484,random,low,40.3235294117647,135.0,41.13,104,164,-160.51764166747662,306,142,0,2,0,0,300.0,-38.528125054202974,-30.260349996192225,-80.5291666170815,-11.199999999999992,56,0,306,0,66a06c324a08c2d91bd4e7d9150bcb3a6c8c0593a0d0672f70e79872c7f0df23
49,dqn,984,random,ns_heavy,30.33248730964467,100.5,19.918333333333333,44,161,-101.41655444777507,197,36,0,2,0,0,300.0,-18.673437836114317,-9.298324994392901,-62.244791617267765,-11.199999999999992,56,1,197,0,aa30cee95ab1113825f528e4c46d3267c9ad7a4914cbece5481a597fe27290a1
50,dqn,354,random,heavy,39.52254098360656,99.5,32.145,89,126,-133.48711254204463,244,118,0,2,0,0,300.0,-30.101562539930455,-21.61679998625841,-70.36875001585577,-11.399999999999991,57,1,244,0,b8276afebc9d656a9aa59d2fb010a09cbab1acd37d182a783ae154a5d078d94f
51,dqn,929,random,ns_heavy,35.4,117.5,28.91,60,158,-133.72522933349606,245,87,0,1,0,0,300.0,-27.103125321213156,-17.221062470824833,-78.00104154145811,-11.399999999999991,57,1,245,0,d48f50c6fa3bb045ccec665368436929f18911df8bf3875923baf3765bb1fb0b
52,dqn,592,random,ew_heavy,40.544502617801044,112.5,25.813333333333333,65,122,-136.4358500173672,191,69,0,1,0,0,300.0,-24.19999999855645,-18.398350020091318,-82.43749999871943,-11.399999999999991,57,1,191,0,fc5990c7c3974eef8c10891ffc49d85cc2a8a12c0570c07a57dc7a3a8fd8ca97
53,dqn,721,random,left_heavy,49.86390532544379,180.0,56.185,94,173,-207.7126625733763,338,165,21,24,0,0,300.0,-52.673437589081004,-50.74235002394546,-93.09687496034894,-11.199999999999992,56,1,359,21,cc3ad764ddbdb9880659e92504901bb49d126eb571502690c8927b572619fc2e
54,dqn,236,random,left_heavy,46.44625407166124,149.0,47.53333333333333,88,160,-182.961733816122,307,147,24,28,0,0,300.0,-44.56250040594023,-41.45027501340947,-85.54895839677192,-11.399999999999991,57,1,331,24,ab1aab22b4ed6b318dca00230a5c2e9db3f1c33ba46a968d3113c4e276bc7bed
55,dqn,593,random,low,38.04865771812081,129.0,37.8,80,163,-158.9589710340829,298,135,0,5,0,0,300.0,-35.42812525376212,-28.891262488252668,-83.63958329206798,-10.999999999999993,55,0,298,0,5594f84589d71dac0c130c4b6919abc1a82f72418dbd05032751bd1a82c1b1d1
56,dqn,803,random,low,33.35909090909091,122.5,24.463333333333335,63,152,-119.66430832722902,220,68,0,2,0,0,300.0,-22.93437506945338,-12.355974988431987,-72.97395826934371,-11.399999999999991,57,1,220,0,e1fdabb92f5978647a9b43b726f84003aca81e21a1947469dac88f7f7953d5bd
57,dqn,887,random,low,23.05597014925373,93.0,10.298333333333334,26,116,-73.01560844805941,134,18,0,1,0,0,300.0,-9.654687720583752,-3.5525875110310157,-48.40833321644459,-11.399999999999991,57,1,134,0,9087c2372ee15534ced63c71443cb1f742e1470de67ee652784e2e8367b58c2d
58,dqn,868,random,ew_heavy,37.14609053497942,134.0,30.088333333333335,62,157,-138.88885006630957,243,86,0,3,0,0,300.0,-28.207812666078098,-20.924787541256954,-78.35624985897448,-11.399999999999991,57,3,243,0,356cce90109d948bb459a63296dc214759cde4e9e49cb41bd94a80c455c5f097
59,dqn,968,random,ew_heavy,30.352564102564102,105.0,23.675,77,153,-102.32797949754534,234,81,0,1,0,0,300.0,-22.195312782307155,-11.322250017690383,-57.21041669754777,-11.59999999999999,58,1,234,0,949a492d2d25197834713041ce2c0e9f66ccb4d0514bb39bb6dc94cbcbe5a88e
60,dqn,129,random,left_heavy,44.74063400576369,146.0,51.751666666666665,119,159,-176.1438001408486,347,188,12,18,0,0,300.0,-48.35937515355181,-39.321924980008724,-77.2625000072876,-11.199999999999992,56,0,359,12,4073a805572b0b716bbf6c1b4450a7fa0f76d1fbf10053b5b89a7708e052f884
61,dqn,779,random,heavy,41.860236220472444,119.5,35.44166666666667,79,135,-148.27068350501574,254,119,0,1,0,0,300.0,-33.22656263690442,-28.26391246912753,-75.58020839898381,-11.199999999999992,56,0,254,0,e010864651df7ae38e15ff2883f3fce19930afd969c026375cd08e8f413b0a46
62,dqn,468,random,balanced,37.964454976303315,166.5,26.701666666666668,56,131,-141.97618763663118,211,80,0,2,0,0,300.0,-25.032812628080137,-19.193374990180743,-86.35000001837034,-11.399999999999991,57,0,211,0,9c0f95dd614d5538632b989e79bc5ec7771e4bb0a661e877ce54e12fd5d54086
63,dqn,686,random,low,20.122377622377623,89.5,9.591666666666667,24,126,-67.32432931633664,143,17,0,1,0,0,300.0,-8.992187656345777,-3.0654749951558187,-43.866666664835066,-11.399999999999991,57,0,143,0,722cede8ed78161b2108e950f8b41e8b1fe1c9c949e85301c4d9e3622da2b298
64,dqn,278,random,left_heavy,31.7625,89.0,21.185,49,118,-110.50492527404201,200,82,18,25,0,0,300.0,-19.860937764984556,-15.825237492689478,-63.418750016367994,-11.399999999999991,57,0,218,18,0d9df87051d510fd201a55b836b7b5742bd34e671f50d1b252889259466bcfb0
65,dqn,15,random,low,31.051546391752577,89.0,20.08,48,131,-109.57127925526508,194,63,0,2,0,0,300.0,-18.825000260258093,-14.488987492943854,-64.85729150206316,-11.399999999999991,57,0,194,0,cabf4192916bc2404dd1bb5fe3e23be13423c7bb57f8c58240deccb4a48ae5d2
66,dqn,84,random,left_heavy,42.08361774744027,121.0,41.10166666666667,100,151,-157.92893771500164,293,142,0,3,0,0,300.0,-38.53281269792933,-32.161750029528775,-76.23437498754356,-10.999999999999993,55,1,293,0,bb30c30c3d85602e55b3964bfc5189f88f1a0db34181038425309aadbf94f8ab
67,dqn,973,random,ns_heavy,34.24022346368715,102.5,20.43,58,117,-100.52935033417967,179,62,0,2,0,0,300.0,-19.153125340351835,-12.37934998151104,-57.39687501231674,-11.59999999999999,58,0,179,0,6b170c37addbd337fa90e669cedaad91e4a221756d921c59f102ca2b7d3912d7
68,dqn,896,random,left_heavy,43.62852112676056,185.5,41.305,74,167,-187.6968459375168,284,117,13,17,0,0,300.0,-38.72343768167775,-37.80569996302581,-99.76770829281304,-11.399999999999991,57,1,297,13,7f4c4c5662e7293d786a0f1992f6a7b171c963ab4b60886e9738179fb962b533
69,dqn,304,random,heavy,39.69245283018868,131.5,35.06166666666667,97,156,-147.36790874126228,265,109,0,2,0,0,300.0,-32.83437528682407,-23.52207504632752,-79.41145840811078,-11.59999999999999,58,1,265,0,c7e37714438630ea82d223a5efff6d5576298d80c5476e1fb6c5162b24295574
70,dqn,430,random,balanced,38.33876811594203,112.5,35.27166666666667,81,142,-141.5044418443497,276,134,0,2,0,0,300.0,-33.06718778202776,-26.195587445799173,-71.2416666165227,-10.999999999999993,55,0,276,0,4eb5dde2aa37490fe197326854941b580f997feda81622c6997cc3e8fe1aff00
71,dqn,241,random,ew_heavy,27.620512820512822,97.5,17.953333333333333,39,148,-88.25465449127299,195,47,0,1,0,0,300.0,-16.83125035930425,-7.319237513024565,-52.904166618944146,-11.199999999999992,56,0,195,0,7d00af43e066c39c7b77407c6709160b84da65ea09c5731bcb6911c0b85aadaa
72,dqn,148,random,balanced,34.61764705882353,115.5,27.463333333333335,61,164,-129.42802937686284,238,74,0,1,0,0,300.0,-25.746875254553743,-16.426987484738497,-75.6541666375706,-11.59999999999999,58,0,238,0,c7c282b923a371314d119956770922f3bf09aeabf5f788ce7b2f6677b27ee084
73,dqn,858,random,balanced,36.185483870967744,164.5,29.913333333333334,88,147,-145.52442937809172,248,101,0,3,0,0,300.0,-28.043750227312557,-18.55776249840055,-87.52291665237863,-11.399999999999991,57,2,248,0,f19cf88596ebefd71b3fa3ca381468cead43ba81f08bc25a5deb61e75d99071a
74,dqn,674,random,heavy,33.01126126126126,77.0,24.428333333333335,64,139,-104.80854603859841,222,83,0,1,0,0,300.0,-22.90156274184119,-15.295525011767317,-55.21145828498993,-11.399999999999991,57,1,222,0,4c23ae76a065fcf0bf936614d6710c1d1aef5ed93d892d7c9239ab316de91cf8
75,dqn,77,random,balanced,26.429936305732483,72.0,13.831666666666667,33,139,-73.75676271899422,157,18,0,2,0,0,300.0,-12.967187724309042,-5.545824997944871,-43.84374999674037,-11.399999999999991,57,1,157,0,66769b7d63048d7023c157e0e9dd6c3c726a13196b688d44967bb0ff52f5df1b
76,dqn,203,random,ns_heavy,19.18595041322314,62.5,7.738333333333333,21,104,-58.362541755304115,121,17,0,1,0,0,300.0,-7.2546876390697435,-2.650562501760577,-37.0572916144738,-11.399999999999991,57,0,121,0,de2b586f7a33898c22f2d8e2a23f3d0ad4e3154d85a8b586de1d61e68fb65cab
77,dqn,564,random,balanced,23.80666666666667,109.0,11.903333333333334,26,123,-95.09590433744233,150,27,0,1,0,0,300.0,-11.15937516617123,-6.219862491232195,-66.3166666800389,-11.399999999999991,57,1,150,0,06eade63226478225f88ab734704adbbe38cefa93b4da25ab48eef3d669e5629
78,dqn,902,random,heavy,43.14102564102564,133.5,39.25833333333333,95,147,-150.27541269212304,273,126,0,3,0,0,300.0,-36.80468761746306,-27.858225024997218,-74.01250004966278,-11.59999999999999,58,2,273,0,d6063d8d48db635f9e3286ca11dc3118e63efcd3402768812edf6116692d88ed
79,dqn,996,random,heavy,22.16532258064516,64.0,9.161666666666667,26,106,-57.378966811818124,124,18,0,2,0,0,300.0,-8.589062737883069,-3.0263625052357397,-34.56354156869929,-11.199999999999992,56,1,124,0,7921e447759d82336acc8bc60f86ecd3fff556377707fa09e1fd89f6153c6a3b
80,dqn,218,random,left_heavy,41.235059760956176,163.5,34.50666666666667,67,136,-168.1869962371864,251,115,31,33,0,0,300.0,-32.35000025713816,-31.07866250748993,-93.1583334725583,-11.59999999999999,58,0,282,31,b70dcca95b497f9fe78bdc166fbb1422602666c89c66af6d550332f47763bbea
81,dqn,612,random,heavy,35.87621359223301,106.0,24.635,56,143,-117.44020460976533,206,63,0,1,0,0,300.0,-23.08906285802368,-16.393850026254224,-66.75729172548745,-11.199999999999992,56,0,206,0,e1913591c423689a644dc04aa0e493b241159eb256d9ff7e66338b3f81d74bbe
82,dqn,34,random,balanced,34.38223938223938,98.5,29.683333333333334,73,166,-121.67657535630653,259,93,0,2,0,0,300.0,-27.82812536659185,-17.085950023032634,-65.16249996668193,-11.59999999999999,58,1,259,0,f73a663e2568ed240bf11c9ed11b57ff90ac2b8da4d5ab4fbd9aafab6d5a041d
83,dqn,175,random,heavy,22.20614035087719,66.0,8.438333333333333,25,92,-64.0146917925602,114,22,0,1,0,0,300.0,-7.910937676555477,-3.299587489609984,-41.404166626394726,-11.399999999999991,57,0,114,0,8b910dd9aaa89868477918101f722d7353587fbf6e11ca2a2739f75059e27c74
84,dqn,201,random,ns_heavy,41.930830039525695,134.0,35.361666666666665,101,147,-137.41939602433774,253,106,0,1,0,0,300.0,-33.15156276256312,-22.403249990521736,-70.66458327125292,-11.199999999999992,56,1,253,0,9acbc1a5e96c89711f386c6aba97838974e137960f15e42c74a6dda9ed0ed9e5
85,dqn,443,random,ns_heavy,41.601190476190474,146.0,34.945,73,152,-156.94544593100366,252,100,0,2,0,0,300.0,-32.76093759771902,-25.83242504307928,-86.95208329020534,-11.399999999999991,57,1,252,0,c8955f5755f69e186fb434f293e477ad1d828e56827deecf501aa36b834ad1e1
86,dqn,346,random,left_heavy,28.68794326241135,126.0,13.488333333333333,32,102,-102.77265858452732,141,39,27,30,0,0,300.0,-12.645312672597356,-9.272137503330296,-69.65520840859972,-11.199999999999992,56,0,168,27,d010d9068ba7675b06e78b1f8b0f6ea26ce5090ccf77b21d48e39e5e4baf3278
87,dqn,727,random,balanced,33.67179487179487,115.5,21.886666666666667,52,126,-120.92536275863607,195,69,0,2,0,0,300.0,-20.518750156392343,-14.434737538704214,-74.77187506353948,-11.199999999999992,56,1,195,0,a1ca146bf4a66843d8c7fcfa7a463c9b68010a599153c25ad52c8095269ddba0
88,dqn,469,random,balanced,35.344621513944226,123.0,29.571666666666665,51,154,-138.21426660817593,251,97,0,3,0,0,300.0,-27.723437637090683,-21.683537471536688,-77.40729149954859,-11.399999999999991,57,1,251,0,26e7585b4bc1e77a17851f4eb31aafe400dd998867a330b5cdedd7e58afc74b8
89,dqn,340,random,balanced,36.69838709677419,129.5,37.92166666666667,96,180,-151.645487769458,310,130,0,2,0,0,300.0,-35.55156283231918,-23.52517499271563,-81.16874994442333,-11.399999999999991,57,1,310,0,17f78fdc0f18b48fc2ad64e0f6f3db1ee51523cb0086bec6caddbea13d72e9af
90,dqn,907,random,ew_heavy,32.62128712871287,94.5,21.966666666666665,61,120,-99.99394601992756,202,82,0,2,0,0,300.0,-20.34687518083956,-12.66373748331753,-55.383333355770446,-11.59999999999999,58,1,202,0,8de14533f704205927892ebd114557e133f2c4f3df4d1ea88a7beee6816926ae
91,dqn,626,random,heavy,35.943127962085306,103.5,25.28,70,129,-123.66524619500782,211,82,0,2,0,0,300.0,-23.646875374601223,-17.291287491271937,-71.12708332913462,-11.59999999999999,58,1,211,0,4d9a8962b3f07156427c2eb26335926f2f64fc447a49b232d8cf0857583dfc59
92,dqn,698,random,heavy,31.939271255060728,120.5,26.298333333333332,70,161,-119.20491699008635,247,86,0,1,0,0,300.0,-24.654687777161598,-14.424187506808805,-68.92604170611594,-11.199999999999992,56,0,247,0,a4f585fc8b143a4a892a344bfae299896492848eeb76e9ac75eb0096e0f3012c
93,dqn,746,random,left_heavy,32.6578947368421,109.0,24.82,60,135,-127.59433775570143,228,93,10,14,0,0,300.0,-23.26875020749867,-18.64746251495453,-74.27812503324822,-11.399999999999991,57,1,238,10,e5bd9d95d3e7469e395e7d2fc9feb2bc27d7ac0d145e7ac1eb90be4f6cf6aee8
94,dqn,340,random,balanced,35.7,117.5,36.89,86,189,-141.81937516409454,310,121,0,2,0,0,300.0,-34.584375104284845,-25.685000030915393,-70.15000002889428,-11.399999999999991,57,2,310,0,17f78fdc0f18b48fc2ad64e0f6f3db1ee51523cb0086bec6caddbea13d72e9af
95,dqn,892,random,left_heavy,42.357868020304565,192.5,27.816666666666666,55,128,-158.14521259865427,197,69,23,24,0,0,300.0,-26.078125164844096,-25.513962492483547,-94.95312494132668,-11.59999999999999,58,0,220,23,458ee46421dce99d0fd95fa0887853ec04c3beb3d94cc193ebce0878abbf08be
96,dqn,17,random,heavy,21.385135135135137,92.5,10.55,22,129,-76.96643769250514,148,19,0,1,0,0,300.0,-9.890625205356628,-3.9039374985804907,-51.771874988568015,-11.399999999999991,57,0,148,0,2eff2af0c12cfb2480e3d6c0691b366ff4fdb48e75c2b144f5d01e7863a95103
97,dqn,307,random,low,39.00889679715303,164.5,36.538333333333334,81,163,-169.24040031607507,281,118,0,3,0,0,300.0,-34.254687834880315,-29.20758747027503,-94.17812501091976,-11.59999999999999,58,2,281,0,0a54e8692d4f2c8b5a14492a137ba29b7781ec15194fd66d370936631ed9ff26
98,dqn,160,random,balanced,28.953389830508474,156.0,22.776666666666667,51,169,-123.67026702013463,236,67,0,2,0,0,300.0,-21.353125328198075,-11.912975030524098,-79.00416666141246,-11.399999999999991,57,1,236,0,51e3bd85434342ab1179601518c8b42cc512ff84b9ca7df5668244de04e5dc70
99,dqn,5,random,heavy,28.446341463414633,58.0,19.438333333333333,56,146,-83.81481268854914,205,59,0,1,0,0,300.0,-18.223437733366154,-9.260125010107732,-44.93124994507525,-11.399999999999991,57,0,205,0,b2c9ae499438344992acf07f480e0c9688c1b91c7e9b81434eae4b69aa2b0e70
100,dqn,997,random,heavy,38.41434262948207,113.5,32.14,70,160,-127.66954608960731,251,91,0,2,0,0,300.0,-30.13125030894298,-19.98621248952768,-65.95208329113666,-11.59999999999999,58,0,251,0,9a74709f70efeccb3b8b5b3a52741f1be3ffcf2b538df76a21a2a8664ff6fc0e
101,dqn,90,random,left_heavy,39.350806451612904,110.5,32.535,71,146,-134.20616270356177,248,102,6,11,0,0,300.0,-30.317187700187787,-22.63585003706467,-69.6531249663094,-11.59999999999999,58,0,254,6,a7357987d92ad33e724353d910c64a0ced030052beb1af5e01c2cdc43e4e0cb2
102,dqn,460,random,ns_heavy,42.67025089605735,149.5,39.68333333333333,106,158,-176.71817935835344,279,121,0,2,0,0,300.0,-37.20312523981556,-27.239012464576074,-100.67604165396187,-11.59999999999999,58,1,279,0,193042abca6c4ac65f7cd67cd4f8404afef5a8c7e3cf64485d2ff78581240b2b
103,dqn,820,random,left_heavy,38.31692913385827,130.5,32.44166666666667,68,143,-146.20808785437916,254,111,5,8,0,0,300.0,-30.414062720607035,-25.334649980918773,-78.85937515285332,-11.59999999999999,58,2,259,5,58729fb25cb5dbec7e672c7aa8124a38cee0b67ec6018e9763b9894cbe1a67f1
104,dqn,692,random,left_heavy,35.06542056074766,132.0,25.016666666666666,50,155,-139.53020430300455,214,59,27,29,0,0,300.0,-23.453125082189217,-20.522912503616688,-84.15416671719868,-11.399999999999991,57,0,241,27,e37c63fab631e088496002e258c7891c9491d004e710b06de2a1976dab80104b
105,dqn,857,random,low,28.30787037037037,96.0,20.381666666666668,56,153,-97.19791683106526,216,63,0,2,0,0,300.0,-19.107812663190998,-11.182812484296296,-55.50729168357793,-11.399999999999991,57,0,216,0,6a2edb5df814ece24a2e2c271be596928aeb7e99e7547466c5fa893114fdf20f
106,dqn,55,random,low,33.66136363636364,96.0,24.685,66,137,-106.45384612290583,220,83,0,2,0,0,300.0,-23.142187815043144,-13.072074968530073,-58.6395833393326,-11.59999999999999,58,1,220,0,0723c88980d3191aef6ebeb946599b70cd3ed4610b86fee7c46d1423d6df8a19
107,dqn,498,random,ew_heavy,38.34054054054054,111.5,23.64666666666667,52,108,-128.49998750904697,185,77,0,2,0,0,300.0,-22.16875015629921,-17.174987498755947,-77.7562498539919,-11.399999999999991,57,0,185,0,79136ab87b1bdd037372a28e094bfc2fd7b5d4d80c2029386fbad40cdcd7f32f
108,dqn,35,random,balanced,40.71923076923077,216.5,35.29833333333333,71,144,-169.8721917108799,260,116,4,12,0,0,300.0,-33.09218758030329,-31.32271250418198,-93.85729162639473,-11.59999999999999,58,2,264,4,c2a69d0e23f3672edef98435f069eddc1ea53385135fbd05b904f9ee8ddef9fe
109,dqn,192,random,heavy,42.0792349726776,185.5,25.668333333333333,59,107,-147.1074670002156,183,76,0,2,0,0,300.0,-24.064062773017213,-18.957987501873877,-92.28541672532447,-11.79999999999999,59,1,183,0,5b8aaa9bfb59d24a509c5e250e86f7980d8fff57c472d3c2e7cc7fa7483f7e4a
110,dqn,846,random,ew_heavy,29.92323651452282,118.0,24.04,56,176,-129.89585019609805,241,65,0,2,0,0,300.0,-22.53750017879065,-14.39897499586368,-81.7593750214437,-11.199999999999992,56,1,241,0,de5efe7b7852357e61af0db426c0e1138cd01d3bf9557262a72a6b829df2f245
111,dqn,74,random,ns_heavy,36.17100371747212,132.0,32.43333333333333,84,164,-136.48083381921242,269,105,0,2,0,0,300.0,-30.40625029464718,-18.881875005068295,-75.79270851949695,-11.399999999999991,57,1,269,0,13245a4a5cb764bac20b41e67b49689868dc3ec8a485914c79c7a94b2e44941a
112,dqn,588,random,balanced,36.561371841155236,142.0,33.75833333333333,76,152,-153.67442931808043,277,125,0,2,0,0,300.0,-31.648437649244443,-23.634325010403696,-86.99166665843222,-11.399999999999991,57,1,277,0,d057c0363e435dfa4098e38fddcaf1ffa0ea589e700f050de5781227fcafa676
113,dqn,21,random,ns_heavy,33.058091286307054,125.0,26.55666666666667,70,157,-128.10137523038935,241,84,0,2,0,0,300.0,-24.89687535399571,-14.654499999118705,-77.34999987727497,-11.199999999999992,56,2,241,0,3660173dc164fa1364ff5e75c68a5eaa7401d80a3012b56f10f7425f8b254d13
114,dqn,309,random,left_heavy,33.11623616236162,98.5,29.923333333333332,78,145,-130.10517494857848,271,126,26,30,0,0,300.0,-28.053125074948184,-21.652049968043155,-68.99999990558717,-11.399999999999991,57,1,297,26,88339736b9ea1f5fa3f386b80ee16586d4a1c8c64218327abb682118630a3a28
115,dqn,933,random,heavy,38.077551020408166,106.0,31.098333333333333,81,139,-136.37689614706838,245,106,0,2,0,0,300.0,-29.154687870875932,-22.238875009875493,-73.58333326631691,-11.399999999999991,57,0,245,0,3ee66c6171dc292133fb6e0d11328d6cd4530cd132db67cbac01f136fbb19544
116,dqn,318,random,balanced,40.87549407114624,114.5,34.471666666666664,89,138,-132.10691266358916,253,115,0,2,0,0,300.0,-32.31718769692816,-23.889724977790326,-64.2999999888707,-11.59999999999999,58,0,253,0,bad8acf6ae8bf1d2e297303d4d97064ec72a24903ba76ed52b74cf34cd8221e0
117,dqn,310,random,balanced,33.58739837398374,117.5,27.541666666666668,65,151,-123.86849211072403,246,95,0,2,0,0,300.0,-25.82031289569568,-16.625262540949922,-69.82291667407844,-11.59999999999999,58,0,246,0,f803b4d8e2fbee5de013592bc65d2078d82f9417226b5b9881ac4b6622261454
118,dqn,90,random,left_heavy,35.778688524590166,149.0,29.1,66,158,-145.83377529219146,244,86,10,14,0,0,300.0,-27.281250292086042,-22.736900015798167,-84.41562498430721,-11.399999999999991,57,0,254,10,a7357987d92ad33e724353d910c64a0ced030052beb1af5e01c2cdc43e4e0cb2
119,dqn,775,random,low,29.4726368159204,90.0,19.746666666666666,46,152,-92.8244253406207,201,49,0,1,0,0,300.0,-18.512500295531936,-8.993175011910353,-53.71875003317837,-11.59999999999999,58,0,201,0,fda729e9d350a3e1cb91c3eb6c70494f06bd9f505a6e1bce176f9d607838d3d4
120,dqn,173,random,heavy,22.937106918238992,70.5,12.156666666666666,28,132,-67.4500502077681,159,27,0,1,0,0,300.0,-11.396875268197618,-4.209424998220496,-40.24374994134996,-11.59999999999999,58,0,159,0,7dc3ffcd3a8d567717b3b6ab32734053f9883ba43aae2000adf1142813bad26f
121,dqn,499,random,heavy,19.366141732283463,79.5,8.198333333333334,22,108,-67.40443358342529,127,19,0,1,0,0,300.0,-7.6859377168584615,-3.041412492728705,-44.877083373838104,-11.79999999999999,59,1,127,0,cd1e7bbcc53fe9e3f603ec53fb8eb51ebd71e311233ca9a526d86014ed6d8393
122,dqn,25,random,left_heavy,25.110714285714284,91.0,11.72,31,95,-80.19575013688737,140,45,5,9,0,0,300.0,-10.987500189687125,-7.205125009924815,-50.603124937275425,-11.399999999999991,57,1,145,5,84dc4fa978fb8a57a33a4a357f4325abdabb70a377b1d153487e8df969b336f0
123,dqn,23,random,balanced,28.99079754601227,98.0,15.751666666666667,33,111,-95.16268757250583,163,52,0,2,0,0,300.0,-14.7671876384411,-8.142375014461146,-61.25312491960358,-10.999999999999993,55,0,163,0,1608d8f38f55535d34068019ac898235e284684453ca4ae0e3780ced5f2056c0
124,dqn,840,random,ns_heavy,32.02325581395349,128.5,27.54,57,160,-141.0128376916131,258,98,0,2,0,0,300.0,-25.81875021569431,-18.534712495220443,-85.25937498069834,-11.399999999999991,57,1,258,0,6b5270acb9debb55a651c9b7322a7719bee806ec6113f98c4d5d2be473117da1
125,dqn,8,random,heavy,41.553412462908014,130.5,46.681666666666665,96,165,-173.80395431151342,337,172,1,9,0,0,300.0,-43.457812676322646,-34.52009998402281,-84.4260416511679,-11.399999999999991,57,1,338,1,7a60d19897b4203e62b38884cb3877f32c58f148fbbf3e5ef01cbf3bffa2af01
126,dqn,467,random,ns_heavy,33.554794520547944,139.5,32.66,65,170,-144.86657946246552,292,122,0,3,0,0,300.0,-30.61875030666124,-21.909287494275485,-80.73854166152887,-11.59999999999999,58,1,292,0,ad5f44e4c629ee111562b372b616843bcc4d712b94d93fae8ab0dc377998f549
127,dqn,428,random,ns_heavy,25.72008547008547,78.5,20.061666666666667,43,171,-87.09000437383877,234,63,0,2,0,0,300.0,-18.80781274382025,-8.571774991330315,-48.510416638688184,-11.199999999999992,56,0,234,0,4e1aa7a9398388ce4346c2ea3aa1e918bfc2fc9ff04596a440d70f5572e095b5
128,dqn,128,random,heavy,31.011363636363637,98.5,18.19333333333333,42,129,-105.36627122693892,176,47,0,2,0,0,300.0,-17.056250307825394,-9.61418749049044,-67.29583342862315,-11.399999999999991,57,0,176,0,540677b01e0e4491cc42e9cf82f1a636feb5f11cbeb4cde73325df938d3348dc
129,dqn,645,random,balanced,27.877551020408163,80.0,18.213333333333335,51,142,-93.76848364208632,196,54,0,2,0,0,300.0,-17.075000327895395,-8.488275004055318,-56.80520831013564,-11.399999999999991,57,0,196,0,d435db909a3c194e3acf2061fde2d954724331287d21becff06636ee5bf1a437
130,dqn,740,random,ns_heavy,42.69736842105263,103.0,37.858333333333334,78,148,-148.022483544585,266,118,0,2,0,0,300.0,-35.47656287148129,-27.175087489441644,-73.77083318366203,-11.59999999999999,58,0,266,0,c82443eb8126937a9367e3677f313989fe4e4f90bd14a4cc52d948e7e373cd10
131,dqn,986,random,left_heavy,42.42713567839196,150.5,28.145,66,118,-139.2735877129403,199,81,30,31,0,0,300.0,-26.385937699116766,-20.9657750219958,-80.52187499182764,-11.399999999999991,57,0,229,30,9bee9e8edc7785ff279494e906b82071767ae7cf07b8ed2cfd23f55bc6c5564f
132,dqn,196,random,ns_heavy,40.49318181818182,170.0,29.695,58,136,-145.26422942512727,220,84,0,2,0,0,300.0,-27.83906273066532,-20.336625016285673,-85.48854167817626,-11.59999999999999,58,0,220,0,d41271d20ccf3a4565f86cdede223ff61283fe46c047df61ab53cc5cf2b05f06
133,dqn,924,random,heavy,29.1,131.5,19.885,41,137,-105.71867132726834,205,68,0,2,0,0,300.0,-18.642187830759212,-10.661899989305681,-65.0145835072035,-11.399999999999991,57,0,205,0,9b6eec27a26b21ccef0496efbd61cc72fe29078df874dd406cf43736a66bc0f7
134,dqn,62,random,ew_heavy,35.60931174089069,95.5,29.31833333333333,62,163,-126.82979188624881,247,84,0,2,0,0,300.0,-27.485937740653753,-16.62093745777965,-71.32291668781545,-11.399999999999991,57,1,247,0,0ef21fd0c5cce26e0980f2078b34877e4c4d0f030a8f750fff7277e39d20faad
135,dqn,142,random,balanced,28.11875,84.5,22.495,54,152,-93.75785863913329,240,88,0,1,0,0,300.0,-21.089062774553895,-11.357337514210665,-49.911458350368775,-11.399999999999991,57,0,240,0,681688fae9f3a326d2da3e32821f04c201ccf5711d55c0c2b9de444965c04eda
136,dqn,599,random,low,39.18402777777778,169.5,37.61666666666667,91,169,-172.01230026097255,288,119,0,2,0,0,300.0,-35.26562528836075,-29.206049985254513,-95.9406249873573,-11.59999999999999,58,1,288,0,98db2c5f065a8c39fdb27fe79f003805a6ebf04c5ac4c93f7bbc4731d248004c
137,dqn,868,random,ew_heavy,32.57818930041152,149.0,26.388333333333332,57,156,-138.6263086784813,243,87,0,2,0,0,300.0,-24.73906293057371,-18.73203748759769,-83.55520826030988,-11.59999999999999,58,0,243,0,356cce90109d948bb459a63296dc214759cde4e9e49cb41bd94a80c455c5f097
138,dqn,896,random,left_heavy,43.11538461538461,169.0,41.108333333333334,70,158,-180.82761300266287,286,128,11,16,0,0,300.0,-38.53906286950223,-37.23542503758363,-93.45312509557698,-11.59999999999999,58,0,297,11,7f4c4c5662e7293d786a0f1992f6a7b171c963ab4b60886e9738179fb962b533
139,dqn,740,random,ns_heavy,41.278195488721806,116.5,36.6,67,156,-143.246962481176,266,110,0,2,0,0,300.0,-34.31250004970934,-25.500087472980514,-72.0343749584863,-11.399999999999991,57,0,266,0,c82443eb8126937a9367e3677f313989fe4e4f90bd14a4cc52d948e7e373cd10
140,dqn,27,random,balanced,24.746666666666666,135.5,12.373333333333333,25,118,-106.32748359675242,150,32,0,2,0,0,300.0,-11.600000247941352,-5.78164999564833,-77.14583335316274,-11.79999999999999,59,0,150,0,a9a05237e06fb7cb66d68183c611db1ccf094499796dc643e9bc16acce24fdeb
141,dqn,418,random,left_heavy,32.39237668161435,125.5,24.086666666666666,59,147,-121.68433372518993,223,76,32,37,0,0,300.0,-22.58125034836121,-15.807250011512224,-71.6958333653165,-11.59999999999999,58,0,255,32,4e09c798d6527f1d560e9828eb0d30c88179c1ad637cd6d038f651b13a88effb
142,dqn,806,random,ew_heavy,35.33870967741935,89.5,21.91,57,128,-111.28920447583734,186,58,0,1,0,0,300.0,-20.540625305031426,-13.710037488718083,-65.43854168208782,-11.59999999999999,58,0,186,0,d2f13b4789d60de89a1c7f60fdadf839877afbf85dc12f81cf7290305d7f2b91
143,dqn,528,random,balanced,30.835616438356166,113.0,22.51,55,141,-115.65652101816603,219,78,0,2,0,0,300.0,-21.08593764959369,-12.737249994315066,-70.2333333742572,-11.59999999999999,58,0,219,0,a003bd08af6f7d5da229367724204451196b57275ca89263b077eaad1149ee9e
144,dqn,191,random,balanced,33.873711340206185,87.5,21.905,58,137,-104.55160865309077,194,57,0,1,0,0,300.0,-20.53593770531006,-13.301087513406673,-59.31458343437407,-11.399999999999991,57,0,194,0,4d0957c9651ff85b55a9c15aa51319839b175dd0c513bf4017ab2d2aa6034de8
145,dqn,681,random,heavy,33.02313167259786,141.0,30.93166666666667,73,160,-147.51457928385787,281,121,0,2,0,0,300.0,-28.99843773129396,-19.311974967892464,-87.60416658467147,-11.59999999999999,58,0,281,0,7073a83ca3e81583365212ad77efc76705c7542c5913d63b0e2b373df35c2e36
146,dqn,93,random,low,33.23542600896861,87.5,24.705,67,147,-108.04941277437251,223,76,0,1,0,0,300.0,-23.16093781264499,-13.93222502075004,-59.15624994097743,-11.79999999999999,59,0,223,0,152d984021e1f7a679e1f66cf6f9b93abbb37cbd083936665e22d314a126b479
147,dqn,698,random,heavy,33.60931174089069,102.0,27.671666666666667,59,150,-115.49108759131994,247,97,0,1,0,0,300.0,-25.942187685985118,-16.36764998689541,-61.581249918439426,-11.59999999999999,58,0,247,0,a4f585fc8b143a4a892a344bfae299896492848eeb76e9ac75eb0096e0f3012c
148,dqn,18,random,low,37.13288288288288,131.5,27.47833333333333,61,133,-141.0881375988341,222,89,0,2,0,0,300.0,-25.760937625425868,-18.520950022000026,-85.60624995140824,-11.199999999999992,56,0,222,0,315cacc99785eb771aa3614df21b696f38eb706b497a3acae6a15bad25b9cf34
149,dqn,361,random,heavy,27.90106951871658,76.0,17.391666666666666,39,136,-89.41217933370277,187,51,0,1,0,0,300.0,-16.304687735042535,-8.956449994011926,-52.351041604648344,-11.79999999999999,59,0,187,0,d65373eeffc54ea15b0f372d7d24e77e208e3a7a255b8c099f01340f811064b7
150,dqn,293,random,balanced,25.185344827586206,99.0,19.476666666666667,48,157,-89.60962531348413,232,75,0,2,0,0,300.0,-18.259375309338793,-9.12525001473914,-50.624999989406206,-11.59999999999999,58,1,232,0,3fe793f3c4d14e54ec4a366477322f692c6164bb900a707308554e26065eb495
151,dqn,940,random,left_heavy,37.698237885462554,135.5,28.53,60,147,-140.85547937917804,227,80,5,8,0,0,300.0,-26.746875250944868,-24.463812559394146,-78.24479156883899,-11.399999999999991,57,0,232,5,356e2795385ec654d3d4d42251b47e2b1417ae61d03cf7b18e0f560ddf8969e7
152,dqn,728,random,heavy,27.94685039370079,104.5,23.661666666666665,58,162,-102.53517941211176,254,92,0,2,0,0,300.0,-22.182812728686258,-12.382575002594967,-56.36979168083053,-11.59999999999999,58,0,254,0,43ea3f1b84773fcee4de73cff87914fcf5899870b85b9e76d2e739cca3aa2dbd
153,dqn,656,random,balanced,29.037102473498233,121.5,27.398333333333333,67,156,-120.35585443215456,283,127,3,11,0,0,300.0,-25.648437774856575,-15.228250007061435,-67.87916665023658,-11.59999999999999,58,0,286,3,9b194753479a72f895b66521387ec901f19dba31ab1e51a6b4ce9254117bf0b5
154,dqn,494,random,left_heavy,34.04032258064516,113.5,28.145,55,158,-138.6170293916694,248,90,26,30,0,0,300.0,-26.385937681538053,-19.18942500168706,-81.44166670844425,-11.59999999999999,58,0,274,26,d953443971e0b83c2ea4b3676022b1cc7b7c080cacf65c23e2cf759af2d29966
155,dqn,287,random,low,37.48868778280543,90.5,27.616666666666667,61,127,-116.23059608939869,221,94,0,2,0,0,300.0,-25.890625213622116,-17.650387497724303,-61.08958337805234,-11.59999999999999,58,0,221,0,1e498703ed468e425a3fddc465a7c807aa95864943e952eb9cef5e7b2f38f21c
156,dqn,853,random,balanced,19.101503759398497,60.0,8.468333333333334,26,113,-60.52095437237804,133,20,0,1,0,0,300.0,-7.939062681281939,-2.887100007052504,-38.694791684043594,-10.999999999999993,55,0,133,0,312df65e0593a2a4d5e9a53d43fed692d50c8c032db4e3f34a0ba395734f2cd8
157,dqn,947,random,balanced,35.95505617977528,100.5,32.0,84,154,-130.8492878307021,267,113,0,2,0,0,300.0,-30.00000030512456,-22.764912462759813,-66.68437506281771,-11.399999999999991,57,0,267,0,46f9ece1e808445f0e18151a4ceba80ce551c6d0750b851f9ba7d306adfaa295
158,dqn,218,random,left_heavy,37.169921875,140.5,31.72833333333333,55,133,-151.65167110449624,256,123,26,31,0,0,300.0,-29.74531279678922,-27.9230250208544,-82.38333328685258,-11.59999999999999,58,0,282,26,b70dcca95b497f9fe78bdc166fbb1422602666c89c66af6d550332f47763bbea
159,dqn,245,random,low,21.788732394366196,102.5,10.315,22,123,-83.37196254599621,142,19,0,1,0,0,300.0,-9.670312730362639,-4.38602500094348,-57.91562481469009,-11.399999999999991,57,0,142,0,120f6b96eacedd0e49f0f91f6aa6413a0c10d10fc97cdd0ffdee2b36a644ac4a
160,dqn,316,random,balanced,34.00243902439024,151.0,23.235,56,129,-130.1756918933774,205,76,0,2,0,0,300.0,-21.782812673947774,-15.413712514943477,-81.37916670448612,-11.59999999999999,58,0,205,0,030155cd5e5f36be8c5ed20b1b9ec8cec81b4b0c98c0d021f324e62adf3b4ad8
161,dqn,478,random,ns_heavy,25.1536312849162,121.5,15.008333333333333,37,132,-110.85547101338231,179,47,0,1,0,0,300.0,-14.070312750875019,-8.279950016632936,-77.30520824587438,-11.199999999999992,56,0,179,0,dfa7fa02fc82a2fe0de5e00deef8c87e7516c1273d00579ebfd98af746207585
162,dqn,259,random,ns_heavy,28.99380165289256,127.5,23.388333333333332,51,168,-114.20047535391996,242,74,0,2,0,0,300.0,-21.92656285117846,-11.852037476268741,-69.22187502647284,-11.199999999999992,56,0,242,0,ca712b2d44cdad24bc0eb22134c2c6c692974c2013c55815b530c2908f1b9a22
163,dqn,405,random,ew_heavy,35.850187265917604,95.5,31.906666666666666,61,166,-129.28286285314687,267,101,0,2,0,0,300.0,-29.9125002885703,-21.270362499546895,-66.7000000650296,-11.399999999999991,57,0,267,0,acfd59da888e23b557ddb49451f693fc6e5a794ba47049daf4143e2c2e910d57
164,dqn,979,random,low,26.297101449275363,79.0,18.145,43,164,-89.39630845484935,207,43,0,2,0,0,300.0,-17.01093766046688,-8.277037505597399,-52.70833328878507,-11.399999999999991,57,0,207,0,602e7c1cec9051e7be11c844781794916887ad52463311b80e61d2b68f1b0378
165,dqn,368,random,low,32.13304721030043,81.0,24.956666666666667,53,180,-102.59147933939317,233,53,0,2,0,0,300.0,-23.396875270293094,-11.234187506966553,-56.56041656213347,-11.399999999999991,57,0,233,0,8b63f4cc417aa31d21f6150ad5edad2faad6f74e19572680a013d989f9580eac
166,dqn,942,random,low,37.85770750988142,134.5,31.926666666666666,71,133,-144.62856254788719,253,120,0,2,0,0,300.0,-29.93125001678709,-24.312937510028856,-78.98437502107117,-11.399999999999991,57,0,253,0,40e5f3b5b2da6bdbe673b51b6a8fadaecc4c3e4bde8404e96009198830cad1b0
167,dqn,504,random,low,42.24242424242424,119.5,32.526666666666664,80,129,-141.91501287734644,231,102,0,2,0,0,300.0,-30.49375028803479,-22.796262488519286,-77.22500010079239,-11.399999999999991,57,0,231,0,841ead57d2fd8680e6608855215f58601ae4809db6008e3900aaf5f4f0b013cb
168,dqn,341,random,low,34.610328638497656,121.5,24.573333333333334,56,128,-110.14399188933247,213,85,0,1,0,0,300.0,-23.037500159582123,-15.0054499860089,-60.70104174374137,-11.399999999999991,57,0,213,0,b46203be370e6f3fcdb6840c6a110573e10331cf4037ff85924fa9e67ae35949
169,dqn,936,random,heavy,34.599221789883266,133.0,29.64,60,164,-136.27470865521528,257,93,0,1,0,0,300.0,-27.787500280188397,-17.9757499827254,-79.31145839230157,-11.199999999999992,56,0,257,0,edacc4545fa970a97c2ca37ead33660d2dee923af26469c1dd4769f22faaa98c
170,dqn,437,random,left_heavy,32.05936073059361,126.5,23.41,61,143,-126.63552947875799,219,76,14,18,0,0,300.0,-21.94687528302893,-16.315737476574576,-76.97291671915445,-11.399999999999991,57,0,233,14,1903fc03bbd55c90fbf33e4d191d36eabd68c4b936cefe4faa5497c70225c7ea
171,dqn,774,random,left_heavy,41.47154471544715,139.0,34.01166666666666,56,139,-160.54300840540753,246,107,25,29,0,0,300.0,-31.885937588638626,-29.120612493222136,-87.73645832354669,-11.79999999999999,59,0,271,25,4d932ddd0d7daa70f32d8a716fd9ad7d1cb03317207a0baa0f1685482b64ad0e
172,dqn,315,random,left_heavy,38.17700729927007,145.0,34.87166666666667,76,152,-143.13141690022098,274,122,32,37,0,0,300.0,-32.69218776305206,-25.756937474638832,-73.28229166253004,-11.399999999999991,57,0,306,32,df55f184347ce5cf41c31c106d67c9bfc4f8d6bf11a2427649c16469c284653f
173,dqn,1000,random,ns_heavy,26.833333333333332,124.5,17.441666666666666,38,151,-96.10098366302037,195,44,0,1,0,0,300.0,-16.351562755648047,-8.341087486176546,-60.00833342119586,-11.399999999999991,57,0,195,0,88951c0d0fef6faabbb315922b74fac28fe21356c885d8337e944ab576213592
174,dqn,747,random,balanced,42.03183520599251,130.5,37.40833333333333,76,147,-153.67718363847888,267,120,0,2,0,0,300.0,-35.070312850992195,-26.857912507153365,-80.14895828033332,-11.59999999999999,58,0,267,0,74804a03a548692a8ddd1973242a28705a0ba63383f6ecc59deb8eab0d2f0c21
175,dqn,878,random,low,26.400537634408604,83.0,16.368333333333332,42,133,-81.14235844331195,186,53,0,1,0,0,300.0,-15.345312610035762,-8.041837485701397,-46.75520834757481,-10.999999999999993,55,0,186,0,951cdc69d092f84fa4a17b5426485286bd1a9875f45ad7a180a7f27a41c6cccc
176,dqn,41,random,left_heavy,37.74905660377358,137.0,33.35,96,145,-158.09044174244255,265,120,21,25,0,0,300.0,-31.265625176019967,-27.40190004787511,-87.82291651854757,-11.59999999999999,58,0,286,21,3ff86ecc65355b3fd986c570ea66b9dbf6bdcdbc1240e12a29baeeb3742ad7fb
177,dqn,108,random,balanced,25.63081395348837,71.0,14.695,32,130,-80.87221255572734,172,42,0,1,0,0,300.0,-13.776562744751573,-7.276899999265881,-48.41874981170986,-11.399999999999991,57,0,172,0,d48eee2da03c83692acaa5634d1638552c409350aaa30fee8ce63f224f1e7882
178,dqn,68,random,ew_heavy,41.68167701863354,157.0,44.73833333333334,99,164,-171.42710010240626,322,158,0,2,0,0,300.0,-41.94218765536789,-31.463037478214385,-86.82187496882398,-11.199999999999992,56,0,322,0,983c67d6219671bc2be21c849a1a434e76217e9755f8a71a421690e4c9f2613f
179,dqn,532,random,heavy,19.27956989247312,86.0,11.953333333333333,38,138,-70.13675020161095,186,48,0,2,0,0,300.0,-11.20625017164275,-4.04300000070143,-43.48750002926681,-11.399999999999991,57,0,186,0,2ce481a1553a1a1f21860e92aac187d5e48ed020eb25035556fd7685e589ee83
180,dqn,405,random,ew_heavy,30.166666666666668,124.5,26.848333333333333,57,170,-135.94375446342667,267,97,0,2,0,0,300.0,-25.17031274351757,-18.48177498340884,-80.69166673650034,-11.59999999999999,58,0,267,0,acfd59da888e23b557ddb49451f693fc6e5a794ba47049daf4143e2c2e910d57
181,dqn,980,random,ns_heavy,31.826446280991735,115.5,25.675,55,143,-128.99379191442785,242,99,0,3,0,0,300.0,-24.07031276402995,-19.60368753890435,-73.91979161149357,-11.399999999999991,57,0,242,0,4c9d7e87285867d6a9a753d82b13571ed5d80ee70085b3d88a02794fa5926c2f
182,dqn,246,random,heavy,34.28163265306122,112.5,27.996666666666666,60,173,-124.17163357900647,245,72,0,2,0,0,300.0,-26.246875309268944,-15.325799976086275,-71.19895829365123,-11.399999999999991,57,1,245,0,0edb39eaecba8a3e968a497d4aca48e27ccb27ad027625120ab91064aab9c11a
183,dqn,169,random,low,31.238636363636363,94.5,22.908333333333335,64,144,-98.26240013307176,220,76,0,2,0,0,300.0,-21.47656262293458,-12.545212525946406,-53.0406249841908,-11.199999999999992,56,0,220,0,d0120c29dc130ed69463a778245f8dddd3a164056a7a47a6af881fd0c6015204
184,dqn,846,random,ew_heavy,31.79460580912863,106.5,25.541666666666668,60,158,-122.31740019698124,241,83,0,2,0,0,300.0,-23.94531275925692,-14.075212500798079,-72.69687493692618,-11.59999999999999,58,0,241,0,de5efe7b7852357e61af0db426c0e1138cd01d3bf9557262a72a6b829df2f245
185,dqn,303,random,ew_heavy,33.40466926070039,96.5,28.616666666666667,62,144,-126.12359200597935,257,113,0,4,0,0,300.0,-26.82812534912955,-20.866300010152187,-66.82916664669756,-11.59999999999999,58,0,257,0,3f41e4efd3ac0e3a16caad8cffbb7249ef1f9cacc1ea846f14b2918f6b486cc8
186,dqn,742,random,ew_heavy,33.58429118773947,132.0,29.218333333333334,66,164,-140.18335032320826,261,97,0,2,0,0,300.0,-27.39218773751054,-18.322412514707697,-83.06875007099006,-11.399999999999991,57,0,261,0,dc1973aeb5b3466721b831c86161b6e3ecf2e13f29e06416338401c22efb7abc
187,dqn,290,random,ns_heavy,21.140522875816995,72.0,10.781666666666666,23,131,-65.01339603955057,153,22,0,3,0,0,300.0,-10.10781272384338,-3.3034999945819425,-40.40208332112525,-11.199999999999992,56,0,153,0,4d67d5c5bee4554007fffd3cfd40273452e352b5fe7b61c46278e71639dc2644
188,dqn,546,random,ns_heavy,26.53409090909091,71.5,19.458333333333332,50,165,-86.45584191920794,220,55,0,1,0,0,300.0,-18.242187831085175,-8.12823749190284,-48.285416596219875,-11.79999999999999,59,0,220,0,3d67ec0cd17ba769454cdafa6a62d5b6bd58256b6f7748f96903e4ef50a4750b
189,dqn,82,random,heavy,40.90074906367041,142.5,36.401666666666664,90,142,-165.64521694616627,267,125,0,2,0,0,300.0,-34.050000276067294,-27.375424940141237,-92.6197917299578,-11.59999999999999,58,0,267,0,9e9d6a62a14fb39d95eda5ef31855973b349186e1baa48b575a989ff4f556812
190,dqn,662,random,ew_heavy,30.213513513513515,110.0,18.631666666666668,39,143,-108.17425867651832,185,42,0,1,0,0,300.0,-17.46718779357616,-11.076862473574145,-68.23020840936806,-11.399999999999991,57,1,185,0,20d27d2d394a1656e81171e26e81613738a8e83f13b973f3ee244f9b5ac91a17
191,dqn,916,random,heavy,32.8027950310559,100.5,35.208333333333336,86,169,-122.71577922512,322,153,0,2,0,0,300.0,-33.00781273411121,-21.847550006501116,-56.46041648450773,-11.399999999999991,57,0,322,0,7a4cd91e9bef916f0e0c850d00c06b926aba1575395b45331d8e240d0df87c34
192,dqn,693,random,heavy,35.40930232558139,127.5,25.376666666666665,52,144,-124.28027526917651,215,71,0,2,0,0,300.0,-23.790625270688906,-15.330275007963788,-73.55937499052379,-11.59999999999999,58,0,215,0,33b98272e1ac1b8d3769a606e592b12777cf35e0537f326e6aff8bc234ac86bc
193,dqn,879,random,ns_heavy,32.683928571428574,122.0,30.505,73,164,-128.2021544627736,280,116,0,4,0,0,300.0,-28.598437799722888,-18.905799985992058,-69.89791667705867,-10.799999999999994,54,0,280,0,d9cb4b363eda9d452fde08e51c6f016f2c03be577505eb70a06b22cc2cf37da0
194,dqn,782,random,balanced,30.864224137931036,123.5,23.868333333333332,54,137,-119.05388776944385,232,95,0,2,0,0,300.0,-22.376562881399877,-15.09295001109495,-69.984374876949,-11.59999999999999,58,0,232,0,2f70f7d3e93bcbbf7d209f50c74cbb24789ab97696e462fdf2711e75ca027f3e
195,dqn,567,random,ns_heavy,28.473684210526315,82.0,19.836666666666666,44,146,-91.87341265867359,209,63,0,2,0,0,300.0,-18.596875226008706,-11.292162505843587,-50.78437492682133,-11.199999999999992,56,0,209,0,9f6e80a62d52a27d583f5c8d8cb912e4ef0acdfbe41f516aab6fd0fb70ce2383
196,dqn,928,random,balanced,25.518779342723004,95.0,18.118333333333332,61,154,-91.02581680981746,213,59,0,2,0,0,300.0,-16.985937724006362,-8.476337493502792,-54.16354159230832,-11.399999999999991,57,0,213,0,e371d07746a4fb9794d37e4ec1dede610eb54e0d2a1c2b07b07ba116767d7a4d
197,dqn,480,random,heavy,34.378,110.5,28.648333333333333,56,151,-125.83271293868384,250,99,0,2,0,0,300.0,-26.85781281790696,-16.65614998608435,-70.71875013469253,-11.59999999999999,58,0,250,0,607001744f58565ca621b3cc0e30242ecb8254de1206709d6c5cb73462df74d7
198,dqn,150,random,left_heavy,34.18512110726643,121.5,32.93666666666667,66,162,-131.90905440246934,289,127,7,10,0,0,300.0,-30.87812527769711,-20.511137502847852,-69.11979162192438,-11.399999999999991,57,0,296,7,9d17157e71213d5a818479d06a5453c56f8a15cbe0740ae7797064c166564464
199,dqn,556,random,ew_heavy,21.223214285714285,106.0,11.885,35,116,-90.63514177051405,168,52,0,2,0,0,300.0,-11.142187609686516,-6.285662515317381,-62.00729164551012,-11.199999999999992,56,0,168,0,d2e0babe22c2fe9a7444df9afb30c9dc3b62dbd8afaa0a05bdb6d03369b837ac
200,dqn,627,random,low,34.00265957446808,135.0,21.308333333333334,45,125,-129.91250859385684,188,63,0,2,0,0,300.0,-19.97656270628795,-15.058862502717961,-83.077083384851,-11.79999999999999,59,0,188,0,d9c906d4a1598efbc39ed818b8a54f56e98e89e1eaec94b28a19ed80499aa79c
201,dqn,177,random,heavy,35.02663934426229,135.0,28.488333333333333,71,161,-131.82806679683935,244,83,0,1,0,0,300.0,-26.707812674809247,-16.703587507183688,-76.81666661484633,-11.59999999999999,58,0,244,0,fd1f8b801acb56448491eb5437a58b2518f17c14e219d263cd0d8a42000c378f
202,dqn,144,random,ns_heavy,8.071428571428571,33.5,2.825,11,105,-27.68400011222475,105,0,0,1,0,0,300.0,-2.648437549942173,-0.39806249897592344,-14.037500063306652,-10.599999999999994,53,0,105,0,57907eaa162bbb511688c8ee3d4cf617ee3c1b5f6fb7a893f50806d4d3aec66c
203,dqn,664,random,left_heavy,39.1578947368421,127.5,29.761666666666667,67,129,-129.34219191039222,228,99,10,14,0,0,300.0,-27.901562682469375,-19.364587474309516,-70.67604175361339,-11.399999999999991,57,0,238,10,6f63f329edaea415599792c5f8c1a4164a8d03c95523e70e1517e2d7bbf68580
204,dqn,444,random,heavy,28.48406374501992,82.5,23.831666666666667,53,157,-102.81830424316651,251,94,0,2,0,0,300.0,-22.342187654343434,-14.675074962987125,-54.60104162583593,-11.199999999999992,56,1,251,0,ce33ce1144962693e1a066ec106f97caacb2d22b88aec8cddcb42b2b68d12425
205,dqn,482,random,balanced,36.289855072463766,161.0,25.04,58,120,-133.1834750563349,207,87,0,2,0,0,300.0,-23.475000159000047,-16.874100014099533,-81.23437488323543,-11.59999999999999,58,0,207,0,02ac9ba8fe3725747dc71c6cc248c1020e0b883e9a06707574f4e649558ff718
206,dqn,787,random,heavy,25.261316872427983,116.0,20.461666666666666,50,184,-100.15491679317128,243,59,0,2,0,0,300.0,-19.18281273334287,-8.602312484470165,-61.36979157535825,-10.999999999999993,55,0,243,0,9f9fa368eff6808cd434e9a744e0f28ceb0716deda49b6c1ae9bc78d43ae8c25
207,dqn,686,random,low,26.115384615384617,90.0,12.448333333333334,32,109,-76.09061277815564,143,34,0,1,0,0,300.0,-11.670312717556953,-5.1796750028333935,-48.04062505776528,-11.199999999999992,56,0,143,0,722cede8ed78161b2108e950f8b41e8b1fe1c9c949e85301c4d9e3622da2b298
208,dqn,895,random,left_heavy,33.714,110.5,28.095,65,138,-120.71889622689268,250,112,8,10,0,0,300.0,-26.339062831015326,-18.50900000243492,-64.27083339344244,-11.59999999999999,58,0,258,8,7c62d920ff8d88710b3138d1e6e26f4e3a7ed85309547d1fc56f0d87ecfaa114
209,dqn,168,random,ew_heavy,38.94423076923077,132.0,33.751666666666665,82,137,-140.77136673529094,260,123,0,3,0,0,300.0,-31.332812661887147,-24.453137524867635,-73.58541654853616,-11.399999999999991,57,0,260,0,b54dbeae393602ef7aea3511579c7c540d00c1345745eea60d649c6120680a13
210,dqn,760,random,ns_heavy,31.572538860103627,120.5,20.311666666666667,49,140,-110.09102101043618,193,53,0,1,0,0,300.0,-19.042187735671178,-9.91862498977498,-69.93020828498993,-11.199999999999992,56,0,193,0,6deb35029bd63cc158b0129b1b72be9a438b99b810520ddf3b3ae13c846d20b0
211,dqn,541,random,ew_heavy,25.30204081632653,99.5,20.663333333333334,55,160,-94.88807519996041,245,85,0,2,0,0,300.0,-19.37187527108472,-10.488075007269796,-54.02812492160592,-10.999999999999993,55,0,245,0,3fb761cd18e2b2f561ca94cfa808a1756dd8a012d551b9c780cf9e73ac758a97
212,dqn,36,random,ew_heavy,34.08057851239669,111.0,27.491666666666667,59,166,-119.79280843842359,242,76,0,2,0,0,300.0,-25.773437720374204,-15.607912473944449,-66.81145824410487,-11.59999999999999,58,0,242,0,1619d9b22effddfbc3c1ae09751a6e675225252272b7f536ac907a39a05396bb
213,dqn,71,random,low,40.28902953586498,117.5,31.828333333333333,68,146,-131.49909611840926,237,91,0,2,0,0,300.0,-29.839062727289274,-20.598574988410824,-69.8614584027091,-11.199999999999992,56,0,237,0,45e0571bb397399fef20c12c794c542cfa4cbd2a2584c89c5ef23b9a49245c1f
214,dqn,360,random,low,38.91282894736842,142.0,39.431666666666665,88,160,-156.43505433147433,304,144,0,2,0,0,300.0,-36.96718773781322,-26.576199933552555,-81.2916666601086,-11.59999999999999,58,0,304,0,3ac84310f4670bdb914221cb8d2acef68e94ff1262e4805fd8d9ea613f2081e5
215,dqn,640,random,low,27.221153846153847,114.0,18.873333333333335,44,148,-100.70845866307133,208,60,0,3,0,0,300.0,-17.69375028356444,-9.587624994865472,-62.227083384641446,-11.199999999999992,56,0,208,0,3e98d561c769ff6ce0db505ec9f04e93ded17de457907f0752d8467ffed31328
216,dqn,164,random,left_heavy,27.211764705882352,84.0,15.421666666666667,31,123,-97.54097925327508,170,47,17,23,0,0,300.0,-14.457812779117376,-9.778999996122725,-62.10416647803504,-11.199999999999992,56,0,187,17,568a03fa642ac7e48a79bca2bcb937142f4ccabda61d65484c83d4da4f4bdd68
217,dqn,545,random,ew_heavy,42.096541786743515,155.5,48.69166666666667,93,182,-186.1529627680959,347,165,0,2,0,0,300.0,-45.64843778859358,-40.895149924903684,-88.60937505459879,-10.999999999999993,55,1,347,0,f90bd8c6db0b763a055c7f04374d964a8727b10718f7d5e0639e6a5b58903f93
218,dqn,999,random,heavy,34.63380281690141,96.0,24.59,48,140,-123.18131298911685,213,73,0,3,0,0,300.0,-23.053125291597098,-15.54381248049831,-73.38437521702144,-11.199999999999992,56,0,213,0,9b1373578232abf7038b7421cdf74ba225d19a88f8091da68014255f39c45f4b
219,dqn,143,random,low,38.161818181818184,119.0,34.98,77,169,-150.10557948951976,275,106,0,2,0,0,300.0,-32.79375036805868,-23.460787512947718,-82.25104160851333,-11.59999999999999,58,0,275,0,099e0d5643aa76fbe46e370d581f1422378617bfc90e6a29fa4f22a263b58de5
220,dqn,145,random,left_heavy,37.81208053691275,145.5,37.56666666666667,75,150,-161.03762084375344,298,148,11,19,0,0,300.0,-35.218750013038516,-29.026162382184708,-85.59270844853017,-11.199999999999992,56,0,309,11,80624511d23829673732f6c586c2d660574044671831d618cb0411ec2ad546a3
221,dqn,967,random,ns_heavy,23.39080459770115,102.0,13.566666666666666,33,139,-83.77425432000966,174,35,0,1,0,0,300.0,-12.718750161118805,-5.6388374957088665,-54.21666666318197,-11.199999999999992,56,0,174,0,ee94f4cca8089896ba8422e17dc4d8ce5a7fb3556a5a92e866dfd5a8b73000b0
222,dqn,245,random,low,21.809859154929576,86.5,10.323333333333334,26,121,-71.32820426991455,142,21,0,1,0,0,300.0,-9.678125198697671,-3.5584124949273246,-47.29166657628957,-10.799999999999994,54,0,142,0,120f6b96eacedd0e49f0f91f6aa6413a0c10d10fc97cdd0ffdee2b36a644ac4a
223,dqn,875,random,low,35.68352059925093,131.0,31.76,70,167,-141.08651288189503,267,100,0,2,0,0,300.0,-29.775000370806083,-19.32713747735179,-80.58437503373716,-11.399999999999991,57,0,267,0,9e587b885186a0e1ba17361adbcced7245832bf47bbbebb7930289fe9aa3ba2a
224,dqn,358,random,heavy,20.166666666666668,61.0,12.906666666666666,33,163,-62.9766585233177,192,29,0,1,0,0,300.0,-12.100000188336708,-3.6870749990477627,-35.989583335933276,-11.199999999999992,56,0,192,0,072f37cc59012d78d1b16b521b1787d55d0c1001abab15e944ac5143aab3a221
225,dqn,757,random,low,20.60928961748634,70.0,12.571666666666667,38,144,-74.84267932739237,183,39,0,2,0,0,300.0,-11.785937662818469,-4.971324998691123,-47.0854166658828,-10.999999999999993,55,0,183,0,8cd1f25f13e1fc6d3a3ce025176d9c847deb04b728ae1b2a12268ac440fa1b02
226,dqn,61,random,ew_heavy,30.244402985074625,132.5,27.018333333333334,58,171,-121.60123786586996,268,97,0,2,0,0,300.0,-25.329687871737406,-15.534049993177906,-69.3375000009546,-11.399999999999991,57,1,268,0,6a388d1c5460a7dea110c7852817b55367058b04ad73f82c7650cbb78022e94a
227,dqn,633,random,left_heavy,22.87719298245614,116.0,13.043333333333333,29,121,-96.37172938951191,171,50,11,18,0,0,300.0,-12.228125226218253,-8.067562490332786,-65.07604167296086,-10.999999999999993,55,0,182,11,2dbe92cfc4a8f65af29ec82a9b64686f1224a0b980353ff7973c3772f0e07d66
228,dqn,871,random,balanced,37.757194244604314,137.0,34.98833333333334,86,137,-155.6199711266374,278,141,0,2,0,0,300.0,-32.80156270833686,-25.706950009677517,-85.711458408623,-11.399999999999991,57,0,278,0,a35a77512524efb380958e80a608831c48422649bee491464e4c6bf338251185
229,dqn,339,random,balanced,40.257009345794394,145.5,43.075,95,164,-163.91497947725432,321,157,0,2,0,0,300.0,-40.3828127628658,-30.753000062592047,-81.17916665179655,-11.59999999999999,58,0,321,0,1ab825ab2115f843b642b7b44f7907d842e1ff14368fe03e57aa282564120324
230,dqn,637,random,balanced,20.1,45.5,9.715,25,115,-56.75826680640237,145,30,0,1,0,0,300.0,-9.107812728732824,-3.6337874918805007,-33.61666658578906,-10.399999999999995,52,0,145,0,611928666c8211358cc60cc1eb99449e8918bf1c8a9dd97f2485a71856b526e6
231,dqn,215,random,low,28.532258064516128,103.0,23.586666666666666,56,151,-112.46689171770915,248,97,0,2,0,0,300.0,-22.112500140676275,-14.10959996656384,-65.44479161046911,-10.799999999999994,54,1,248,0,bf678b3241ca3fd07761d204298757116fc98dd81caac2e7a77f32d5f38d4254
232,dqn,160,random,balanced,28.978813559322035,97.5,22.796666666666667,55,158,-110.66306690833667,236,78,0,2,0,0,300.0,-21.3718753317371,-11.683900010647639,-66.20729156595189,-11.399999999999991,57,0,236,0,51e3bd85434342ab1179601518c8b42cc512ff84b9ca7df5668244de04e5dc70
233,dqn,1,random,ew_heavy,33.35521235521235,102.5,28.796666666666667,58,140,-123.99475884597705,259,119,0,3,0,0,300.0,-26.996875385637395,-18.586425051670076,-67.01145840866957,-11.399999999999991,57,0,259,0,c76ef13454cae27d63b887f3e6fb2cfc8084b18ef81ac0567e04c63c3f0b38f1
234,dqn,499,random,heavy,18.5748031496063,76.0,7.863333333333333,21,109,-65.63001266988357,127,18,0,1,0,0,300.0,-7.371875169570558,-2.8581374948880702,-44.200000005424954,-11.199999999999992,56,0,127,0,cd1e7bbcc53fe9e3f603ec53fb8eb51ebd71e311233ca9a526d86014ed6d8393
235,dqn,522,random,ew_heavy,38.364686468646866,119.0,38.748333333333335,82,157,-150.97649605743715,303,146,0,4,0,0,300.0,-36.32656280975789,-27.457224985413617,-75.59270826226566,-11.59999999999999,58,0,303,0,482fe256c319c800f922cbcf21787918770bcf26a84838e1345eb17e0d449857
236,dqn,79,random,balanced,25.05743243243243,107.0,12.361666666666666,25,108,-90.08039588952306,148,40,0,2,0,0,300.0,-11.589062656043097,-6.357999994683631,-61.53333323879633,-10.599999999999994,53,0,148,0,2ef4f61d5439a2806fbe666163d05f3218986253589c3de67b561c155d934d21
237,dqn,228,random,left_heavy,44.31517509727627,155.0,37.97,67,146,-171.27154601432778,257,111,21,24,0,0,300.0,-35.59687519399449,-32.86946244183854,-91.20520837849472,-11.59999999999999,58,0,278,21,51cb0111652460bddb6585cb2d1c1d70bb53250acca58465c027400bd03fcdff
238,dqn,611,random,low,29.47043010752688,117.0,18.27166666666667,48,141,-95.17017524761107,186,45,0,1,0,0,300.0,-17.129687740816735,-9.762362490193476,-57.278125016600825,-10.999999999999993,55,0,186,0,fdb49defc6d42cbc8abb2042b77d7b83fe97ed6d9e65eb434a1ea97235cccb5d
239,dqn,365,random,balanced,32.075,137.5,29.936666666666667,73,166,-122.23247101058514,280,114,0,1,0,0,300.0,-28.065625228686258,-17.458512462263755,-65.70833331963513,-10.999999999999993,55,1,280,0,59a13a434ad644aecef169adaa9ee39d08cd6d9e6a887da1bc456fd640cd8bfb
240,dqn,232,random,left_heavy,27.930434782608696,99.5,21.418333333333333,48,151,-106.3809462107711,230,79,13,17,0,0,300.0,-20.07968783529941,-12.211675029643086,-62.48958334582858,-11.59999999999999,58,0,243,13,1be23ffd793b219c96665ccf92aefe6c1dcd616c56c3e32137413e48cb1c43f0
241,dqn,7,random,low,19.187203791469194,63.5,13.495,34,175,-64.29282094836451,211,36,0,2,0,0,300.0,-12.651562665007077,-4.311050014572537,-36.53020826878492,-10.799999999999994,54,0,211,0,25de475f52afd35ce0bc8e2e398be14794f613c69fe72fd92dbb22c1f837e94e
242,dqn,39,random,low,27.62972972972973,117.5,17.038333333333334,43,133,-101.14802950074888,185,52,0,2,0,0,300.0,-15.973437838256359,-8.879800003315175,-65.49479165917728,-10.799999999999994,54,1,185,0,2c1e289bb2049af78d397c7cc434eec6e152400fa5221cfe77c5f803664d0870
243,dqn,638,random,low,37.2436974789916,139.5,29.546666666666667,64,137,-146.1746669996639,238,101,0,1,0,0,300.0,-27.70000023965258,-18.329875025024375,-89.14479173498694,-10.999999999999993,55,0,238,0,28a0a8056b29f521d29f748e7a4b5c827235820e108200200f8fd02caa338b2f
244,dqn,116,random,ns_heavy,39.358231707317074,134.0,43.031666666666666,81,177,-167.64312536806176,328,151,0,4,0,0,300.0,-40.342187703819945,-31.857187512645755,-84.24375015159603,-11.199999999999992,56,0,328,0,7352158da50ddf53ef4e95c99305cb0431109b74c93404251de544589b1daed4
245,dqn,846,random,ew_heavy,29.300829875518673,145.5,23.538333333333334,59,164,-127.33769615616833,241,77,0,1,0,0,300.0,-22.067187748500146,-15.14342498894039,-79.32708341872785,-10.799999999999994,54,0,241,0,de5efe7b7852357e61af0db426c0e1138cd01d3bf9557262a72a6b829df2f245
246,dqn,556,random,ew_heavy,17.36904761904762,86.5,9.726666666666667,25,123,-74.60680437459449,168,45,0,2,0,0,300.0,-9.118750261841342,-3.408887504984886,-51.279166607768275,-10.799999999999994,54,0,168,0,d2e0babe22c2fe9a7444df9afb30c9dc3b62dbd8afaa0a05bdb6d03369b837ac
247,dqn,252,random,low,32.96288209606987,163.0,25.161666666666665,53,162,-137.2126212782277,229,67,0,2,0,0,300.0,-23.58906283066608,-14.865224987855619,-87.35833345970605,-11.399999999999991,57,0,229,0,94df5b4fc460b705fe437a07af4710a8f8e54c0aa03ce370f2fb70aa497ed0f8
248,dqn,637,random,balanced,21.82758620689655,52.0,10.55,24,116,-64.68720439838144,145,29,0,1,0,0,300.0,-9.890625313855708,-4.367412496128962,-40.229166588396765,-10.199999999999996,51,0,145,0,611928666c8211358cc60cc1eb99449e8918bf1c8a9dd97f2485a71856b526e6
249,dqn,162,random,left_heavy,39.14316239316239,156.0,30.531666666666666,63,132,-144.68048347321533,234,102,0,2,0,0,300.0,-28.623437588801607,-22.126837494370562,-82.73020839004312,-11.199999999999992,56,0,234,0,c386d88f10736dfea8583ec879dac340a33edf87aa13849215872051e3a70cdd
250,dqn,325,random,balanced,31.31188118811881,133.0,21.085,47,140,-117.61358776490738,202,62,0,2,0,0,300.0,-19.767187762307003,-11.693274996057882,-75.35312500654254,-10.799999999999994,54,2,202,0,3d026660992de65171ac6d94c3ac8e65fec5dcf25bfcb3e3f65aed919292afa6
251,dqn,497,random,ns_heavy,40.00174825174825,127.5,38.135,77,160,-160.12382118361194,286,126,1,5,0,0,300.0,-35.75156286463607,-28.50454998406713,-84.46770833490882,-11.399999999999991,57,0,287,1,4dda8697133c89fbc4b8691f908a5599c6b3579f40490bc26c3c17c0853299b8
252,dqn,644,random,left_heavy,36.73694779116466,157.0,30.5,56,151,-133.74445010403218,249,98,10,18,0,0,300.0,-28.593750128755346,-17.631949975812315,-76.51874999946449,-10.999999999999993,55,1,259,10,39e6523d0e586ce27988166a4cdb8ee700344fac847e5cc60220dc3a1a8b2d06
253,dqn,138,random,left_heavy,43.342293906810035,134.0,40.31166666666667,80,147,-162.87798364548428,279,132,20,25,0,0,300.0,-37.79218782612588,-31.15558752021243,-83.13020829914603,-10.799999999999994,54,1,299,20,6ad1b02ff207613328c9aaf805a780899669394701afd47bf9ea255c00b3ed04
254,dqn,353,random,balanced,31.353174603174605,143.0,26.336666666666666,62,153,-130.01088342463262,252,99,0,2,0,0,300.0,-24.690625127404928,-16.371299983739302,-77.7489583134884,-11.199999999999992,56,1,252,0,7fd7b8d36d121cebcbd8940c983bf5279888aaf66af132acd68e5a11607507ce
255,dqn,92,random,ew_heavy,15.121848739495798,99.0,5.998333333333333,16,107,-67.15405015632354,119,12,0,1,0,0,300.0,-5.6234376560896635,-2.1056124993723646,-50.42500000086147,-9.0,45,0,119,0,4b616086212e9574b0dee52c7ab288d8a33328e28e20497570e0a1afa408d206
256,dqn,131,random,ew_heavy,11.087248322147651,39.5,5.506666666666667,16,135,-36.59264595504574,149,14,0,1,0,0,300.0,-5.16250014223624,-1.0624375021150623,-20.967708310694434,-9.399999999999999,47,0,149,0,a5afbc3f39e55c14793ee63d433883e9c617d165ce6abf0b7f800e67e9259e4d
257,dqn,224,random,heavy,30.42896174863388,104.0,18.561666666666667,38,139,-99.23792940995837,183,44,0,1,0,0,300.0,-17.401562768383883,-9.42282501182708,-61.61354162974749,-10.799999999999994,54,1,183,0,9b040871f9af2d06f96264f2d947276f00db4f17f1bc49b0778b55f992a1b132
258,dqn,316,random,balanced,33.5390243902439,114.0,22.918333333333333,44,124,-110.30840009981539,205,81,0,2,0,0,300.0,-21.485937633900903,-14.591212489919423,-63.63124997599516,-10.599999999999994,53,0,205,0,030155cd5e5f36be8c5ed20b1b9ec8cec81b4b0c98c0d021f324e62adf3b4ad8
259,dqn,909,random,balanced,29.751256281407034,118.5,19.735,49,155,-109.51016259436075,199,44,0,2,0,0,300.0,-18.501562573132105,-10.371099967374903,-69.63750005385373,-10.999999999999993,55,0,199,0,caed48faee592b6587c11a396611f88ce90a17e4d2714c565003d0db941a9e99
260,dqn,396,random,left_heavy,36.56170212765957,121.5,28.641666666666666,59,135,-130.29717097129833,235,100,9,14,0,0,300.0,-26.851562688476406,-19.44040003732008,-73.40520824550185,-10.599999999999994,53,2,244,9,8ce20e280bf03c66ef6bbd133a141f21acabde6f4f8df3628feaceebd45676b3
261,dqn,110,random,left_heavy,35.58471074380165,102.0,28.708333333333332,60,147,-122.90882957472424,242,95,13,17,0,0,300.0,-26.914062729571015,-19.534350023553273,-65.66041682159994,-10.799999999999994,54,1,255,13,06ee0a480abb39954b5017714a06c894634c0f4344e508f5d24f48129df5bc52
262,dqn,913,random,ns_heavy,19.857142857142858,111.5,11.583333333333334,32,138,-92.494845900462,175,37,0,3,0,0,300.0,-10.85937516076956,-5.199012502735423,-65.63645823695697,-10.799999999999994,54,0,175,0,5792f899b6108202efd649742458ff84a92fae38378ca65d99344d8fb7ff3a28
263,dqn,570,random,ns_heavy,16.395833333333332,60.0,5.246666666666667,16,83,-47.955770965477136,96,13,0,1,0,0,300.0,-4.918750130804256,-1.5880624980178266,-32.24895833665505,-9.2,46,2,96,0,0d4b7cbc5f5ae2e014e6a896c6c4cd6492fccc0faeef7a8b0a0bca9c9c21ff26
264,dqn,116,random,ns_heavy,40.15091463414634,152.5,43.89833333333333,89,179,-167.77640454480874,328,149,0,4,0,0,300.0,-41.1546877946239,-32.876925027677494,-82.74479172250722,-10.999999999999993,55,1,328,0,7352158da50ddf53ef4e95c99305cb0431109b74c93404251de544589b1daed4
265,dqn,83,random,heavy,24.150306748466257,79.0,13.121666666666666,28,133,-74.93371682702855,163,30,0,1,0,0,300.0,-12.301562700420618,-4.934237491435488,-47.29791663517244,-10.399999999999995,52,0,163,0,90978faffda23712babd520a4117ef2581ac6b734212ec81be226befb4bf5cab
266,dqn,87,random,left_heavy,31.245283018867923,114.5,22.085,42,145,-126.25274205397069,212,67,21,25,0,0,300.0,-20.704687920981087,-15.215762546828044,-79.53229158616159,-10.799999999999994,54,1,233,21,bddc4636a165c22ceb7a21dc68b0bb2dd94d211402f76915a5b4a6a3132aaad4
267,dqn,911,random,heavy,26.98798076923077,96.5,18.711666666666666,47,150,-91.33645017525633,208,58,0,2,0,0,300.0,-17.542187752434984,-8.831762470295507,-54.96249995252583,-9.999999999999996,50,2,208,0,7ba0de31f540462bf19026bdcbb4897d2d5767d413c8a1ceb105611bacea1fb5
268,dqn,562,random,ns_heavy,28.79608938547486,86.0,17.18166666666667,37,121,-93.08692517189193,179,58,0,2,0,0,300.0,-16.107812698930502,-10.2447374952666,-56.534374977694824,-10.199999999999996,51,0,179,0,ff971fe4f8d94fdac090b3a68677e8d28f1b07ddad739bf758916bb0b8e5ae79
269,dqn,681,random,heavy,28.451957295373667,97.0,26.65,65,170,-124.03060869764458,281,111,0,2,0,0,300.0,-24.984375353204086,-14.947274968180858,-72.89895837625954,-11.199999999999992,56,0,281,0,7073a83ca3e81583365212ad77efc76705c7542c5913d63b0e2b373df35c2e36
270,dqn,964,random,ns_heavy,28.50574712643678,79.0,16.533333333333335,38,135,-88.95082509697608,174,39,0,2,0,0,300.0,-15.500000216648914,-8.16644999113123,-54.8843748891959,-10.399999999999995,52,0,174,0,96fc2f49e00b3a78bf4462a075c3e9cc430c7c474573cc3da7eb2ec9bdc3768c
271,dqn,402,random,heavy,32.808,112.5,27.34,61,157,-132.05131279581767,250,93,0,2,0,0,300.0,-25.631250436184928,-16.85443746619931,-78.96562489343341,-10.599999999999994,53,1,250,0,b4d3738f6a03ae53104a3ed6b4190a7681bbaf9751c2281a04491b807446e099
272,dqn,908,random,heavy,32.60852713178294,95.5,28.043333333333333,57,150,-118.4712126102553,258,108,0,2,0,0,300.0,-26.290625190827996,-18.430587495562932,-62.74999992386438,-10.999999999999993,55,1,258,0,dc130703ad34097ef9e5a605adaca0e298e21d633ec6d1c3f9c4fd5538ee7b9f
273,dqn,404,random,low,33.186868686868685,111.0,21.903333333333332,47,139,-116.90640867785476,198,59,0,2,0,0,300.0,-20.534375245682895,-13.78245000003299,-71.7895834321389,-10.799999999999994,54,0,198,0,a15773ee65a7070349d5ffffd03e96ad455e4dade19b01f5547cd93a9a77e597
274,dqn,701,random,balanced,40.31830985915493,138.0,47.71,94,173,-174.2094544004164,355,182,0,2,0,0,300.0,-44.72812522761524,-35.949037508408196,-82.53229166439269,-10.999999999999993,55,0,355,0,46776f71aa7b179c0527bf0e8b87e8ee9e2fa52a8363adeea2edb0efe737b78d
275,dqn,827,random,balanced,29.951834862385322,91.0,21.765,50,163,-87.88107117882392,218,55,0,1,0,0,300.0,-20.404687790898606,-9.627425019488873,-47.24895836843643,-10.599999999999994,53,0,218,0,04e17b88b36a33bdfe75378b8fda6b69c17a876ac58c410ac5eed5b97851af39
276,dqn,67,random,heavy,26.937142857142856,71.0,15.713333333333333,37,137,-77.58448356634325,175,38,0,1,0,0,300.0,-14.731250285403803,-6.554274987707322,-45.498958293232135,-10.799999999999994,54,0,175,0,1f68dacc099006291099fe5bfa1e1dfc0e4418400e1b79180f3c0ca0922027b3
277,dqn,735,random,ns_heavy,41.44479495268139,147.0,43.79333333333334,84,170,-173.4883711260117,317,147,0,3,0,0,300.0,-41.056250276975334,-33.123787515990244,-88.10833333304618,-11.199999999999992,56,0,317,0,2f7c3679a9dc9728b4191f012205da3c595225c8d74a663e4431e420c24f0684
278,dqn,807,random,left_heavy,41.29718875502008,136.0,34.28333333333333,76,141,-148.81209614304024,249,108,23,26,0,0,300.0,-32.14062531082891,-25.56313756771051,-80.50833326450083,-10.599999999999994,53,2,272,23,18495bc49f47321300562cf1e93c23d6c1c0765b885c2d3d96d2bd2089e318ca
279,dqn,969,random,ns_heavy,19.135593220338983,92.0,11.29,27,155,-71.79183364706333,177,22,0,1,0,0,300.0,-10.584375251783058,-3.761624995900639,-46.645833399379626,-10.799999999999994,54,0,177,0,655003299a3c4c39f42d16c9122192517844012e61e415fd9ebc82eec81d9e74
280,dqn,684,random,balanced,33.01777777777778,104.0,24.763333333333332,54,146,-115.13648359833023,225,79,0,2,0,0,300.0,-23.21562528947834,-13.787524995899,-67.53333331295289,-10.599999999999994,53,1,225,0,d7c44b148cbb1a2bfbb98c0e4fcc9853f4cddbf2ff8822998a1c342e4fc3e6a0
281,dqn,489,random,low,24.763513513513512,101.5,18.325,39,173,-96.44977958846499,222,49,0,2,0,0,300.0,-17.179687811643817,-9.450300003836313,-59.8197917729849,-9.999999999999996,50,0,222,0,57070a16f0b95c6b6af029b3dfb761ef144cdcf63f7815021988c59a92b57042
282,dqn,144,random,ns_heavy,10.466666666666667,39.5,3.6633333333333336,16,100,-31.970433409337428,105,5,0,1,0,0,300.0,-3.4343750812113285,-0.6339750012033619,-19.50208332692273,-8.400000000000002,42,3,105,0,57907eaa162bbb511688c8ee3d4cf617ee3c1b5f6fb7a893f50806d4d3aec66c
283,dqn,768,random,heavy,33.67540322580645,158.5,27.838333333333335,59,157,-129.72243777293252,248,91,0,3,0,0,300.0,-26.098437750246376,-17.03337498038091,-76.19062504230533,-10.399999999999995,52,0,248,0,13e9da340406a21e64117d9080edd67d0df5e32428754b747570555eb1a90116
284,dqn,465,random,ns_heavy,21.71345029239766,99.5,12.376666666666667,28,146,-84.54953768577757,171,25,0,1,0,0,300.0,-11.603125220164657,-4.715162496137053,-58.6312499694759,-9.599999999999998,48,1,171,0,071ce8d8b764837e42942758684fc4f62d7fec87702be585d690e0e77d49daea
285,dqn,807,random,left_heavy,44.14342629482072,159.0,36.93833333333333,86,143,-159.31605421449137,251,108,21,23,0,0,300.0,-34.62968762102537,-28.391574978619623,-85.89479161484633,-10.399999999999995,52,1,272,21,18495bc49f47321300562cf1e93c23d6c1c0765b885c2d3d96d2bd2089e318ca
286,dqn,50,random,heavy,37.21400778210117,117.0,31.88,61,159,-141.57077928061554,257,98,0,3,0,0,300.0,-29.887500065146014,-21.6697374851392,-79.61354173033033,-10.399999999999995,52,1,257,0,a97da7d4b8b56d8f0c7849f6dbbc2eb6f5db4aa6c780b640fe05eddd9c48f298
287,dqn,347,random,heavy,30.554945054945055,105.0,27.805,75,153,-114.15735858163244,273,120,0,2,0,0,300.0,-26.067187775159255,-15.741212527071188,-61.148958279401995,-11.199999999999992,56,0,273,0,73ec87c761e3e04e71dabb2ef86f53d3c657c856bd6d5b750c94695c9e5f1301
288,dqn,802,random,ew_heavy,17.38961038961039,65.0,8.926666666666666,22,135,-59.14485432054425,154,19,0,2,0,0,300.0,-8.368750229128636,-2.618812498175975,-38.75729159323964,-9.399999999999999,47,2,154,0,6004eb6d92522a5c63789a315d0b20a3a1605b9e3d4e901d0dfec7e8571f1b97
289,dqn,611,random,low,30.943548387096776,132.0,19.185,47,138,-114.89387530024031,186,48,0,1,0,0,300.0,-17.98593768128194,-12.44856250289231,-74.85937511606608,-9.599999999999998,48,2,186,0,fdb49defc6d42cbc8abb2042b77d7b83fe97ed6d9e65eb434a1ea97235cccb5d
290,dqn,719,random,left_heavy,42.73090277777778,174.0,41.026666666666664,82,161,-174.50983386205266,288,127,12,15,0,0,300.0,-38.46250048605725,-34.16712500313514,-91.28020837286022,-10.599999999999994,53,2,300,12,3702bda132b8a1de72130a4b9c1ce5ea72d54dc9f866d67ebcb3c1b7f3efa32a
291,dqn,591,random,balanced,20.818421052631578,97.5,13.185,30,140,-88.21289181921675,190,50,0,2,0,0,300.0,-12.360937707941048,-5.485287497872923,-59.766666613402776,-10.599999999999994,53,1,190,0,e84ee16807ff7b35ab28cb371015d08f8d4773b76a2d47e92baa58b30e7852b0
292,dqn,805,random,ns_heavy,20.334745762711865,94.5,7.998333333333333,20,99,-87.46287510384941,118,19,0,1,0,0,300.0,-7.498437620932236,-3.3488125017996944,-67.61562498111743,-9.0,45,3,118,0,7428892fe51292db1d2d4da7c24f51316373fa2e9eef35907d9e002fac91de7e
293,dqn,831,random,ns_heavy,22.305194805194805,77.5,11.45,29,128,-71.1791209336523,154,26,0,1,0,0,300.0,-10.73437521699816,-4.470787494249092,-45.573958222405054,-10.399999999999995,52,0,154,0,ab366162b1f82aec54ac7b254dac8a481899b21eb739ec667be82a6efb759fb4
294,dqn,761,random,heavy,25.715736040609137,129.0,16.886666666666667,38,155,-107.18875034851152,197,42,0,1,0,0,300.0,-15.831250270828605,-7.748125004434404,-73.00937507324852,-10.599999999999994,53,1,197,0,d52af69b832aa5c2e6b8af7c2555d06a787ff8dc5e1d10aa98e0c39ae62697fb
295,dqn,663,random,low,28.2,93.0,15.513333333333334,38,126,-92.32968762512684,165,39,0,1,0,0,300.0,-14.543750150827691,-7.379687492902303,-59.80624998139683,-10.599999999999994,53,1,165,0,3b5ee66c7f41b9833dc6deced150cab7482bfe1f5c66c422adf9764a1378d989
296,dqn,268,random,heavy,36.11184210526316,126.5,36.593333333333334,77,171,-136.4062043869664,304,133,0,2,0,0,300.0,-34.306250295136124,-22.914537478357662,-68.18541661347263,-10.999999999999993,55,0,304,0,dafd59a73d6b138808b258f89a1c3c515ebd5447b7480a188af6f43809c45ebd
297,dqn,76,random,left_heavy,37.9825327510917,143.5,29.0,55,145,-138.29590455844084,229,84,18,22,0,0,300.0,-27.18750031257514,-20.95423752969144,-79.55416671617422,-10.599999999999994,53,1,247,18,16181ce00daa20604577eef8317c2822a957b7db97eac87aceaade5d802c1143
298,dqn,790,random,balanced,29.412663755458514,131.0,22.451666666666668,60,147,-127.62040869701231,229,82,0,2,0,0,300.0,-21.048437816207297,-13.74176251870158,-82.23020836210344,-10.599999999999994,53,1,229,0,66fb49dd741d6d624559d448eadd06ca9e9f162bfd9125da43b4ee79408ca8d3
299,dqn,352,random,ns_heavy,40.857394366197184,115.0,38.678333333333335,79,161,-146.13542116340614,284,123,0,2,0,0,300.0,-36.260937811108306,-25.750524990194368,-73.32395836210344,-10.799999999999994,54,1,284,0,550e14806aaf5da01382f132de42344e06650276809c1d55f9ec04e1003f749d
300,dqn,250,random,ew_heavy,19.878504672897197,77.5,7.09,16,97,-60.05714588584304,107,10,0,1,0,0,300.0,-6.646875112550333,-2.436312502086366,-42.97395827120636,-8.000000000000004,40,4,107,0,975b020ae433f11b570d03a691a7efe433a8c55f07f707b956607d7794c5b759
301,dqn,4,random,heavy,29.883858267716537,135.5,25.301666666666666,59,149,-130.79081284458437,254,105,0,2,0,0,300.0,-23.720312788151205,-18.79550000704985,-78.27500004938338,-9.999999999999996,50,3,254,0,4d4f2d5bf194663c89b614f4291d4a6f11113f0d6b7e52bdef134e87d740f04d
302,dqn,138,random,left_heavy,40.763440860215056,138.0,37.91,72,154,-159.7190670924865,279,125,20,25,0,0,300.0,-35.54062532214448,-29.999275076892076,-83.77916669344995,-10.399999999999995,52,2,299,20,6ad1b02ff207613328c9aaf805a780899669394701afd47bf9ea255c00b3ed04
303,dqn,36,random,ew_heavy,36.98347107438016,122.0,29.833333333333332,65,161,-133.3655501607522,242,81,0,2,0,0,300.0,-27.96875019662548,-19.018675002660174,-75.57812496146653,-10.799999999999994,54,2,242,0,1619d9b22effddfbc3c1ae09751a6e675225252272b7f536ac907a39a05396bb
304,dqn,391,random,ns_heavy,36.0234375,121.5,38.42666666666667,86,178,-146.62768778968237,320,142,0,3,0,0,300.0,-36.02500033646356,-23.130812512613918,-77.2718749406049,-10.199999999999996,51,2,320,0,826aff74ebdfce7de42d4fe83465084d0ffc6f68cfd70af2a8a2dbfc334b78c4
305,dqn,297,random,ns_heavy,19.003703703703703,96.5,8.553333333333333,18,121,-83.609450235268,135,14,0,1,0,0,300.0,-8.018750251736492,-3.4875750019484255,-63.303124981583096,-8.8,44,1,135,0,57381bd6087324c23596565dab3d41bd4db9f6a89432ab63c08f3a30be44465c
306,dqn,498,random,ew_heavy,29.62972972972973,86.5,18.27166666666667,46,125,-98.46365011382363,185,60,0,1,0,0,300.0,-17.12968777748756,-9.47458750748992,-62.459374828846194,-9.399999999999999,47,1,185,0,79136ab87b1bdd037372a28e094bfc2fd7b5d4d80c2029386fbad40cdcd7f32f
307,dqn,574,random,ns_heavy,22.172018348623855,83.0,16.111666666666668,43,171,-79.20692951419693,218,47,0,2,0,0,300.0,-15.10468785930425,-6.185574990872552,-48.11666666402016,-9.799999999999997,49,1,218,0,ff6b1d6b61d0d9e98efc66a3f79020bc45253919c051c462d3164fd9b8dfae3e
308,dqn,286,random,ns_heavy,37.3375,146.5,24.891666666666666,46,129,-139.92301285625513,200,71,0,1,0,0,300.0,-23.33593778638169,-17.121450004098733,-89.26562506577466,-10.199999999999996,51,2,200,0,d32832a318862fa47223e5e6fc6fc16b4ab10782b275e9905acbb06cefeac505
309,dqn,535,random,ns_heavy,25.005847953216374,133.5,14.253333333333334,34,131,-96.29775013872059,171,40,0,2,0,0,300.0,-13.36250024754554,-6.1665000071945535,-66.76874988398049,-9.999999999999996,50,0,171,0,a65060576d5a617d26d82522c628c763a1ded56cadbc1041b31584eb4f352f77
310,dqn,606,random,heavy,29.134969325153374,80.5,15.83,41,116,-81.8713877312388,163,47,0,1,0,0,300.0,-14.840625289129093,-6.977637517523545,-49.853124924586155,-10.199999999999996,51,1,163,0,d59b3830b094bd6e4a56c4984bcebfb7a69acc08fb4fc642feff5363592428e1
311,dqn,673,random,low,17.38809523809524,63.0,12.17,38,175,-57.85421269646465,210,35,0,2,0,0,300.0,-11.4093752077315,-3.441712495764659,-34.403124992968515,-8.600000000000001,43,2,210,0,eef8d318c687b8b56ed2f7a24273306fea342f6393aed40644a9028a1a005c37
312,dqn,603,random,balanced,24.829457364341085,87.5,10.676666666666666,27,108,-78.4580752229216,129,21,0,1,0,0,300.0,-10.009375233319588,-4.492450007087609,-55.75624998251442,-8.200000000000003,41,5,129,0,091434f15f1d1302827824ef2c26f7c413507c353a297e5bca82add149ffa956
313,dqn,34,random,balanced,29.996138996138995,114.5,25.89666666666667,67,166,-115.13979594362033,259,93,0,2,0,0,300.0,-24.278125281911343,-13.415837473553259,-66.84583318815567,-10.599999999999994,53,2,259,0,f73a663e2568ed240bf11c9ed11b57ff90ac2b8da4d5ab4fbd9aafab6d5a041d
314,dqn,240,random,low,19.96815286624204,75.5,10.45,26,142,-66.1744044056817,157,15,0,1,0,0,300.0,-9.796875248313881,-3.6483625011474925,-43.92916665622033,-8.8,44,3,157,0,5a142e672b96be0024c98c79a627352c774e74d51946294007ca509e3168033b
315,dqn,795,random,heavy,24.827868852459016,118.5,15.145,43,132,-98.94738360359551,183,51,0,1,0,0,300.0,-14.198437753599137,-7.549987504004821,-67.39895834599156,-9.799999999999997,49,2,183,0,201e0f3e93fe22f26ba8519814e1c4e61d754732577eb37c713d636bcc9d7e68
316,dqn,623,random,heavy,36.763440860215056,137.5,34.19,72,154,-153.85602494050255,279,125,0,1,0,0,300.0,-32.05312510323711,-24.39352503300615,-86.80937480425928,-10.599999999999994,53,1,279,0,7bfde1340a024efbb0f158de5007d437b3cdf0777f1b816dab693659b601ef19
317,dqn,296,random,balanced,21.359477124183005,121.5,10.893333333333333,26,132,-91.04987111638256,153,21,0,1,0,0,300.0,-10.212500287918374,-5.072787498933758,-67.36458332953043,-8.400000000000002,42,5,153,0,18ac3daa428889b51750b3716f1954a6eba603a86b1e1cf651f77288b01be37c
318,dqn,358,random,heavy,28.619791666666668,72.0,18.316666666666666,41,150,-92.36560842678732,192,42,0,1,0,0,300.0,-17.1718752712477,-8.766649996348132,-56.027083159191534,-10.399999999999995,52,2,192,0,072f37cc59012d78d1b16b521b1787d55d0c1001abab15e944ac5143aab3a221
319,dqn,930,random,balanced,29.747191011235955,126.0,26.475,67,162,-113.65182523967013,267,105,0,2,0,0,300.0,-24.820312728057615,-14.281512506560096,-64.55000000505242,-9.999999999999996,50,2,267,0,620ec92bf581f7aa20322a2a829c624b28af954526b79df6a6b1268f06589325
320,dqn,735,random,ns_heavy,41.5583596214511,159.5,43.913333333333334,98,174,-173.17839190333976,317,143,0,3,0,0,300.0,-41.1687503606081,-32.246099983764736,-89.36354155896697,-10.399999999999995,52,2,317,0,2f7c3679a9dc9728b4191f012205da3c595225c8d74a663e4431e420c24f0684
321,dqn,375,random,ns_heavy,27.27238805970149,132.0,24.363333333333333,58,159,-132.81959641446952,268,109,0,2,0,0,300.0,-22.840625375160016,-15.742512521488967,-83.83645851782057,-10.399999999999995,52,1,268,0,4177d0d2747b66881571ee22ce1319b1698431305703d0bb7ce03adbd528ac78
322,dqn,291,random,balanced,33.159574468085104,125.5,20.78,45,139,-120.6799666727857,188,49,0,2,0,0,300.0,-19.481250210665166,-12.303924976355482,-79.29479148576502,-9.599999999999998,48,3,188,0,afa038bff57806ab8148b5a9a79d28e2f4f6456ac9bae8130d777752888502d8
323,dqn,130,random,heavy,31.4559585492228,104.5,20.236666666666668,42,144,-103.7100168164732,193,49,0,1,0,0,300.0,-18.971875239745714,-10.299600009332064,-64.03854156739544,-10.399999999999995,52,2,193,0,51b1e36fbfc2726b213e586673a5fe48716b975b8cacc99f3a3b6e9d70bcd7e8
324,dqn,799,random,ew_heavy,29.729323308270676,126.0,26.36,58,176,-125.78362105071291,266,90,0,2,0,0,300.0,-24.712500252760947,-16.087787489120096,-74.98333330883179,-9.999999999999996,50,2,266,0,3e8c7291d061e50dc5d386ce76937c79568c86c15ab0768cba4e606014344e6c
325,dqn,630,random,ew_heavy,22.318918918918918,85.0,13.763333333333334,36,137,-83.90281678760441,185,48,0,2,0,0,300.0,-12.903125175158493,-6.58927498605117,-54.810416626394726,-9.599999999999998,48,2,185,0,ffd2b90972be11c63be1d744827f213f7c622deee401f3eff1b557237ff07980
326,dqn,416,random,left_heavy,23.51794871794872,122.5,15.288333333333334,36,134,-101.53293351166721,195,61,3,11,0,0,300.0,-14.332812737091444,-7.394912491075955,-70.20520828349981,-9.599999999999998,48,4,198,3,05eb738634fb18cd6d445e1ee1563b42d90c4cb8de1596522fc512792662513e
327,dqn,693,random,heavy,31.051162790697674,100.0,22.253333333333334,54,146,-108.54723361290233,215,69,0,2,0,0,300.0,-20.862500239280052,-12.52015000721149,-64.9645833664108,-10.199999999999996,51,2,215,0,33b98272e1ac1b8d3769a606e592b12777cf35e0537f326e6aff8bc234ac86bc
328,dqn,554,random,left_heavy,28.284313725490197,131.0,24.046666666666667,55,172,-125.45472555316591,255,83,20,24,0,0,300.0,-22.543750360258855,-15.123475049879191,-77.38750014302786,-10.399999999999995,52,0,275,20,1357acea26deba285d711896a9b91cedb2815e1276744ee5a2d0c94f1f8b40af
329,dqn,533,random,left_heavy,32.68257261410788,126.5,26.261666666666667,73,152,-124.25185011975196,241,89,21,23,0,0,300.0,-24.620312740211375,-18.38778745942472,-71.4437499201158,-9.799999999999997,49,2,262,21,fdaa61ca2931fbc64cdc84eb6512f560b468cf9efca28d2804e1528223ab3d5b
330,dqn,674,random,heavy,20.25225225225225,123.0,14.988333333333333,32,185,-94.7317918133813,222,37,0,1,0,0,300.0,-14.051562717999332,-6.813562507543976,-65.06666658783797,-8.8,44,6,222,0,4c23ae76a065fcf0bf936614d6710c1d1aef5ed93d892d7c9239ab316de91cf8
331,dqn,766,random,low,35.79435483870968,140.5,29.59,64,153,-140.66010441849429,248,95,0,2,0,0,300.0,-27.7406252627261,-19.84656248392493,-82.67291667184327,-10.399999999999995,52,0,248,0,6c111e0866ea5f7769d29d8f5d14a78f26442cf78394c9cd4e89928df3a7421d
332,dqn,519,random,heavy,27.0920245398773,113.0,14.72,34,122,-89.48122521602347,163,41,0,1,0,0,300.0,-13.800000202958472,-6.331224990829652,-59.75000002223533,-9.599999999999998,48,2,163,0,a3eec615fe21f5fae221d56ba665d013b9f28739b9a80ef6c92a81282dc6b9e5
333,dqn,412,random,low,24.274305555555557,118.0,11.651666666666667,33,113,-96.58551682529867,144,31,0,1,0,0,300.0,-10.923437672900036,-6.014162497971119,-70.84791665442754,-8.8,44,4,144,0,ac0b4c73c11de62f52b7d63184ae9b340a4c50d00ef93dbecadf83b6bb9e4a56
334,dqn,258,random,left_heavy,29.779017857142858,94.0,22.24,57,142,-100.903237803762,224,82,11,16,0,0,300.0,-20.85000030917581,-12.743862497985537,-57.70937499660067,-9.599999999999998,48,2,235,11,e6c17d1ef923d98607f6259e079a74fcaf1561133f33a70cd7ecd80567c906ca
335,dqn,303,random,ew_heavy,34.4124513618677,143.0,29.483333333333334,69,159,-144.4414252761556,257,98,0,3,0,0,300.0,-27.64062524063047,-23.3882999958274,-83.81250003969762,-9.599999999999998,48,2,257,0,3f41e4efd3ac0e3a16caad8cffbb7249ef1f9cacc1ea846f14b2918f6b486cc8
336,dqn,980,random,ns_heavy,30.640495867768596,110.5,24.716666666666665,54,154,-120.40902115036224,242,88,0,3,0,0,300.0,-23.171875320840627,-16.54443745773243,-71.6927083717892,-9.0,45,4,242,0,4c9d7e87285867d6a9a753d82b13571ed5d80ee70085b3d88a02794fa5926c2f
337,dqn,186,random,balanced,33.755102040816325,124.0,33.08,82,163,-139.5781918716741,294,131,0,2,0,0,300.0,-31.012500256299973,-20.230274974823267,-78.13541664055083,-10.199999999999996,51,2,294,0,537bc70cf66b225a15295c0ae796f794c2df44804e3cdb5fec58c920b55b125b
338,dqn,97,random,balanced,28.82034632034632,122.5,22.191666666666666,53,173,-115.0504127702552,231,58,0,2,0,0,300.0,-20.804687637486495,-13.27072497982226,-70.97500015294645,-9.999999999999996,50,1,231,0,dac497eac3c931836afde4d5f93f5f82013ea692585b6ccb568f3995bebaa681
339,dqn,617,random,left_heavy,39.755102040816325,130.5,38.96666666666667,72,154,-159.7906628505597,294,140,15,18,0,0,300.0,-36.531250318395905,-29.70316247234951,-82.75625005981419,-10.799999999999994,54,1,309,15,08ba322e254c34962e79df05e986fa89c7f93514bb6336163781fa98c23012c2
340,dqn,325,random,balanced,25.683168316831683,100.0,17.293333333333333,43,149,-94.49022937448025,202,53,0,2,0,0,300.0,-16.212500215740874,-7.911062510900957,-60.36666664783843,-9.999999999999996,50,2,202,0,3d026660992de65171ac6d94c3ac8e65fec5dcf25bfcb3e3f65aed919292afa6
341,dqn,96,random,heavy,31.397777777777776,82.5,23.55,59,155,-104.08780443159114,225,70,0,2,0,0,300.0,-22.0781252742745,-10.808637537813773,-60.80104161950294,-10.399999999999995,52,2,225,0,404558edb0ff371ae822f51017b9f7899456b6909e1cfe91c9a29d47befdfdbd
342,dqn,550,random,low,25.948863636363637,118.0,30.446666666666665,77,204,-119.33102128324603,352,148,0,3,0,0,300.0,-28.543750492623076,-16.491437516436417,-64.09583327418659,-10.199999999999996,51,1,352,0,f661b6c7bd5af3949de1e6128f2f7a19958ba666b968fd18b00094fa9d753041
343,dqn,750,random,left_heavy,28.317351598173516,89.5,20.676666666666666,48,123,-104.35523781256718,219,96,20,25,0,0,300.0,-19.384375244611874,-13.027112465486429,-61.743750102468766,-10.199999999999996,51,2,239,20,1b64a012e291a9b411b497fbb83478547303b51cccd498c331266008cbd14cfa
344,dqn,29,random,low,22.798882681564248,130.0,13.603333333333333,33,145,-103.7953670031369,179,34,0,1,0,0,300.0,-12.75312525080517,-7.156825002071125,-75.68541675026063,-8.200000000000003,41,4,179,0,99f2846174037385b882a4c714e8234606c6ee9e277f5812400eb4ce8dda25be
345,dqn,488,random,low,33.520833333333336,97.0,24.135,57,132,-116.56299183955194,216,84,0,2,0,0,300.0,-22.6265626817476,-13.57601247627536,-69.76041668152902,-10.599999999999994,53,1,216,0,f4f3e7519ea4b6edb2071c47320adce1c10a4dbd6edf63f9a3cd58606a5b50e4
346,dqn,155,random,balanced,29.446969696969695,124.0,25.913333333333334,59,154,-117.36180047605812,264,110,0,4,0,0,300.0,-24.293750321492553,-15.346175001013767,-66.92187515355181,-10.799999999999994,54,0,264,0,eb7c482c1c640ecb278d3dcbccb2dfbdc60a8542225bc0c9394fdbd81b4b2f5f
347,dqn,575,random,low,41.975352112676056,122.5,39.736666666666665,78,149,-143.3964960881363,284,135,0,1,0,0,300.0,-37.25312525499612,-26.353787542306247,-69.18958329083398,-10.599999999999994,53,2,284,0,b0a88752af54cdd8ccb985b0a7aec74809045021b3b65a1b4351a3d98bf88ef8
348,dqn,800,random,balanced,41.36280487804878,123.5,22.611666666666668,44,102,-120.26119185210122,164,62,0,2,0,0,300.0,-21.19843771890737,-15.136712495250688,-73.72604163794313,-10.199999999999996,51,1,164,0,f59f90f59bb07671aa199b698c4c290892175cbeab46e03890c95d2443a0d601
349,dqn,804,random,ew_heavy,22.631004366812228,100.5,17.275,39,160,-92.22977924545923,229,69,0,3,0,0,300.0,-16.195312726544216,-8.320924999901763,-57.71354151901323,-9.999999999999996,50,3,229,0,cd3eda958b5c9d33c5a74c4d8df60a02518efc8e132ac235acde8df555ea4d5e
350,dqn,784,random,low,31.251428571428573,135.0,18.23,40,129,-118.06385437467766,175,46,0,3,0,0,300.0,-17.09062517026905,-11.77218753908456,-80.00104166532401,-9.2,46,2,175,0,2412343e38240f1d9a072a7b95b0fa2accd949acd36c0a97405822e0106b755d
351,dqn,295,random,ns_heavy,29.02888888888889,119.0,21.77166666666667,43,123,-113.59342512750953,225,102,0,2,0,0,300.0,-20.41093773499597,-15.076237490046331,-68.30624990246724,-9.799999999999997,49,2,225,0,9ef5d92f6b6f2baad30530c93a7e1aa558289089166e1bf24d74f5dc794af88b
352,dqn,637,random,balanced,16.50689655172414,88.5,7.9783333333333335,24,122,-65.08210013421267,145,23,0,1,0,0,300.0,-7.47968769306317,-3.1555375007308593,-47.44687494041864,-7.0000000000000036,35,7,145,0,611928666c8211358cc60cc1eb99449e8918bf1c8a9dd97f2485a71856b526e6
353,dqn,650,random,low,40.66528925619835,136.5,32.803333333333335,64,144,-141.94383363446175,242,98,0,2,0,0,300.0,-30.753125301445834,-23.676125015615977,-76.71458331739996,-10.799999999999994,54,1,242,0,e3db086946e9fb625013588cd1f967be4a4dfdf922403475760a3d068ea716b5
354,dqn,902,random,heavy,35.35897435897436,149.5,32.17666666666667,85,154,-133.05521669043884,273,119,0,3,0,0,300.0,-30.16562512528617,-21.82917496800147,-70.6604165971512,-10.399999999999995,52,1,273,0,d6063d8d48db635f9e3286ca11dc3118e63efcd3402768812edf6116692d88ed
355,dqn,696,random,ew_heavy,28.79326923076923,142.0,9.981666666666667,23,85,-105.45664605467537,104,19,0,1,0,0,300.0,-9.357812769245356,-6.531124998949964,-81.96770828648005,-7.600000000000004,38,8,104,0,558b58c6fdbee800ac67096d493dbbc4d0490c9f0f4aba0efe3fe465c9e045d7
356,dqn,756,random,left_heavy,40.119565217391305,175.5,30.758333333333333,61,152,-152.6688710152485,230,78,0,3,0,0,300.0,-28.8359376284061,-25.383975010582812,-89.64895837625954,-8.8,44,4,230,0,4a60153406993c7cc8db253f22686c037cdb3081ef8a59eac1f3d624a19bdeb2
357,dqn,99,random,low,30.87007874015748,109.0,26.136666666666667,63,167,-107.39415443116522,254,87,0,2,0,0,300.0,-24.503125267336145,-13.361862477084648,-59.32916668674443,-10.199999999999996,51,1,254,0,4fb2282668c21a874e555847e3569a83d62d90bebe853d66d5ccf7453cc18271
358,dqn,299,random,heavy,23.00263157894737,92.5,14.568333333333333,31,159,-101.070279374229,190,31,0,1,0,0,300.0,-13.657812717487104,-7.823924991604144,-69.98854166513775,-9.599999999999998,48,3,190,0,675fba78ba3e9d88fed99dbfe39e6bfc1a27751e425c58dc3905fcfdfa774678
359,dqn,369,random,heavy,21.630434782608695,100.5,11.608333333333333,29,135,-79.97081264031945,161,26,0,1,0,0,300.0,-10.88281266670674,-4.397375007675871,-55.69062496593688,-9.0,45,1,161,0,67eeecdae59adbe12f4e9de7e3fac91ea4c1f6e9cd0b93d317efbd7baf1d2122
360,dqn,645,random,balanced,30.556122448979593,136.0,19.963333333333335,47,135,-115.18015856500641,196,61,0,2,0,0,300.0,-18.715625200769864,-9.459324997662772,-76.40520836657379,-10.599999999999994,53,2,196,0,d435db909a3c194e3acf2061fde2d954724331287d21becff06636ee5bf1a437
361,dqn,870,random,low,35.798507462686565,150.5,15.99,33,103,-116.34570875217757,134,31,0,1,0,0,300.0,-14.990625334670767,-10.487375024110953,-82.26770839339588,-8.600000000000001,43,5,134,0,85325f5f55a952933135b8fd0c6fdffd8ebc715b0c00c3050f2ecda054d46c6e
362,dqn,341,random,low,31.169014084507044,119.5,22.13,59,140,-115.32750031744581,213,73,0,1,0,0,300.0,-20.746875270735472,-12.718124983915919,-71.86250006279442,-9.999999999999996,50,2,213,0,b46203be370e6f3fcdb6840c6a110573e10331cf4037ff85924fa9e67ae35949
363,dqn,498,random,ew_heavy,32.456756756756754,105.5,20.015,38,121,-111.87777943359902,185,64,0,1,0,0,300.0,-18.764062753645703,-12.881425020776078,-70.43229165917728,-9.799999999999997,49,2,185,0,79136ab87b1bdd037372a28e094bfc2fd7b5d4d80c2029386fbad40cdcd7f32f
364,dqn,750,random,left_heavy,25.59641255605381,100.5,19.033333333333335,45,136,-97.06823760332263,223,87,16,19,0,0,300.0,-17.84375024808105,-11.911987507023872,-57.7124998482177,-9.599999999999998,48,5,239,16,1b64a012e291a9b411b497fbb83478547303b51cccd498c331266008cbd14cfa
365,dqn,194,random,low,28.777522935779817,104.0,20.911666666666665,44,156,-115.86502096436384,218,62,0,2,0,0,300.0,-19.604687724844553,-12.811375023447182,-73.64895821607206,-9.799999999999997,49,3,218,0,a180e7f579d2a4443db5809f3931ff5ec3573a8019df47c03ab5945fb2d00ba5
366,dqn,385,random,low,36.74149659863946,140.0,36.01,79,175,-154.38180032627636,294,119,0,2,0,0,300.0,-33.75937530340161,-26.544300001058584,-83.87812502181623,-10.199999999999996,51,3,294,0,0b8925119d2c6fccbc76f3474ec3d26d59ce5b4597b767803c16e29f97012a87
367,dqn,196,random,ns_heavy,40.53409090909091,160.0,29.725,68,135,-140.3964708713108,220,85,0,2,0,0,300.0,-27.867187611060217,-20.24594996222221,-81.88333329802845,-10.399999999999995,52,1,220,0,d41271d20ccf3a4565f86cdede223ff61283fe46c047df61ab53cc5cf2b05f06
368,dqn,154,random,ns_heavy,27.816582914572866,85.5,18.451666666666668,39,134,-92.77313782454506,199,65,0,1,0,0,300.0,-17.298437823657878,-9.874699982051244,-55.600000018836,-9.999999999999996,50,3,199,0,ad04d7efaf4e1455183e65d11b015b6c06b3b397860fbe663be7446f2bc86501
369,dqn,693,random,heavy,35.734883720930235,117.5,25.61,54,136,-121.1862251692895,215,79,0,2,0,0,300.0,-24.009375230176374,-15.914350010801716,-70.46249992831144,-10.799999999999994,54,2,215,0,33b98272e1ac1b8d3769a606e592b12777cf35e0537f326e6aff8bc234ac86bc
370,dqn,877,random,low,31.406565656565657,110.5,20.73,53,131,-115.87490852153931,198,67,0,1,0,0,300.0,-19.434375234530307,-11.985324998456775,-74.25520828855224,-10.199999999999996,51,3,198,0,13c870acec0d0530dd0a91c0ea76eef66f95682445312150287c01e9ab3b8fd9
371,dqn,150,random,left_heavy,32.839100346020764,132.0,31.638333333333332,68,161,-129.7387794549009,289,128,7,11,0,0,300.0,-29.66093781264499,-18.867424987549022,-70.21041665470693,-10.999999999999993,55,1,296,7,9d17157e71213d5a818479d06a5453c56f8a15cbe0740ae7797064c166564464
372,dqn,691,random,ns_heavy,29.633333333333333,116.5,17.78,47,135,-114.01909593783273,180,45,0,1,0,0,300.0,-16.668750218697824,-11.713887486112798,-76.03645823302213,-9.599999999999998,48,3,180,0,6e2e953eedaf9c14cf4c26ab73e223c0553ee3541cc291720aa2b4cd5c8e337e
373,dqn,695,random,balanced,30.58211678832117,141.0,27.933333333333334,67,170,-135.01041690040586,274,104,0,2,0,0,300.0,-26.187500228523277,-17.45937498623242,-81.76354168565013,-9.599999999999998,48,3,274,0,94ca6bda60dde2e09ad14b2ddac97f5f443cc9a34eeca695a2c59311bf52ee38
374,dqn,745,random,heavy,36.93827160493827,138.5,39.89333333333333,79,174,-169.30256292375927,324,150,0,3,0,0,300.0,-37.400000342167914,-28.496312543826214,-93.20625003776513,-10.199999999999996,51,1,324,0,7791b71f2b418e7b93a1eb003b56873875330113366fc22ddfe3c13dad684cc7
375,dqn,703,random,low,38.03846153846154,128.0,26.373333333333335,52,137,-139.791000217836,208,71,0,2,0,0,300.0,-24.72500036098063,-17.66599999448154,-86.5999998623738,-10.799999999999994,54,0,208,0,7c9eff2e9a5b10e246e73a5cb1d5e8ac2547735b2aff343eebcf707a57577bcd
376,dqn,560,random,heavy,21.14485981308411,119.0,7.543333333333333,18,94,-75.64877919277568,107,13,0,1,0,0,300.0,-7.071875153458677,-2.675862506427075,-57.30104153288994,-8.600000000000001,43,3,107,0,edbb3fb0c1ec30cddb6233894620def9e56539d00bf858a81e31c37a03f5c171
377,dqn,116,random,ns_heavy,43.25914634146341,156.5,47.29666666666667,99,167,-176.0765837395252,328,161,0,4,0,0,300.0,-44.34062542999163,-36.224499980585044,-84.91145832894836,-10.599999999999994,53,3,328,0,7352158da50ddf53ef4e95c99305cb0431109b74c93404251de544589b1daed4
378,dqn,783,random,low,27.870967741935484,112.5,20.16,52,157,-98.69945861934613,217,60,0,2,0,0,300.0,-18.900000399560668,-9.462999956774725,-60.73645826301072,-9.599999999999998,48,3,217,0,2f59ea6e22f22c0e6a6995fb9306938062fd79f0a4cb8284ae374120fa08a22d
379,dqn,195,random,ns_heavy,31.564593301435405,118.0,21.99,47,129,-116.89828385774811,209,80,0,2,0,0,300.0,-20.615625306381844,-13.68995000486103,-71.79270854650531,-10.799999999999994,54,1,209,0,ae7a75c665f3cc8987b636dbef4667aacbf444e1da8355f479e59dfb159e587d
380,dqn,448,random,heavy,29.760135135135137,88.5,14.681666666666667,29,119,-85.30398368553867,148,29,0,1,0,0,300.0,-13.764062791015022,-6.887837512094121,-53.852083382429555,-10.799999999999994,54,2,148,0,56f480a26085001b1ea547e1417559daa5034f0d4961d9e47caaf7c27bc75008
381,dqn,954,random,low,38.53903345724907,157.5,34.556666666666665,67,145,-149.99849180454703,269,124,0,2,0,0,300.0,-32.396875192876905,-24.825574945042163,-81.77604166662786,-10.999999999999993,55,1,269,0,bd9ee9d004b4bc02af1a346d40f3d8449d10899c80c346c71b04b3c8760eaba6
382,dqn,566,random,left_heavy,36.42270531400966,119.0,25.133333333333333,58,129,-121.28048770956302,207,78,5,8,0,0,300.0,-23.562500228988938,-18.02111248539368,-69.4968749951804,-10.199999999999996,51,3,212,5,98caf007411bf315a5073ef51e3fd29f044aa1f1bf04f59d2113b6f179de05bf
383,dqn,290,random,ns_heavy,14.754901960784315,76.0,7.525,16,135,-56.414504305178,153,18,0,3,0,0,300.0,-7.054687672061846,-1.9306500026235887,-37.429166630492546,-9.999999999999996,50,3,153,0,4d67d5c5bee4554007fffd3cfd40273452e352b5fe7b61c46278e71639dc2644
384,dqn,63,random,ew_heavy,28.67792792792793,113.0,21.221666666666668,48,146,-114.00934596204239,222,76,0,1,0,0,300.0,-19.89531283080578,-12.636949980729698,-71.07708315050695,-10.399999999999995,52,1,222,0,cece21a0283b05d57c4c4902f4b814bd4d03ce5e84ccf53debbb7b05713fd77d
385,dqn,258,random,left_heavy,33.299107142857146,100.0,24.87,63,133,-112.79705429594682,224,91,11,16,0,0,300.0,-23.315625252085738,-14.449137495697505,-65.23229154816363,-9.799999999999997,49,2,235,11,e6c17d1ef923d98607f6259e079a74fcaf1561133f33a70cd7ecd80567c906ca
386,dqn,556,random,ew_heavy,17.708333333333332,70.5,9.916666666666666,27,124,-69.69372516525401,168,44,0,2,0,0,300.0,-9.296875190222636,-3.231225004624139,-47.365624970407225,-9.799999999999997,49,2,168,0,d2e0babe22c2fe9a7444df9afb30c9dc3b62dbd8afaa0a05bdb6d03369b837ac
387,dqn,851,random,ns_heavy,30.471739130434784,108.5,23.361666666666668,56,155,-113.70321693904476,230,75,0,1,0,0,300.0,-21.901562728453428,-11.92248747765334,-68.67916673293803,-11.199999999999992,56,0,230,0,8ea44c534d8e5da8132512910267e0a120380a731208129809b8a5ea154c40cc
388,dqn,815,random,low,41.38066465256797,151.0,45.656666666666666,85,172,-179.93729174571564,331,159,0,2,0,0,300.0,-42.8031252179062,-34.73312493941267,-91.40104158839677,-10.999999999999993,55,1,331,0,6f974eb5b68496665b90463eed9cd2e0b246a9c83e4a6c5a12cd120f14cc5a51
389,dqn,213,random,ns_heavy,16.159574468085108,72.5,10.126666666666667,24,174,-67.93345425344963,188,14,0,1,0,0,300.0,-9.493750228430144,-2.9824125021878003,-46.657291522831656,-8.8,44,3,188,0,42cfa3025fd16c2f82cb50d1fc3de6a579ef9a92eb6d19a20f9f8c596c08c3ca
390,dqn,706,random,heavy,34.48669201520912,148.0,30.236666666666668,58,162,-151.95926263408114,263,101,2,5,0,0,300.0,-28.34687510423828,-23.440512505791418,-89.3718750240514,-10.799999999999994,54,2,265,2,c0cb2146d7dba62dea0802235dbf32c046697ce6eb84830ca761c09dd202b611
391,dqn,650,random,low,39.078512396694215,129.5,31.523333333333333,69,147,-139.46681246223235,242,95,0,2,0,0,300.0,-29.553125143866055,-22.39181247275629,-76.52187484561,-10.999999999999993,55,1,242,0,e3db086946e9fb625013588cd1f967be4a4dfdf922403475760a3d068ea716b5
392,dqn,804,random,ew_heavy,22.903930131004365,93.5,17.483333333333334,44,153,-96.05758334863863,229,76,0,3,0,0,300.0,-16.39062519161962,-8.614874987978691,-60.85208316904027,-10.199999999999996,51,3,229,0,cd3eda958b5c9d33c5a74c4d8df60a02518efc8e132ac235acde8df555ea4d5e
393,dqn,498,random,ew_heavy,34.41621621621621,104.0,21.223333333333333,47,115,-104.56024188077214,185,70,0,1,0,0,300.0,-19.89687522558961,-12.171699984084269,-62.09166667109821,-10.399999999999995,52,1,185,0,79136ab87b1bdd037372a28e094bfc2fd7b5d4d80c2029386fbad40cdcd7f32f
394,dqn,497,random,ns_heavy,41.49475524475525,131.5,39.55833333333333,79,154,-166.1290667997011,286,132,1,4,0,0,300.0,-37.08593772316817,-29.204587570837617,-89.03854150569532,-10.799999999999994,54,2,287,1,4dda8697133c89fbc4b8691f908a5599c6b3579f40490bc26c3c17c0853299b8
395,dqn,420,random,left_heavy,38.029513888888886,191.0,36.52166666666667,78,156,-165.24652532765833,288,132,46,52,0,0,300.0,-34.217187808826566,-29.060587524210142,-91.56874999462161,-10.399999999999995,52,2,334,46,b71803a1087882fcaf409081081a56bb7b6f61ed004799143c41e25c788d8a5b
396,dqn,882,random,ew_heavy,19.0625,107.5,12.2,29,160,-77.07930437753095,192,32,0,1,0,0,300.0,-11.437500246916898,-5.306387497490506,-51.53541663312353,-8.8,44,5,192,0,2fa0dada7a64fbbd8113859d00885fd7d877c1ad2ac7728af86bd304a689d148
397,dqn,525,random,heavy,18.357142857142858,96.5,5.14,16,73,-63.42075840731776,84,11,0,1,0,0,300.0,-4.818750137696043,-1.815550002140663,-49.786458267481066,-7.0000000000000036,35,4,84,0,6a247e80ff87310f3338a132359f94ded99b17861b1ac743b50d92be308d3b26
398,dqn,109,random,left_heavy,35.61297071129707,147.0,28.376666666666665,58,151,-143.81575856935308,239,88,13,16,0,0,300.0,-26.603125407360494,-19.851174975722824,-86.96145818626974,-10.399999999999995,52,2,252,13,4df1f8a3e283c6a13ea1cedfc4321b47328ade54db2354d5a5f21868dece9695
399,dqn,505,random,heavy,36.14978902953587,147.0,28.558333333333334,64,151,-134.35611254069082,237,86,0,2,0,0,300.0,-26.773437660885975,-19.273299969118664,-77.70937491068617,-10.599999999999994,53,2,237,0,06ccb621074e0eeb4a367963810c8a9dea30337a4521f0d76fe391fe999b8703
400,dqn,876,random,ew_heavy,27.447222222222223,97.5,16.468333333333334,39,143,-93.41159592562252,180,37,0,2,0,0,300.0,-15.439062770223245,-6.945449993809595,-60.22708316158969,-10.799999999999994,54,1,180,0,234d8f69467c36db28b5692c40eb7dd45b5fd66ad80afea7b18326aad0b31efb
401,dqn,837,random,ew_heavy,24.178861788617887,118.5,19.826666666666668,57,172,-111.00406284415725,246,74,0,2,0,0,300.0,-18.587500355788507,-10.700937505924234,-71.91562498244457,-9.799999999999997,49,5,246,0,1c89ea06e90130116aad0f4ed67f79b753b52be265eece744718846d0fff1159
402,dqn,372,random,left_heavy,30.787330316742082,158.0,22.685,51,136,-120.89745845159848,221,85,16,19,0,0,300.0,-21.26718757150229,-15.959437513708684,-73.47083336638752,-10.199999999999996,51,2,237,16,6b5831900879c4868efc5846ef037e7ec27ff6c22570a9de11effff528e972bd
403,dqn,882,random,ew_heavy,24.255208333333332,108.5,15.523333333333333,46,143,-92.25777924021166,192,49,0,1,0,0,300.0,-14.553125165984966,-6.594237502034956,-60.11041657219175,-10.999999999999993,55,2,192,0,2fa0dada7a64fbbd8113859d00885fd7d877c1ad2ac7728af86bd304a689d148
404,dqn,91,random,heavy,37.29141104294479,131.0,40.525,82,152,-151.0326294006793,326,174,0,3,0,0,300.0,-37.992187765659764,-28.923774973607216,-73.31666666141246,-10.799999999999994,54,1,326,0,eca1b59dc542e09f4596b0d71d2e4a9d1bb4f9bdbede2ad24f34d8a11875c8ea
405,dqn,749,random,ns_heavy,29.141509433962263,107.0,15.445,37,117,-100.8393669120291,159,42,0,1,0,0,300.0,-14.479687703424133,-8.296137506167726,-68.66354170243721,-9.399999999999999,47,5,159,0,47a5bc88d92633c978a45789d4d7219d8d6e6ea482004432208da809ffeb1fc1
406,dqn,620,random,low,27.106796116504853,91.0,18.613333333333333,46,139,-96.60850038076819,206,67,0,1,0,0,300.0,-17.450000243494287,-9.124124997738544,-59.434375139535405,-10.599999999999994,53,2,206,0,c6415d7ea579fa98fadba03b868c3464699b5145e721d6fc21046c085e44236a
407,dqn,9,random,ew_heavy,36.96692607003891,120.0,31.668333333333333,60,156,-137.54778782969157,257,101,0,2,0,0,300.0,-29.689062711317092,-19.92122499939796,-76.93750011897646,-10.999999999999993,55,1,257,0,3b261f67d24bd2225cdaad04dd441765117e5caa5216074c9efa81b6d8eeb2dc
408,dqn,455,random,heavy,29.966666666666665,108.0,29.968333333333334,72,158,-127.32568351814332,300,142,0,5,0,0,300.0,-28.095312794903293,-20.60953746246452,-67.82083326077554,-10.799999999999994,54,3,300,0,721668a27877f1223355b00d728bd161772e3e146134e7959fe1a672ea0bacb9
409,dqn,381,random,heavy,35.27341389728097,142.0,38.92,93,163,-154.7363210022136,331,168,0,2,0,0,300.0,-36.48750028258655,-26.424862429980568,-81.02395828964654,-10.799999999999994,54,1,331,0,180f20b176edf6b4ed2f72eabcb3f9b632d7da73643ee40b1e0cdd03582d6801
410,dqn,429,random,balanced,27.59285714285714,75.5,19.315,55,130,-88.81144193946888,210,80,0,2,0,0,300.0,-18.107812771108,-8.836962508438587,-51.46666665992234,-10.399999999999995,52,2,210,0,f32d80bf392bf4c0f9fa6fba6b13fd15c70af53d53c49a24a8be4d95f5c81441
411,dqn,259,random,ns_heavy,31.024793388429753,102.0,25.026666666666667,51,163,-111.28810036325959,242,79,0,2,0,0,300.0,-23.462500428664498,-12.156850004420999,-64.86874993017409,-10.799999999999994,54,1,242,0,ca712b2d44cdad24bc0eb22134c2c6c692974c2013c55815b530c2908f1b9a22
412,dqn,853,random,balanced,10.992481203007518,76.5,4.873333333333333,11,126,-50.29464592529547,133,7,0,1,0,0,300.0,-4.56875010766089,-1.1488125003976168,-36.977083317236975,-7.600000000000004,38,5,133,0,312df65e0593a2a4d5e9a53d43fed692d50c8c032db4e3f34a0ba395734f2cd8
413,dqn,827,random,balanced,28.362385321100916,122.5,20.61,46,165,-102.00367534294416,218,53,0,1,0,0,300.0,-19.32187529397197,-10.016175002010275,-62.06562504696194,-10.599999999999994,53,2,218,0,04e17b88b36a33bdfe75378b8fda6b69c17a876ac58c410ac5eed5b97851af39
414,dqn,138,random,left_heavy,42.88434163701068,131.5,40.17,87,151,-155.67772943918314,281,130,18,22,0,0,300.0,-37.65937525767367,-29.351687505568403,-77.66666667594109,-10.999999999999993,55,0,299,18,6ad1b02ff207613328c9aaf805a780899669394701afd47bf9ea255c00b3ed04
415,dqn,764,random,heavy,35.876106194690266,125.5,27.026666666666667,64,134,-136.3326586049785,226,92,0,2,0,0,300.0,-25.33750016929116,-18.846199995352798,-81.94895844033454,-10.199999999999996,51,2,226,0,447a74edd426724a2e5e47711a62145bc21c1d8b8573b8d02150115ef20a9bf8
416,dqn,617,random,left_heavy,42.148972602739725,114.5,41.03,84,152,-160.92762121540812,292,140,17,21,0,0,300.0,-38.46562531834934,-31.172412526759594,-80.88958337029908,-10.399999999999995,52,1,309,17,08ba322e254c34962e79df05e986fa89c7f93514bb6336163781fa98c23012c2
417,dqn,186,random,balanced,33.795918367346935,142.0,33.12,91,174,-147.29760869280798,294,120,0,2,0,0,300.0,-31.050000373274088,-19.52989996562611,-86.1177083539078,-10.599999999999994,53,0,294,0,537bc70cf66b225a15295c0ae796f794c2df44804e3cdb5fec58c920b55b125b
418,dqn,414,random,low,36.79375,120.0,29.435,71,158,-116.35747953857428,240,82,0,1,0,0,300.0,-27.59531283134129,-16.84237500242088,-61.11979170481209,-10.799999999999994,54,1,240,0,0004349dbbe924529ae4ea98c0c0632dee99bb1865a5fac6a3d177602e3533a8
419,dqn,280,random,ew_heavy,44.07425742574257,121.5,44.515,89,167,-165.61353351457652,303,136,0,2,0,0,300.0,-41.73281271918677,-30.21613751864206,-83.06458327674773,-10.599999999999994,53,2,303,0,58e7b916fab155bf592793d988e7a9a1f1f1220e2db97330d252a76e9e5b1a4a
420,dqn,529,random,ns_heavy,38.5,133.5,32.468333333333334,66,145,-144.5880544403873,253,108,0,1,0,0,300.0,-30.439062708523124,-26.07920003021863,-77.46979170164559,-10.599999999999994,53,1,253,0,1b8d0acac58f033716a3ed31d95c26e3109165d11dcd05767efc1434ba94112b
421,dqn,131,random,ew_heavy,14.483221476510067,89.5,7.195,21,143,-66.97351692302183,149,6,0,1,0,0,300.0,-6.745312654064037,-2.30841250600788,-49.9197917629499,-8.000000000000004,40,7,149,0,a5afbc3f39e55c14793ee63d433883e9c617d165ce6abf0b7f800e67e9259e4d
422,dqn,500,random,left_heavy,31.282511210762333,105.0,23.255,53,150,-113.03215035892283,223,73,4,7,0,0,300.0,-21.80156281555537,-14.58996248057301,-66.44062506279442,-10.199999999999996,51,2,227,4,960b4f8a37cb30f594872518b915d2fb88deaa3f72f1f908eb3f62285d674c15
423,dqn,118,random,ew_heavy,32.063876651982376,149.0,24.261666666666667,45,167,-132.54233354329264,227,60,0,2,0,0,300.0,-22.745312744635157,-16.08868745424915,-83.30833334440831,-10.399999999999995,52,1,227,0,c4c81e093692d63ab4df0e55959781b1c97c98706fffe11d30fceebe98456f80
424,dqn,135,random,ew_heavy,33.71102661596958,129.5,29.553333333333335,58,144,-136.33582086762402,263,119,0,3,0,0,300.0,-27.70625004125759,-20.827487515206307,-77.2020833111601,-10.599999999999994,53,1,263,0,fcfb0d2d72a7d395f0b22682f6855ee60d39199197e06414ab8c653a21a06081
425,dqn,851,random,ns_heavy,29.858695652173914,121.5,22.893333333333334,49,170,-111.24646699282894,230,60,0,1,0,0,300.0,-21.462500309804454,-12.339175014161448,-66.64479166886304,-10.799999999999994,54,1,230,0,8ea44c534d8e5da8132512910267e0a120380a731208129809b8a5ea154c40cc
426,dqn,513,random,low,21.532467532467532,57.5,11.053333333333333,26,134,-61.931166848231065,154,20,0,1,0,0,300.0,-10.362500209943391,-3.736374994756624,-37.63229164353106,-10.199999999999996,51,4,154,0,263f5dd8ac9e55331685168619f5fd1242f50500941a0f59160f9dbdd7a0b138
427,dqn,289,random,left_heavy,32.60633484162896,128.0,24.02,47,131,-126.76974602239865,221,90,4,8,0,0,300.0,-22.518750153831206,-17.927037466603352,-75.12395840196405,-11.199999999999992,56,0,225,4,c9d06557ede6c876984102f230b7380b90aab3bb9081c79babf6fe8efc9438ec
428,dqn,863,random,left_heavy,24.535326086956523,79.5,15.055,31,133,-86.72583330149793,184,51,11,15,0,0,300.0,-14.114062706474215,-7.256562482863951,-55.355208112159744,-9.999999999999996,50,2,195,11,ecf3331d60486987bcf466480b6c3be1daaecd2662f421c1f0331a84afe1626c
429,dqn,336,random,ew_heavy,23.024590163934427,97.0,14.045,33,135,-77.93727939900927,183,48,0,2,0,0,300.0,-13.167187781305984,-5.925300007699841,-49.44479161000345,-9.399999999999999,47,4,183,0,51ec75921cc8c2e796542075e50c03c39467b8e9ac72a4316b41eaa6e3823fd3
430,dqn,172,random,ew_heavy,29.164634146341463,85.5,23.915,52,148,-102.44890427604476,246,98,0,3,0,0,300.0,-22.420312716742046,-11.52755001533006,-57.70104154397268,-10.799999999999994,54,1,246,0,8bf7d195b7e42601618af3ce78707109dc25c6b0220edba410d818213a5d0b80
431,dqn,900,random,left_heavy,35.970790378006875,151.0,34.895,79,138,-153.55040430230804,291,153,7,11,0,0,300.0,-32.706250124494545,-26.24623755253632,-83.79791662527714,-10.799999999999994,54,0,298,7,16257c77551bae33ad06edc3822197a6de547bdafb56215ef583705cbab81701
432,dqn,12,random,left_heavy,29.216867469879517,119.0,16.168333333333333,34,118,-101.9815294375345,166,48,0,2,0,0,300.0,-15.157812861260027,-9.278924995700804,-67.34479158057366,-10.199999999999996,51,2,166,0,b8d2e9ca3c4b726f93b9df1de33b18813e46fc44c42e0299929d927fcae2f264
433,dqn,943,random,left_heavy,34.714285714285715,170.5,28.356666666666666,53,152,-136.00922517075605,245,93,3,6,0,0,300.0,-26.584375216509216,-20.031099986447224,-78.39374996779952,-10.999999999999993,55,2,248,3,98eefc3993a016b9fdb6fd910f3b9bb39f576319e2ffe2407a5ff1e9a07ab8bf
434,dqn,68,random,ew_heavy,39.92701863354037,102.0,42.855,88,167,-147.52991722592924,322,155,0,2,0,0,300.0,-40.17656289751176,-28.480437526189046,-68.67291680222843,-10.199999999999996,51,3,322,0,983c67d6219671bc2be21c849a1a434e76217e9755f8a71a421690e4c9f2613f
435,dqn,807,random,left_heavy,42.02156862745098,149.0,35.72,72,133,-153.8617419223075,255,122,17,21,0,0,300.0,-33.48750028735958,-27.16069999514221,-82.41354163980577,-10.799999999999994,54,0,272,17,18495bc49f47321300562cf1e93c23d6c1c0765b885c2d3d96d2bd2089e318ca
436,dqn,460,random,ns_heavy,37.0089605734767,165.0,34.41833333333334,75,165,-160.52084608608777,279,114,0,2,0,0,300.0,-32.26718776184134,-23.107824995670676,-93.74583332857583,-11.399999999999991,57,2,279,0,193042abca6c4ac65f7cd67cd4f8404afef5a8c7e3cf64485d2ff78581240b2b
437,dqn,126,random,ns_heavy,27.885514018691588,85.5,19.891666666666666,44,120,-96.30856686219704,214,94,0,2,0,0,300.0,-18.64843779534567,-12.274712491120594,-54.78541657573078,-10.599999999999994,53,2,214,0,4948c918ca2df16c0093025b831822601923b7f096d8741961703b8254d95164
438,dqn,975,random,low,27.995475113122172,89.0,20.623333333333335,59,152,-95.59197937504148,221,69,0,2,0,0,300.0,-19.334375250386074,-9.528437504966133,-56.329166619689204,-10.399999999999995,52,2,221,0,bcd30b0476a4709dd852e4025820417f9ca5684b7a7aeee47237e7117066a146
439,dqn,428,random,ns_heavy,32.00854700854701,105.5,24.966666666666665,73,150,-110.27050024106792,234,84,0,2,0,0,300.0,-23.406250214902684,-13.142374979948364,-62.92187504621688,-10.799999999999994,54,2,234,0,4e1aa7a9398388ce4346c2ea3aa1e918bfc2fc9ff04596a440d70f5572e095b5
440,dqn,45,random,low,44.46268656716418,151.0,39.72,85,154,-156.1734503009451,268,114,0,2,0,0,300.0,-37.23750030179508,-28.460950010954555,-79.07499998819549,-11.399999999999991,57,0,268,0,52d61a3051ffc8dfd9262c84912d30370521048ffd25585a3573fe9c2b676d0c
441,dqn,721,random,left_heavy,47.98542274052478,159.0,54.86666666666667,96,155,-197.43426720867842,343,188,16,19,0,0,300.0,-51.437500488129444,-47.03322500362907,-87.96354171691928,-10.999999999999993,55,2,359,16,cc3ad764ddbdb9880659e92504901bb49d126eb571502690c8927b572619fc2e
442,dqn,991,random,left_heavy,40.56060606060606,142.5,44.62,87,153,-166.29600446464832,330,177,22,25,0,0,300.0,-41.83125026477501,-34.63871252467723,-79.22604167519603,-10.599999999999994,53,1,352,22,38ff4f951ae98af7a875f7afaa856442f953c2c84d6b0b678b5667cf537601c2
443,dqn,156,random,low,17.283505154639176,67.5,5.588333333333333,14,89,-58.401295927321904,97,8,0,1,0,0,300.0,-5.239062587963417,-1.7445250025870338,-43.217708336771466,-8.200000000000003,41,4,97,0,a1ea2666482f410151a782cbc5b6cdecfa70b47b5b90ba8b3fe9cd1fead0935c
444,dqn,537,random,ns_heavy,31.86721991701245,118.5,25.6,56,163,-120.81323767471405,241,78,0,1,0,0,300.0,-24.000000226544216,-16.17573750551601,-70.23749994265381,-10.399999999999995,52,2,241,0,614c1262c62b992a1638349d5b9e1fb1108940c57714d81172bb150f1694ea7e
445,dqn,930,random,balanced,28.43258426966292,119.5,25.305,57,156,-115.91892112111458,267,111,0,5,0,0,300.0,-23.723437810200267,-16.42152501214077,-65.5739582987735,-10.199999999999996,51,2,267,0,620ec92bf581f7aa20322a2a829c624b28af954526b79df6a6b1268f06589325
446,dqn,121,random,ns_heavy,34.69327731092437,145.5,27.523333333333333,59,156,-134.50157094351377,238,82,0,2,0,0,300.0,-25.803125219186768,-16.558862506764843,-81.13958321756218,-10.999999999999993,55,2,238,0,f26fa7cfb1c42991097d38025df60a345066782c83fdd5131c0158a8cea4c60e
447,dqn,790,random,balanced,32.161572052401745,136.0,24.55,58,136,-120.07229606707622,229,93,0,2,0,0,300.0,-23.015625209081918,-15.63271249896425,-71.02395835903008,-10.399999999999995,52,2,229,0,66fb49dd741d6d624559d448eadd06ca9e9f162bfd9125da43b4ee79408ca8d3
448,dqn,419,random,heavy,26.932367149758456,118.5,18.583333333333332,35,151,-105.4269252208345,207,56,0,2,0,0,300.0,-17.421875295927748,-9.395675005163502,-67.80937491974328,-10.799999999999994,54,3,207,0,d72e9cb29f2a56bbe97ee8fc0ac27ec97e8178c207908a023a235102c04db75b
449,dqn,55,random,low,33.42727272727273,109.0,24.513333333333332,61,129,-124.23453771405994,220,91,0,2,0,0,300.0,-22.98125011380762,-14.58453748716639,-76.26875011308584,-10.399999999999995,52,3,220,0,0723c88980d3191aef6ebeb946599b70cd3ed4610b86fee7c46d1423d6df8a19
450,dqn,208,random,low,38.483870967741936,146.5,31.816666666666666,63,143,-160.1139876462265,248,105,11,14,0,0,300.0,-29.82812518218998,-25.39836249213914,-94.88749997189734,-9.999999999999996,50,3,259,11,78b8bb9f38246d47790a68a21473ff5a9498a8d0225d5383a28368990860a06c
451,dqn,858,random,balanced,30.81451612903226,94.5,25.473333333333333,56,145,-110.38035445994826,248,103,0,3,0,0,300.0,-23.881250316626392,-13.251187504354313,-62.24791663896758,-10.999999999999993,55,0,248,0,f19cf88596ebefd71b3fa3ca381468cead43ba81f08bc25a5deb61e75d99071a
452,dqn,715,random,ew_heavy,17.112179487179485,95.0,8.898333333333333,24,130,-64.03611264646388,156,26,0,1,0,0,300.0,-8.342187666683458,-2.837674995589622,-44.0562499841908,-8.8,44,5,156,0,6cbfe9321f730df749bbe09d8839912e78dae2198f487d1162355d0b79a8442d
453,dqn,886,random,low,24.327205882352942,86.5,11.028333333333334,25,116,-77.50900852617124,136,20,0,1,0,0,300.0,-10.339062674320303,-3.8709875050211835,-53.29895834682975,-9.999999999999996,50,4,136,0,7c49550219b6cb6f7c1e61bc59b3f470d15fb87c9e9612b00c197d5537a28cd8
454,dqn,542,random,low,30.429775280898877,158.0,18.055,39,124,-132.73066279031272,178,54,0,1,0,0,300.0,-16.92656282801181,-11.860349979600144,-94.14374998270068,-9.799999999999997,49,2,178,0,bd727c710cc26a4ae953effcd8cb418e74b7dcd7fefabc828f38bd44992708b1
455,dqn,133,random,left_heavy,38.212446351931334,154.5,29.683333333333334,56,145,-144.63289613585005,233,88,10,13,0,0,300.0,-27.828125348198228,-23.137062453860555,-83.26770833379123,-10.399999999999995,52,2,243,10,43673fc64261f39d23d7c390ffa4b0fb2b4a4d333cc76561576199d7ec76fcfd
456,dqn,288,random,ns_heavy,39.40637450199203,157.5,32.97,70,138,-142.2531208177483,251,113,0,2,0,0,300.0,-30.90937499993015,-24.726037463537793,-76.01770835428033,-10.599999999999994,53,1,251,0,129baab82e557e04b017b3a74556b60f3002da89832247f318798aa850d76975
457,dqn,300,random,balanced,36.99570815450644,139.5,28.733333333333334,56,154,-141.23610436779347,233,79,0,2,0,0,300.0,-26.93750020849984,-18.256937497881157,-85.44166666141246,-10.599999999999994,53,3,233,0,fdaab5e29aa531c9014ba3c319748171b2dcb96e48497de301d95e570c40fd4b
458,dqn,256,random,ew_heavy,27.61111111111111,112.0,23.195,56,158,-108.4598212486431,252,94,0,2,0,0,300.0,-21.74531286302954,-12.653050015128246,-63.26145837048534,-10.799999999999994,54,5,252,0,449240a80e5ae77899b227294d3bfa2b902bc5fc36c7e8479497668f542eaedb
459,dqn,81,random,balanced,33.64705882352941,124.0,26.69333333333333,65,154,-122.1455335304308,238,84,0,2,0,0,300.0,-25.025000264518894,-15.927825004344776,-70.59270826156717,-10.599999999999994,53,2,238,0,9c7788348bc19c45efc7de4fe2cbf847f09b511a756419df37b8e780112bf24d
460,dqn,867,random,left_heavy,27.100985221674875,101.0,18.345,46,131,-96.54562937533484,203,72,11,15,0,0,300.0,-17.198437750106677,-10.521149999834597,-58.626041625393555,-10.199999999999996,51,3,214,11,c4d6cd4df46d599ac84496afa0f1b452708e246f5d9f9b5bee7f02431165c973
461,dqn,94,random,balanced,32.44222222222222,185.0,24.331666666666667,54,160,-148.00347518225243,225,65,0,2,0,0,300.0,-22.810937736416236,-16.74878751566212,-98.24374993017409,-10.199999999999996,51,4,225,0,c9db06e389f6b7e210048ae9a452eba2282a4abab795ec80a5eb5a302040e544
462,dqn,767,random,ew_heavy,38.490196078431374,119.0,39.26,77,159,-144.12785024986002,306,147,0,2,0,0,300.0,-36.806250192108564,-25.234099990486737,-71.28750006726477,-10.799999999999994,54,0,306,0,4fd1e08fffd686292138087767907f1916daace6e27a4a56c8b64c470716b45e
463,dqn,716,random,ew_heavy,43.62020905923345,95.5,41.73,88,150,-141.0130834768709,287,137,0,1,0,0,300.0,-39.12187522405293,-28.94225002594249,-61.7489582268754,-11.199999999999992,56,1,287,0,a55dc77ec8172c2030adcbb098647c80018cf24eaf9432eeae7064be30462fee
464,dqn,437,random,left_heavy,33.062231759656655,109.0,25.678333333333335,56,149,-119.81090016722656,233,84,0,2,0,0,300.0,-24.07343772612512,-17.546837517819235,-69.3906249232823,-8.8,44,7,233,0,1903fc03bbd55c90fbf33e4d191d36eabd68c4b936cefe4faa5497c70225c7ea
465,dqn,626,random,heavy,37.426540284360186,100.0,26.323333333333334,61,113,-124.17055421496256,211,98,0,2,0,0,300.0,-24.678125163773075,-18.525762473968634,-71.1666665772209,-9.799999999999997,49,4,211,0,4d9a8962b3f07156427c2eb26335926f2f64fc447a49b232d8cf0857583dfc59
466,dqn,406,random,heavy,32.17689530685921,130.5,29.711666666666666,69,141,-139.61230860264703,277,136,0,4,0,0,300.0,-27.854687764658593,-21.48991245576835,-79.26770838222001,-10.999999999999993,55,1,277,0,a83a8ea8bbdb6b35a0d6847b65aef215fcc730f7d56bad2b7a801531da04e3c1
467,dqn,527,random,low,33.2325,97.5,22.155,57,144,-108.95750439492615,200,56,0,2,0,0,300.0,-20.770312775624916,-11.26739999141646,-66.51979162788484,-10.399999999999995,52,3,200,0,849462797b3d041d53d03b5ddbc4d547f5c763347a26e013cb25a2cc94a015a4
468,dqn,738,random,left_heavy,46.93589743589744,186.0,42.718333333333334,89,132,-177.7395790904783,273,141,6,10,0,0,300.0,-40.028124947682954,-36.3822874418947,-90.52916670090053,-10.799999999999994,54,2,279,6,76907cd7e7e2b0759999660518020597fa9ad954390d9d055b572315093f0859
469,dqn,460,random,ns_heavy,41.46774193548387,158.5,38.565,79,164,-164.61393788573827,279,115,0,2,0,0,300.0,-36.15468795388006,-24.418624968901725,-93.24062496295664,-10.799999999999994,54,4,279,0,193042abca6c4ac65f7cd67cd4f8404afef5a8c7e3cf64485d2ff78581240b2b
470,dqn,971,random,ns_heavy,36.485416666666666,116.0,29.188333333333333,69,143,-130.54729607114928,240,97,0,2,0,0,300.0,-27.364062844775617,-18.22177501216429,-73.96145821420942,-10.999999999999993,55,1,240,0,5927a1b8d7c3ea545e0337c496efa177bfef11f6f34431a87dee4ae13c2159a4
471,dqn,840,random,ns_heavy,36.804263565891475,133.5,31.651666666666667,61,147,-144.99960027269933,258,111,0,2,0,0,300.0,-29.673437811550684,-22.07616250936772,-82.84999995178077,-10.399999999999995,52,1,258,0,6b5270acb9debb55a651c9b7322a7719bee806ec6113f98c4d5d2be473117da1
472,dqn,80,random,low,21.235507246376812,69.5,9.768333333333333,26,120,-69.0517376815427,138,18,0,1,0,0,300.0,-9.157812639139593,-3.506424994137341,-46.38750004826579,-9.999999999999996,50,4,138,0,667521c2e45831f6f542352b57022793eb6df723eba919a1ebd8f0880bc9ea99
473,dqn,904,random,low,19.107692307692307,69.5,12.42,42,154,-63.230608532937254,195,41,0,1,0,0,300.0,-11.64375020051375,-4.462899999842923,-37.123958332580514,-9.999999999999996,50,3,195,0,752de5406f1a60f4ea2458929e93c8aed50194eee4e2887eac005976f6e75371
474,dqn,160,random,balanced,32.595338983050844,91.0,25.641666666666666,65,152,-110.92680013989225,236,84,0,2,0,0,300.0,-24.039062764379196,-14.381487509413997,-61.5062498660991,-10.999999999999993,55,1,236,0,51e3bd85434342ab1179601518c8b42cc512ff84b9ca7df5668244de04e5dc70
475,dqn,211,random,balanced,27.45886075949367,95.5,14.461666666666666,29,122,-88.9966294560414,158,36,0,1,0,0,300.0,-13.557812774903141,-6.353400005755977,-58.285416675382294,-10.799999999999994,54,1,158,0,889655864cad64164cc118accb734b9841271c34c291130750687fd1004da0ac
476,dqn,363,random,balanced,32.30846774193548,129.5,26.708333333333332,55,160,-125.6342002273086,248,88,0,2,0,0,300.0,-25.039062677300535,-15.807637486934254,-74.78750006307382,-9.999999999999996,50,2,248,0,3424e6e045eeac004b83aab826b99ed358a68f25aa0497ce0ea300271416ac57
477,dqn,817,random,heavy,31.16157205240175,134.5,23.786666666666665,57,153,-112.73027504620616,229,76,0,2,0,0,300.0,-22.30000010947697,-13.761524995193032,-66.06874994153623,-10.599999999999994,53,1,229,0,1e81a63a7ec4ff91033d324721fc6ecdc883aa158673ee3d508d88097636ed38
478,dqn,508,random,left_heavy,21.507177033492823,114.5,14.983333333333333,37,132,-99.94083339414864,209,77,11,15,0,0,300.0,-14.046875172876753,-8.579374997749257,-66.91458322352264,-10.399999999999995,52,4,220,11,f08dda704df6a56edf0b962e2f7716dbc2e80b83707d254e54a5360840b1944d
479,dqn,757,random,low,21.972677595628415,88.0,13.403333333333334,34,139,-76.53446265431998,183,44,0,2,0,0,300.0,-12.56562521646265,-5.584462497974165,-48.18437493988313,-10.199999999999996,51,2,183,0,8cd1f25f13e1fc6d3a3ce025176d9c847deb04b728ae1b2a12268ac440fa1b02
480,dqn,72,random,low,29.778523489932887,103.0,14.79,31,106,-104.45314583161887,149,43,0,1,0,0,300.0,-13.86562508251518,-9.376062503974389,-71.41145824512932,-9.799999999999997,49,3,149,0,10854c7c8a17c02865d82b0cd83483ae3896be3c3591c30c10cfec6832127267
481,dqn,750,random,left_heavy,30.69730941704036,86.0,22.826666666666668,57,121,-105.04097102391022,223,102,16,19,0,0,300.0,-21.400000220979564,-13.82326252948915,-59.21770827344153,-10.599999999999994,53,3,239,16,1b64a012e291a9b411b497fbb83478547303b51cccd498c331266008cbd14cfa
482,dqn,54,random,ns_heavy,36.938311688311686,123.5,18.961666666666666,41,105,-112.63861690346897,154,49,0,1,0,0,300.0,-17.776562673272565,-11.470387511041917,-73.19166671915445,-10.199999999999996,51,1,154,0,9395a48f1d17c76df63bff72f793ebbae98bc7b314ce08ea33290a06dc26d9a7
483,dqn,247,random,ns_heavy,41.54716981132076,128.5,36.7,74,152,-151.86519605599608,265,113,0,3,0,0,300.0,-34.406250164844096,-23.572487481364806,-83.08645840978716,-10.799999999999994,54,1,265,0,75df0c7bce323381c22c0eb08f7e34c3bf86a6be1a1f8707454dbbb370ed9761
484,dqn,220,random,heavy,27.307053941908713,111.5,21.936666666666667,52,155,-116.73415858717418,241,86,0,2,0,0,300.0,-20.56562533543911,-13.547700005860671,-72.82083324587438,-9.799999999999997,49,3,241,0,cf330d3355edc1217b54389faa613f0e8645c24178fbbb582448f329b37ea4c3
485,dqn,835,random,heavy,22.03072625698324,90.5,13.145,35,141,-73.50699611695669,179,38,0,1,0,0,300.0,-12.323437666636892,-5.153349999181955,-45.83020845113788,-10.199999999999996,51,2,179,0,f44ab6f5c93995380facc61389d23c1c4118a1ea3c0f44bc2fef25fe60e1a07c
486,dqn,386,random,ew_heavy,39.05350553505535,131.0,35.278333333333336,72,156,-155.94237113236878,271,115,0,2,0,0,300.0,-33.07343782123644,-25.982474979553082,-86.48645833157934,-10.399999999999995,52,2,271,0,cd58dcad71193f1f51884e1ab373ea865323f83ec44a62f08b66ff0278cf0d97
487,dqn,771,random,left_heavy,21.61968085106383,75.0,13.548333333333334,39,139,-80.176079330044,188,49,0,3,0,0,300.0,-12.701562709058635,-6.310975004276407,-50.36354161670897,-10.799999999999994,54,3,188,0,e00912487cd57d27215a1b34bfbe7cefbbc681a73edf02a490521a7446a0c3d6
488,dqn,740,random,ns_heavy,39.81578947368421,119.0,35.303333333333335,70,151,-154.80936691862667,266,115,0,2,0,0,300.0,-33.09687515592668,-27.158325037352192,-84.15416672534775,-10.399999999999995,52,1,266,0,c82443eb8126937a9367e3677f313989fe4e4f90bd14a4cc52d948e7e373cd10
489,dqn,694,random,low,32.97826086956522,95.5,25.283333333333335,65,154,-115.83410013445392,230,76,0,2,0,0,300.0,-23.703125243773684,-13.905974997013983,-67.82499989366625,-10.399999999999995,52,2,230,0,37f6f13a3f50f5e60891bb84ced1f9707127e025e64c05f3b8b857c18870e800
490,dqn,610,random,ew_heavy,14.907766990291263,65.5,5.118333333333333,16,97,-48.270558401278684,103,6,0,1,0,0,300.0,-4.798437581514008,-1.4919125012238508,-34.580208318540826,-7.400000000000004,37,6,103,0,6a2102d9ca988596d7fd8391e5bb86062705bbd6b6c3cf833262cbf095738e21
491,dqn,867,random,left_heavy,29.403645833333332,114.0,18.826666666666668,43,121,-107.16822106368781,192,71,22,26,0,0,300.0,-17.650000258698128,-12.122387487659577,-66.7958333173301,-10.599999999999994,53,3,214,22,c4d6cd4df46d599ac84496afa0f1b452708e246f5d9f9b5bee7f02431165c973
492,dqn,30,random,balanced,32.07446808510638,106.0,20.1,41,133,-107.09199606104086,188,55,0,2,0,0,300.0,-18.84375028545037,-10.633662483522494,-67.01458329206798,-10.599999999999994,53,2,188,0,20d3b9f4d3651c19ca1d6e273db5b161ea1eb951765588fb484dca6c0a017c5b
493,dqn,666,random,low,31.70334928229665,107.0,22.086666666666666,49,155,-111.10804193454462,209,54,0,1,0,0,300.0,-20.70625028118957,-10.463250011872885,-69.33854164148215,-10.599999999999994,53,2,209,0,dbbf5c48217fcac99f5f5d20c3495a1b0bfbca5caae1bfd06c65bca9d71be423
494,dqn,46,random,left_heavy,41.938223938223935,143.0,36.215,68,143,-168.26975045720536,259,116,31,35,0,0,300.0,-33.951562763773836,-30.90568746933205,-92.8125002240995,-10.599999999999994,53,1,290,31,4c408e75356d0421411c730cec1a9914ee8cf2b789ed1a1d12a25760557920a0
495,dqn,628,random,balanced,22.564327485380115,88.5,12.861666666666666,33,143,-74.99792109963667,171,28,0,1,0,0,300.0,-12.057812797604129,-5.003650003072833,-48.33645829895977,-9.599999999999998,48,4,171,0,0c9ca48dff7c8ede0455d8ef398e10bff93218dfa3fbaace879db09fd51859f7
496,dqn,453,random,heavy,34.66492146596859,125.5,22.07,52,121,-120.96571671260969,191,70,0,2,0,0,300.0,-20.690625138231553,-13.142800023979358,-76.1322915503988,-10.999999999999993,55,2,191,0,c855cd3d201eecc9803077867109bdedbbdae51aac557fe35d0d7254f6552155
497,dqn,973,random,ns_heavy,24.935754189944134,91.0,14.878333333333334,34,134,-82.45102950431905,179,45,0,1,0,0,300.0,-13.94843786128331,-7.135925018061249,-51.56666662497446,-9.799999999999997,49,3,179,0,6b170c37addbd337fa90e669cedaad91e4a221756d921c59f102ca2b7d3912d7
498,dqn,875,random,low,39.88576779026217,191.5,35.498333333333335,87,148,-155.24585436224362,267,119,0,2,0,0,300.0,-33.27968769753352,-24.30575001587057,-86.6604166488396,-10.999999999999993,55,2,267,0,9e587b885186a0e1ba17361adbcced7245832bf47bbbebb7930289fe9aa3ba2a
499,dqn,59,random,heavy,36.98936170212766,128.5,23.18166666666667,48,116,-127.03524590435767,188,72,0,2,0,0,300.0,-21.732812515692785,-16.42847501836586,-78.87395837029908,-9.999999999999996,50,4,188,0,4f18337cf537db4f6deb49f8454a95b97a8cb58516d71684a2e883e8e707e3c3
500,dqn,915,random,low,32.5275,147.0,21.685,41,147,-119.977829386956,200,53,0,1,0,0,300.0,-20.3296877106186,-13.762724999814234,-75.88541667652316,-9.999999999999996,50,3,200,0,db06061a6a6a3432d05d68f771f72ec7959656ff74bd78012c28635048386852
501,dqn,182,random,heavy,30.276381909547737,85.0,20.083333333333332,43,134,-103.79162932714465,199,65,0,1,0,0,300.0,-18.828125195228495,-12.046837498070818,-62.71666663384531,-10.199999999999996,51,3,199,0,986d11ffd694e2d94cf06e48fd0d6972873813b15fa6b2c1f9a5e39a5bda2a40
502,dqn,366,random,balanced,41.291079812206576,95.5,29.316666666666666,59,118,-129.03220851183502,213,95,0,1,0,0,300.0,-27.484375193249434,-21.798875014596703,-69.54895830398891,-10.199999999999996,51,3,213,0,78551331bd3510eddba1cf38bf24bea2943cdb4eefc800d52ad77e2130f849f8
503,dqn,535,random,ns_heavy,27.099415204678362,125.0,15.446666666666667,44,125,-102.94512103676092,171,46,0,2,0,0,300.0,-14.481250245822594,-7.211787514260501,-71.05208327667788,-10.199999999999996,51,4,171,0,a65060576d5a617d26d82522c628c763a1ded56cadbc1041b31584eb4f352f77
504,dqn,888,random,heavy,17.810606060606062,67.5,7.836666666666667,22,110,-56.30907503701382,132,22,0,1,0,0,300.0,-7.346875105169602,-2.580950005022896,-36.58124992682133,-9.799999999999997,49,3,132,0,4e6d169c615b58bb5630512eee77beea3d92debfaf4c060da922ef539f34df02
505,dqn,345,random,ns_heavy,34.779342723004696,151.5,24.69333333333333,47,140,-131.9047752293015,213,73,0,1,0,0,300.0,-23.15000022924505,-15.748525005062394,-82.40624999499414,-10.599999999999994,53,1,213,0,2f5c2b85f44a25b451c881b4089094232b3ce5f590c19e421b477402e8e147b0
506,dqn,930,random,balanced,31.344569288389515,109.0,27.89666666666667,69,156,-118.2863543000749,267,111,0,2,0,0,300.0,-26.153125158394687,-16.407187485483156,-65.32604165619705,-10.399999999999995,52,3,267,0,620ec92bf581f7aa20322a2a829c624b28af954526b79df6a6b1268f06589325
507,dqn,298,random,ew_heavy,39.8201581027668,125.5,33.58166666666666,73,158,-137.01993358817344,253,95,0,1,0,0,300.0,-31.482812758302316,-20.969412554194424,-73.3677082756767,-11.199999999999992,56,0,253,0,be4ec60c415ff732ba53ddb9984258f31dcd2902fce492286ce7e4138ed0a322
508,dqn,407,random,ns_heavy,30.0925,118.0,20.061666666666667,44,134,-119.73882526240853,200,66,0,1,0,0,300.0,-18.807812769315206,-11.812262505922261,-78.31874998717103,-10.799999999999994,54,1,200,0,23741c2f533c30f2ab6b17c1003fd362b1bc97373460361f860bfe81db8daf7a
509,dqn,930,random,balanced,29.45692883895131,115.0,26.216666666666665,63,159,-115.8573335517875,267,108,0,2,0,0,300.0,-24.578125250409357,-15.898999952685696,-64.5802083486924,-10.799999999999994,54,0,267,0,620ec92bf581f7aa20322a2a829c624b28af954526b79df6a6b1268f06589325
510,dqn,747,random,balanced,41.53183520599251,120.5,36.96333333333333,83,143,-143.93883342373013,267,124,0,2,0,0,300.0,-34.65312514640391,-26.68675004982214,-71.79895822750404,-10.799999999999994,54,1,267,0,74804a03a548692a8ddd1973242a28705a0ba63383f6ecc59deb8eab0d2f0c21
511,dqn,680,random,low,29.88888888888889,88.5,18.83,44,138,-90.01131270095217,189,51,0,1,0,0,300.0,-17.653125267126597,-8.786312482789802,-52.971874951035716,-10.599999999999994,53,0,189,0,657f77ce38a3debf797ccbb404ae23820a2fb872190e7b314376aea10d0d2adf
512,dqn,366,random,balanced,35.74647887323944,107.5,25.381666666666668,54,127,-119.57367106776289,213,86,0,5,0,0,300.0,-23.795312632340938,-18.08252499860318,-67.0958334368188,-10.599999999999994,53,1,213,0,78551331bd3510eddba1cf38bf24bea2943cdb4eefc800d52ad77e2130f849f8
513,dqn,9,random,ew_heavy,37.492217898832685,92.0,32.11833333333333,69,156,-123.4728834384114,257,101,0,2,0,0,300.0,-30.110937641584314,-19.331737459194105,-62.83020833763294,-11.199999999999992,56,1,257,0,3b261f67d24bd2225cdaad04dd441765117e5caa5216074c9efa81b6d8eeb2dc
514,dqn,154,random,ns_heavy,22.344221105527637,88.5,14.821666666666667,37,154,-81.16417937968293,199,45,0,1,0,0,300.0,-13.895312728593126,-6.686574985113839,-50.982291665975936,-9.599999999999998,48,3,199,0,ad04d7efaf4e1455183e65d11b015b6c06b3b397860fbe663be7446f2bc86501
515,dqn,314,random,ew_heavy,35.058,145.5,29.215,70,143,-131.52120019295398,250,107,0,2,0,0,300.0,-27.389062783680856,-18.71026249604911,-74.62187491322402,-10.799999999999994,54,1,250,0,74324db8fd4748d1c5272a4fc921124c572f7606d87c78ea2fe75be23b2c6ece
516,dqn,576,random,balanced,26.71042471042471,106.0,23.06,57,178,-92.11635857911462,259,81,0,3,0,0,300.0,-21.618750235065818,-10.698650011864085,-49.1989583321847,-10.599999999999994,53,0,259,0,98f0a1aa598913d7c08fea0eac23359114d68b055d1434c34dc6d09ee1ed8c6d
517,dqn,872,random,low,27.81528662420382,90.0,14.556666666666667,38,109,-92.37360851863127,157,48,0,2,0,0,300.0,-13.64687516563572,-7.196525002999265,-60.730208349996246,-10.799999999999994,54,1,157,0,8a96aece1431875e4d66a9d1725954e6e6d952e9838859dc103c7465413e3404
518,dqn,87,random,left_heavy,31.436915887850468,113.5,22.428333333333335,53,140,-112.79130866580967,214,74,19,23,0,0,300.0,-21.02656278840732,-13.075162503866895,-67.48958337353542,-11.199999999999992,56,2,233,19,bddc4636a165c22ceb7a21dc68b0bb2dd94d211402f76915a5b4a6a3132aaad4
519,dqn,58,random,left_heavy,29.365384615384617,113.0,22.91,50,140,-118.95593786807956,234,94,16,20,0,0,300.0,-21.47812532936223,-15.12468746190643,-71.55312507681083,-10.799999999999994,54,2,250,16,22ac7d2660c24fb3ecc230ed433192a0e7a8e9804ec889a42b37aeaa98902943
520,dqn,664,random,left_heavy,36.80530973451327,108.5,27.731666666666666,63,124,-122.46124193035133,226,102,12,17,0,0,300.0,-25.998437773319893,-18.20238747550247,-67.26041668152902,-10.999999999999993,55,1,238,12,6f63f329edaea415599792c5f8c1a4164a8d03c95523e70e1517e2d7bbf68580
521,dqn,241,random,ew_heavy,30.515384615384615,125.5,19.835,42,140,-105.08521690270504,195,55,0,1,0,0,300.0,-18.595312738441862,-9.070112487344163,-66.41979167691898,-10.999999999999993,55,0,195,0,7d00af43e066c39c7b77407c6709160b84da65ea09c5731bcb6911c0b85aadaa
522,dqn,810,random,balanced,27.395604395604394,96.5,16.62,42,127,-96.72001260690817,182,55,0,2,0,0,300.0,-15.581250156275928,-8.716887510772363,-61.221874939859845,-11.199999999999992,56,1,182,0,6f5e5e1c93052f1053759fe4424ab0957ded4048fe68a9d1d54939e8252fd239
523,dqn,581,random,balanced,30.921800947867297,85.5,21.748333333333335,49,136,-99.21411271274191,211,75,0,2,0,0,300.0,-20.38906276563648,-11.690675027269025,-56.53437491983641,-10.599999999999994,53,2,211,0,0d9eb3e6d78c0569ba18562f1a5115f9086bd9f1828722d9503d83d7a1108302
524,dqn,916,random,heavy,33.982919254658384,127.5,36.475,88,164,-144.65418371041818,322,158,0,2,0,0,300.0,-34.19531269033905,-22.738037604704,-76.32083341537509,-11.399999999999991,57,0,322,0,7a4cd91e9bef916f0e0c850d00c06b926aba1575395b45331d8e240d0df87c34
525,dqn,451,random,heavy,39.162835249042146,127.0,34.071666666666665,67,148,-147.89681697319972,261,113,0,2,0,0,300.0,-31.94218770705629,-24.253587509363577,-80.70104175677989,-10.999999999999993,55,1,261,0,27ca77e3e90cc2c533c09df0a26e05e8742ffc4190504310f752b3c73cf28e55
526,dqn,449,random,low,31.00242718446602,125.0,21.29,54,120,-110.7765960306336,206,86,0,1,0,0,300.0,-19.959375079837628,-14.205762518820114,-66.41145843197592,-10.199999999999996,51,2,206,0,4b8cb4795c248d46a0e6b7a5a6b05e2ea3de1a6debaa07f6a3c35c0619cc657b
527,dqn,780,random,low,36.60082304526749,127.5,29.64666666666667,60,148,-135.74307098709832,243,95,0,3,0,0,300.0,-27.793750184820965,-19.647237508719268,-77.3020832935581,-10.999999999999993,55,1,243,0,30afd889b6ed2e59bb9f6ad6263ab73d55104b051402c9244585735a66b2a2a4
528,dqn,118,random,ew_heavy,31.506607929515418,114.0,23.84,48,157,-113.28439189115893,227,70,0,2,0,0,300.0,-22.350000311154872,-13.889599992142754,-66.04479158786125,-10.999999999999993,55,1,227,0,c4c81e093692d63ab4df0e55959781b1c97c98706fffe11d30fceebe98456f80
529,dqn,215,random,low,31.203629032258064,117.5,25.795,61,136,-119.17042514370404,248,112,0,2,0,0,300.0,-24.182812669780105,-17.053237476531653,-66.9343749973923,-10.999999999999993,55,2,248,0,bf678b3241ca3fd07761d204298757116fc98dd81caac2e7a77f32d5f38d4254
530,dqn,903,random,heavy,35.20245398773006,135.0,38.25333333333333,88,167,-143.96518776725057,326,159,0,2,0,0,300.0,-35.862500245682895,-24.677687509064704,-72.425000012503,-10.999999999999993,55,1,326,0,3a169d34a3c6bec02289d2317136e55992a52e8c30a5ac4c167f69f9e4e144ae
531,dqn,142,random,balanced,22.38125,83.0,17.905,43,167,-85.83807944014697,240,73,0,1,0,0,300.0,-16.78593782824464,-7.460474995752155,-50.59166661615018,-10.999999999999993,55,2,240,0,681688fae9f3a326d2da3e32821f04c201ccf5711d55c0c2b9de444965c04eda
532,dqn,871,random,balanced,38.15217391304348,179.5,35.108333333333334,74,136,-149.78746686238085,276,140,2,11,0,0,300.0,-32.914062763680704,-25.472362460756997,-80.60104163794313,-10.799999999999994,54,2,278,2,a35a77512524efb380958e80a608831c48422649bee491464e4c6bf338251185
533,dqn,699,random,low,36.41263940520446,115.0,32.65,61,149,-146.81062929376714,269,120,0,3,0,0,300.0,-30.60937523841858,-24.390837478500156,-80.61041657684837,-11.199999999999992,56,1,269,0,0232915d66b99c5f462429f659a62a7df90ddd076b8d3b4f39bd4dfe3b7ccb1f
534,dqn,968,random,ew_heavy,26.685897435897434,114.0,20.816666666666666,59,156,-97.0217750643344,234,78,0,1,0,0,300.0,-19.515625184983946,-10.434274991272103,-56.87187488807831,-10.199999999999996,51,2,234,0,949a492d2d25197834713041ce2c0e9f66ccb4d0514bb39bb6dc94cbcbe5a88e
535,dqn,272,random,balanced,28.900881057268723,108.5,21.868333333333332,58,146,-114.70044201032219,227,81,0,1,0,0,300.0,-20.50156281213276,-12.119712511910617,-71.07916668627877,-10.999999999999993,55,1,227,0,1b45d8637e2e1a7335d3f328128db2d7ec559749a135c5972ad33e9407abe5f2
536,dqn,594,random,left_heavy,40.1530612244898,127.5,26.241666666666667,46,120,-133.8747252243738,196,76,26,30,0,0,300.0,-24.601562794065103,-20.86066249342913,-77.41249993687961,-10.999999999999993,55,1,222,26,c34de4432a582ccd4715db37a9da27baee6e7bc3a2968b493c862daaddf342c2
537,dqn,42,random,balanced,33.69469026548673,116.0,25.383333333333333,62,147,-123.4297835707672,226,79,0,1,0,0,300.0,-23.796875264612027,-14.780825015577287,-73.85208329057787,-10.999999999999993,55,1,226,0,c59b4cda74a9ff082421aa4a6602efc18f2acf4344a7f7ee1201dbd18b21addf
538,dqn,674,random,heavy,20.7972972972973,108.0,15.39,35,163,-102.94566258011834,222,59,0,1,0,0,300.0,-14.428125211736187,-6.867537503028144,-71.04999986535404,-10.599999999999994,53,4,222,0,4c23ae76a065fcf0bf936614d6710c1d1aef5ed93d892d7c9239ab316de91cf8
539,dqn,54,random,ns_heavy,36.814935064935064,107.0,18.898333333333333,44,103,-105.14994602515578,154,51,0,1,0,0,300.0,-17.717187677626498,-11.546300025658994,-64.6864583218703,-11.199999999999992,56,0,154,0,9395a48f1d17c76df63bff72f793ebbae98bc7b314ce08ea33290a06dc26d9a7
540,dqn,374,random,heavy,35.72834645669291,126.5,30.25,57,153,-129.69875424400018,254,101,0,2,0,0,300.0,-28.35937517695129,-20.675837541050708,-70.46354152599815,-10.199999999999996,51,1,254,0,f3952a1d9ada462992257be485dfacc7ea30d63bc3030edf8b4479c246a29bce
541,dqn,326,random,ns_heavy,38.61607142857143,96.0,36.041666666666664,79,149,-132.39518371557568,280,131,0,2,0,0,300.0,-33.78906290011946,-23.157162471513583,-64.44895834394265,-10.999999999999993,55,1,280,0,e87bcb8923368989a35162a3ec8aaa232e911d5b0a2b623a606e5f543670b822
542,dqn,184,random,ew_heavy,38.42948717948718,152.5,39.96666666666667,85,164,-155.47517119037366,312,148,0,2,0,0,300.0,-37.46875039464794,-27.238712481306,-79.96770831441972,-10.799999999999994,54,2,312,0,739a8c2c86624d6fa1953f2e4f6d735297399b37f404605934aec59ccffa7402
543,dqn,542,random,low,32.2247191011236,95.0,19.12,47,109,-98.49469600671371,178,69,0,1,0,0,300.0,-17.92500020447187,-10.40198751073258,-59.36770829150919,-10.799999999999994,54,1,178,0,bd727c710cc26a4ae953effcd8cb418e74b7dcd7fefabc828f38bd44992708b1
544,dqn,292,random,low,33.30978260869565,132.0,30.645,67,148,-128.67009597070498,276,128,0,3,0,0,300.0,-28.729687650687993,-20.828950012302816,-68.1114583077142,-10.999999999999993,55,3,276,0,8b87b585200e311f694b9d1d585a2a40d019ed42bfb92e8e0417b54320781a60
545,dqn,89,random,low,33.64435146443515,154.5,26.803333333333335,61,144,-142.22210873145744,239,95,0,2,0,0,300.0,-25.128125380608253,-16.348149995451244,-89.54583335539792,-11.199999999999992,56,1,239,0,80952ea77ad04adeba23ba0f608c640f7dc7003cdc2da1321fc69155ace8e900
546,dqn,721,random,left_heavy,46.91202346041056,141.0,53.32666666666667,99,153,-192.39464202408539,341,188,18,21,0,0,300.0,-49.99375034600962,-44.84359997037597,-86.15729170769919,-11.399999999999991,57,0,359,18,cc3ad764ddbdb9880659e92504901bb49d126eb571502690c8927b572619fc2e
547,dqn,188,random,ew_heavy,33.93197278911565,153.5,33.25333333333333,74,167,-145.80863789520453,294,127,0,3,0,0,300.0,-31.17500037746504,-19.768012501045447,-84.06562501669396,-10.799999999999994,54,1,294,0,cd5e1cf1aa4de7cd5fc938361d98febf02194717de52bf1b2d090f8d7577d587
548,dqn,325,random,balanced,26.804455445544555,94.0,18.048333333333332,47,144,-91.80074189104567,202,58,0,2,0,0,300.0,-16.920312719303183,-7.776262507536012,-56.50416666420642,-10.599999999999994,53,2,202,0,3d026660992de65171ac6d94c3ac8e65fec5dcf25bfcb3e3f65aed919292afa6
549,dqn,319,random,low,37.325892857142854,132.5,27.87,58,143,-132.3735334709301,224,81,0,1,0,0,300.0,-26.128125072806142,-17.955824983866485,-77.0895834142575,-11.199999999999992,56,1,224,0,1b2d7499227e83629cd0efb27348fade0a15e6d9e7c602180079203a0c3a7d68
550,dqn,692,random,left_heavy,35.075688073394495,102.5,25.491666666666667,61,141,-120.18605032566482,218,77,23,27,0,0,300.0,-23.898437846801244,-15.584487505522704,-69.70312497334089,-10.999999999999993,55,1,241,23,e37c63fab631e088496002e258c7891c9491d004e710b06de2a1976dab80104b
551,dqn,724,random,ns_heavy,45.41746031746032,163.0,47.68833333333333,95,157,-177.20346268904623,315,158,0,3,0,0,300.0,-44.70781278226059,-35.93939991253643,-85.35624999424908,-11.199999999999992,56,1,315,0,dfb8bbd2600faca8a19da53063977a42de571877015e02d49e43712ae195e145
552,dqn,503,random,ns_heavy,24.626068376068375,111.0,19.21,48,150,-95.06405450435484,234,84,0,2,0,0,300.0,-18.009375406545587,-11.078637509785041,-55.376041588024236,-10.599999999999994,53,2,234,0,c1fadd30b585ce4075fc979ed1d3210bd7934d56727527284d6e1f9203ede203
553,dqn,80,random,low,19.014492753623188,52.5,8.746666666666666,24,118,-55.59342099118728,138,20,0,1,0,0,300.0,-8.200000173877925,-2.638212497278438,-34.55520832003094,-10.199999999999996,51,2,138,0,667521c2e45831f6f542352b57022793eb6df723eba919a1ebd8f0880bc9ea99
554,dqn,449,random,low,36.189320388349515,133.0,24.85,57,114,-120.17945419478202,206,92,0,1,0,0,300.0,-23.29687506565824,-16.775287538491828,-69.70729159063194,-10.399999999999995,52,2,206,0,4b8cb4795c248d46a0e6b7a5a6b05e2ea3de1a6debaa07f6a3c35c0619cc657b
555,dqn,706,random,heavy,37.81509433962264,120.5,33.403333333333336,77,148,-140.14262081451383,265,117,0,3,0,0,300.0,-31.3031250910135,-22.387412504541132,-75.45208321895916,-10.999999999999993,55,1,265,0,c0cb2146d7dba62dea0802235dbf32c046697ce6eb84830ca761c09dd202b611
556,dqn,968,random,ew_heavy,29.497863247863247,114.5,23.008333333333333,55,146,-105.20394611170703,234,88,0,2,0,0,300.0,-21.570312771364115,-12.287800000591227,-60.7458333397517,-10.599999999999994,53,3,234,0,949a492d2d25197834713041ce2c0e9f66ccb4d0514bb39bb6dc94cbcbe5a88e
557,dqn,960,random,ew_heavy,18.275,113.0,12.183333333333334,38,148,-83.539275183867,200,52,0,2,0,0,300.0,-11.421875198488124,-4.0892750023056585,-57.02812498307321,-10.999999999999993,55,5,200,0,52978ccf146960f47420cdf655465656975e05da60510a373e8ebdac68bc22a0
558,dqn,167,random,heavy,24.36180904522613,87.0,16.16,42,151,-88.36650438087158,199,48,0,1,0,0,300.0,-15.150000235880725,-8.8217125048126,-53.5947916401783,-10.799999999999994,54,2,199,0,91f89c6abac2112372be00c34337d882c88f518a6cecafefbf6e639fa8ec6568
559,dqn,249,random,heavy,37.91013071895425,145.5,38.67,72,152,-155.15673756305895,306,154,0,6,0,0,300.0,-36.25312508759089,-29.706737506923673,-78.39687496854458,-10.799999999999994,54,1,306,0,25504fe6e5a06f93b238ee0d8549347d22ed482e31c141351c4387fb924ffaf5
560,dqn,488,random,low,35.300925925925924,143.5,25.416666666666668,60,128,-130.7743586799341,216,88,0,2,0,0,300.0,-23.828125322936103,-15.556650002531384,-80.3895833544666,-10.999999999999993,55,3,216,0,f4f3e7519ea4b6edb2071c47320adce1c10a4dbd6edf63f9a3cd58606a5b50e4
561,dqn,257,random,heavy,44.516260162601625,127.0,54.755,100,164,-179.71709196173578,369,205,0,2,0,0,300.0,-51.33281263860408,-41.073862508609395,-76.31041681452189,-10.999999999999993,55,0,369,0,a3e887b14dadf2dfea389dcd5dbfcb42653ea044ebf5504501aa9ff2303f02cf
562,dqn,160,random,balanced,31.271186440677965,113.0,24.6,57,151,-108.07699615470266,236,85,0,2,0,0,300.0,-23.062500296276994,-12.621787476205649,-61.39270838222001,-10.999999999999993,55,2,236,0,51e3bd85434342ab1179601518c8b42cc512ff84b9ca7df5668244de04e5dc70
563,dqn,222,random,ew_heavy,40.58779761904762,139.0,45.46,85,161,-167.8008296361943,336,175,0,3,0,0,300.0,-42.61875025613699,-34.237287594220085,-79.74479178583715,-11.199999999999992,56,0,336,0,357630230a4ad5f2d25b2927f5ab249176609ef95734f359dcf32e784ffb9af7
564,dqn,938,random,ns_heavy,33.344086021505376,136.0,20.673333333333332,53,121,-114.80915023154598,186,65,0,2,0,0,300.0,-19.381250239908695,-14.040399992917807,-70.18749999871943,-11.199999999999992,56,1,186,0,8ecd18ce4658837fde085fbe77ca6be00052b3cf5f194476a67287919ab8f01f
565,dqn,707,random,ns_heavy,24.613888888888887,116.0,14.768333333333333,40,137,-89.97334191303017,180,43,0,1,0,0,300.0,-13.845312715624459,-6.708237488682061,-58.81979170872364,-10.599999999999994,53,3,180,0,54b0c223084411f3dcb4e460f5d6523f059559c49a65a389efc2c5f9d3259c50
566,dqn,489,random,low,30.27927927927928,108.0,22.406666666666666,54,155,-107.17674628089226,222,67,0,2,0,0,300.0,-21.006250349222682,-12.793412514059314,-62.377083417610265,-10.999999999999993,55,1,222,0,57070a16f0b95c6b6af029b3dfb761ef144cdcf63f7815021988c59a92b57042
567,dqn,557,random,left_heavy,40.62871287128713,119.5,27.36,54,117,-134.46900433579796,202,85,0,1,0,0,300.0,-25.65000030514784,-19.69296247168313,-77.92604155896697,-11.199999999999992,56,1,202,0,49e1b49a9a4f54d757d29874b8ce60c4f4e80e7186c7db0dc94eabb6d3148bd0
568,dqn,332,random,ew_heavy,32.677083333333336,96.0,26.141666666666666,61,154,-110.73767115560331,240,86,0,2,0,0,300.0,-24.50781278195791,-13.843399987211166,-61.38645838643424,-10.999999999999993,55,2,240,0,5087045ed863c260b449be0856090e0ed590fe0956913147367c5669c35637d1
569,dqn,550,random,low,31.105113636363637,111.5,36.49666666666667,85,182,-132.20991715669726,352,170,0,3,0,0,300.0,-34.21562549681403,-21.90887499679447,-65.08541666308884,-10.999999999999993,55,2,352,0,f661b6c7bd5af3949de1e6128f2f7a19958ba666b968fd18b00094fa9d753041
570,dqn,169,random,low,33.09318181818182,103.5,24.268333333333334,50,136,-117.59635854650192,220,84,0,2,0,0,300.0,-22.751562752528116,-15.464587464932272,-68.98020832904149,-10.399999999999995,52,3,220,0,d0120c29dc130ed69463a778245f8dddd3a164056a7a47a6af881fd0c6015204
571,dqn,61,random,ew_heavy,32.10634328358209,127.5,28.68166666666667,72,161,-119.27667136697198,268,107,0,2,0,0,300.0,-26.889062962611206,-15.198024990848348,-65.78958341351245,-11.399999999999991,57,1,268,0,6a388d1c5460a7dea110c7852817b55367058b04ad73f82c7650cbb78022e94a
572,dqn,595,random,low,39.64860681114551,111.0,42.68833333333333,86,150,-151.41144187640904,323,173,0,2,0,0,300.0,-40.020312842563726,-31.308837437229514,-68.88229159661569,-11.199999999999992,56,0,323,0,176365a0d053e45756d5ac52d18e237a4e8129ec1805e3ce86f335a362671275
573,dqn,559,random,balanced,37.96396396396396,118.0,42.14,82,165,-154.90750851283744,333,168,0,2,0,0,300.0,-39.50625032605603,-28.48354995431799,-75.71770823246334,-11.199999999999992,56,1,333,0,55d2e41af3e2ff3daaab55836e5a7575f7ddddadb34bd467d399a210dafcf1b4
574,dqn,399,random,low,28.967054263565892,139.0,24.911666666666665,54,150,-122.5069296241061,258,108,0,2,0,0,300.0,-23.354687929269858,-14.276199982014802,-73.87604171282146,-10.999999999999993,55,3,258,0,29991776368f820f57f188855e057eeea4c16fabcf7f6de076687eede13b0041
575,dqn,458,random,ns_heavy,22.709876543209877,101.5,12.263333333333334,31,123,-80.99792930992186,162,39,0,1,0,0,300.0,-11.496875201235525,-4.428137500918093,-54.872916607768275,-10.199999999999996,51,2,162,0,e28e34093a41cfdf12a88829347bf4f08e1a67cf3c6b0f781bef3ebc433a2b11
576,dqn,128,random,heavy,32.85511363636363,85.0,19.275,42,126,-93.72270858392662,176,50,0,2,0,0,300.0,-18.070312709896825,-9.975312517467689,-55.07708335656207,-10.599999999999994,53,2,176,0,540677b01e0e4491cc42e9cf82f1a636feb5f11cbeb4cde73325df938d3348dc
577,dqn,848,random,balanced,7.4772727272727275,33.5,2.1933333333333334,7,88,-23.85730423896093,88,0,0,1,0,0,300.0,-2.056250041583553,-0.2906374994105136,-12.910416697966866,-8.600000000000001,43,4,88,0,91ee3e01d94e54d057b608ed39661e72666243487c6e91ee96dc051a8fad0f0c
578,dqn,33,random,low,28.087044534412957,140.0,23.125,52,152,-112.32284193355224,247,95,0,3,0,0,300.0,-21.67968781408854,-12.454612497911882,-67.18854162155185,-10.999999999999993,55,1,247,0,1e57d36af1fa90d5889a66d7e0bee5e5c5c49fcc3b68b90053ba78a9b064ac0d
579,dqn,479,random,heavy,35.46106557377049,104.5,28.841666666666665,55,145,-126.53081694299834,244,99,0,2,0,0,300.0,-27.039062739699148,-19.19696249653133,-69.09479170676786,-11.199999999999992,56,1,244,0,055f04cce56e893f7eedf0e5fc4fa4548f7ec1a1b42659217222e9eaa90b09f3
580,dqn,392,random,low,33.062231759656655,113.5,25.678333333333335,60,139,-124.0032461919698,233,94,0,2,0,0,300.0,-24.073437838000245,-18.002725060597736,-70.72708329337183,-11.199999999999992,56,2,233,0,527e8fc76dcb44c3765cba08ec384492787dffa36d908a124634c4f9f5becd42
581,dqn,780,random,low,36.491769547325106,103.5,29.558333333333334,66,150,-131.03462119595866,243,93,0,3,0,0,300.0,-27.710937786265276,-18.859100017042504,-73.26458339265082,-11.199999999999992,56,1,243,0,30afd889b6ed2e59bb9f6ad6263ab73d55104b051402c9244585735a66b2a2a4
582,dqn,584,random,ns_heavy,29.153153153153152,111.0,21.573333333333334,54,153,-114.5771794874142,222,69,0,2,0,0,300.0,-20.225000240374357,-10.33863750814126,-72.8135417388985,-11.199999999999992,56,1,222,0,6447ff4f13ce69f234ff5ba742715fff353dc7a116d9ac071aefec3c27976de6
583,dqn,188,random,ew_heavy,32.204081632653065,97.0,31.56,73,175,-119.17718779765927,294,119,0,3,0,0,300.0,-29.587500294903293,-18.29593749574779,-60.4937500070082,-10.799999999999994,54,2,294,0,cd5e1cf1aa4de7cd5fc938361d98febf02194717de52bf1b2d090f8d7577d587
584,dqn,519,random,heavy,28.883435582822084,119.0,15.693333333333333,35,115,-109.69184178793662,163,48,0,1,0,0,300.0,-14.71250021236483,-8.38454998512607,-76.19479159044567,-10.399999999999995,52,1,163,0,a3eec615fe21f5fae221d56ba665d013b9f28739b9a80ef6c92a81282dc6b9e5
585,dqn,600,random,ns_heavy,37.184108527131784,143.5,31.97833333333333,63,138,-149.8593999698067,258,120,0,1,0,0,300.0,-29.979687604121864,-24.051587516722073,-85.02812484896276,-10.799999999999994,54,2,258,0,82ea7c3f9f839a64e6a7aa03a2a99d91e9651338702774972f536d757f900c85
586,dqn,901,random,left_heavy,40.307539682539684,122.5,33.86333333333334,66,146,-145.6943670349276,252,106,12,15,0,0,300.0,-31.746875189593993,-22.827700036027093,-80.31979180930648,-10.799999999999994,54,3,264,12,89ae0561c31d5c1026addb69d0c56f24b50a927d062d2a94a42dce17dc676ed1
587,dqn,521,random,balanced,35.7258883248731,103.5,23.46,52,128,-124.80172955224775,197,69,0,2,0,0,300.0,-21.993750334717333,-15.328812535628819,-76.87916668190155,-10.599999999999994,53,2,197,0,1ef62ee3ff97f5f91b656237ca49088016e08e37e93c157108bbf3d50042a566
588,dqn,912,random,left_heavy,39.80573248407644,177.0,20.84,38,95,-148.31133350369564,157,62,17,21,0,0,300.0,-19.53750014898833,-17.718624988133527,-100.65520836657379,-10.399999999999995,52,4,174,17,04fd2d4685c3d6d20efad9e3587391c6a07ad85941e8d1df362d19b56ba34bda
589,dqn,341,random,low,32.21830985915493,114.5,22.875,61,137,-108.67431286231071,213,76,0,1,0,0,300.0,-21.445312800235115,-12.882124993134491,-63.946875068941154,-10.399999999999995,52,3,213,0,b46203be370e6f3fcdb6840c6a110573e10331cf4037ff85924fa9e67ae35949
590,dqn,937,random,heavy,38.0,131.5,27.36,60,121,-130.9296918931671,216,95,0,2,0,0,300.0,-25.6500002250541,-19.59427501936663,-74.68541664874647,-10.999999999999993,55,1,216,0,9f83fc750643fcedf331b693d3e4b7bab0173f3668a1ba6c123ed941dbee0a59
591,dqn,945,random,heavy,29.587096774193547,80.5,15.286666666666667,35,118,-87.27087927234899,155,37,0,1,0,0,300.0,-14.331250239978544,-7.407337497617845,-54.332291534752585,-11.199999999999992,56,1,155,0,606d141bf0543a08ade33eddf46543c422db0ee504e984233d4ad7d5c4e41238
592,dqn,800,random,balanced,41.38719512195122,134.5,22.625,45,100,-130.48693328484734,164,64,0,2,0,0,300.0,-21.210937539464794,-17.27391251738955,-81.40208322799299,-10.599999999999994,53,3,164,0,f59f90f59bb07671aa199b698c4c290892175cbeab46e03890c95d2443a0d601
593,dqn,853,random,balanced,25.710526315789473,98.0,11.398333333333333,29,104,-77.68470431941026,133,29,0,1,0,0,300.0,-10.685937680187635,-5.466475005842953,-51.732291633379646,-9.799999999999997,49,4,133,0,312df65e0593a2a4d5e9a53d43fed692d50c8c032db4e3f34a0ba395734f2cd8
594,dqn,478,random,ns_heavy,27.223463687150836,89.0,16.243333333333332,42,130,-80.06949194725964,179,49,0,1,0,0,300.0,-15.22812528803479,-7.162199997626156,-47.07916666159872,-10.599999999999994,53,5,179,0,dfa7fa02fc82a2fe0de5e00deef8c87e7516c1273d00579ebfd98af746207585
595,dqn,939,random,balanced,20.59111111111111,79.0,15.443333333333333,39,150,-75.1370668833268,225,75,0,2,0,0,300.0,-14.478125252062455,-6.764149996301421,-43.494791634962894,-10.399999999999995,52,2,225,0,981c65599a7ad62b552ff982648e7b4d10004d34f908543728cb90b15f1113b1
596,dqn,524,random,balanced,40.49770642201835,144.0,29.428333333333335,60,132,-138.10138353267473,218,86,0,2,0,0,300.0,-27.589062782935798,-19.575862488963327,-80.33645826077554,-10.599999999999994,53,2,218,0,e750695552bec3f6c9596b7d5c73de9416245d0a90d0b62db3b16056901763f5
597,dqn,592,random,ew_heavy,33.18324607329843,168.0,21.126666666666665,40,136,-132.11502118638091,191,55,0,1,0,0,300.0,-19.806250293157063,-14.147312521434655,-87.1614583717892,-10.999999999999993,55,2,191,0,fc5990c7c3974eef8c10891ffc49d85cc2a8a12c0570c07a57dc7a3a8fd8ca97
598,dqn,398,random,low,41.14622641509434,98.5,29.076666666666668,59,138,-120.55805864357608,212,74,0,1,0,0,300.0,-27.25937541294843,-17.724725026476516,-64.97395820415113,-10.599999999999994,53,3,212,0,879b1043e1005d62790cf5c13fd790223c510ce6b24450e11d51fc63651de7f0
599,dqn,582,random,heavy,24.863636363636363,71.0,13.675,34,127,-73.71932934222777,165,38,0,2,0,0,300.0,-12.820312754949555,-5.991725006704651,-43.907291580573656,-10.999999999999993,55,2,165,0,6b3f6beeecf8005e52319f182d95721be07a749dbf0f0a5b685e0e21867d9849
600,dqn,400,random,heavy,36.89723320158103,154.0,31.116666666666667,66,151,-142.21820455303023,253,102,0,2,0,0,300.0,-29.171875370433554,-19.84528749249948,-81.60104169009719,-11.59999999999999,58,0,253,0,c24ffd48ef8380ffaa1db3ec6edd7b4a7f169ed7263c65cd759dff8faab9de36
601,dqn,569,random,ns_heavy,37.334600760456276,124.5,32.73,64,151,-152.01534175652256,263,112,0,3,0,0,300.0,-30.684375216718763,-22.53929998828753,-88.19166655151639,-10.599999999999994,53,2,263,0,d9ddf450c68fd7bcc1ae2ee7e1b73bf5751435549ce4079fd278f71a88afaae3
602,dqn,42,random,balanced,33.7146017699115,118.0,25.398333333333333,55,151,-126.21209609530197,226,75,0,1,0,0,300.0,-23.810937794158235,-15.433450005350469,-75.96770829579327,-10.999999999999993,55,1,226,0,c59b4cda74a9ff082421aa4a6602efc18f2acf4344a7f7ee1201dbd18b21addf
603,dqn,65,random,ns_heavy,31.228310502283104,122.5,22.796666666666667,58,156,-117.58808767853259,219,63,0,2,0,0,300.0,-21.371875330340117,-14.231837499229734,-72.18437484896276,-9.799999999999997,49,4,219,0,2f6620695537c5d4c628d16d3a167bd4d2b13ca118834fdc9137e318f517efd1
604,dqn,799,random,ew_heavy,36.64661654135338,131.5,32.49333333333333,73,161,-152.73812932024452,266,105,0,2,0,0,300.0,-30.439062678720802,-24.063650016619057,-87.83541662490461,-10.399999999999995,52,2,266,0,3e8c7291d061e50dc5d386ce76937c79568c86c15ab0768cba4e606014344e6c
605,dqn,859,random,balanced,37.796491228070174,130.5,35.906666666666666,69,158,-145.93749151825986,285,127,0,2,0,0,300.0,-33.662500058766454,-23.758324931073734,-77.51666652841959,-10.999999999999993,55,2,285,0,ab3d7081a66f6ae15cff187b09fbe3eee3e1e018cc659850bfa2f8d0301b3fcd
606,dqn,247,random,ns_heavy,38.8188679245283,107.0,34.29,70,159,-131.14700869321103,265,106,0,3,0,0,300.0,-32.14687535376288,-19.416800008823337,-68.38333333062474,-11.199999999999992,56,1,265,0,75df0c7bce323381c22c0eb08f7e34c3bf86a6be1a1f8707454dbbb370ed9761
607,dqn,20,random,low,31.371875,90.5,16.731666666666666,34,121,-94.35576686186181,160,39,0,2,0,0,300.0,-15.685937642818317,-8.318787517397865,-59.75104170164559,-10.599999999999994,53,3,160,0,8d3b6ddf3c071813d242712b96e39f0c1e4031a9aa8f7893e5b53f17313f46aa
608,dqn,30,random,balanced,27.699468085106382,93.0,17.358333333333334,42,135,-95.58275040131481,188,53,0,2,0,0,300.0,-16.273437880561687,-7.806187499030054,-60.9031250217231,-10.599999999999994,53,2,188,0,20d3b9f4d3651c19ca1d6e273db5b161ea1eb951765588fb484dca6c0a017c5b
609,dqn,780,random,low,37.48148148148148,115.5,30.36,68,145,-133.91998746612077,243,98,0,3,0,0,300.0,-28.462500215042382,-20.798112463210412,-73.459374787868,-11.199999999999992,56,1,243,0,30afd889b6ed2e59bb9f6ad6263ab73d55104b051402c9244585735a66b2a2a4
610,dqn,467,random,ns_heavy,35.66267123287671,104.0,34.711666666666666,73,157,-133.3607918267553,292,135,0,3,0,0,300.0,-32.54218781017698,-23.733187476424074,-66.08541654015426,-10.999999999999993,55,0,292,0,ad5f44e4c629ee111562b372b616843bcc4d712b94d93fae8ab0dc377998f549
611,dqn,269,random,low,39.30523255813954,109.5,22.535,44,120,-115.64104194434692,172,52,0,2,0,0,300.0,-21.126562716672197,-13.807187488031191,-69.70729173964355,-10.999999999999993,55,1,172,0,a92f759cf8df5ce533e44ba49037c99e566e08ef975e9d6d7fcb859912a7c5ec
612,dqn,718,random,heavy,35.4875,101.5,28.39,54,156,-115.46608372257539,240,84,0,2,0,0,300.0,-26.615625352133065,-15.035875021144605,-62.214583349297754,-11.59999999999999,58,0,240,0,ed5ad31308ecb6367826ed794a2da0e59bd62f273071ae85fb9c8c6a533811ae
613,dqn,520,random,ns_heavy,27.139204545454547,79.0,15.921666666666667,32,141,-86.86631705464606,176,35,0,1,0,0,300.0,-14.926562917069532,-7.982462492182819,-53.75729164539371,-10.199999999999996,51,5,176,0,6f3a12162302791388f2d88d6e0e8d586db5d6fb0c5f23d02daa1955815e00b0
614,dqn,437,random,left_heavy,29.58371040723982,105.0,21.798333333333332,46,134,-109.39620013647873,221,87,12,15,0,0,300.0,-20.435937665053643,-14.038387497106303,-63.72187497431878,-11.199999999999992,56,1,233,12,1903fc03bbd55c90fbf33e4d191d36eabd68c4b936cefe4faa5497c70225c7ea
615,dqn,93,random,low,32.68834080717489,103.5,24.298333333333332,56,153,-115.28580023471078,223,70,0,1,0,0,300.0,-22.779687807313167,-13.45923751286973,-67.64687491452787,-11.399999999999991,57,1,223,0,152d984021e1f7a679e1f66cf6f9b93abbb37cbd083936665e22d314a126b479
616,dqn,365,random,balanced,27.1125,108.0,25.305,56,162,-107.2511921179379,280,118,0,1,0,0,300.0,-23.723437879933044,-13.164212512517404,-59.16354172548745,-11.199999999999992,56,1,280,0,59a13a434ad644aecef169adaa9ee39d08cd6d9e6a887da1bc456fd640cd8bfb
617,dqn,771,random,left_heavy,19.04787234042553,57.0,11.936666666666667,36,143,-64.50005012570544,188,45,0,3,0,0,300.0,-11.190625155810267,-4.39067499725279,-37.7187499726424,-11.199999999999992,56,3,188,0,e00912487cd57d27215a1b34bfbe7cefbbc681a73edf02a490521a7446a0c3d6
618,dqn,659,random,low,36.467871485943775,112.5,30.268333333333334,59,137,-134.4475584587642,249,112,0,2,0,0,300.0,-28.376562706194818,-20.86578748788233,-74.0052082646871,-11.199999999999992,56,2,249,0,c90522d4a7d2c6f89c67489e38c17062eecc6660c66e5770812fad65a59e80d5
619,dqn,471,random,ns_heavy,21.947089947089946,101.0,13.826666666666666,35,142,-91.21730017955196,189,47,0,2,0,0,300.0,-12.962500235298648,-5.601674996942893,-62.253124947310425,-10.399999999999995,52,3,189,0,df1c5e3ed88b59a04ad05a29e847761c5f5ca9b0e6ac981f4dafab0e96eee400
620,dqn,163,random,ew_heavy,31.324257425742573,101.5,21.091666666666665,46,107,-110.22921267720012,202,95,0,2,0,0,300.0,-19.773437723168172,-13.155775018269921,-65.89999993576203,-11.399999999999991,57,2,202,0,2716f271ab0f9f384865af078d51dcfc728345c7da1f3daa2130bd3732613dcb
621,dqn,638,random,low,32.544117647058826,114.5,25.81833333333333,58,144,-116.48386697194739,238,94,0,1,0,0,300.0,-24.204687890363857,-15.468762518518636,-65.81041656306479,-10.999999999999993,55,2,238,0,28a0a8056b29f521d29f748e7a4b5c827235820e108200200f8fd02caa338b2f
622,dqn,12,random,left_heavy,27.313253012048193,103.5,15.116666666666667,34,116,-89.87460457551569,166,50,0,4,0,0,300.0,-14.171875357045792,-7.7235624889312025,-56.7791667295387,-11.199999999999992,56,1,166,0,b8d2e9ca3c4b726f93b9df1de33b18813e46fc44c42e0299929d927fcae2f264
623,dqn,984,random,ns_heavy,27.85786802030457,84.0,18.293333333333333,40,150,-86.7426168542974,197,47,0,2,0,0,300.0,-17.15000020666048,-7.691574994885743,-50.501041652751155,-11.399999999999991,57,1,197,0,aa30cee95ab1113825f528e4c46d3267c9ad7a4914cbece5481a597fe27290a1
624,dqn,593,random,low,41.20302013422819,134.0,40.928333333333335,84,152,-158.3040168890315,298,146,0,3,0,0,300.0,-38.37031269457657,-28.53891249914232,-80.7947916953126,-10.599999999999994,53,2,298,0,5594f84589d71dac0c130c4b6919abc1a82f72418dbd05032751bd1a82c1b1d1
625,dqn,715,random,ew_heavy,20.721153846153847,64.0,10.775,34,117,-63.94098366360268,156,39,0,1,0,0,300.0,-10.101562739815563,-4.16546249984385,-38.47395842394326,-11.199999999999992,56,1,156,0,6cbfe9321f730df749bbe09d8839912e78dae2198f487d1162355d0b79a8442d
626,dqn,531,random,left_heavy,31.453389830508474,123.0,24.75,53,151,-117.0248418010051,236,85,21,23,0,0,300.0,-23.203125293483026,-16.07067499549375,-66.15104151202831,-11.59999999999999,58,0,257,21,f6cdb3cdc26838ba2150ee64357a1965d7b89642e61be3bc70bc3027ec2ad0ed
627,dqn,348,random,ns_heavy,34.05443548387097,116.0,28.151666666666667,65,157,-127.44573361800354,248,91,0,2,0,0,300.0,-26.39218781760428,-16.58896247405864,-73.06458332634065,-11.399999999999991,57,1,248,0,9cdf569300831fb0b864fbc86a5106a8196701740ad1c54da344573fa4019309
628,dqn,866,random,heavy,24.861581920903955,103.5,14.668333333333333,44,127,-84.0323960846945,177,50,0,1,0,0,300.0,-13.75156276812777,-6.159999996186526,-53.32083332038019,-10.799999999999994,54,2,177,0,14d9507e0db1d2b5520e93a789dff2cc23725763332ca741491ec21efbe00e09
629,dqn,22,random,heavy,21.5,104.0,12.828333333333333,29,146,-82.49324613709835,179,33,0,2,0,0,300.0,-12.026562757906504,-5.127100000231439,-54.93958337896038,-10.399999999999995,52,5,179,0,414d8d9a7520942d3e158b7941d414cc579f5f07b2ceae3d2c2f3ca8e6a86e02
630,dqn,416,random,left_heavy,28.00824175824176,85.0,16.996666666666666,34,123,-92.68002120938107,182,59,16,23,0,0,300.0,-15.934375330223702,-10.11543751481877,-55.630208364338614,-10.999999999999993,55,1,198,16,05eb738634fb18cd6d445e1ee1563b42d90c4cb8de1596522fc512792662513e
631,dqn,733,random,heavy,35.23725490196078,121.5,29.951666666666668,58,142,-129.24540026594556,255,113,0,2,0,0,300.0,-28.07968780840747,-19.575087499051733,-70.1906249584863,-11.399999999999991,57,1,255,0,075dcaae9f12c71ae70dc932494d7226126ec188470383cad968a2fd4b5bc017
632,dqn,787,random,heavy,34.02057613168724,153.0,27.55666666666667,62,157,-128.99302956866958,243,86,0,2,0,0,300.0,-25.834375376463868,-14.748237485530984,-77.01041670667473,-11.399999999999991,57,3,243,0,9f9fa368eff6808cd434e9a744e0f28ceb0716deda49b6c1ae9bc78d43ae8c25
633,dqn,249,random,heavy,40.416666666666664,146.0,41.22666666666667,87,145,-164.5759457483262,306,161,0,4,0,0,300.0,-38.37968745152466,-31.95979994457012,-83.03645835223142,-11.199999999999992,56,1,306,0,25504fe6e5a06f93b238ee0d8549347d22ed482e31c141351c4387fb924ffaf5
634,dqn,18,random,low,38.2454954954955,134.5,28.303333333333335,52,119,-139.0257795326536,222,103,0,2,0,0,300.0,-26.534375357208773,-20.740362510307026,-80.55104166513775,-11.199999999999992,56,1,222,0,315cacc99785eb771aa3614df21b696f38eb706b497a3acae6a15bad25b9cf34
635,dqn,979,random,low,30.717391304347824,117.5,21.195,45,154,-104.8719295124188,207,53,0,2,0,0,300.0,-19.87031275348272,-10.216199996731307,-63.38541676220484,-11.399999999999991,57,1,207,0,602e7c1cec9051e7be11c844781794916887ad52463311b80e61d2b68f1b0378
636,dqn,28,random,left_heavy,16.05688622754491,61.0,8.945,23,122,-55.703045958522864,167,45,1,6,0,0,300.0,-8.385937672690488,-3.1806500019134543,-32.93645828391891,-11.199999999999992,56,1,168,1,1531abfc7d38569d5fa5f9ae8219d804d82062ee5a38e37ae1bffd0c1d4f88ff
637,dqn,807,random,left_heavy,45.21951219512195,159.0,37.08166666666666,79,133,-159.8935460966641,246,113,26,28,0,0,300.0,-34.7640627566725,-29.464899952556152,-84.66458338743541,-10.999999999999993,55,3,272,26,18495bc49f47321300562cf1e93c23d6c1c0765b885c2d3d96d2bd2089e318ca
638,dqn,599,random,low,37.87847222222222,164.5,36.36333333333334,82,161,-161.02714202805865,288,127,0,2,0,0,300.0,-34.09062535362318,-23.347975024198977,-92.98854165023658,-10.599999999999994,53,3,288,0,98db2c5f065a8c39fdb27fe79f003805a6ebf04c5ac4c93f7bbc4731d248004c
639,dqn,3,random,heavy,28.076923076923077,172.5,18.25,34,124,-135.89083365277685,195,71,0,2,0,0,300.0,-17.10937530954834,-11.360625004780744,-96.22083333844785,-11.199999999999992,56,1,195,0,6fe1edf6b3132cde9fc5bc1b9131ea86f3834290f9e65770eecf23033cc3f453
640,dqn,227,random,ew_heavy,28.704954954954953,157.5,21.241666666666667,44,149,-123.4817254138434,222,73,0,2,0,0,300.0,-19.91406282375101,-12.79891249907887,-79.5687500910135,-11.199999999999992,56,2,222,0,90b1002e86e70c5bb80bcf99d87ede7dbdde0c4d98aab4a8ac5899e5fedc1ba6
641,dqn,183,random,low,29.196969696969695,149.5,25.69333333333333,60,155,-138.7994087862098,264,109,0,2,0,0,300.0,-24.08750045252964,-15.425450008596812,-87.88645832508337,-11.399999999999991,57,3,264,0,475cb8dd272a12bc0e2297496e126032ba1c42481da64089f5815708a94ac15b
642,dqn,68,random,ew_heavy,37.47981366459627,163.5,40.22833333333333,81,167,-158.42338783007077,322,155,0,2,0,0,300.0,-37.7140629501082,-26.921824901732176,-82.18749997823033,-11.59999999999999,58,2,322,0,983c67d6219671bc2be21c849a1a434e76217e9755f8a71a421690e4c9f2613f
643,dqn,593,random,low,35.66778523489933,138.5,35.43,72,158,-149.75515847897552,298,140,0,3,0,0,300.0,-33.21562507934868,-23.8155750064172,-81.72395839320961,-10.999999999999993,55,1,298,0,5594f84589d71dac0c130c4b6919abc1a82f72418dbd05032751bd1a82c1b1d1
644,dqn,128,random,heavy,32.95738636363637,119.0,19.335,46,127,-101.07084607220388,176,49,0,2,0,0,300.0,-18.126562715740874,-10.232824980948498,-61.911458375514485,-10.799999999999994,54,1,176,0,540677b01e0e4491cc42e9cf82f1a636feb5f11cbeb4cde73325df938d3348dc
645,dqn,334,random,left_heavy,23.088815789473685,89.5,11.705,25,104,-84.75011269844472,152,48,12,16,0,0,300.0,-10.97343773569446,-6.676675007244194,-56.099999955506064,-10.999999999999993,55,2,164,12,0757a415babd1282529f37f100ee6921b201bcd243fb2a5a4741fca2f4bf1c31
646,dqn,375,random,ns_heavy,29.600746268656717,144.0,26.44333333333333,62,151,-142.79632113589386,268,117,0,2,0,0,300.0,-24.790625257999636,-16.38798752212387,-90.61770835577045,-10.999999999999993,55,3,268,0,4177d0d2747b66881571ee22ce1319b1698431305703d0bb7ce03adbd528ac78
647,dqn,34,random,balanced,33.156370656370655,141.5,28.625,67,164,-128.64482517280342,259,95,0,2,0,0,300.0,-26.83593787124846,-17.79638746823839,-73.21249983331654,-10.799999999999994,54,2,259,0,f73a663e2568ed240bf11c9ed11b57ff90ac2b8da4d5ab4fbd9aafab6d5a041d
648,dqn,338,random,left_heavy,41.74645390070922,154.0,39.24666666666667,72,162,-161.49553770734346,282,120,22,26,0,0,300.0,-36.79375027830247,-29.795537510019503,-83.7062499190215,-11.199999999999992,56,1,304,22,41987b057caafd78df5d21170f8474cd2d995e483de58a569f2d5c9dcbc176ee
649,dqn,612,random,heavy,36.88834951456311,174.0,25.33,58,132,-140.69530865861523,206,74,0,1,0,0,300.0,-23.7468753780704,-14.949475007475845,-90.598958273069,-11.399999999999991,57,2,206,0,e1913591c423689a644dc04aa0e493b241159eb256d9ff7e66338b3f81d74bbe
650,dqn,564,random,balanced,20.19333333333333,89.5,10.098333333333333,26,131,-74.63085019185526,150,19,0,1,0,0,300.0,-9.46718774549663,-3.8980375078725054,-50.465624938486144,-10.799999999999994,54,2,150,0,06eade63226478225f88ab734704adbbe38cefa93b4da25ab48eef3d669e5629
651,dqn,544,random,ns_heavy,22.814903846153847,121.0,15.818333333333333,43,145,-89.33337940035923,208,63,0,3,0,0,300.0,-14.829687760444358,-6.5245250153828245,-57.77916662453208,-10.199999999999996,51,5,208,0,c797c45293170f28793d3e4c89d5238681875dd643237a5fefb1dc99b2ca1cb9
652,dqn,888,random,heavy,21.053030303030305,120.5,9.265,33,96,-85.8632750485311,132,36,0,1,0,0,300.0,-8.685937587171793,-4.014837502430599,-62.962499958928674,-10.199999999999996,51,6,132,0,4e6d169c615b58bb5630512eee77beea3d92debfaf4c060da922ef539f34df02
653,dqn,203,random,ns_heavy,15.433884297520661,54.0,6.225,15,108,-48.39082096444106,121,13,0,1,0,0,300.0,-5.8359376159496605,-1.6840499986814386,-29.670833349809982,-11.199999999999992,56,1,121,0,de2b586f7a33898c22f2d8e2a23f3d0ad4e3154d85a8b586de1d61e68fb65cab
654,dqn,366,random,balanced,32.140845070422536,128.0,22.82,46,122,-122.49819198514093,213,91,0,1,0,0,300.0,-21.393750280025415,-15.678400004820283,-74.42604170029517,-10.999999999999993,55,2,213,0,78551331bd3510eddba1cf38bf24bea2943cdb4eefc800d52ad77e2130f849f8
655,dqn,676,random,balanced,26.70814479638009,76.5,19.675,43,145,-93.66083361812717,221,76,0,2,0,0,300.0,-18.44531268940773,-11.116562516883283,-53.098958411836065,-10.999999999999993,55,4,221,0,3b371675b8f6776880a16342eb83f8d5e5aca890a52b385a24ac45c440a18be0
656,dqn,185,random,ns_heavy,32.78125,118.5,20.98,38,143,-107.81872531482294,192,49,0,1,0,0,300.0,-19.668750282377005,-11.834349988836763,-64.71562504360918,-11.59999999999999,58,1,192,0,dc3b29daab6ea8c192325a3fe4d58ff43a6a46eb4c063b7917410906e7be4cd8
657,dqn,307,random,low,38.65836298932384,185.5,36.21,70,160,-168.73657514349114,281,121,0,3,0,0,300.0,-33.946875090827234,-26.667824996016133,-97.1218750566477,-10.999999999999993,55,2,281,0,0a54e8692d4f2c8b5a14492a137ba29b7781ec15194fd66d370936631ed9ff26
658,dqn,579,random,low,24.333333333333332,71.0,15.573333333333334,38,134,-75.18041676227074,192,58,0,1,0,0,300.0,-14.600000216043554,-6.873124993593228,-42.90729155263398,-10.799999999999994,54,4,192,0,5ebe6f4f7b3264f8eb379ab29028c02f52c58725adbdd7b6e724ed04c9185ff4
659,dqn,713,random,ew_heavy,31.55,123.0,23.136666666666667,48,132,-116.65040458035287,220,88,0,2,0,0,300.0,-21.69062534463592,-13.680612487505279,-70.07916674821172,-11.199999999999992,56,1,220,0,cf06810f86bbfbf5d1fa75f3976f9dd809fd849b3398207e31c95efd63b068f0
660,dqn,3,random,heavy,28.905128205128204,116.0,18.788333333333334,49,127,-106.89211266975404,195,68,0,2,0,0,300.0,-17.614062735112384,-10.059299986399857,-68.01874994824175,-11.199999999999992,56,1,195,0,6fe1edf6b3132cde9fc5bc1b9131ea86f3834290f9e65770eecf23033cc3f453
661,dqn,392,random,low,33.74678111587983,124.5,26.21,65,137,-121.26178760539108,233,96,0,2,0,0,300.0,-24.57187524146866,-16.899287486088724,-68.59062487783376,-11.199999999999992,56,2,233,0,527e8fc76dcb44c3765cba08ec384492787dffa36d908a124634c4f9f5becd42
662,dqn,385,random,low,34.48809523809524,133.0,33.79833333333333,74,156,-147.86537923842195,294,138,0,2,0,0,300.0,-31.685937604284845,-23.184650022643474,-81.79479161149357,-11.199999999999992,56,1,294,0,0b8925119d2c6fccbc76f3474ec3d26d59ce5b4597b767803c16e29f97012a87
663,dqn,320,random,ns_heavy,28.376190476190477,98.5,19.863333333333333,42,154,-90.17540866166892,210,56,0,2,0,0,300.0,-18.621875316952355,-8.498325009435211,-52.05520833528135,-10.999999999999993,55,2,210,0,369ce49c5cf015ff48b3b62a178d177f6836e84570e9aa472b9acda7f487140e
664,dqn,318,random,balanced,33.11067193675889,100.5,27.923333333333332,70,148,-116.57594188274675,253,105,0,2,0,0,300.0,-26.17812522884924,-15.174900035675089,-64.22291661822237,-10.999999999999993,55,3,253,0,bad8acf6ae8bf1d2e297303d4d97064ec72a24903ba76ed52b74cf34cd8221e0
665,dqn,842,random,ew_heavy,17.908906882591094,95.0,14.745,34,137,-86.62431279301101,247,110,0,2,0,0,300.0,-13.823437824146822,-6.0227500014370925,-55.97812496742699,-10.799999999999994,54,2,247,0,18ed906b22b819106e49d7449729119875c8e04b8d60d0cbf98f9f962fdf904f
666,dqn,388,random,ew_heavy,27.818548387096776,104.0,22.996666666666666,51,165,-118.74462096097491,248,83,0,2,0,0,300.0,-21.55937522999011,-13.045662505599472,-73.53958322538529,-10.599999999999994,53,5,248,0,fdf9400b38ceb592768a0eca483fb60f71a2cdd6dab707ce826bd79071d3e3b4
667,dqn,602,random,ns_heavy,34.78219696969697,152.0,30.608333333333334,74,137,-133.17133350580767,264,127,0,2,0,0,300.0,-28.695312706171535,-20.31768745597292,-72.75833334366325,-11.399999999999991,57,3,264,0,c0f401ab8b142d995def02c7ea1d8fa2f258092bf9f89c64bb00a105dd2a6fce
668,dqn,51,random,ew_heavy,21.923728813559322,126.5,12.936666666666667,27,124,-89.60988784140856,177,53,0,3,0,0,300.0,-12.128125277231447,-5.500512508274547,-61.18125005590264,-10.799999999999994,54,4,177,0,d62a0f2a9b85b1016e860b9b7456fc61faa88d2a897b3f57f7cb267c92f99a7f
669,dqn,767,random,ew_heavy,33.47712418300654,167.0,34.14666666666667,69,171,-148.1283294293294,306,135,0,2,0,0,300.0,-32.01250032999087,-21.03353749594754,-84.28229160339106,-10.799999999999994,54,3,306,0,4fd1e08fffd686292138087767907f1916daace6e27a4a56c8b64c470716b45e
670,dqn,555,random,ew_heavy,15.463917525773196,64.5,5.0,11,88,-56.01419180887387,97,9,0,1,0,0,300.0,-4.687500106869265,-1.6256500000796223,-39.30104170192499,-10.399999999999995,52,5,97,0,65de9e6e4b29a0ae1ad00d4e9bdfdb6d62d9a9d8eeeed6a9f8bdd3b820fc4caf
671,dqn,371,random,low,32.74066390041494,119.0,26.301666666666666,56,141,-130.0590044084602,241,100,0,2,0,0,300.0,-24.65781274973415,-18.568900043320905,-75.43229161540512,-11.399999999999991,57,1,241,0,e78d4d6be32a4517b5a6e06e9a8607ce7401e64badd76dad1a1568a3f97abcbf
672,dqn,625,random,ew_heavy,31.26984126984127,126.0,26.266666666666666,65,149,-112.7644751988562,252,103,0,2,0,0,300.0,-24.62500027718488,-13.780099982556566,-63.35937493911479,-10.999999999999993,55,3,252,0,80a38b5911c6d0a6bf280c6d478f40cdde452ac504b09960dfd8a66143adcf61
673,dqn,761,random,heavy,29.261421319796955,134.0,19.215,44,151,-112.68640855446432,197,46,0,1,0,0,300.0,-18.014062816742808,-8.995262492592156,-74.67708324512932,-10.999999999999993,55,3,197,0,d52af69b832aa5c2e6b8af7c2555d06a787ff8dc5e1d10aa98e0c39ae62697fb
674,dqn,750,random,left_heavy,30.711009174311926,89.5,22.325,49,118,-102.46258357386684,218,100,21,25,0,0,300.0,-20.929687761701643,-14.368312477605649,-55.764583334559575,-11.399999999999991,57,4,239,21,1b64a012e291a9b411b497fbb83478547303b51cccd498c331266008cbd14cfa
675,dqn,858,random,balanced,30.719758064516128,105.0,25.395,64,145,-107.72697937622075,248,103,0,3,0,0,300.0,-23.807812720071524,-13.399375009824148,-59.31979164632503,-11.199999999999992,56,3,248,0,f19cf88596ebefd71b3fa3ca381468cead43ba81f08bc25a5deb61e75d99071a
676,dqn,958,random,ew_heavy,37.203125,122.0,27.778333333333332,54,153,-129.684162625399,224,71,0,2,0,0,300.0,-26.04218769806903,-16.704474987470157,-75.73749993985984,-11.199999999999992,56,2,224,0,043ee639e7fd0ff36f953d20624eb5832b01188676cf8cd41c2394d3e0ef1acf
677,dqn,762,random,ew_heavy,26.406077348066297,123.5,15.931666666666667,37,133,-108.29002094121172,181,48,0,2,0,0,300.0,-14.935937675647438,-8.095750003950526,-74.65833326161373,-10.599999999999994,53,3,181,0,d2c486090fb6139f92af8623c33f36410ba043d3a3eb9b0f0f3e876e3b6d60d4
678,dqn,355,random,ew_heavy,35.837899543378995,110.0,26.161666666666665,57,151,-113.48292536515007,219,68,0,2,0,0,300.0,-24.52656275429763,-12.943862524588614,-64.81250008626375,-11.199999999999992,56,1,219,0,5293f30bc2385bd8d7d52ab1786ecc37a67840a2fa644a1a9defb7a36a9e19a3
679,dqn,761,random,heavy,34.766497461928935,94.5,22.83,46,143,-106.18947120535154,197,54,0,1,0,0,300.0,-21.403125366661698,-11.137387496144225,-63.448958342545666,-10.199999999999996,51,4,197,0,d52af69b832aa5c2e6b8af7c2555d06a787ff8dc5e1d10aa98e0c39ae62697fb
680,dqn,657,random,ns_heavy,42.02613240418118,130.0,40.205,77,157,-151.9673962554043,287,130,0,1,0,0,300.0,-37.69218778854702,-26.482500061913008,-76.79270840494428,-10.999999999999993,55,2,287,0,73a6ef24cc3fe187e460186d9e2815836177a8c4bcbcdd1310379f0923040612
681,dqn,327,random,ew_heavy,29.031976744186046,98.0,16.645,38,115,-89.32287935732892,172,57,0,2,0,0,300.0,-15.604687758837827,-9.739024985204738,-53.57916661328636,-10.399999999999995,52,4,172,0,3467bc0f21b9c701fe63a1cfd1e002335ad031bd7302bdcfb6b0257fc1d88879
682,dqn,443,random,ns_heavy,40.5,131.0,34.02,65,153,-149.02311671099375,252,99,0,2,0,0,300.0,-31.893750112736598,-25.309575040594073,-80.61979155766312,-11.199999999999992,56,1,252,0,c8955f5755f69e186fb434f293e477ad1d828e56827deecf501aa36b834ad1e1
683,dqn,9,random,ew_heavy,38.39494163424124,132.0,32.891666666666666,66,147,-134.26227111211406,257,110,0,2,0,0,300.0,-30.835937719093636,-20.330500014712012,-71.89583337830845,-11.199999999999992,56,1,257,0,3b261f67d24bd2225cdaad04dd441765117e5caa5216074c9efa81b6d8eeb2dc
684,dqn,216,random,low,33.24159663865546,96.5,26.371666666666666,69,138,-110.57057956774877,238,100,0,2,0,0,300.0,-24.723437926149927,-14.524225004028269,-60.1229166375706,-11.199999999999992,56,2,238,0,5fedd7b79f7d369520e7ad335de9eaf9ccaaba94ed809313756cc6c05354fe12
685,dqn,134,random,heavy,26.66810344827586,87.0,20.623333333333335,51,155,-94.16937118037534,232,77,0,2,0,0,300.0,-19.33437539578881,-10.207912498478981,-53.42708328610752,-11.199999999999992,56,3,232,0,b0682668f42f500aab9e14c92a5db24bf41a07dc64f61bdc53742cf5bc9665e3
686,dqn,890,random,balanced,21.09893048128342,96.5,13.151666666666667,34,141,-87.2806627134916,187,46,0,3,0,0,300.0,-12.329687728430144,-6.644725005713554,-57.10624997934792,-11.199999999999992,56,4,187,0,42639697277eadb3a3fcf45a08ec388a9cd2fff16aee9832e220ba2325539432
687,dqn,924,random,heavy,37.68780487804878,121.5,25.753333333333334,57,128,-121.62864593620543,205,77,0,2,0,0,300.0,-24.143750203889795,-16.170312515125993,-70.11458321718965,-11.199999999999992,56,0,205,0,9b6eec27a26b21ccef0496efbd61cc72fe29078df874dd406cf43736a66bc0f7
688,dqn,746,random,left_heavy,27.64439655172414,98.5,21.383333333333333,45,141,-110.16298348511405,232,91,6,11,0,0,300.0,-20.04687525902409,-11.773400017468525,-66.74270820862148,-11.59999999999999,58,3,238,6,e5bd9d95d3e7469e395e7d2fc9feb2bc27d7ac0d145e7ac1eb90be4f6cf6aee8
689,dqn,278,random,left_heavy,29.175,113.5,19.453333333333333,40,125,-106.17841681791108,200,75,18,24,0,0,300.0,-18.237500209826976,-12.149249984669586,-64.3916666234145,-11.399999999999991,57,1,218,18,0d9df87051d510fd201a55b836b7b5742bd34e671f50d1b252889259466bcfb0
690,dqn,943,random,left_heavy,32.020242914979754,179.0,26.365,58,153,-135.9911875318728,247,94,1,5,0,0,300.0,-24.717187571222894,-18.661499985120468,-81.4124999755295,-11.199999999999992,56,3,248,1,98eefc3993a016b9fdb6fd910f3b9bb39f576319e2ffe2407a5ff1e9a07ab8bf
691,dqn,238,random,left_heavy,40.43396226415094,157.0,42.86333333333334,87,156,-167.91918789427658,318,162,13,16,0,0,300.0,-40.18437545921188,-32.78793749594988,-83.54687493911479,-11.399999999999991,57,1,331,13,f748d5f0bc5ea8004afb8c602b0504e79f0ec40fbfda428ed9c7783d9663c935
692,dqn,822,random,heavy,30.496,119.0,25.413333333333334,53,152,-121.15930841472807,250,98,0,2,0,0,300.0,-23.82500019867439,-14.529099964218771,-71.20520825183485,-11.59999999999999,58,1,250,0,b2e099c93cf59426c8230cd6781af497c630c32a6b0ee39ed5662c58097e748c
693,dqn,765,random,low,31.70849420849421,112.0,27.375,65,160,-121.32060442801952,259,99,0,2,0,0,300.0,-25.664062778581865,-15.452374989608503,-68.8041666598292,-11.399999999999991,57,0,259,0,289470c55722048a8d03584d7dc81c240083454999921505762960f14c61eceb
694,dqn,918,random,heavy,33.82085561497326,103.5,21.081666666666667,49,123,-105.63530838787413,187,64,0,3,0,0,300.0,-19.76406273304019,-12.225412484932168,-62.24583316990174,-11.399999999999991,57,2,187,0,6577b86280988a85deba2a9663b7f0f5a4dfcc45491b3e526dd927999a4df36c
695,dqn,736,random,ns_heavy,38.45397489539749,118.5,30.635,61,143,-127.56462937291221,239,96,0,2,0,0,300.0,-28.720312792109326,-19.493274987935717,-67.95104159286711,-11.399999999999991,57,1,239,0,7cbe8021828c5803b674e0f650964777d6315455bd0fb02950b8a3f557fbbf92
696,dqn,129,random,left_heavy,38.62138728323699,146.0,44.55166666666667,91,168,-161.85728779798447,346,178,13,18,0,0,300.0,-41.76718781935051,-32.50884996855237,-76.98125001008157,-10.599999999999994,53,2,359,13,4073a805572b0b716bbf6c1b4450a7fa0f76d1fbf10053b5b89a7708e052f884
697,dqn,12,random,left_heavy,29.015060240963855,110.5,16.05666666666667,34,120,-91.0808918770977,166,46,0,4,0,0,300.0,-15.053125299629755,-8.682975002668531,-56.144791574799456,-11.199999999999992,56,2,166,0,b8d2e9ca3c4b726f93b9df1de33b18813e46fc44c42e0299929d927fcae2f264
698,dqn,16,random,left_heavy,28.410526315789475,78.0,17.995,40,125,-90.05526285767627,190,65,1,5,0,0,300.0,-16.870312864426523,-8.813075014367493,-53.37187497888226,-10.999999999999993,55,2,191,1,5a8ec888e3351b72032ef8e54a8be76ff9ff345db081c47bb65f15a4a3394e40
699,dqn,975,random,low,28.957013574660632,109.5,21.331666666666667,56,148,-102.96618774910091,221,73,0,2,0,0,300.0,-19.998437753645703,-10.2677500099373,-61.699999985517934,-10.999999999999993,55,4,221,0,bcd30b0476a4709dd852e4025820417f9ca5684b7a7aeee47237e7117066a146
700,dqn,199,random,ew_heavy,23.070121951219512,97.5,12.613333333333333,36,122,-82.29611693170813,164,42,0,1,0,0,300.0,-11.82500026084017,-5.5513250073832765,-54.11979166348465,-10.799999999999994,54,2,164,0,98a58f09c6027321d14224f2df488058fe7c6afd1319358dd798446bdfff4a8e
701,dqn,844,random,ew_heavy,25.527649769585253,93.5,18.465,41,155,-92.1933459931089,217,62,0,1,0,0,300.0,-17.310937763541006,-9.602199990771624,-55.08020823879633,-10.199999999999996,51,4,217,0,747b89d9d0cb1ab18ed566d5909aa9620a2da301c1e25775ce2eb4ce4398447a
702,dqn,413,random,ns_heavy,30.304945054945055,117.0,18.385,46,112,-103.67837927481382,182,70,0,2,0,0,300.0,-17.235937722958624,-12.125775004622849,-62.71666654723231,-11.59999999999999,58,0,182,0,21cf361e27022d77cc5d8baf0233c1c50cb8e50fa11cc6966b4483128489721d
703,dqn,858,random,balanced,27.284274193548388,124.5,22.555,52,153,-110.77609609136199,248,95,0,3,0,0,300.0,-21.145312769687735,-11.663074995473295,-67.36770832620095,-10.599999999999994,53,3,248,0,f19cf88596ebefd71b3fa3ca381468cead43ba81f08bc25a5deb61e75d99071a
704,dqn,688,random,balanced,38.35221674876847,110.5,25.951666666666668,52,127,-127.01921285072233,203,76,0,1,0,0,300.0,-24.3296877569519,-13.714525013839738,-78.57500007993076,-10.399999999999995,52,4,203,0,85ae0ec7c80ed8590223509ab24d9914156d007ba7c04cae8211240b5a5e6b77
705,dqn,66,random,low,32.535545023696685,119.0,22.883333333333333,55,136,-111.97719194341546,211,75,0,2,0,0,300.0,-21.453125311178155,-12.779274996715683,-66.34479163552169,-11.399999999999991,57,3,211,0,b0b74801081d7a2ae669466a8785222550ef2c686c1796df4de891da310603ff
706,dqn,439,random,ew_heavy,30.309963099630995,123.5,27.38,71,158,-125.26752097858181,271,113,0,2,0,0,300.0,-25.668750253040344,-15.365437509283216,-72.83333321625832,-11.399999999999991,57,1,271,0,e32d6b50a70e0ba21a956f60082ae869ee6761b578bf1cdfa0a617256e64296a
707,dqn,668,random,left_heavy,35.85057471264368,143.5,31.191666666666666,72,141,-146.87240039510056,261,120,3,6,0,0,300.0,-29.24218783795368,-22.317712487251256,-84.11250006989576,-11.199999999999992,56,3,264,3,ed221f78d8886e1ad8228d74436582f2667cc135af7a1975a6d8d152becb285e
708,dqn,514,random,low,29.658536585365855,145.5,24.32,57,152,-122.91711276350323,246,94,0,2,0,0,300.0,-22.800000176997855,-14.960862512441958,-74.55625007406343,-10.599999999999994,53,3,246,0,56d85f0c99e06724eb0f5e9ed76be1b08103135292fceb8102044b7cd2b46cc7
709,dqn,146,random,low,33.30603448275862,133.0,25.756666666666668,51,157,-126.00248342675988,232,75,0,2,0,0,300.0,-24.146875024889596,-15.85352502966198,-75.00208337220829,-10.999999999999993,55,2,232,0,ffaf29ca8651762fd31032234c7453e37d15f731ff060ae8251ffd308b6fc2bd
710,dqn,761,random,heavy,27.15989847715736,102.5,17.835,39,154,-103.55306711422242,197,43,0,1,0,0,300.0,-16.72031268826686,-8.341087504773899,-67.4916669211816,-10.999999999999993,55,4,197,0,d52af69b832aa5c2e6b8af7c2555d06a787ff8dc5e1d10aa98e0c39ae62697fb
711,dqn,695,random,balanced,36.15510948905109,151.5,33.02166666666667,73,156,-151.3629209321268,274,118,0,2,0,0,300.0,-30.957812728127465,-23.974899946367074,-85.43020825763233,-10.999999999999993,55,2,274,0,94ca6bda60dde2e09ad14b2ddac97f5f443cc9a34eeca695a2c59311bf52ee38
712,dqn,71,random,low,35.06751054852321,102.5,27.703333333333333,56,149,-117.16740025697362,237,88,0,2,0,0,300.0,-25.971875380259007,-16.21114999832207,-63.784374878392555,-11.199999999999992,56,2,237,0,45e0571bb397399fef20c12c794c542cfa4cbd2a2584c89c5ef23b9a49245c1f
713,dqn,194,random,low,28.045871559633028,108.0,20.38,42,153,-100.30256695201605,218,65,0,2,0,0,300.0,-19.106250355835073,-10.457775005549054,-59.73854159063194,-10.999999999999993,55,4,218,0,a180e7f579d2a4443db5809f3931ff5ec3573a8019df47c03ab5945fb2d00ba5
714,dqn,679,random,left_heavy,13.753731343283581,77.5,6.15,17,100,-56.08820850075355,134,34,16,21,0,0,300.0,-5.765625147963874,-2.4236249996269166,-37.09895835316274,-10.799999999999994,54,4,150,16,8da9a28253ea8377ab7e3782a50f72ccf79362b65bbec2973e612616dfdf68ae
715,dqn,124,random,low,41.61349693251534,142.5,45.221666666666664,98,159,-170.4538212334694,326,167,0,2,0,0,300.0,-42.395312735810876,-32.231425060304176,-84.8270834373543,-10.999999999999993,55,1,326,0,3b3049cdb02bf9de65995f2d5fae9226452e365e241bcef2f381434543ed3486
716,dqn,49,random,balanced,34.89920948616601,147.0,29.43166666666667,61,163,-131.05639193303293,253,90,0,2,0,0,300.0,-27.59218779532239,-16.19441251429599,-76.4697916234145,-10.799999999999994,54,2,253,0,ce40379bc1b88af8d6013096b2d7539eb8838ebf4276b3eb87f97281156cf0d0
717,dqn,367,random,heavy,40.378246753246756,135.0,41.455,88,155,-164.21610863178356,308,153,0,3,0,0,300.0,-38.8640628173016,-30.387462541040453,-83.76458327344153,-11.199999999999992,56,1,308,0,b832bd9de988279a63337ec4f32da220792aa1c8794fee8fde1614aae91094fc
718,dqn,249,random,heavy,38.19281045751634,151.0,38.95666666666666,77,150,-160.68097097500063,306,156,0,2,0,0,300.0,-36.52187494933605,-31.182012475247763,-81.97708355041686,-10.999999999999993,55,1,306,0,25504fe6e5a06f93b238ee0d8549347d22ed482e31c141351c4387fb924ffaf5
719,dqn,360,random,low,39.65296052631579,171.0,40.181666666666665,80,167,-162.0121043822714,304,137,0,2,0,0,300.0,-37.67031267832499,-26.556374993523058,-86.7854167104233,-10.999999999999993,55,1,304,0,3ac84310f4670bdb914221cb8d2acef68e94ff1262e4805fd8d9ea613f2081e5
720,dqn,723,random,heavy,23.547486033519554,115.0,14.05,37,140,-83.05303351280234,179,39,0,2,0,0,300.0,-13.171875183586963,-5.263450002874739,-54.01770832634065,-10.599999999999994,53,2,179,0,4abf4b44750d94c4486b109d33de84b328493aeccec99f5c6bf369cbbe4a7841
721,dqn,228,random,left_heavy,45.42801556420233,153.0,38.916666666666664,73,142,-174.0015462611381,257,115,21,23,0,0,300.0,-36.48437541350722,-33.16508749968344,-92.95208334794734,-11.399999999999991,57,1,278,21,51cb0111652460bddb6585cb2d1c1d70bb53250acca58465c027400bd03fcdff
722,dqn,684,random,balanced,37.91111111111111,120.0,28.433333333333334,57,131,-123.65859195769451,225,94,0,2,0,0,300.0,-26.656250393833034,-17.398174953369022,-68.2041666104924,-11.399999999999991,57,1,225,0,d7c44b148cbb1a2bfbb98c0e4fcc9853f4cddbf2ff8822998a1c342e4fc3e6a0
723,dqn,588,random,balanced,34.21841155234657,136.5,31.595,64,150,-144.92645453807137,277,127,0,2,0,0,300.0,-29.620312781305984,-22.292599991230965,-81.41354176553432,-11.59999999999999,58,0,277,0,d057c0363e435dfa4098e38fddcaf1ffa0ea589e700f050de5781227fcafa676
724,dqn,406,random,heavy,30.870036101083034,114.5,28.505,75,131,-113.69921721156787,277,146,0,3,0,0,300.0,-26.723437991575338,-17.549737520582134,-58.226041699410416,-11.199999999999992,56,5,277,0,a83a8ea8bbdb6b35a0d6847b65aef215fcc730f7d56bad2b7a801531da04e3c1
725,dqn,114,random,balanced,32.38,100.5,21.586666666666666,46,144,-108.41985443737862,200,56,0,1,0,0,300.0,-20.237500302609988,-11.459437503903612,-65.92291663086507,-10.799999999999994,54,2,200,0,b590d370ce18877d6fbf4b2b3338f3ec117d833b14bf99e6ffae0eac7a90489f
726,dqn,295,random,ns_heavy,28.851111111111113,152.5,21.638333333333332,52,129,-118.06044606611324,225,96,0,2,0,0,300.0,-20.285937703796662,-14.888050005614785,-72.08645835670177,-10.799999999999994,54,3,225,0,9ef5d92f6b6f2baad30530c93a7e1aa558289089166e1bf24d74f5dc794af88b
727,dqn,374,random,heavy,35.4507874015748,131.0,30.015,57,144,-126.29753770967585,254,110,0,2,0,0,300.0,-28.139062765752897,-19.508474981711327,-68.04999996221159,-10.599999999999994,53,1,254,0,f3952a1d9ada462992257be485dfacc7ea30d63bc3030edf8b4479c246a29bce
728,dqn,829,random,heavy,28.26098901098901,108.5,17.145,41,118,-97.94155445330908,182,64,0,1,0,0,300.0,-16.07343778037466,-9.035825019717597,-62.03229165321682,-10.799999999999994,54,3,182,0,9e046489f6908c896e19442aea230335002a8cd15c8b20c6e1b397ecff66f608
729,dqn,1,random,ew_heavy,32.675097276264594,129.0,27.996666666666666,59,140,-123.34381281276438,257,117,2,8,0,0,300.0,-26.24687530915253,-18.853187502354565,-67.44375000125729,-10.799999999999994,54,4,259,2,c76ef13454cae27d63b887f3e6fb2cfc8084b18ef81ac0567e04c63c3f0b38f1
730,dqn,275,random,ns_heavy,36.32065217391305,124.5,22.276666666666667,46,99,-108.56761259960109,184,85,0,1,0,0,300.0,-20.884375153225847,-14.945737501113765,-61.537499945261516,-11.199999999999992,56,1,184,0,4a14ce59eb996a8725d7f0662bb5974b0188150e1bec5be5091b85683e50a778
731,dqn,747,random,balanced,37.842696629213485,136.5,33.68,69,154,-138.6980793235438,267,113,0,2,0,0,300.0,-31.575000238022767,-24.175162522968453,-71.94791656255256,-10.999999999999993,55,1,267,0,74804a03a548692a8ddd1973242a28705a0ba63383f6ecc59deb8eab0d2f0c21
732,dqn,32,random,low,32.8125,110.5,22.75,51,136,-124.53054611864653,208,72,0,2,0,0,300.0,-21.328125346219167,-14.294087490790128,-77.90833328163717,-10.999999999999993,55,3,208,0,761daac37bf13f4ba486534ad3de5d4d4a919b78cea23fa6ffb8d048d2b95e3f
733,dqn,578,random,heavy,20.15267175572519,57.0,8.8,20,117,-57.64694187516211,131,14,0,1,0,0,300.0,-8.250000149128027,-2.5271500059483514,-36.26979172008578,-10.599999999999994,53,1,131,0,3fb3d97f4f19e794a3b84c9febddc58cc132838ba7bb51a913629b75f04fcc9a
734,dqn,248,random,left_heavy,39.06170212765957,148.5,30.601666666666667,66,130,-145.41806268425796,235,105,38,40,0,0,300.0,-28.689062648336403,-23.794625057504895,-81.9343749784166,-10.999999999999993,55,1,273,38,dd141f976319bd4b73fdf4247f113202e4aed763f9f0bacc7eea9039af219c68
735,dqn,467,random,ns_heavy,35.93493150684932,115.0,34.97666666666667,76,158,-138.07932112234272,292,134,0,3,0,0,300.0,-32.76875023415778,-23.79911251078447,-70.31145837740041,-11.199999999999992,56,3,292,0,ad5f44e4c629ee111562b372b616843bcc4d712b94d93fae8ab0dc377998f549
736,dqn,22,random,heavy,20.558659217877096,108.0,12.266666666666667,26,155,-82.05534185332142,179,24,0,2,0,0,300.0,-11.500000235857442,-4.5918000025245425,-55.96354161493946,-9.999999999999996,50,4,179,0,414d8d9a7520942d3e158b7941d414cc579f5f07b2ceae3d2c2f3ca8e6a86e02
737,dqn,241,random,ew_heavy,31.2,109.0,20.28,47,140,-99.02990012139848,195,55,0,1,0,0,300.0,-19.012500271666795,-9.186149989779368,-60.03124985995237,-10.799999999999994,54,3,195,0,7d00af43e066c39c7b77407c6709160b84da65ea09c5731bcb6911c0b85aadaa
738,dqn,811,random,balanced,27.061181434599156,116.0,21.378333333333334,50,147,-99.75509199306326,237,90,0,2,0,0,300.0,-20.042187862913124,-10.530612498912522,-58.182291631237604,-10.999999999999993,55,3,237,0,2ab4c3b5541457b2c16b202f2524e340cb0a85aab8bfad36b2d86bcd3860af69
739,dqn,961,random,balanced,18.948979591836736,82.0,6.19,15,88,-63.890933412828595,98,10,0,1,0,0,300.0,-5.80312512407545,-1.9232249994092843,-45.964583289343864,-10.199999999999996,51,3,98,0,1dc288c1a78226e794609cdb2041557686fa61e30d2571f6aeee9e870b72f8f2
740,dqn,123,random,balanced,17.84234234234234,55.5,6.6033333333333335,18,102,-54.331858444156374,111,9,0,1,0,0,300.0,-6.190625123213977,-1.7360250024248676,-35.80520831851754,-10.599999999999994,53,1,111,0,74a76abc2d6a01ae3d3b512783dfefc6cb6aacccd51deade644c6b990ea6c72c
741,dqn,893,random,left_heavy,47.10137457044674,127.5,45.69833333333333,80,151,-168.30651262864345,291,140,22,28,0,0,300.0,-42.84218764340039,-36.73619995783883,-77.12812502740417,-11.59999999999999,58,0,313,22,ff0fb960405531796ec9661f36f6009064aaca20cda10289c8d6894b15f70efe
742,dqn,974,random,left_heavy,37.38194444444444,113.5,35.89,78,145,-139.81832106699656,288,143,26,29,0,0,300.0,-33.64687538694125,-26.084987496113907,-69.08645818394143,-10.999999999999993,55,2,314,26,abaacb35f2a8ad89c6a8919e3632f72b0f76f64753dfdb3bc716f36d8368ef5f
743,dqn,649,random,left_heavy,40.00440528634361,120.0,30.273333333333333,59,119,-136.33471676894476,227,108,13,17,0,0,300.0,-28.38125009392388,-25.283674964434606,-72.06979171058629,-10.599999999999994,53,1,240,13,61780b7772fd59fd39b86ba6d66c00e6215dea978e94f06b5d2f18cc3be46115
744,dqn,213,random,ns_heavy,28.840425531914892,69.0,18.073333333333334,44,148,-84.84805032454096,188,40,0,1,0,0,300.0,-16.943750308593735,-7.594925006983248,-49.10937500896398,-11.199999999999992,56,5,188,0,42cfa3025fd16c2f82cb50d1fc3de6a579ef9a92eb6d19a20f9f8c596c08c3ca
745,dqn,656,random,balanced,29.422661870503596,97.0,27.27166666666667,57,155,-116.34216699224852,278,123,8,16,0,0,300.0,-25.56718775385525,-17.736437489809035,-61.83854174858425,-11.199999999999992,56,4,286,8,9b194753479a72f895b66521387ec901f19dba31ab1e51a6b4ce9254117bf0b5
746,dqn,307,random,low,38.286476868327405,149.5,35.861666666666665,75,155,-152.46587083969274,281,126,0,3,0,0,300.0,-33.6203125998145,-24.40284999474898,-83.44270824512932,-10.999999999999993,55,3,281,0,0a54e8692d4f2c8b5a14492a137ba29b7781ec15194fd66d370936631ed9ff26
747,dqn,339,random,balanced,41.07943925233645,125.5,43.955,82,148,-160.5381004891554,321,173,0,3,0,0,300.0,-41.20781301881652,-31.93028749993173,-76.59999997040723,-10.799999999999994,54,1,321,0,1ab825ab2115f843b642b7b44f7907d842e1ff14368fe03e57aa282564120324
748,dqn,586,random,heavy,26.06983240223464,74.0,15.555,41,118,-75.57733353860019,179,61,0,2,0,0,300.0,-14.58281280216761,-6.9518124970309145,-43.04270823940169,-10.999999999999993,55,3,179,0,15db437a747aa3b807f6caf74c814338e426fc871cf3f4b7e2f0e0d9f4391f2a
749,dqn,146,random,low,34.07974137931034,128.0,26.355,59,148,-125.17308764492121,232,84,0,2,0,0,300.0,-24.70781264535617,-15.60277500308075,-74.66249999648426,-10.199999999999996,51,2,232,0,ffaf29ca8651762fd31032234c7453e37d15f731ff060ae8251ffd308b6fc2bd
750,dqn,309,random,left_heavy,35.64468864468864,192.5,32.443333333333335,76,136,-149.06262934735057,273,137,24,28,0,0,300.0,-30.415625227382407,-23.349087534924198,-84.097916585044,-11.199999999999992,56,5,297,24,88339736b9ea1f5fa3f386b80ee16586d4a1c8c64218327abb682118630a3a28
751,dqn,943,random,left_heavy,34.99193548387097,169.0,28.93,57,147,-142.65638353004258,248,101,0,3,0,0,300.0,-27.121875246055424,-19.06992499042898,-84.8645832935581,-11.59999999999999,58,2,248,0,98eefc3993a016b9fdb6fd910f3b9bb39f576319e2ffe2407a5ff1e9a07ab8bf
752,dqn,380,random,left_heavy,44.26586102719033,158.5,48.843333333333334,97,155,-181.0590460714719,331,176,33,34,0,0,300.0,-45.790625204797834,-38.29133747793451,-85.37708338873927,-11.59999999999999,58,0,364,33,78c787be44bd489724dc7339cdbb5f107feb0e2cf3b377cdc29afd2205df385e
753,dqn,632,random,ew_heavy,29.06951871657754,149.5,18.12,44,132,-115.51955874349368,187,55,0,1,0,0,300.0,-16.98750028212089,-8.623724994774966,-78.50833346659783,-11.399999999999991,57,4,187,0,c3496f4c81a099e629a6681ef543ec7f56bab4de23f1c2aca7c8564d32e80f4d
754,dqn,105,random,ns_heavy,43.953252032520325,158.5,36.041666666666664,69,143,-152.51015029348852,246,103,0,2,0,0,300.0,-33.78906279767398,-26.477337498957784,-80.84374999685679,-11.399999999999991,57,2,246,0,cdc957e8c82630178e75c8996120b84f788c99b8d09805a5bfb1ccd2f94d9463
755,dqn,721,random,left_heavy,48.98816568047337,153.0,55.196666666666665,96,160,-196.79340445216354,338,178,21,23,0,0,300.0,-51.7468753332505,-46.21423749195879,-87.83229162695352,-10.999999999999993,55,1,359,21,cc3ad764ddbdb9880659e92504901bb49d126eb571502690c8927b572619fc2e
756,dqn,390,random,left_heavy,32.36818181818182,110.5,23.741666666666667,55,128,-115.57822529201586,220,92,19,23,0,0,300.0,-22.25781275110785,-14.489162492828468,-67.03125004807953,-11.79999999999999,59,0,239,19,13685e5a39c2777152cfdb3187b107934b09eaadacdf207b4e1e901cecd4c997
757,dqn,601,random,ns_heavy,41.4811320754717,162.0,36.641666666666666,76,151,-152.76271655784367,265,114,0,2,0,0,300.0,-34.35156248509884,-25.53198748583818,-81.87916658690665,-10.999999999999993,55,2,265,0,b3253fbfbdc1227f2b51d9a588f64899d14b91b8eeccdc55f2fd402dfede82b5
758,dqn,26,random,low,22.470183486238533,102.0,16.328333333333333,47,139,-92.2517836234052,218,79,0,2,0,0,300.0,-15.30781275080517,-7.195012483488247,-58.948958389111795,-10.799999999999994,54,4,218,0,465ddbb95a36545c0936f7dfeae809c800295fd9d226a47c9708ce4fa9e5f480
759,dqn,184,random,ew_heavy,39.32211538461539,140.5,40.895,83,169,-161.03861693988298,312,143,0,2,0,0,300.0,-38.3390627685003,-29.982887449247944,-81.51666672213469,-11.199999999999992,56,1,312,0,739a8c2c86624d6fa1953f2e4f6d735297399b37f404605934aec59ccffa7402
760,dqn,224,random,heavy,29.66393442622951,125.0,18.095,35,136,-116.08533371322055,183,47,0,1,0,0,300.0,-16.96406278933864,-9.31606249006655,-78.60520843381528,-11.199999999999992,56,1,183,0,9b040871f9af2d06f96264f2d947276f00db4f17f1bc49b0778b55f992a1b132
761,dqn,129,random,left_heavy,41.49411764705882,150.5,47.031666666666666,88,166,-167.77757133874204,340,174,19,22,0,0,300.0,-44.09218795003835,-36.18642498189653,-76.69895840680692,-10.799999999999994,54,1,359,19,4073a805572b0b716bbf6c1b4450a7fa0f76d1fbf10053b5b89a7708e052f884
762,dqn,910,random,low,30.82608695652174,107.0,16.543333333333333,40,119,-100.99295430298731,161,42,0,1,0,0,300.0,-15.509375235647894,-9.32628749151554,-65.55729157582391,-10.599999999999994,53,4,161,0,96b3db5e2f8dabfa385af9ce481b8cc9e97ba79c6b712d3666f7d949baf4b42f
763,dqn,507,random,heavy,33.855614973262036,104.0,21.10333333333333,42,124,-107.52075847289889,187,63,0,4,0,0,300.0,-19.78437516663689,-12.481174994263707,-64.05520831199829,-11.199999999999992,56,1,187,0,f0805999d3776909f2137178101023ddd9bbf324562138ab525543cee51929b5
764,dqn,281,random,left_heavy,33.536458333333336,121.0,21.471666666666668,51,131,-119.0920670306172,192,61,20,23,0,0,300.0,-20.12968777946662,-15.336337495581395,-73.02604175556917,-10.599999999999994,53,2,212,20,8bd6c65a86de86842b30c33d09877b6eaaa011887dd182df5ec0c24cf5f61732
765,dqn,245,random,low,21.18661971830986,83.0,10.028333333333334,24,121,-69.38328771829258,142,21,0,1,0,0,300.0,-9.401562708895653,-3.5692250002466577,-45.012500009150244,-11.399999999999991,57,2,142,0,120f6b96eacedd0e49f0f91f6aa6413a0c10d10fc97cdd0ffdee2b36a644ac4a
766,dqn,271,random,low,36.17695473251029,102.5,29.303333333333335,61,146,-121.34284179801837,243,97,0,2,0,0,300.0,-27.471875228220597,-16.77617495383384,-66.09479161596391,-10.999999999999993,55,2,243,0,e3ee40347871f73ec5b88146877b9689ecc977dbdd8fc0e9a01f347929857420
767,dqn,243,random,low,30.610091743119266,125.5,33.365,75,179,-139.56006296641002,327,148,0,3,0,0,300.0,-31.279687910340726,-20.19912498694174,-76.88125006912742,-11.199999999999992,56,4,327,0,53c132128a73a63731a804fff55d1d930685c44ef4546fd3030237b4e593c852
768,dqn,680,random,low,29.01058201058201,72.0,18.276666666666667,42,139,-90.40497526661063,189,50,0,1,0,0,300.0,-17.134375306544825,-8.986225017225662,-53.48437494284008,-10.799999999999994,54,3,189,0,657f77ce38a3debf797ccbb404ae23820a2fb872190e7b314376aea10d0d2adf
769,dqn,546,random,ns_heavy,20.225,97.5,14.831666666666667,32,185,-85.83098358014686,220,35,0,1,0,0,300.0,-13.90468777064234,-5.230462506633192,-55.895833302871324,-10.799999999999994,54,6,220,0,3d67ec0cd17ba769454cdafa6a62d5b6bd58256b6f7748f96903e4ef50a4750b
770,dqn,883,random,low,29.390070921985817,152.5,27.631666666666668,62,150,-137.01057535232025,282,132,1,6,0,0,300.0,-25.90468781546224,-17.499637492690084,-82.20625004416797,-11.399999999999991,57,1,283,1,0f1ec54aca850d0f538d105d10c4ad33d2975d130dbc0d0ce1e6dc705d7bbb0a
771,dqn,825,random,ew_heavy,22.485042735042736,103.0,17.538333333333334,41,155,-89.16047542257361,234,79,0,2,0,0,300.0,-16.442187865730375,-7.933912490323561,-53.784375066519715,-10.999999999999993,55,3,234,0,c62968ea81fdd00e4835c0f5d840523798f9c457b39644cc0d6ec68401d7573d
772,dqn,296,random,balanced,28.11437908496732,100.5,14.338333333333333,30,123,-81.31405019305237,153,30,0,1,0,0,300.0,-13.442187683423981,-5.918737500082349,-50.953125009546056,-10.999999999999993,55,2,153,0,18ac3daa428889b51750b3716f1954a6eba603a86b1e1cf651f77288b01be37c
773,dqn,324,random,ew_heavy,29.36934673366834,90.5,19.481666666666666,42,141,-95.56967529828034,199,58,0,1,0,0,300.0,-18.264062897418626,-9.849362506077883,-56.05624989478383,-11.399999999999991,57,1,199,0,284cd4d299aaa70ea4c8bd5e8634732439118424dfeb963a80c5c7dc90ec09b9
774,dqn,377,random,heavy,15.709677419354838,66.5,6.493333333333333,21,113,-47.975425137993426,124,11,0,1,0,0,300.0,-6.087500143912621,-1.8316750010424587,-29.056249993038364,-10.999999999999993,55,1,124,0,7bcff11eb09ff2ce690e51c25989d988c115b73631a371bd378100dfcbad9919
775,dqn,833,random,balanced,22.62162162162162,85.0,11.16,24,125,-74.58651272841017,148,23,0,1,0,0,300.0,-10.462500242749229,-3.8896374910393217,-48.83437499462161,-11.399999999999991,57,2,148,0,0bb0cf82165322551744f0778fb6fd79a0b1386a9bb9937c8980594715e6733d
776,dqn,715,random,ew_heavy,18.817307692307693,89.0,9.785,31,118,-67.25882931979284,156,38,0,1,0,0,300.0,-9.173437691759318,-3.181224994374495,-43.70416663365904,-11.199999999999992,56,3,156,0,6cbfe9321f730df749bbe09d8839912e78dae2198f487d1162355d0b79a8442d
777,dqn,447,random,ew_heavy,37.348076923076924,167.5,32.36833333333333,71,168,-141.84653370474263,260,92,0,2,0,0,300.0,-30.345312871504575,-19.592887477467595,-80.50833335577045,-11.399999999999991,57,1,260,0,454d144e27bc693fbec17011190ac0eeb328e1147ca57f151f5f7a4ad9dc8962
778,dqn,793,random,left_heavy,33.833333333333336,134.0,26.058333333333334,52,143,-142.04790015140824,231,88,28,30,0,0,300.0,-24.429687690222636,-17.70571250288558,-88.91249995830003,-10.999999999999993,55,3,259,28,499e1729ad711a6518186e39b3ba80ef46ef02099547306eb929ff347690c076
779,dqn,624,random,ns_heavy,21.62874251497006,87.5,12.04,40,133,-77.34949606244115,167,34,0,2,0,0,300.0,-11.287500233855098,-4.0599125026179514,-50.602083325968124,-11.399999999999991,57,4,167,0,94a11bf2d7252ac722ef0bfd76ed5bb2828e729d18e7d06f83d17250af5832c9
780,dqn,614,random,heavy,34.94736842105263,163.5,26.56,56,139,-142.39523769009026,228,89,0,2,0,0,300.0,-24.900000245077536,-18.920237464291134,-87.17499998072162,-11.399999999999991,57,1,228,0,5f6afc00399cb94289175238e2fc6f2c37f5dd6d1c12da6b8a12bd3c15c994dd
781,dqn,732,random,balanced,38.61282051282051,120.0,25.098333333333333,52,114,-128.4865419984002,195,81,0,2,0,0,300.0,-23.529687769711018,-18.065187530908588,-75.4916666977806,-11.399999999999991,57,1,195,0,870002afedfe01785bba24bf53e8ec1c1e8793ca7c50c1e6295716efade2d3b4
782,dqn,179,random,low,33.99300699300699,113.5,32.406666666666666,72,145,-138.1139711300268,286,141,0,2,0,0,300.0,-30.381250318489037,-20.524387487897904,-76.00833332363982,-11.199999999999992,56,2,286,0,dd005d4ddddd10f98a84b3fba362bf43ac73f439c1a802364a3e50716a075303
783,dqn,656,random,balanced,26.48049645390071,89.5,24.901666666666667,51,156,-108.5948336799724,282,126,4,14,0,0,300.0,-23.345312832971103,-15.872437534071652,-57.97708331292961,-11.399999999999991,57,4,286,4,9b194753479a72f895b66521387ec901f19dba31ab1e51a6b4ce9254117bf0b5
784,dqn,181,random,heavy,32.02131782945737,161.5,27.538333333333334,56,164,-131.91782117923364,258,94,0,2,0,0,300.0,-25.817187798791565,-14.47979999989839,-80.42083338054363,-11.199999999999992,56,1,258,0,7cac1cfbc1518dee4b3cb703e0ff1c9c8eb812d8e88d10f315f22fd693a938f7
785,dqn,99,random,low,31.830708661417322,108.0,26.95,55,155,-111.96837962981728,254,99,0,2,0,0,300.0,-25.265625413041562,-13.773587512895029,-61.729166703880765,-11.199999999999992,56,0,254,0,4fb2282668c21a874e555847e3569a83d62d90bebe853d66d5ccf7453cc18271
786,dqn,758,random,heavy,26.817948717948717,94.0,17.433333333333334,43,137,-87.01561291328174,195,58,0,1,0,0,300.0,-16.34375035436824,-8.374987506829347,-51.096875052084215,-11.199999999999992,56,4,195,0,300d15743dc7e720898b765dc5ee599de9a47aacdd7eed3d7130c286d3497dc0
