episode,controller,seed,traffic_scenario,realized_scenario,avg_waiting_time,max_waiting_time,avg_queue,max_queue,throughput,episode_reward,departed,unfinished,pending,max_pending,collisions,teleports,duration,reward_queue,reward_waiting,reward_max_waiting,reward_switching,phase_changes,forced_changes,scheduled,not_inserted,route_sha256
1,dqn,134,random,heavy,30.073275862068964,95.0,23.256666666666668,57,167,-150.72642520928287,232,65,0,2,0,0,300.0,-21.803125193342566,-11.548300039572496,-62.37499997636769,-55.0,55,1,232,0,b0682668f42f500aab9e14c92a5db24bf41a07dc64f61bdc53742cf5bc9665e3
2,dqn,129,random,left_heavy,42.76384839650146,112.0,48.89833333333333,104,178,-211.78943387125125,343,165,16,20,0,0,300.0,-45.757812861236744,-36.982662571914965,-74.04895843809936,-55.0,55,1,359,16,4073a805572b0b716bbf6c1b4450a7fa0f76d1fbf10053b5b89a7708e052f884
3,dqn,798,random,ew_heavy,21.711656441717793,76.5,11.796666666666667,25,143,-119.5178043265368,163,20,0,1,0,0,300.0,-11.059375202748924,-4.548012497765741,-48.9104166260222,-55.0,55,0,163,0,29c7427026772cee900c4a8db273955ffad288a3575959829cf4b9ff2db78d9b
4,dqn,500,random,left_heavy,37.43438914027149,136.0,27.58,65,144,-172.65797529055337,221,77,6,8,0,0,300.0,-25.856250245007686,-19.551725056139546,-70.2499999894062,-57.0,57,0,227,6,960b4f8a37cb30f594872518b915d2fb88deaa3f72f1f908eb3f62285d674c15
5,dqn,591,random,balanced,33.089473684210525,89.0,20.956666666666667,67,135,-140.39927528729234,190,55,0,2,0,0,300.0,-19.59062522451859,-12.324274976975712,-53.48437508579809,-55.0,55,1,190,0,e84ee16807ff7b35ab28cb371015d08f8d4773b76a2d47e92baa58b30e7852b0
6,dqn,602,random,ns_heavy,59.38636363636363,166.0,52.26,129,122,-238.34445830108464,264,142,0,2,0,0,300.0,-46.959374992293306,-41.96737495413757,-93.41770835465286,-56.0,56,1,264,0,c0f401ab8b142d995def02c7ea1d8fa2f258092bf9f89c64bb00a105dd2a6fce
7,dqn,713,random,ew_heavy,36.55681818181818,103.5,26.808333333333334,62,134,-161.89993777178816,220,86,0,2,0,0,300.0,-25.1328127537854,-15.99525001779329,-64.77187500020955,-56.0,56,0,220,0,cf06810f86bbfbf5d1fa75f3976f9dd809fd849b3398207e31c95efd63b068f0
8,dqn,29,random,low,34.99441340782123,99.5,20.88,58,125,-147.1322625917309,179,54,0,1,0,0,300.0,-19.575000173645094,-11.694762517690831,-59.86249990039505,-56.0,56,1,179,0,99f2846174037385b882a4c714e8234606c6ee9e277f5812400eb4ce8dda25be
9,dqn,486,random,ew_heavy,43.33712121212121,117.5,38.13666666666666,93,134,-190.600020945329,264,130,0,3,0,0,300.0,-35.57656260463409,-27.587000036519747,-69.43645830417518,-58.0,58,0,264,0,c48174d291d4179fa2478861367ed6d97846c57069e05b161ba92a842ac12403
10,dqn,148,random,balanced,38.99579831932773,130.0,30.936666666666667,80,162,-192.0264792697905,238,76,0,1,0,0,300.0,-29.003125295159407,-21.55668746558295,-84.46666650904808,-57.0,57,1,238,0,c7c282b923a371314d119956770922f3bf09aeabf5f788ce7b2f6677b27ee084
11,dqn,402,random,heavy,46.55,156.0,38.791666666666664,78,138,-216.9562753212399,250,112,0,2,0,0,300.0,-36.27812540414743,-30.593774995113943,-94.08437492197845,-56.0,56,0,250,0,b4d3738f6a03ae53104a3ed6b4190a7681bbaf9751c2281a04491b807446e099
12,dqn,929,random,ns_heavy,44.41428571428571,129.5,36.27166666666667,93,149,-188.2926793140978,245,96,0,1,0,0,300.0,-33.9906251472421,-25.263512493522285,-73.03854167333338,-56.0,56,0,245,0,d48f50c6fa3bb045ccec665368436929f18911df8bf3875923baf3765bb1fb0b
13,dqn,548,random,ew_heavy,47.25,123.5,39.375,88,141,-187.67668734422833,250,109,0,2,0,0,300.0,-36.91406240488868,-27.600124961016267,-66.16249997832347,-57.0,57,0,250,0,646ac64f80e222ddf12fcb6ab91e240994180b91884f1d6cfea08cfe1560475a
14,dqn,71,random,low,39.42194092827004,128.5,31.145,63,156,-190.52957121392984,237,81,0,2,0,0,300.0,-29.198437835322693,-22.07280001724866,-84.25833336135838,-55.0,55,0,237,0,45e0571bb397399fef20c12c794c542cfa4cbd2a2584c89c5ef23b9a49245c1f
15,dqn,543,random,heavy,39.95106382978724,120.0,31.295,82,149,-176.78879168262947,235,86,0,2,0,0,300.0,-29.339062593411654,-21.042437495954797,-71.40729159326293,-55.0,55,1,235,0,c3cd059b242498ca61648937ede582f3b51e75a788a2239a9d29b628b8ed7181
16,dqn,130,random,heavy,37.97409326424871,107.0,24.43,59,136,-155.95602516280061,193,57,0,1,0,0,300.0,-22.903125205775723,-13.959150017909998,-62.09374993911479,-57.0,57,0,193,0,51b1e36fbfc2726b213e586673a5fe48716b975b8cacc99f3a3b6e9d70bcd7e8
17,dqn,755,random,ew_heavy,40.547872340425535,124.5,38.115,80,158,-190.37977507423554,282,124,0,1,0,0,300.0,-35.58125013613608,-25.27040000438646,-72.52812493371312,-57.0,57,0,282,0,f88efc6a728ad30457ebce74b3b137f6c823d28eb0bd9b2c06b5f5d2ab811e56
18,dqn,949,random,ew_heavy,36.75,126.5,20.58,44,119,-164.22958346594163,168,49,0,1,0,0,300.0,-19.293750239768997,-11.918124976200486,-78.0177082499722,-55.0,55,0,168,0,703ee376114a7c7abb2160b06a8f3610e50c4e634b04efdb1afbe22a2df83452
19,dqn,980,random,ns_heavy,30.475206611570247,109.0,24.583333333333332,61,144,-163.33338767304588,242,98,0,2,0,0,300.0,-23.046875292202458,-16.808387490716264,-66.47812489012722,-57.0,57,1,242,0,4c9d7e87285867d6a9a753d82b13571ed5d80ee70085b3d88a02794fa5926c2f
20,dqn,622,random,ew_heavy,30.124378109452735,109.5,20.183333333333334,56,139,-144.3475458966663,201,62,0,2,0,0,300.0,-18.921875137719326,-11.96421250701897,-58.46145825192798,-55.0,55,3,201,0,f857ae1374219d6abf0d7e86b50ef163a7afebca8ea1020202c6825d749e6b7a
21,dqn,869,random,left_heavy,43.76744186046512,167.5,25.093333333333334,55,101,-191.25904574569293,172,71,29,32,0,0,300.0,-23.524999919114634,-23.59758753490605,-87.13645829167217,-57.0,57,1,201,29,669dde01be600da2425b46495eb40602bb99322cb610fc14830cbdf8a0934380
22,dqn,369,random,heavy,34.59316770186335,106.5,18.565,49,114,-149.44772511881666,161,47,0,1,0,0,300.0,-17.40468765120022,-9.364912486033424,-66.6781249815831,-56.0,56,0,161,0,67eeecdae59adbe12f4e9de7e3fac91ea4c1f6e9cd0b93d317efbd7baf1d2122
23,dqn,146,random,low,32.77370689655172,113.0,25.345,59,162,-162.2517086800726,232,70,0,2,0,0,300.0,-23.760937788523734,-16.088687503368416,-67.40208338818047,-55.0,55,0,232,0,ffaf29ca8651762fd31032234c7453e37d15f731ff060ae8251ffd308b6fc2bd
24,dqn,512,random,ew_heavy,29.41194968553459,107.0,15.588333333333333,38,117,-145.65462914188464,159,42,0,1,0,0,300.0,-14.61406259832438,-9.79264997677019,-65.24791656679008,-56.0,56,1,159,0,c87a2bd55d730bda380661d0caad3f9440fc83abab40eb683676cdceea05e066
25,dqn,444,random,heavy,42.33466135458168,142.5,35.42,74,144,-192.42787095870798,251,107,0,2,0,0,300.0,-33.16093760356307,-28.21797498782615,-74.04895836731885,-57.0,57,0,251,0,ce33ce1144962693e1a066ec106f97caacb2d22b88aec8cddcb42b2b68d12425
26,dqn,663,random,low,25.66060606060606,82.0,14.113333333333333,34,132,-128.4708750561659,165,33,0,1,0,0,300.0,-13.23125024989713,-6.189625009134036,-54.04999979713466,-55.0,55,0,165,0,3b5ee66c7f41b9833dc6deced150cab7482bfe1f5c66c422adf9764a1378d989
27,dqn,995,random,heavy,47.079804560260584,105.5,48.178333333333335,109,156,-212.75392104102798,307,151,0,2,0,0,300.0,-45.165625208755955,-38.279962560506824,-73.30833327176515,-56.0,56,1,307,0,e4e5d3ec01a2cc85e504a9a5cb38abf5ccc927c9b955358cfad846cbd1e1660c
28,dqn,276,random,left_heavy,36.49311926605505,138.0,26.52166666666667,57,145,-189.21227938091693,218,73,28,32,0,0,300.0,-24.86406267352868,-22.265925016173426,-86.08229169121478,-56.0,56,0,246,28,b79a9852ce8f7681442923caf49deec4cce464cd351db464d562b99c28338fc2
29,dqn,856,random,ew_heavy,28.754347826086956,128.0,22.045,62,167,-162.2530628180139,230,63,0,1,0,0,300.0,-20.667187877115794,-12.532750015194322,-73.05312492570374,-56.0,56,0,230,0,99abb64332df91843ef6542d2437b4676f52bc387d1c4cc5767060e30099c22e
30,dqn,138,random,left_heavy,45.36524822695036,172.5,42.64833333333333,91,152,-216.8371960958496,282,130,17,20,0,0,300.0,-39.98281271208543,-34.48042496538545,-85.3739584183786,-57.0,57,2,299,17,6ad1b02ff207613328c9aaf805a780899669394701afd47bf9ea255c00b3ed04
31,dqn,348,random,ns_heavy,40.29838709677419,116.5,33.31333333333333,82,157,-177.09159618226764,248,91,0,2,0,0,300.0,-31.231250207289122,-22.198887565936456,-68.6614584090421,-55.0,55,0,248,0,9cdf569300831fb0b864fbc86a5106a8196701740ad1c54da344573fa4019309
32,dqn,789,random,left_heavy,40.6875,139.5,22.786666666666665,53,103,-173.84950008940933,168,65,27,30,0,0,300.0,-21.362499942770228,-18.924499990875486,-78.5625001557637,-55.0,55,0,195,27,5296a343a29010c66e5e67446e63eaaa98fd13c130f2c888a8271ae188733afa
33,dqn,248,random,left_heavy,43.072649572649574,122.0,33.60166666666667,74,127,-201.55957112216643,234,107,39,43,0,0,300.0,-31.50156272260938,-29.143424982319246,-84.91458341723774,-56.0,56,1,273,39,dd141f976319bd4b73fdf4247f113202e4aed763f9f0bacc7eea9039af219c68
34,dqn,671,random,ns_heavy,38.98026315789474,154.5,49.375,124,191,-221.8954418754826,380,189,0,3,0,0,300.0,-46.27812525432091,-36.02565002643166,-82.59166659472976,-57.0,57,0,380,0,706760fa2a1a3430f5af21515449a679c7fee18faac867d400ea146afa62a83a
35,dqn,459,random,ew_heavy,29.660714285714285,128.5,16.61,38,131,-156.69330421261472,168,37,0,1,0,0,300.0,-15.571875211666338,-9.901637479979398,-76.21979152096901,-55.0,55,1,168,0,161e122cd36b185b56f0146f7cdf92e4569f652ce1e043dc29fc6059bc396ed5
36,dqn,513,random,low,19.944805194805195,61.5,10.238333333333333,28,138,-106.28667529256415,154,16,0,1,0,0,300.0,-9.598437755834311,-3.388237499430397,-38.30000003729947,-55.0,55,1,154,0,263f5dd8ac9e55331685168619f5fd1242f50500941a0f59160f9dbdd7a0b138
37,dqn,942,random,low,45.29644268774704,120.5,38.2,92,129,-190.73698733665444,253,124,0,2,0,0,300.0,-35.47656252223533,-30.466674966387657,-68.79374984803144,-56.0,56,1,253,0,40e5f3b5b2da6bdbe673b51b6a8fadaecc4c3e4bde8404e96009198830cad1b0
38,dqn,817,random,heavy,33.89519650655022,131.0,25.873333333333335,72,162,-162.736817092989,229,67,0,2,0,0,300.0,-24.256250357721,-14.223274976718672,-69.2572917585494,-55.0,55,0,229,0,1e81a63a7ec4ff91033d324721fc6ecdc883aa158673ee3d508d88097636ed38
39,dqn,840,random,ns_heavy,35.17054263565891,105.0,30.248333333333335,58,161,-175.85072927854267,258,97,0,2,0,0,300.0,-28.357812577392906,-19.923125035267,-72.5697916658828,-55.0,55,0,258,0,6b5270acb9debb55a651c9b7322a7719bee806ec6113f98c4d5d2be473117da1
40,dqn,550,random,low,46.85085227272727,113.0,54.971666666666664,119,164,-216.07308755960258,352,188,0,4,0,0,300.0,-50.87656255974434,-39.805900003000666,-71.39062499685679,-54.0,54,0,352,0,f661b6c7bd5af3949de1e6128f2f7a19958ba666b968fd18b00094fa9d753041
41,dqn,983,random,ew_heavy,28.244791666666668,91.0,18.076666666666668,40,154,-142.12807110792286,192,38,0,1,0,0,300.0,-16.9468751688255,-8.994737495223676,-61.18645844387356,-55.0,55,1,192,0,9e5fe2c537204719497dc9ab75dbe21de53c4412e56aa0b0729522739bc96801
42,dqn,981,random,left_heavy,31.979768786127167,146.0,18.446666666666665,46,134,-174.60935041432762,173,39,18,21,0,0,300.0,-17.293750300770625,-16.553099997770193,-84.76250011578668,-56.0,56,1,191,18,6798af32a234420cbb9ebec20d1ada5ede8ec844dda82686185023b836b53de5
43,dqn,136,random,low,26.567901234567902,116.5,14.346666666666666,32,117,-139.10860445371299,162,45,0,1,0,0,300.0,-13.450000218581408,-7.25756250703635,-61.40104172809515,-57.0,57,0,162,0,cc4738d817001dfa102fdb5abbf4140f22640a43309ace22e0c91454a3b7006b
44,dqn,205,random,left_heavy,41.88085106382979,144.0,32.81,71,150,-190.58958794463624,235,85,19,23,0,0,300.0,-30.759375417837873,-25.145837479463804,-78.68437504733447,-56.0,56,2,254,19,89af6512ac5f388c5f51946375b1edc3904205886e6b5fc65b8893d1fc3de4ac
45,dqn,309,random,left_heavy,39.27205882352941,137.0,35.608333333333334,75,147,-190.13304591862024,272,125,25,29,0,0,300.0,-33.38281272770837,-26.910650003897164,-74.8395831870148,-55.0,55,1,297,25,88339736b9ea1f5fa3f386b80ee16586d4a1c8c64218327abb682118630a3a28
46,dqn,554,random,left_heavy,41.04365079365079,136.5,34.48166666666667,79,143,-209.226575517386,252,109,23,28,0,0,300.0,-32.326562819303945,-33.52501256315665,-89.37500013492536,-54.0,54,1,275,23,1357acea26deba285d711896a9b91cedb2815e1276744ee5a2d0c94f1f8b40af
47,dqn,824,random,low,18.277372262773724,52.5,8.346666666666666,23,117,-98.88313763474072,137,20,0,1,0,0,300.0,-7.825000106589869,-2.2643874968816813,-32.793750031269155,-56.0,56,0,137,0,1e666f71c49f4fccb3c6f865600811d72623c1fb13fd0f714655ae4365d97dfe
48,dqn,484,random,low,38.89705882352941,90.5,39.675,101,183,-180.81267912191905,306,123,0,2,0,0,300.0,-37.18593754386529,-25.906949984441596,-64.71979159361217,-53.0,53,0,306,0,66a06c324a08c2d91bd4e7d9150bcb3a6c8c0593a0d0672f70e79872c7f0df23
49,dqn,984,random,ns_heavy,24.190355329949238,76.5,15.885,41,171,-124.73737522321541,197,26,0,2,0,0,300.0,-14.892187729012221,-5.801437490640823,-49.04375000356231,-55.0,55,0,197,0,aa30cee95ab1113825f528e4c46d3267c9ad7a4914cbece5481a597fe27290a1
50,dqn,354,random,heavy,48.91803278688525,146.5,39.78666666666667,99,112,-212.54795830528124,244,132,0,2,0,0,300.0,-37.13750009879004,-31.295874972537437,-88.11458323395345,-56.0,56,0,244,0,b8276afebc9d656a9aa59d2fb010a09cbab1acd37d182a783ae154a5d078d94f
51,dqn,929,random,ns_heavy,39.881632653061224,124.0,32.57,89,156,-187.638775194219,245,89,0,1,0,0,300.0,-30.534375224728137,-20.95440004304183,-79.1499999264488,-57.0,57,0,245,0,d48f50c6fa3bb045ccec665368436929f18911df8bf3875923baf3765bb1fb0b
52,dqn,592,random,ew_heavy,41.54188481675393,119.5,26.448333333333334,64,120,-184.47807510051715,191,71,0,1,0,0,300.0,-24.79531255015172,-18.3421375039623,-84.34062504640315,-57.0,57,1,191,0,fc5990c7c3974eef8c10891ffc49d85cc2a8a12c0570c07a57dc7a3a8fd8ca97
53,dqn,721,random,left_heavy,52.384502923976605,131.5,59.725,105,161,-250.04630418218105,342,181,17,23,0,0,300.0,-55.304687534691766,-50.03432497676243,-87.70729167072568,-57.0,57,1,359,17,cc3ad764ddbdb9880659e92504901bb49d126eb571502690c8927b572619fc2e
54,dqn,236,random,left_heavy,45.10655737704918,166.5,45.858333333333334,84,167,-226.47445012137814,305,138,26,29,0,0,300.0,-42.992187615367584,-40.72913747336708,-86.75312503264286,-56.0,56,1,331,26,ab1aab22b4ed6b318dca00230a5c2e9db3f1c33ba46a968d3113c4e276bc7bed
55,dqn,593,random,low,42.03691275167785,131.5,41.75666666666667,104,181,-201.94012945857762,298,117,0,3,0,0,300.0,-38.64843772712629,-25.734400016394652,-82.55729171505664,-55.0,55,1,298,0,5594f84589d71dac0c130c4b6919abc1a82f72418dbd05032751bd1a82c1b1d1
56,dqn,803,random,low,39.0,127.5,28.6,74,146,-177.6997210403693,220,74,0,2,0,0,300.0,-26.812500252737664,-17.857012467624003,-77.03020832000766,-56.0,56,0,220,0,e1fdabb92f5978647a9b43b726f84003aca81e21a1947469dac88f7f7953d5bd
57,dqn,887,random,low,27.492537313432837,67.5,12.28,28,107,-117.41992525978858,134,27,0,1,0,0,300.0,-11.51250023744069,-4.669924998669013,-45.23750002367888,-56.0,56,1,134,0,9087c2372ee15534ced63c71443cb1f742e1470de67ee652784e2e8367b58c2d
58,dqn,868,random,ew_heavy,39.71604938271605,123.0,32.17,68,153,-180.23040850786572,243,90,0,2,0,0,300.0,-30.15937516640406,-25.484575047158433,-68.58645829430316,-56.0,56,0,243,0,356cce90109d948bb459a63296dc214759cde4e9e49cb41bd94a80c455c5f097
59,dqn,968,random,ew_heavy,30.873931623931625,124.5,24.083333333333332,70,157,-152.6809043214809,234,77,0,2,0,0,300.0,-22.56250013865065,-13.0173625057716,-62.101041677058674,-55.0,55,0,234,0,949a492d2d25197834713041ce2c0e9f66ccb4d0514bb39bb6dc94cbcbe5a88e
60,dqn,129,random,left_heavy,41.92363112391931,142.0,48.501666666666665,98,175,-211.82045442483036,347,172,12,18,0,0,300.0,-45.376562812249176,-37.20222501002787,-76.24166660255287,-53.0,53,0,359,12,4073a805572b0b716bbf6c1b4450a7fa0f76d1fbf10053b5b89a7708e052f884
61,dqn,779,random,heavy,35.673228346456696,141.5,30.203333333333333,69,146,-183.82847128249918,254,108,0,1,0,0,300.0,-28.31562529411167,-20.707637513407825,-78.80520847497974,-56.0,56,1,254,0,e010864651df7ae38e15ff2883f3fce19930afd969c026375cd08e8f413b0a46
62,dqn,468,random,balanced,36.88625592417062,116.0,25.94333333333333,54,136,-177.7741584328242,211,75,0,2,0,0,300.0,-24.321875224704854,-19.031449957029693,-80.42083325108979,-54.0,54,1,211,0,9c0f95dd614d5538632b989e79bc5ec7771e4bb0a661e877ce54e12fd5d54086
63,dqn,686,random,low,23.181818181818183,112.5,11.051666666666666,31,117,-121.517216878607,143,26,0,1,0,0,300.0,-10.360937715973705,-5.2864874949576945,-50.8697916676756,-55.0,55,0,143,0,722cede8ed78161b2108e950f8b41e8b1fe1c9c949e85301c4d9e3622da2b298
64,dqn,278,random,left_heavy,33.70663265306123,146.5,22.025,50,131,-176.16994996502382,196,65,22,26,0,0,300.0,-20.64843761001248,-17.230887454872573,-83.29062490013894,-55.0,55,2,218,22,0d9df87051d510fd201a55b836b7b5742bd34e671f50d1b252889259466bcfb0
65,dqn,15,random,low,35.02577319587629,132.5,22.65,50,128,-175.1543668909807,194,66,0,2,0,0,300.0,-21.234375108149834,-19.000200001836504,-78.91979178099427,-56.0,56,0,194,0,cabf4192916bc2404dd1bb5fe3e23be13423c7bb57f8c58240deccb4a48ae5d2
66,dqn,84,random,left_heavy,38.322525597269625,121.5,37.428333333333335,80,160,-186.7066293225514,293,133,0,3,0,0,300.0,-35.089062754181214,-26.61964996432725,-69.99791660404298,-55.0,55,0,293,0,bb30c30c3d85602e55b3964bfc5189f88f1a0db34181038425309aadbf94f8ab
67,dqn,973,random,ns_heavy,32.50837988826816,121.0,19.39666666666667,53,120,-156.2818543362862,179,59,0,2,0,0,300.0,-18.18437520239968,-11.971437472986151,-68.12604166090023,-58.0,58,1,179,0,6b170c37addbd337fa90e669cedaad91e4a221756d921c59f102ca2b7d3912d7
68,dqn,896,random,left_heavy,40.54020979020979,162.0,38.653333333333336,73,176,-215.51778337151842,286,110,11,15,0,0,300.0,-36.23750018503051,-33.09069995327955,-90.1895832332084,-56.0,56,0,297,11,7f4c4c5662e7293d786a0f1992f6a7b171c963ab4b60886e9738179fb962b533
69,dqn,304,random,heavy,44.0,110.5,38.86666666666667,97,146,-195.15614205595557,265,119,0,2,0,0,300.0,-36.32031285879202,-27.50353754506432,-73.33229165209923,-58.0,58,0,265,0,c7e37714438630ea82d223a5efff6d5576298d80c5476e1fb6c5162b24295574
70,dqn,430,random,balanced,43.619565217391305,146.5,40.13,75,130,-217.76187940729216,276,146,0,2,0,0,300.0,-37.621875248500146,-36.46396249458557,-87.67604166420642,-56.0,56,1,276,0,4eb5dde2aa37490fe197326854941b580f997feda81622c6997cc3e8fe1aff00
71,dqn,241,random,ew_heavy,26.98205128205128,100.5,17.538333333333334,38,152,-143.19121275837466,195,43,0,1,0,0,300.0,-16.442187756765634,-7.739649996929073,-63.009375004679896,-56.0,56,0,195,0,7d00af43e066c39c7b77407c6709160b84da65ea09c5731bcb6911c0b85aadaa
72,dqn,148,random,balanced,31.256302521008404,96.5,24.796666666666667,57,178,-151.32901292477106,238,60,0,1,0,0,300.0,-23.246875382377766,-12.563387486583816,-59.518750055809505,-56.0,56,2,238,0,c7c282b923a371314d119956770922f3bf09aeabf5f788ce7b2f6677b27ee084
73,dqn,858,random,balanced,35.98588709677419,106.5,29.748333333333335,64,136,-178.25229184962,248,112,0,3,0,0,300.0,-27.889062599628232,-21.646562499265563,-71.71666675072629,-57.0,57,1,248,0,f19cf88596ebefd71b3fa3ca381468cead43ba81f08bc25a5deb61e75d99071a
74,dqn,674,random,heavy,26.27927927927928,90.0,19.446666666666665,47,166,-134.4812043146165,222,56,0,1,0,0,300.0,-18.231250207405537,-8.570787499070143,-53.679166608140804,-54.0,54,0,222,0,4c23ae76a065fcf0bf936614d6710c1d1aef5ed93d892d7c9239ab316de91cf8
75,dqn,77,random,balanced,30.60828025477707,99.0,16.018333333333334,40,137,-135.7997834980517,157,20,0,2,0,0,300.0,-15.017187683959492,-7.774262503141653,-59.00833331095055,-54.0,54,1,157,0,66769b7d63048d7023c157e0e9dd6c3c726a13196b688d44967bb0ff52f5df1b
76,dqn,203,random,ns_heavy,22.50826446280992,117.0,9.081666666666667,26,105,-119.64364591384512,121,16,0,1,0,0,300.0,-8.51406259322539,-4.774374996118422,-52.35520832450129,-54.0,54,2,121,0,de2b586f7a33898c22f2d8e2a23f3d0ad4e3154d85a8b586de1d61e68fb65cab
77,dqn,564,random,balanced,23.983333333333334,112.0,11.991666666666667,30,122,-133.0185499257547,150,28,0,1,0,0,300.0,-11.242187544587068,-5.466987494951903,-61.309374886215664,-55.0,55,0,150,0,06eade63226478225f88ab734704adbbe38cefa93b4da25ab48eef3d669e5629
78,dqn,902,random,heavy,48.595238095238095,136.5,44.221666666666664,99,146,-201.10044201654318,273,127,0,3,0,0,300.0,-41.45781298074871,-31.80408748045959,-72.83854155533481,-55.0,55,2,273,0,d6063d8d48db635f9e3286ca11dc3118e63efcd3402768812edf6116692d88ed
79,dqn,996,random,heavy,21.995967741935484,109.5,9.091666666666667,22,108,-114.5067002256823,124,16,0,2,0,0,300.0,-8.523437720024958,-3.6051374962975404,-47.37812500935979,-55.0,55,2,124,0,7921e447759d82336acc8bc60f86ecd3fff556377707fa09e1fd89f6153c6a3b
80,dqn,218,random,left_heavy,36.56031128404669,117.5,31.325,59,139,-187.03875000895707,257,118,25,29,0,0,300.0,-29.36718762340024,-24.815312503997838,-76.85624988155905,-56.0,56,2,282,25,b70dcca95b497f9fe78bdc166fbb1422602666c89c66af6d550332f47763bbea
81,dqn,612,random,heavy,35.71601941747573,119.0,24.525,58,142,-174.8390919470206,206,64,0,1,0,0,300.0,-22.992187770432793,-17.289612536037012,-78.55729164055083,-56.0,56,0,206,0,e1913591c423689a644dc04aa0e493b241159eb256d9ff7e66338b3f81d74bbe
82,dqn,34,random,balanced,33.5984555984556,125.5,29.006666666666668,68,172,-183.60160856024953,259,87,0,2,0,0,300.0,-27.19218775909394,-19.84483746922706,-81.56458333192859,-55.0,55,1,259,0,f73a663e2568ed240bf11c9ed11b57ff90ac2b8da4d5ab4fbd9aafab6d5a041d
83,dqn,175,random,heavy,17.083333333333332,80.0,6.491666666666666,19,103,-101.01063345091607,114,11,0,1,0,0,300.0,-6.0859376300359145,-1.910112498078524,-38.01458332280163,-55.0,55,0,114,0,8b910dd9aaa89868477918101f722d7353587fbf6e11ca2a2739f75059e27c74
84,dqn,201,random,ns_heavy,44.67193675889328,153.5,37.67333333333333,101,144,-194.07617079533168,253,109,0,1,0,0,300.0,-35.3187500287313,-26.69596247010851,-77.06145829649176,-55.0,55,2,253,0,9acbc1a5e96c89711f386c6aba97838974e137960f15e42c74a6dda9ed0ed9e5
85,dqn,443,random,ns_heavy,40.78968253968254,141.5,34.263333333333335,70,155,-196.85530843419912,252,97,0,2,0,0,300.0,-32.121875136508606,-24.840724975307953,-82.89270832238253,-57.0,57,1,252,0,c8955f5755f69e186fb434f293e477ad1d828e56827deecf501aa36b834ad1e1
86,dqn,346,random,left_heavy,27.625,110.5,13.263333333333334,36,107,-139.4713334141132,144,37,24,27,0,0,300.0,-12.43437506549526,-10.500499999180471,-61.53645834943745,-55.0,55,1,168,24,d010d9068ba7675b06e78b1f8b0f6ea26ce5090ccf77b21d48e39e5e4baf3278
87,dqn,727,random,balanced,35.36923076923077,151.0,22.99,46,135,-182.06316270731693,195,60,0,2,0,0,300.0,-21.553125193458982,-16.65691249427691,-88.85312501958106,-55.0,55,1,195,0,a1ca146bf4a66843d8c7fcfa7a463c9b68010a599153c25ad52c8095269ddba0
88,dqn,469,random,balanced,40.50398406374502,122.5,33.888333333333335,65,149,-198.93980035795312,251,102,0,3,0,0,300.0,-31.770312655018643,-26.92573752782262,-82.24375017511193,-58.0,58,0,251,0,26e7585b4bc1e77a17851f4eb31aafe400dd998867a330b5cdedd7e58afc74b8
89,dqn,340,random,balanced,40.829032258064515,115.5,42.19,90,168,-205.804516778401,310,142,0,2,0,0,300.0,-39.55312537110876,-30.55972495077076,-79.69166645652149,-56.0,56,1,310,0,17f78fdc0f18b48fc2ad64e0f6f3db1ee51523cb0086bec6caddbea13d72e9af
90,dqn,907,random,ew_heavy,41.5625,146.0,27.708333333333332,76,119,-170.10168334973642,200,81,2,3,0,0,300.0,-24.214062636368908,-18.616787476852913,-71.27083323651459,-56.0,56,0,202,2,8de14533f704205927892ebd114557e133f2c4f3df4d1ea88a7beee6816926ae
91,dqn,626,random,heavy,34.329383886255926,110.0,24.145,65,133,-159.76947498678862,211,78,0,2,0,0,300.0,-22.629687638604082,-14.874162491957396,-65.26562485622708,-57.0,57,0,211,0,4d9a8962b3f07156427c2eb26335926f2f64fc447a49b232d8cf0857583dfc59
92,dqn,698,random,heavy,31.718623481781375,118.0,26.115,57,163,-168.9257837461344,247,84,0,2,0,0,300.0,-24.482812740840018,-15.556512516531072,-73.88645848876331,-55.0,55,0,247,0,a4f585fc8b143a4a892a344bfae299896492848eeb76e9ac75eb0096e0f3012c
93,dqn,746,random,left_heavy,33.83405172413793,110.0,26.166666666666668,66,142,-163.00387956970877,232,90,6,8,0,0,300.0,-24.53125020279549,-16.80908750731541,-66.6635418595979,-55.0,55,1,238,6,e5bd9d95d3e7469e395e7d2fc9feb2bc27d7ac0d145e7ac1eb90be4f6cf6aee8
94,dqn,340,random,balanced,35.803225806451614,155.5,36.99666666666667,80,178,-202.73504208380263,310,132,0,2,0,0,300.0,-34.68437536305282,-27.38712500085021,-84.66354171989951,-56.0,56,2,310,0,17f78fdc0f18b48fc2ad64e0f6f3db1ee51523cb0086bec6caddbea13d72e9af
95,dqn,892,random,left_heavy,38.2575,170.5,25.51,55,128,-185.55092110493356,200,72,20,21,0,0,300.0,-23.915625215275213,-20.805087483223897,-83.8302084064344,-57.0,57,0,220,20,458ee46421dce99d0fd95fa0887853ec04c3beb3d94cc193ebce0878abbf08be
96,dqn,17,random,heavy,23.31756756756757,92.0,11.505,25,129,-122.61693349098199,148,19,0,1,0,0,300.0,-10.785937697160989,-4.1382875007286195,-51.69270829309244,-56.0,56,0,148,0,2eff2af0c12cfb2480e3d6c0691b366ff4fdb48e75c2b144f5d01e7863a95103
97,dqn,307,random,low,42.84163701067616,111.0,40.12833333333333,83,154,-198.06145844695635,281,127,0,3,0,0,300.0,-37.62031277397182,-29.173437534771068,-75.2677081382135,-56.0,56,1,281,0,0a54e8692d4f2c8b5a14492a137ba29b7781ec15194fd66d370936631ed9ff26
98,dqn,160,random,balanced,29.896186440677965,105.0,23.518333333333334,52,165,-148.21302116228685,236,71,0,2,0,0,300.0,-22.048437762190588,-12.859375023836762,-58.30520837625954,-55.0,55,0,236,0,51e3bd85434342ab1179601518c8b42cc512ff84b9ca7df5668244de04e5dc70
99,dqn,5,random,heavy,24.25121951219512,131.5,16.571666666666665,42,161,-152.2096335070899,205,44,0,1,0,0,300.0,-15.535937713924795,-8.471612513669974,-73.20208327949513,-55.0,55,2,205,0,b2c9ae499438344992acf07f480e0c9688c1b91c7e9b81434eae4b69aa2b0e70
100,dqn,997,random,heavy,35.7410358565737,99.0,29.903333333333332,65,176,-169.52345449443172,251,75,0,2,0,0,300.0,-28.034375335206278,-17.194287500234356,-68.29479165899102,-56.0,56,2,251,0,9a74709f70efeccb3b8b5b3a52741f1be3ffcf2b538df76a21a2a8664ff6fc0e
101,dqn,90,random,left_heavy,34.5668016194332,98.5,28.461666666666666,57,156,-168.14137934591923,247,91,7,12,0,0,300.0,-26.682812687708065,-19.995025025110944,-65.46354163310025,-56.0,56,0,254,7,a7357987d92ad33e724353d910c64a0ced030052beb1af5e01c2cdc43e4e0cb2
102,dqn,460,random,ns_heavy,43.91935483870968,127.0,40.845,87,168,-202.5019586974734,279,111,0,2,0,0,300.0,-38.29218793613836,-28.05768747373731,-81.15208328759763,-55.0,55,1,279,0,193042abca6c4ac65f7cd67cd4f8404afef5a8c7e3cf64485d2ff78581240b2b
103,dqn,820,random,left_heavy,41.771484375,106.5,35.64833333333333,68,139,-190.7787750580005,256,117,3,6,0,0,300.0,-33.42031243420206,-28.145962544147178,-73.21250007965136,-56.0,56,1,259,3,58729fb25cb5dbec7e672c7aa8124a38cee0b67ec6018e9763b9894cbe1a67f1
104,dqn,692,random,left_heavy,32.021028037383175,146.5,22.843333333333334,55,164,-174.2216959587889,214,50,27,28,0,0,300.0,-21.41562512051314,-17.644612503273684,-81.16145833500195,-54.0,54,2,241,27,e37c63fab631e088496002e258c7891c9491d004e710b06de2a1976dab80104b
105,dqn,857,random,low,38.44444444444444,158.0,27.68,72,141,-173.71512508119844,216,75,0,2,0,0,300.0,-25.950000233133323,-19.949499960359393,-73.81562488770578,-54.0,54,0,216,0,6a2edb5df814ece24a2e2c271be596928aeb7e99e7547466c5fa893114fdf20f
106,dqn,55,random,low,33.00454545454546,128.5,24.203333333333333,60,142,-159.16796700504204,220,78,0,2,0,0,300.0,-22.690625211922452,-14.45442502840015,-65.02291676471941,-57.0,57,2,220,0,0723c88980d3191aef6ebeb946599b70cd3ed4610b86fee7c46d1423d6df8a19
107,dqn,498,random,ew_heavy,37.954054054054055,101.0,23.405,47,115,-162.39517925612085,185,70,0,1,0,0,300.0,-21.9421876615379,-14.689450005441177,-70.76354158914182,-55.0,55,2,185,0,79136ab87b1bdd037372a28e094bfc2fd7b5d4d80c2029386fbad40cdcd7f32f
108,dqn,35,random,balanced,36.19731800766284,206.5,31.491666666666667,63,153,-202.93154170414698,261,108,3,5,0,0,300.0,-29.52343756391201,-25.678937503409543,-90.72916663682554,-57.0,57,1,264,3,c2a69d0e23f3672edef98435f069eddc1ea53385135fbd05b904f9ee8ddef9fe
109,dqn,192,random,heavy,33.40163934426229,104.5,20.376666666666665,49,123,-164.07078342161248,183,60,0,2,0,0,300.0,-19.103125088615343,-13.284325000114034,-75.6833333328832,-56.0,56,2,183,0,5b8aaa9bfb59d24a509c5e250e86f7980d8fff57c472d3c2e7cc7fa7483f7e4a
110,dqn,846,random,ew_heavy,36.70746887966805,145.5,29.488333333333333,59,156,-197.6232710873809,241,85,0,2,0,0,300.0,-27.645312691340223,-21.260250008977888,-94.71770838706288,-54.0,54,2,241,0,de5efe7b7852357e61af0db426c0e1138cd01d3bf9557262a72a6b829df2f245
111,dqn,74,random,ns_heavy,32.22490706319702,130.5,28.895,76,173,-170.90805416676292,269,96,0,2,0,0,300.0,-27.08906261145603,-20.283574951985788,-67.53541660332121,-56.0,56,1,269,0,13245a4a5cb764bac20b41e67b49689868dc3ec8a485914c79c7a94b2e44941a
112,dqn,588,random,balanced,46.691335740072205,138.0,43.111666666666665,85,141,-213.72537103966243,277,136,0,4,0,0,300.0,-40.41718767595012,-37.51860004193514,-82.78958332177717,-53.0,53,0,277,0,d057c0363e435dfa4098e38fddcaf1ffa0ea589e700f050de5781227fcafa676
113,dqn,21,random,ns_heavy,38.39626556016597,104.5,30.845,74,148,-171.64344208497846,241,93,0,2,0,0,300.0,-28.91718788840808,-19.353337525472302,-68.37291667109821,-55.0,55,1,241,0,3660173dc164fa1364ff5e75c68a5eaa7401d80a3012b56f10f7425f8b254d13
114,dqn,309,random,left_heavy,36.552536231884055,128.5,33.63,86,147,-191.75053364154968,276,129,21,26,0,0,300.0,-30.86406270309817,-28.843762503704795,-76.0427084347466,-56.0,56,0,297,21,88339736b9ea1f5fa3f386b80ee16586d4a1c8c64218327abb682118630a3a28
115,dqn,933,random,heavy,25.489795918367346,93.5,20.81833333333333,50,170,-137.4212626929199,245,75,0,1,0,0,300.0,-19.5171877957182,-10.197824989006769,-52.70624990819488,-55.0,55,0,245,0,3ee66c6171dc292133fb6e0d11328d6cd4530cd132db67cbac01f136fbb19544
116,dqn,318,random,balanced,35.18181818181818,113.5,29.67,75,157,-159.70525436071836,253,96,0,2,0,0,300.0,-27.81562533392571,-15.960462515858671,-60.92916651093401,-55.0,55,0,253,0,bad8acf6ae8bf1d2e297303d4d97064ec72a24903ba76ed52b74cf34cd8221e0
117,dqn,310,random,balanced,31.195121951219512,160.5,25.58,61,165,-172.8585085099658,246,81,0,2,0,0,300.0,-23.981250207754783,-15.100175018338632,-79.77708328387234,-54.0,54,1,246,0,f803b4d8e2fbee5de013592bc65d2078d82f9417226b5b9881ac4b6622261454
118,dqn,90,random,left_heavy,31.235772357723576,119.0,25.618333333333332,65,165,-176.31933777847146,246,81,8,15,0,0,300.0,-24.017187760095112,-19.35527498936571,-76.9468750290107,-56.0,56,1,254,8,a7357987d92ad33e724353d910c64a0ced030052beb1af5e01c2cdc43e4e0cb2
119,dqn,775,random,low,24.365671641791046,134.0,16.325,38,163,-158.51058355149934,201,38,0,1,0,0,300.0,-15.304687710944563,-8.422562499313063,-79.78333334124181,-55.0,55,1,201,0,fda729e9d350a3e1cb91c3eb6c70494f06bd9f505a6e1bce176f9d607838d3d4
120,dqn,173,random,heavy,29.644654088050313,119.5,15.711666666666666,45,117,-152.33318333386197,159,42,0,1,0,0,300.0,-14.729687566054054,-9.738912487288323,-75.86458328051958,-52.0,52,2,159,0,7dc3ffcd3a8d567717b3b6ab32734053f9883ba43aae2000adf1142813bad26f
121,dqn,499,random,heavy,21.437007874015748,65.0,9.075,23,115,-111.99774180592863,127,12,0,1,0,0,300.0,-8.507812674972229,-2.9107625056793047,-44.57916662527714,-56.0,56,1,127,0,cd1e7bbcc53fe9e3f603ec53fb8eb51ebd71e311233ca9a526d86014ed6d8393
122,dqn,25,random,left_heavy,24.597122302158272,83.0,11.396666666666667,23,92,-122.97461682325518,139,47,6,11,0,0,300.0,-10.684375206124969,-6.270449998675028,-50.0197916184552,-56.0,56,0,145,6,84dc4fa978fb8a57a33a4a357f4325abdabb70a377b1d153487e8df969b336f0
123,dqn,23,random,balanced,35.941717791411044,116.5,19.528333333333332,47,106,-155.60161276901562,163,57,0,2,0,0,300.0,-18.307812665356323,-11.921924973204293,-72.37187513045501,-53.0,53,1,163,0,1608d8f38f55535d34068019ac898235e284684453ca4ae0e3780ced5f2056c0
124,dqn,840,random,ns_heavy,31.43217054263566,144.0,27.031666666666666,59,164,-167.1142043950058,258,94,0,2,0,0,300.0,-25.34218783536926,-16.74285001333556,-71.02916654630098,-54.0,54,1,258,0,6b5270acb9debb55a651c9b7322a7719bee806ec6113f98c4d5d2be473117da1
125,dqn,8,random,heavy,51.39940828402367,158.0,57.915,133,146,-242.4424502635914,338,192,0,6,0,0,300.0,-52.601562637952156,-43.744012530713285,-90.09687509492505,-56.0,56,1,338,0,7a60d19897b4203e62b38884cb3877f32c58f148fbbf3e5ef01cbf3bffa2af01
126,dqn,467,random,ns_heavy,31.80308219178082,110.5,30.955,65,166,-171.63614602155442,292,126,0,4,0,0,300.0,-29.020312700071372,-21.14812501486304,-66.4677083066199,-55.0,55,4,292,0,ad5f44e4c629ee111562b372b616843bcc4d712b94d93fae8ab0dc377998f549
127,dqn,428,random,ns_heavy,30.042735042735043,110.0,23.433333333333334,62,158,-153.81785857503638,234,76,0,2,0,0,300.0,-21.96875014808029,-13.090775019031573,-62.75833340792451,-56.0,56,1,234,0,4e1aa7a9398388ce4346c2ea3aa1e918bfc2fc9ff04596a440d70f5572e095b5
128,dqn,128,random,heavy,31.428977272727273,119.0,18.438333333333333,40,135,-149.66026703495947,176,41,0,2,0,0,300.0,-17.285937870736234,-10.442037522741153,-68.93229164148215,-53.0,53,0,176,0,540677b01e0e4491cc42e9cf82f1a636feb5f11cbeb4cde73325df938d3348dc
129,dqn,645,random,balanced,28.908163265306122,88.0,18.886666666666667,51,143,-142.8267749740444,196,53,0,2,0,0,300.0,-17.70625005371403,-8.673650004126104,-59.44687491620425,-57.0,57,1,196,0,d435db909a3c194e3acf2061fde2d954724331287d21becff06636ee5bf1a437
130,dqn,740,random,ns_heavy,40.19736842105263,154.0,35.641666666666666,70,161,-204.5596543613334,266,105,0,2,0,0,300.0,-33.41406274668407,-25.93517496180502,-90.21041665284429,-55.0,55,1,266,0,c82443eb8126937a9367e3677f313989fe4e4f90bd14a4cc52d948e7e373cd10
131,dqn,986,random,left_heavy,40.836633663366335,127.0,27.505,70,125,-170.66605006090032,202,77,27,28,0,0,300.0,-25.785937580280006,-19.455112508164156,-70.42499997245613,-55.0,55,2,229,27,9bee9e8edc7785ff279494e906b82071767ae7cf07b8ed2cfd23f55bc6c5564f
132,dqn,196,random,ns_heavy,38.277272727272724,133.5,28.07,51,148,-174.14828346505752,220,72,0,2,0,0,300.0,-26.31562523881439,-16.664949966585123,-75.16770825965796,-56.0,56,1,220,0,d41271d20ccf3a4565f86cdede223ff61283fe46c047df61ab53cc5cf2b05f06
133,dqn,924,random,heavy,32.25853658536585,115.0,22.043333333333333,46,147,-160.08439185911914,205,58,0,2,0,0,300.0,-20.66562523099128,-12.73022499167491,-72.68854163645301,-54.0,54,0,205,0,9b6eec27a26b21ccef0496efbd61cc72fe29078df874dd406cf43736a66bc0f7
134,dqn,62,random,ew_heavy,40.92914979757085,165.0,33.69833333333333,72,162,-196.45211252601578,247,85,0,2,0,0,300.0,-31.59218758600764,-23.65055004620225,-87.20937489380594,-54.0,54,1,247,0,0ef21fd0c5cce26e0980f2078b34877e4c4d0f030a8f750fff7277e39d20faad
135,dqn,142,random,balanced,29.077083333333334,102.0,23.261666666666667,65,156,-143.25190844369718,240,84,0,1,0,0,300.0,-21.807812777115032,-12.101387488135515,-55.34270817844663,-54.0,54,1,240,0,681688fae9f3a326d2da3e32821f04c201ccf5711d55c0c2b9de444965c04eda
136,dqn,599,random,low,42.119791666666664,191.0,40.435,93,163,-221.72783783455446,288,125,0,2,0,0,300.0,-37.90781289478764,-31.385650021653404,-98.43437491811346,-54.0,54,3,288,0,98db2c5f065a8c39fdb27fe79f003805a6ebf04c5ac4c93f7bbc4731d248004c
137,dqn,868,random,ew_heavy,32.41358024691358,183.5,26.255,50,175,-180.5805711028095,243,68,0,2,0,0,300.0,-24.614062786567956,-19.24879999658297,-84.71770831965841,-52.0,52,2,243,0,356cce90109d948bb459a63296dc214759cde4e9e49cb41bd94a80c455c5f097
138,dqn,896,random,left_heavy,43.355442176870746,166.5,42.495,81,159,-223.9188376685797,294,135,3,10,0,0,300.0,-39.839062702609226,-38.132900009718966,-89.94687495625112,-56.0,56,0,297,3,7f4c4c5662e7293d786a0f1992f6a7b171c963ab4b60886e9738179fb962b533
139,dqn,740,random,ns_heavy,40.57706766917293,139.0,35.97833333333333,73,164,-206.69116280365265,266,102,0,2,0,0,300.0,-33.72343771578744,-26.94897496209014,-89.01875012577511,-57.0,57,0,266,0,c82443eb8126937a9367e3677f313989fe4e4f90bd14a4cc52d948e7e373cd10
140,dqn,27,random,balanced,19.883333333333333,109.5,9.943333333333333,24,132,-123.15841268123417,150,18,0,2,0,0,300.0,-9.321875217487104,-3.7959125000452327,-58.0406249637017,-52.0,52,0,150,0,a9a05237e06fb7cb66d68183c611db1ccf094499796dc643e9bc16acce24fdeb
141,dqn,418,random,left_heavy,32.886160714285715,111.0,24.565,52,144,-162.7151459008937,224,80,31,35,0,0,300.0,-23.029687737114727,-16.770874984028353,-67.91458317975048,-55.0,55,0,255,31,4e09c798d6527f1d560e9828eb0d30c88179c1ad637cd6d038f651b13a88effb
142,dqn,806,random,ew_heavy,28.161290322580644,75.0,17.46,38,145,-131.64165456464698,186,41,0,1,0,0,300.0,-16.368750310502946,-7.474987506281472,-52.79791674786247,-55.0,55,0,186,0,d2f13b4789d60de89a1c7f60fdadf839877afbf85dc12f81cf7290305d7f2b91
143,dqn,528,random,balanced,25.634703196347033,132.5,18.713333333333335,43,157,-159.75125450337288,219,62,0,2,0,0,300.0,-17.543750288547017,-9.903337515182647,-76.30416669964325,-56.0,56,1,219,0,a003bd08af6f7d5da229367724204451196b57275ca89263b077eaad1149ee9e
144,dqn,191,random,balanced,37.904639175257735,125.5,24.511666666666667,64,136,-173.9247210215071,194,58,0,1,0,0,300.0,-22.95781261031516,-17.30857499637568,-77.6583334148163,-56.0,56,0,194,0,4d0957c9651ff85b55a9c15aa51319839b175dd0c513bf4017ab2d2aa6034de8
145,dqn,681,random,heavy,34.119217081850536,139.0,31.96,71,165,-199.43628357268608,281,116,0,2,0,0,300.0,-29.962500153807923,-25.18732504336366,-89.28645837551448,-55.0,55,2,281,0,7073a83ca3e81583365212ad77efc76705c7542c5913d63b0e2b373df35c2e36
146,dqn,93,random,low,30.114349775784753,115.0,22.385,65,168,-161.72838344799172,223,55,0,1,0,0,300.0,-20.985937717021443,-11.330987476527666,-76.41145825444255,-53.0,53,0,223,0,152d984021e1f7a679e1f66cf6f9b93abbb37cbd083936665e22d314a126b479
147,dqn,698,random,heavy,36.16194331983806,166.5,29.773333333333333,69,165,-191.25441671147487,247,82,0,1,0,0,300.0,-27.91250005364418,-21.15649996344946,-89.18541669438127,-53.0,53,1,247,0,a4f585fc8b143a4a892a344bfae299896492848eeb76e9ac75eb0096e0f3012c
148,dqn,18,random,low,34.6554054054054,126.5,25.645,54,143,-176.60219183538067,222,79,0,2,0,0,300.0,-24.042187691433355,-18.28083749473517,-83.27916664921213,-51.0,51,2,222,0,315cacc99785eb771aa3614df21b696f38eb706b497a3acae6a15bad25b9cf34
149,dqn,361,random,heavy,36.30213903743316,121.0,22.628333333333334,53,119,-167.05263356832955,187,68,0,1,0,0,300.0,-21.21406276046764,-15.767737501451492,-73.07083330641035,-57.0,57,2,187,0,d65373eeffc54ea15b0f372d7d24e77e208e3a7a255b8c099f01340f811064b7
150,dqn,293,random,balanced,28.875,107.0,22.33,51,166,-142.48096269373855,232,66,0,2,0,0,300.0,-20.93437520088628,-11.399712503818595,-56.14687498903368,-54.0,54,2,232,0,3fe793f3c4d14e54ec4a366477322f692c6164bb900a707308554e26065eb495
151,dqn,940,random,left_heavy,33.82608695652174,108.0,25.936666666666667,62,151,-164.020616997069,230,79,2,5,0,0,300.0,-24.31562530831434,-17.12582504298843,-68.57916664576624,-54.0,54,1,232,2,356e2795385ec654d3d4d42251b47e2b1417ae61d03cf7b18e0f560ddf8969e7
152,dqn,728,random,heavy,39.62992125984252,109.5,33.553333333333335,98,147,-180.89469174489852,254,107,0,2,0,0,300.0,-31.456250110059045,-22.46552499019089,-70.97291664464865,-56.0,56,2,254,0,43ea3f1b84773fcee4de73cff87914fcf5899870b85b9e76d2e739cca3aa2dbd
153,dqn,656,random,balanced,32.77447552447553,122.5,31.245,69,167,-178.01987518816102,286,119,0,3,0,0,300.0,-29.29218766640406,-20.233937482618064,-75.49375003913883,-53.0,53,1,286,0,9b194753479a72f895b66521387ec901f19dba31ab1e51a6b4ce9254117bf0b5
154,dqn,494,random,left_heavy,36.39723320158103,106.0,30.701666666666668,63,150,-176.17269185014663,253,103,21,26,0,0,300.0,-28.782812769408338,-20.845087519536175,-71.54479156120215,-55.0,55,2,274,21,d953443971e0b83c2ea4b3676022b1cc7b7c080cacf65c23e2cf759af2d29966
155,dqn,287,random,low,32.866515837104075,146.0,24.211666666666666,62,143,-178.60814603292465,221,78,0,2,0,0,300.0,-22.698437698418275,-17.601374972402848,-83.30833336210344,-55.0,55,1,221,0,1e498703ed468e425a3fddc465a7c807aa95864943e952eb9cef5e7b2f38f21c
156,dqn,853,random,balanced,33.13157894736842,104.5,14.688333333333333,45,94,-147.01105410054086,133,39,0,1,0,0,300.0,-13.770312502514571,-10.452199995939013,-68.78854160208721,-54.0,54,0,133,0,312df65e0593a2a4d5e9a53d43fed692d50c8c032db4e3f34a0ba395734f2cd8
157,dqn,947,random,balanced,32.6816479400749,103.5,29.086666666666666,72,169,-168.10411257904696,267,98,0,2,0,0,300.0,-27.268750192481093,-18.95098750109536,-66.8843748854706,-55.0,55,1,267,0,46f9ece1e808445f0e18151a4ceba80ce551c6d0750b851f9ba7d306adfaa295
158,dqn,218,random,left_heavy,46.09108527131783,166.5,39.645,93,138,-208.8243207392657,258,120,24,30,0,0,300.0,-35.12968746002298,-34.114424997605234,-84.58020828163717,-55.0,55,3,282,24,b70dcca95b497f9fe78bdc166fbb1422602666c89c66af6d550332f47763bbea
159,dqn,245,random,low,39.190140845070424,167.0,18.55,35,110,-180.12132518646897,142,32,0,1,0,0,300.0,-17.390625265659764,-12.393200001811051,-93.33749991899822,-57.0,57,3,142,0,120f6b96eacedd0e49f0f91f6aa6413a0c10d10fc97cdd0ffdee2b36a644ac4a
160,dqn,316,random,balanced,35.97560975609756,140.0,24.583333333333332,53,133,-173.50823348915372,205,72,0,2,0,0,300.0,-23.046875105355866,-16.456149996874597,-80.00520838692319,-54.0,54,1,205,0,030155cd5e5f36be8c5ed20b1b9ec8cec81b4b0c98c0d021f324e62adf3b4ad8
161,dqn,478,random,ns_heavy,27.39664804469274,123.5,16.346666666666668,40,136,-139.7125043760585,179,43,0,1,0,0,300.0,-15.325000243843533,-7.561462508614202,-61.82604162360076,-55.0,55,1,179,0,dfa7fa02fc82a2fe0de5e00deef8c87e7516c1273d00579ebfd98af746207585
162,dqn,259,random,ns_heavy,34.303719008264466,133.0,27.671666666666667,61,165,-164.6207418886807,242,77,0,2,0,0,300.0,-25.942187767359428,-14.64313748505447,-67.03541663626675,-57.0,57,0,242,0,ca712b2d44cdad24bc0eb22134c2c6c692974c2013c55815b530c2908f1b9a22
163,dqn,405,random,ew_heavy,29.861423220973784,131.0,26.576666666666668,53,180,-169.1326462048383,267,87,0,2,0,0,300.0,-24.915625379187986,-14.180562483663381,-75.03645834198687,-55.0,55,1,267,0,acfd59da888e23b557ddb49451f693fc6e5a794ba47049daf4143e2c2e910d57
164,dqn,979,random,low,26.94927536231884,76.5,18.595,47,167,-125.85837523266818,207,40,0,2,0,0,300.0,-17.4328127366025,-7.406812494622138,-47.01875000144355,-54.0,54,1,207,0,602e7c1cec9051e7be11c844781794916887ad52463311b80e61d2b68f1b0378
165,dqn,368,random,low,24.20815450643777,115.0,18.801666666666666,38,199,-136.9380418790192,233,34,0,2,0,0,300.0,-17.626562797115184,-7.2198124964874335,-60.09166658541653,-52.0,52,1,233,0,8b63f4cc417aa31d21f6150ad5edad2faad6f74e19572680a013d989f9580eac
166,dqn,942,random,low,32.48616600790514,145.0,27.39666666666667,58,151,-173.35180863492792,253,102,0,2,0,0,300.0,-25.68437540170271,-17.634099992566192,-76.03333324065898,-54.0,54,0,253,0,40e5f3b5b2da6bdbe673b51b6a8fadaecc4c3e4bde8404e96009198830cad1b0
167,dqn,504,random,low,35.88095238095238,117.5,27.628333333333334,66,150,-166.29243364109936,231,81,0,2,0,0,300.0,-25.90156265522819,-17.320037503440826,-70.07083348243032,-53.0,53,1,231,0,841ead57d2fd8680e6608855215f58601ae4809db6008e3900aaf5f4f0b013cb
168,dqn,341,random,low,36.63849765258216,97.0,26.013333333333332,77,127,-152.49326675380075,213,86,0,1,0,0,300.0,-24.387500069569796,-17.145350024867373,-59.960416659363545,-51.0,51,0,213,0,b46203be370e6f3fcdb6840c6a110573e10331cf4037ff85924fa9e67ae35949
169,dqn,936,random,heavy,34.88715953307393,122.5,29.886666666666667,58,162,-167.37812112431646,257,95,0,1,0,0,300.0,-28.01875029609073,-17.89478749219926,-66.46458333602641,-55.0,55,0,257,0,edacc4545fa970a97c2ca37ead33660d2dee923af26469c1dd4769f22faaa98c
170,dqn,437,random,left_heavy,39.127155172413794,139.5,30.258333333333333,66,129,-181.8602083598809,232,103,1,8,0,0,300.0,-28.298437575111166,-23.450312469604977,-77.11145831516478,-53.0,53,0,233,1,1903fc03bbd55c90fbf33e4d191d36eabd68c4b936cefe4faa5497c70225c7ea
171,dqn,774,random,left_heavy,43.98155737704918,158.5,35.775,80,145,-201.99688757181357,244,99,27,29,0,0,300.0,-33.53906262863893,-29.345325007040092,-87.11249993613455,-52.0,52,1,271,27,4d932ddd0d7daa70f32d8a716fd9ad7d1cb03317207a0baa0f1685482b64ad0e
172,dqn,315,random,left_heavy,41.00936329588015,155.0,36.50333333333333,70,169,-201.40500460917892,267,98,39,41,0,0,300.0,-34.22187532600947,-30.594587601640537,-84.58854168152902,-52.0,52,2,306,39,df55f184347ce5cf41c31c106d67c9bfc4f8d6bf11a2427649c16469c284653f
173,dqn,1000,random,ns_heavy,33.2,90.0,21.58,58,141,-153.6124291830077,195,54,0,1,0,0,300.0,-20.231250146753155,-13.592637487718449,-65.78854154853616,-54.0,54,1,195,0,88951c0d0fef6faabbb315922b74fac28fe21356c885d8337e944ab576213592
174,dqn,747,random,balanced,41.52434456928839,126.5,36.95666666666666,83,164,-191.75013344318802,267,103,0,2,0,0,300.0,-34.64687513525132,-25.807425005624093,-78.29583330231253,-53.0,53,0,267,0,74804a03a548692a8ddd1973242a28705a0ba63383f6ecc59deb8eab0d2f0c21
175,dqn,878,random,low,33.946236559139784,92.5,21.046666666666667,43,122,-147.70763761266647,186,64,0,1,0,0,300.0,-19.731250234879553,-13.432637527892808,-62.543749849894084,-52.0,52,0,186,0,951cdc69d092f84fa4a17b5426485286bd1a9875f45ad7a180a7f27a41c6cccc
176,dqn,41,random,left_heavy,39.78598484848485,134.0,35.016666666666666,87,150,-214.31853779722942,264,114,22,27,0,0,300.0,-32.82812520011794,-33.25916251345552,-93.23125008365605,-55.0,55,1,286,22,3ff86ecc65355b3fd986c570ea66b9dbf6bdcdbc1240e12a29baeeb3742ad7fb
177,dqn,108,random,balanced,26.906976744186046,79.0,15.426666666666666,36,135,-120.50906685909945,172,37,0,1,0,0,300.0,-14.462500225636177,-6.442400001759961,-46.604166631703265,-53.0,53,1,172,0,d48eee2da03c83692acaa5634d1638552c409350aaa30fee8ce63f224f1e7882
178,dqn,68,random,ew_heavy,37.50155279503105,195.0,40.251666666666665,88,191,-223.8487167348343,322,131,0,2,0,0,300.0,-37.73593760305084,-32.642987517682194,-100.46979161410127,-53.0,53,2,322,0,983c67d6219671bc2be21c849a1a434e76217e9755f8a71a421690e4c9f2613f
179,dqn,532,random,heavy,22.99462365591398,104.5,14.256666666666666,38,140,-137.20893358537936,186,46,0,2,0,0,300.0,-13.365625191945583,-5.869350010468766,-63.973958382965066,-54.0,54,0,186,0,2ce481a1553a1a1f21860e92aac187d5e48ed020eb25035556fd7685e589ee83
180,dqn,405,random,ew_heavy,32.13295880149813,120.5,28.598333333333333,58,190,-182.22684187992206,267,77,0,2,0,0,300.0,-26.81093774945475,-20.105487522698965,-80.31041660776827,-55.0,55,1,267,0,acfd59da888e23b557ddb49451f693fc6e5a794ba47049daf4143e2c2e910d57
181,dqn,980,random,ns_heavy,34.328512396694215,130.5,27.691666666666666,62,150,-177.91633766945375,242,92,0,4,0,0,300.0,-25.9609376846347,-19.252274978649073,-79.70312500617001,-53.0,53,2,242,0,4c9d7e87285867d6a9a753d82b13571ed5d80ee70085b3d88a02794fa5926c2f
182,dqn,246,random,heavy,33.49795918367347,139.0,27.356666666666666,57,186,-179.59074616050432,245,59,0,2,0,0,300.0,-25.646875327569433,-16.738662517769992,-82.20520831516478,-55.0,55,1,245,0,0edb39eaecba8a3e968a497d4aca48e27ccb27ad027625120ab91064aab9c11a
183,dqn,169,random,low,30.756818181818183,98.0,22.555,56,150,-149.70475418091743,220,70,0,2,0,0,300.0,-21.145312660373747,-12.408399952635959,-61.15104156790767,-55.0,55,0,220,0,d0120c29dc130ed69463a778245f8dddd3a164056a7a47a6af881fd0c6015204
184,dqn,846,random,ew_heavy,32.47925311203319,87.5,26.091666666666665,55,168,-149.90140024766583,241,73,0,1,0,0,300.0,-24.460937772295438,-14.765462479398415,-59.67499999597203,-51.0,51,3,241,0,de5efe7b7852357e61af0db426c0e1138cd01d3bf9557262a72a6b829df2f245
185,dqn,303,random,ew_heavy,38.66535433070866,128.5,32.74166666666667,75,153,-192.12686257478268,254,101,3,10,0,0,300.0,-30.56406255380716,-27.069050003257143,-81.49375001771841,-53.0,53,2,257,3,3f41e4efd3ac0e3a16caad8cffbb7249ef1f9cacc1ea846f14b2918f6b486cc8
186,dqn,742,random,ew_heavy,46.417624521072796,164.5,40.38333333333333,110,143,-202.24942926566362,261,118,0,2,0,0,300.0,-37.72968764754478,-29.403074974587806,-83.11666664353106,-52.0,52,1,261,0,dc1973aeb5b3466721b831c86161b6e3ecf2e13f29e06416338401c22efb7abc
187,dqn,290,random,ns_heavy,18.045751633986928,81.0,9.203333333333333,30,125,-106.3112542499098,153,28,0,3,0,0,300.0,-8.628125136252493,-3.1945875043988035,-42.48854160925839,-52.0,52,0,153,0,4d67d5c5bee4554007fffd3cfd40273452e352b5fe7b61c46278e71639dc2644
188,dqn,546,random,ns_heavy,23.23409090909091,71.5,17.038333333333334,49,175,-128.44437088395276,220,45,0,1,0,0,300.0,-15.973437660140917,-6.393850003921397,-51.07708321989048,-55.0,55,1,220,0,3d67ec0cd17ba769454cdafa6a62d5b6bd58256b6f7748f96903e4ef50a4750b
189,dqn,82,random,heavy,35.91573033707865,173.5,31.965,74,165,-212.3014712515105,267,102,0,2,0,0,300.0,-29.967188007198274,-25.722824981301528,-100.61145826301072,-56.0,56,0,267,0,9e9d6a62a14fb39d95eda5ef31855973b349186e1baa48b575a989ff4f556812
190,dqn,662,random,ew_heavy,28.61081081081081,111.5,17.645,40,154,-138.80547119413166,185,31,0,1,0,0,300.0,-16.54218783217948,-8.589324987182769,-60.67395837476943,-53.0,53,1,185,0,20d27d2d394a1656e81171e26e81613738a8e83f13b973f3ee244f9b5ac91a17
191,dqn,916,random,heavy,31.850931677018632,134.5,34.18666666666667,80,190,-189.62088797820536,322,132,0,2,0,0,300.0,-32.05000041087624,-23.711512558598034,-79.85937500873115,-54.0,54,3,322,0,7a4cd91e9bef916f0e0c850d00c06b926aba1575395b45331d8e240d0df87c34
192,dqn,693,random,heavy,29.641860465116277,122.0,21.243333333333332,52,155,-146.61460445405604,215,60,0,2,0,0,300.0,-19.91562525264453,-11.110437517787066,-61.5885416836245,-54.0,54,1,215,0,33b98272e1ac1b8d3769a606e592b12777cf35e0537f326e6aff8bc234ac86bc
193,dqn,879,random,ns_heavy,41.57857142857143,162.5,38.806666666666665,106,147,-204.7734041422268,280,133,0,4,0,0,300.0,-36.3812500362983,-30.994237544353414,-83.39791656157468,-54.0,54,1,280,0,d9cb4b363eda9d452fde08e51c6f016f2c03be577505eb70a06b22cc2cf37da0
194,dqn,782,random,balanced,36.76293103448276,123.5,28.43,68,137,-168.62311279075368,232,95,0,2,0,0,300.0,-26.653125242795795,-18.960612519063595,-71.00937502889428,-52.0,52,1,232,0,2f70f7d3e93bcbbf7d209f50c74cbb24789ab97696e462fdf2711e75ca027f3e
195,dqn,567,random,ns_heavy,35.20095693779904,105.0,24.523333333333333,53,139,-156.77356680168666,209,70,0,2,0,0,300.0,-22.99062521418091,-15.788149982345203,-63.99479160516057,-54.0,54,1,209,0,9f6e80a62d52a27d583f5c8d8cb912e4ef0acdfbe41f516aab6fd0fb70ce2383
196,dqn,928,random,balanced,25.469483568075116,104.5,18.083333333333332,53,152,-144.59266273886962,213,61,0,2,0,0,300.0,-16.95312510349322,-9.895787466783803,-63.74375016859267,-54.0,54,0,213,0,e371d07746a4fb9794d37e4ec1dede610eb54e0d2a1c2b07b07ba116767d7a4d
197,dqn,480,random,heavy,39.722,208.5,33.10166666666667,64,157,-204.31673381152882,250,93,0,2,0,0,300.0,-31.032812943449244,-24.997462528886533,-94.2864583391929,-54.0,54,1,250,0,607001744f58565ca621b3cc0e30242ecb8254de1206709d6c5cb73462df74d7
198,dqn,150,random,left_heavy,31.88448275862069,97.5,30.83,73,167,-157.88093760928388,290,123,6,10,0,0,300.0,-28.903125233831815,-18.649687483834718,-58.328124891617335,-52.0,52,1,296,6,9d17157e71213d5a818479d06a5453c56f8a15cbe0740ae7797064c166564464
199,dqn,556,random,ew_heavy,23.12202380952381,117.5,12.953333333333333,31,107,-133.17628779129373,168,61,0,5,0,0,300.0,-12.143750286311843,-7.735662490429969,-60.296875014551915,-53.0,53,1,168,0,d2e0babe22c2fe9a7444df9afb30c9dc3b62dbd8afaa0a05bdb6d03369b837ac
200,dqn,627,random,low,37.58510638297872,176.0,23.553333333333335,56,133,-180.9288167846818,188,55,0,2,0,0,300.0,-22.081250146962702,-19.299649979263634,-89.5479166584555,-50.0,50,1,188,0,d9c906d4a1598efbc39ed818b8a54f56e98e89e1eaec94b28a19ed80499aa79c
201,dqn,177,random,heavy,37.09426229508197,146.5,30.17,61,170,-175.07580015512002,244,74,0,1,0,0,300.0,-28.284375173272565,-18.28205001814568,-78.5093749637017,-50.0,50,1,244,0,fd1f8b801acb56448491eb5437a58b2518f17c14e219d263cd0d8a42000c378f
202,dqn,144,random,ns_heavy,15.566666666666666,69.0,5.448333333333333,21,95,-89.60945416212132,105,10,0,1,0,0,300.0,-5.107812561444007,-1.6412250005458178,-30.86041660013143,-52.0,52,1,105,0,57907eaa162bbb511688c8ee3d4cf617ee3c1b5f6fb7a893f50806d4d3aec66c
203,dqn,664,random,left_heavy,35.39601769911504,122.0,26.67,83,142,-162.0774461307482,226,84,12,17,0,0,300.0,-25.003125219023786,-18.650362512740692,-67.42395839898381,-51.0,51,1,238,12,6f63f329edaea415599792c5f8c1a4164a8d03c95523e70e1517e2d7bbf68580
204,dqn,444,random,heavy,32.53585657370518,111.5,27.221666666666668,58,154,-172.99578369904327,251,97,0,2,0,0,300.0,-25.52031283103861,-19.701512503270358,-73.77395836473443,-54.0,54,0,251,0,ce33ce1144962693e1a066ec106f97caacb2d22b88aec8cddcb42b2b68d12425
205,dqn,482,random,balanced,32.67632850241546,169.0,22.546666666666667,54,140,-173.711179392293,207,67,0,2,0,0,300.0,-21.137500346754678,-14.394512476862287,-83.17916656867601,-55.0,55,1,207,0,02ac9ba8fe3725747dc71c6cc248c1020e0b883e9a06707574f4e649558ff718
206,dqn,787,random,heavy,32.20987654320987,143.5,26.09,64,163,-169.46260446333255,243,80,0,2,0,0,300.0,-24.45937529823277,-14.83968750666754,-74.16354165843222,-56.0,56,1,243,0,9f9fa368eff6808cd434e9a744e0f28ceb0716deda49b6c1ae9bc78d43ae8c25
207,dqn,686,random,low,17.47902097902098,72.5,8.331666666666667,24,129,-106.02242922848747,143,14,0,1,0,0,300.0,-7.810937631409615,-2.9010750004854353,-41.310416596592404,-54.0,54,0,143,0,722cede8ed78161b2108e950f8b41e8b1fe1c9c949e85301c4d9e3622da2b298
208,dqn,895,random,left_heavy,34.302,110.0,28.59,68,149,-175.84394207439107,250,101,8,13,0,0,300.0,-26.80312533804681,-18.792900019611256,-75.24791671673302,-55.0,55,0,258,8,7c62d920ff8d88710b3138d1e6e26f4e3a7ed85309547d1fc56f0d87ecfaa114
209,dqn,168,random,ew_heavy,39.15384615384615,182.5,33.93333333333333,66,154,-208.41935433520624,260,106,0,3,0,0,300.0,-31.812500253203325,-27.318312449647788,-94.28854163235519,-55.0,55,1,260,0,b54dbeae393602ef7aea3511579c7c540d00c1345745eea60d649c6120680a13
210,dqn,760,random,ns_heavy,36.354922279792746,207.5,23.388333333333332,52,142,-186.10960018100664,193,51,0,1,0,0,300.0,-21.926562698325142,-16.536162500167116,-93.64687498251442,-54.0,54,2,193,0,6deb35029bd63cc158b0129b1b72be9a438b99b810520ddf3b3ae13c846d20b0
211,dqn,541,random,ew_heavy,37.19387755102041,117.5,30.375,69,146,-176.69664601735568,245,99,0,2,0,0,300.0,-28.476562794065103,-20.664874969965606,-76.55520825332496,-51.0,51,2,245,0,3fb761cd18e2b2f561ca94cfa808a1756dd8a012d551b9c780cf9e73ac758a97
212,dqn,36,random,ew_heavy,37.75413223140496,127.5,30.455,68,161,-171.75064611612538,242,81,0,2,0,0,300.0,-28.551562783424743,-19.45950000608063,-71.73958332662005,-52.0,52,1,242,0,1619d9b22effddfbc3c1ae09751a6e675225252272b7f536ac907a39a05396bb
213,dqn,71,random,low,34.392405063291136,149.0,27.17,58,162,-169.95566279474366,237,75,0,2,0,0,300.0,-25.471875219140202,-15.005662495486467,-76.47812508011702,-53.0,53,2,237,0,45e0571bb397399fef20c12c794c542cfa4cbd2a2584c89c5ef23b9a49245c1f
214,dqn,360,random,low,35.89967105263158,120.0,36.37833333333333,76,182,-181.83306698939188,304,122,0,2,0,0,300.0,-34.10468778689392,-22.07421249647523,-72.6541667060228,-53.0,53,1,304,0,3ac84310f4670bdb914221cb8d2acef68e94ff1262e4805fd8d9ea613f2081e5
215,dqn,640,random,low,27.48076923076923,115.0,19.053333333333335,48,153,-150.053958488533,208,55,0,3,0,0,300.0,-17.862500227522105,-8.226874989012867,-69.96458327199798,-54.0,54,2,208,0,3e98d561c769ff6ce0db505ec9f04e93ded17de457907f0752d8467ffed31328
216,dqn,164,random,left_heavy,25.930232558139537,108.5,14.87,32,126,-126.84648768799013,172,46,15,19,0,0,300.0,-13.94062521471642,-8.562112496906048,-52.34374997636769,-52.0,52,1,187,15,568a03fa642ac7e48a79bca2bcb937142f4ccabda61d65484c83d4da4f4bdd68
217,dqn,545,random,ew_heavy,42.92795389048992,200.5,49.653333333333336,102,183,-237.1386544668885,347,164,0,2,0,0,300.0,-46.55000033706892,-41.99698746989661,-94.59166665992234,-54.0,54,2,347,0,f90bd8c6db0b763a055c7f04374d964a8727b10718f7d5e0639e6a5b58903f93
218,dqn,999,random,heavy,39.10798122065728,116.0,27.766666666666666,73,140,-165.32841263413934,213,73,0,3,0,0,300.0,-26.031250217813067,-17.76591251027348,-70.53124990605284,-51.0,51,2,213,0,9b1373578232abf7038b7421cdf74ba225d19a88f8091da68014255f39c45f4b
219,dqn,143,random,low,36.841818181818184,124.5,33.77166666666667,67,192,-191.83440030606508,275,83,0,2,0,0,300.0,-31.660937870270573,-21.120337491464312,-86.0531249443302,-53.0,53,2,275,0,099e0d5643aa76fbe46e370d581f1422378617bfc90e6a29fa4f22a263b58de5
220,dqn,145,random,left_heavy,37.13559322033898,137.5,36.52,77,153,-198.88764189232546,295,142,14,19,0,0,300.0,-34.237500253366306,-27.652225005113728,-80.9979166338453,-56.0,56,1,309,14,80624511d23829673732f6c586c2d660574044671831d618cb0411ec2ad546a3
221,dqn,967,random,ns_heavy,22.701149425287355,144.0,13.166666666666666,35,140,-139.96050853539643,174,34,0,1,0,0,300.0,-12.3437501717126,-7.111549993407971,-68.5052083702758,-52.0,52,2,174,0,ee94f4cca8089896ba8422e17dc4d8ce5a7fb3556a5a92e866dfd5a8b73000b0
222,dqn,245,random,low,20.158450704225352,89.0,9.541666666666666,25,125,-104.54588766607772,142,17,0,1,0,0,300.0,-8.945312677882612,-3.150574997671357,-42.44999999052379,-50.0,50,0,142,0,120f6b96eacedd0e49f0f91f6aa6413a0c10d10fc97cdd0ffdee2b36a644ac4a
223,dqn,875,random,low,33.174157303370784,139.5,29.525,70,179,-173.6985128874535,267,88,0,2,0,0,300.0,-27.679687974159606,-17.690700013294553,-74.32812489999924,-54.0,54,0,267,0,9e587b885186a0e1ba17361adbcced7245832bf47bbbebb7930289fe9aa3ba2a
224,dqn,358,random,heavy,33.424479166666664,101.5,21.391666666666666,46,141,-140.5730919226108,192,51,0,1,0,0,300.0,-20.054687797673978,-10.361112502919418,-56.15729162201751,-54.0,54,1,192,0,072f37cc59012d78d1b16b521b1787d55d0c1001abab15e944ac5143aab3a221
225,dqn,757,random,low,29.338797814207652,140.0,17.89666666666667,46,123,-149.59925859867,183,60,0,2,0,0,300.0,-16.778125253971666,-10.797174996727698,-71.02395834797062,-51.0,51,1,183,0,8cd1f25f13e1fc6d3a3ce025176d9c847deb04b728ae1b2a12268ac440fa1b02
226,dqn,61,random,ew_heavy,29.401119402985074,131.5,26.265,51,176,-161.34291718735696,268,92,0,2,0,0,300.0,-24.623437999631278,-12.990312495020769,-68.7291666927049,-55.0,55,2,268,0,6a388d1c5460a7dea110c7852817b55367058b04ad73f82c7650cbb78022e94a
227,dqn,633,random,left_heavy,36.81818181818182,131.5,20.251666666666665,43,107,-176.45580853043134,165,58,17,24,0,0,300.0,-18.985937634832226,-18.88028750183075,-87.58958339376841,-51.0,51,1,182,17,2dbe92cfc4a8f65af29ec82a9b64686f1224a0b980353ff7973c3772f0e07d66
228,dqn,871,random,balanced,48.33393501805054,131.0,44.62833333333333,105,130,-223.80996669709265,277,147,1,7,0,0,300.0,-41.52812492137309,-38.37142499975376,-90.91041677596513,-53.0,53,1,278,1,a35a77512524efb380958e80a608831c48422649bee491464e4c6bf338251185
229,dqn,339,random,balanced,42.57165109034268,160.0,45.55166666666667,116,173,-219.87895430617942,321,148,0,3,0,0,300.0,-42.704687690595165,-31.607599993403717,-94.56666662218049,-51.0,51,3,321,0,1ab825ab2115f843b642b7b44f7907d842e1ff14368fe03e57aa282564120324
230,dqn,637,random,balanced,21.644827586206898,102.5,10.461666666666666,25,123,-119.00592515422397,145,22,0,1,0,0,300.0,-9.807812704821117,-4.094987502464934,-54.103124946937896,-51.0,51,0,145,0,611928666c8211358cc60cc1eb99449e8918bf1c8a9dd97f2485a71856b526e6
231,dqn,215,random,low,30.381048387096776,144.0,25.115,63,159,-157.75678786926284,248,89,0,2,0,0,300.0,-23.54531281371601,-13.20210001000523,-69.00937504554167,-52.0,52,1,248,0,bf678b3241ca3fd07761d204298757116fc98dd81caac2e7a77f32d5f38d4254
232,dqn,160,random,balanced,44.56991525423729,125.5,35.06166666666667,88,126,-191.21424592846665,236,110,0,2,0,0,300.0,-32.87031263764948,-26.707474961775723,-81.63645832904149,-50.0,50,1,236,0,51e3bd85434342ab1179601518c8b42cc512ff84b9ca7df5668244de04e5dc70
233,dqn,1,random,ew_heavy,32.37258687258687,134.5,27.948333333333334,55,156,-176.0250627376817,259,103,0,3,0,0,300.0,-26.20156271685846,-18.276625018378404,-80.54687500244472,-51.0,51,1,259,0,c76ef13454cae27d63b887f3e6fb2cfc8084b18ef81ac0567e04c63c3f0b38f1
234,dqn,499,random,heavy,19.507874015748033,94.0,8.258333333333333,22,108,-110.32309999436772,127,19,0,1,0,0,300.0,-7.742187645519152,-3.0527875024468805,-48.528124846401624,-51.0,51,0,127,0,cd1e7bbcc53fe9e3f603ec53fb8eb51ebd71e311233ca9a526d86014ed6d8393
235,dqn,522,random,ew_heavy,34.255775577557756,165.0,34.598333333333336,72,184,-202.94852952974398,303,119,0,5,0,0,300.0,-32.43593781464733,-25.105299992961957,-94.40729172213469,-51.0,51,0,303,0,482fe256c319c800f922cbcf21787918770bcf26a84838e1345eb17e0d449857
236,dqn,79,random,balanced,21.739864864864863,126.0,10.725,31,121,-120.70382924834921,148,27,0,2,0,0,300.0,-10.054687637952156,-4.9262250067266,-58.722916603670456,-47.0,47,3,148,0,2ef4f61d5439a2806fbe666163d05f3218986253589c3de67b561c155d934d21
237,dqn,228,random,left_heavy,46.26061776061776,171.5,39.94,73,160,-219.9004833413281,259,99,19,22,0,0,300.0,-37.44375015748665,-37.55152495882867,-90.90520822501276,-54.0,54,2,278,19,51cb0111652460bddb6585cb2d1c1d70bb53250acca58465c027400bd03fcdff
238,dqn,611,random,low,32.284946236559136,107.5,20.016666666666666,49,138,-142.61123765507878,186,48,0,1,0,0,300.0,-18.7656251861481,-10.923737509326754,-58.92187495960388,-54.0,54,1,186,0,fdb49defc6d42cbc8abb2042b77d7b83fe97ed6d9e65eb434a1ea97235cccb5d
239,dqn,365,random,balanced,30.555357142857144,102.5,28.518333333333334,72,172,-156.36630859881475,280,108,0,1,0,0,300.0,-26.73593775217887,-15.209537523368633,-62.42083332326729,-52.0,52,2,280,0,59a13a434ad644aecef169adaa9ee39d08cd6d9e6a887da1bc456fd640cd8bfb
240,dqn,232,random,left_heavy,31.29111111111111,141.0,23.475,48,167,-172.87521293976022,225,58,18,20,0,0,300.0,-22.00781290861778,-16.62677500113059,-83.24062503001187,-51.0,51,0,243,18,1be23ffd793b219c96665ccf92aefe6c1dcd616c56c3e32137413e48cb1c43f0
241,dqn,7,random,low,18.232227488151658,85.0,12.823333333333334,40,174,-108.03368342811659,211,37,0,2,0,0,300.0,-12.021875140024349,-4.203475001309564,-41.80833328678273,-50.0,50,1,211,0,25de475f52afd35ce0bc8e2e398be14794f613c69fe72fd92dbb22c1f837e94e
242,dqn,39,random,low,29.14054054054054,127.0,17.97,45,134,-138.96332509968423,185,51,0,2,0,0,300.0,-16.846875119023025,-7.960200013373834,-62.156249967287295,-52.0,52,0,185,0,2c1e289bb2049af78d397c7cc434eec6e152400fa5221cfe77c5f803664d0870
243,dqn,638,random,low,33.39915966386555,141.5,26.496666666666666,57,150,-167.8378503218243,238,88,0,1,0,0,300.0,-24.84062529820949,-14.844099977211595,-72.15312504640315,-56.0,56,2,238,0,28a0a8056b29f521d29f748e7a4b5c827235820e108200200f8fd02caa338b2f
244,dqn,116,random,ns_heavy,38.019817073170735,150.0,41.568333333333335,84,179,-217.19106295518287,328,149,0,4,0,0,300.0,-38.97031289036386,-30.964499973456252,-93.25625009136274,-54.0,54,0,328,0,7352158da50ddf53ef4e95c99305cb0431109b74c93404251de544589b1daed4
245,dqn,846,random,ew_heavy,31.975103734439834,154.0,25.686666666666667,60,165,-175.59268371547944,241,76,0,1,0,0,300.0,-24.08125033392571,-16.499975003152212,-84.01145837840158,-51.0,51,1,241,0,de5efe7b7852357e61af0db426c0e1138cd01d3bf9557262a72a6b829df2f245
246,dqn,556,random,ew_heavy,16.830357142857142,68.0,9.426666666666666,29,124,-103.82507936899863,168,44,0,2,0,0,300.0,-8.837500219233334,-3.2896625054891047,-43.69791664427612,-48.0,48,2,168,0,d2e0babe22c2fe9a7444df9afb30c9dc3b62dbd8afaa0a05bdb6d03369b837ac
247,dqn,252,random,low,26.91484716157205,142.5,20.545,42,190,-160.04334187838754,229,39,0,2,0,0,300.0,-19.26093775429763,-10.387612507380979,-79.39479161670897,-51.0,51,1,229,0,94df5b4fc460b705fe437a07af4710a8f8e54c0aa03ce370f2fb70aa497ed0f8
248,dqn,637,random,balanced,35.182758620689654,85.0,17.005,40,101,-133.4144752709696,145,44,0,1,0,0,300.0,-15.942187718115747,-10.781662501235404,-60.690625051618554,-46.0,46,1,145,0,611928666c8211358cc60cc1eb99449e8918bf1c8a9dd97f2485a71856b526e6
249,dqn,162,random,left_heavy,44.957264957264954,169.5,35.06666666666667,74,128,-209.46187073589894,234,106,0,2,0,0,300.0,-32.874999920255505,-28.97228743919768,-94.61458337644581,-53.0,53,3,234,0,c386d88f10736dfea8583ec879dac340a33edf87aa13849215872051e3a70cdd
250,dqn,325,random,balanced,31.497524752475247,88.0,21.208333333333332,47,140,-138.0933044902056,202,62,0,2,0,0,300.0,-19.882812864379957,-11.3719499750303,-56.83854165079538,-50.0,50,0,202,0,3d026660992de65171ac6d94c3ac8e65fec5dcf25bfcb3e3f65aed919292afa6
251,dqn,497,random,ns_heavy,46.270462633451956,182.0,43.34,89,163,-226.25551687898187,281,118,6,8,0,0,300.0,-40.63125027494971,-37.57322495007029,-95.05104165396187,-53.0,53,1,287,6,4dda8697133c89fbc4b8691f908a5599c6b3579f40490bc26c3c17c0853299b8
252,dqn,644,random,left_heavy,34.74186991869919,111.5,28.496666666666666,67,167,-162.79701270217114,246,79,13,17,0,0,300.0,-26.715625270502642,-16.80013747392731,-65.28124995774124,-54.0,54,1,259,13,39e6523d0e586ce27988166a4cdb8ee700344fac847e5cc60220dc3a1a8b2d06
253,dqn,138,random,left_heavy,39.724137931034484,191.5,38.401666666666664,70,168,-209.4638293894174,290,122,9,13,0,0,300.0,-36.00156279630028,-29.34247502520958,-92.11979156790767,-52.0,52,0,299,9,6ad1b02ff207613328c9aaf805a780899669394701afd47bf9ea255c00b3ed04
254,dqn,353,random,balanced,30.20436507936508,126.5,25.371666666666666,62,154,-165.47617099834963,252,98,0,2,0,0,300.0,-23.78593769914005,-16.616274999271976,-74.07395829993766,-51.0,51,0,252,0,7fd7b8d36d121cebcbd8940c983bf5279888aaf66af132acd68e5a11607507ce
255,dqn,92,random,ew_heavy,26.10924369747899,97.0,10.356666666666667,30,92,-113.40082099811187,119,27,0,1,0,0,300.0,-9.709375172271393,-4.308112494284432,-55.38333333155606,-44.0,44,3,119,0,4b616086212e9574b0dee52c7ab288d8a33328e28e20497570e0a1afa408d206
256,dqn,131,random,ew_heavy,25.05704697986577,74.5,12.445,39,108,-105.65640013571176,149,41,0,1,0,0,300.0,-11.667187626007944,-5.192337497247355,-38.79687501245644,-50.0,50,3,149,0,a5afbc3f39e55c14793ee63d433883e9c617d165ce6abf0b7f800e67e9259e4d
257,dqn,224,random,heavy,33.513661202185794,164.0,20.44333333333333,39,147,-179.7986752855599,183,36,0,1,0,0,300.0,-19.165625273133628,-13.62054998325257,-96.01250002917368,-51.0,51,2,183,0,9b040871f9af2d06f96264f2d947276f00db4f17f1bc49b0778b55f992a1b132
258,dqn,316,random,balanced,43.24390243902439,142.0,29.55,72,112,-185.1745794127935,205,93,0,2,0,0,300.0,-27.703125185216777,-22.91103752667623,-80.56041670090053,-54.0,54,0,205,0,030155cd5e5f36be8c5ed20b1b9ec8cec81b4b0c98c0d021f324e62adf3b4ad8
259,dqn,909,random,balanced,32.16834170854271,123.0,21.338333333333335,47,155,-148.8726086306145,199,44,0,2,0,0,300.0,-20.0046878491994,-10.290837504248335,-64.57708327716682,-54.0,54,1,199,0,caed48faee592b6587c11a396611f88ce90a17e4d2714c565003d0db941a9e99
260,dqn,396,random,left_heavy,35.235416666666666,178.0,28.188333333333333,55,139,-189.94187132519573,240,101,4,10,0,0,300.0,-26.42656295443885,-18.422600048886657,-95.0927083218703,-50.0,50,3,244,4,8ce20e280bf03c66ef6bbd133a141f21acabde6f4f8df3628feaceebd45676b3
261,dqn,110,random,left_heavy,34.63,89.5,28.863333333333333,54,164,-157.01164200430875,250,86,5,12,0,0,300.0,-27.059375361190178,-17.46372498636265,-61.48854165675584,-51.0,51,0,255,5,06ee0a480abb39954b5017714a06c894634c0f4344e508f5d24f48129df5bc52
262,dqn,913,random,ns_heavy,39.145714285714284,123.0,22.835,47,121,-170.46905842670816,175,54,0,3,0,0,300.0,-21.407812687102705,-14.893537491472667,-81.16770824813284,-53.0,53,1,175,0,5792f899b6108202efd649742458ff84a92fae38378ca65d99344d8fb7ff3a28
263,dqn,570,random,ns_heavy,20.75,61.0,6.64,16,83,-92.11574173773845,96,13,0,1,0,0,300.0,-6.225000123726204,-2.2459499967211753,-39.64479161729105,-44.0,44,1,96,0,0d4b7cbc5f5ae2e014e6a896c6c4cd6492fccc0faeef7a8b0a0bca9c9c21ff26
264,dqn,116,random,ns_heavy,39.76219512195122,178.5,43.473333333333336,99,196,-218.49608352421595,328,132,0,4,0,0,300.0,-40.756250246660784,-33.022124987349535,-92.71770829020534,-52.0,52,2,328,0,7352158da50ddf53ef4e95c99305cb0431109b74c93404251de544589b1daed4
265,dqn,83,random,heavy,40.69631901840491,97.5,22.111666666666668,43,107,-155.5183834778487,163,56,0,1,0,0,300.0,-20.729687698651105,-13.977237496442836,-71.81145828275476,-49.0,49,3,163,0,90978faffda23712babd520a4117ef2581ac6b734212ec81be226befb4bf5cab
266,dqn,87,random,left_heavy,36.017857142857146,114.0,26.901666666666667,54,151,-170.73549176773608,224,73,9,21,0,0,300.0,-25.22031262598466,-19.23288751833679,-78.2822916234145,-48.0,48,2,233,9,bddc4636a165c22ceb7a21dc68b0bb2dd94d211402f76915a5b4a6a3132aaad4
267,dqn,911,random,heavy,29.03125,129.5,20.13,63,143,-141.6172669322164,208,65,0,3,0,0,300.0,-18.87187528272625,-10.79122499813602,-60.95416665135417,-51.0,51,1,208,0,7ba0de31f540462bf19026bdcbb4897d2d5767d413c8a1ceb105611bacea1fb5
268,dqn,562,random,ns_heavy,27.508379888268156,107.0,16.413333333333334,50,119,-120.22002925864652,179,60,0,2,0,0,300.0,-15.387500082608312,-9.240862466173716,-47.59166670986451,-48.0,48,2,179,0,ff971fe4f8d94fdac090b3a68677e8d28f1b07ddad739bf758916bb0b8e5ae79
269,dqn,681,random,heavy,28.7135231316726,119.0,26.895,57,178,-168.3113920569601,281,103,0,2,0,0,300.0,-25.214062872924842,-13.86191249356561,-75.23541669046972,-54.0,54,2,281,0,7073a83ca3e81583365212ad77efc76705c7542c5913d63b0e2b373df35c2e36
270,dqn,964,random,ns_heavy,39.44827586206897,146.0,22.88,53,122,-166.25457950255728,174,52,0,2,0,0,300.0,-21.4500003332505,-14.741037490012967,-75.06354167929385,-55.0,55,1,174,0,96fc2f49e00b3a78bf4462a075c3e9cc430c7c474573cc3da7eb2ec9bdc3768c
271,dqn,402,random,heavy,34.69,126.5,28.908333333333335,60,163,-170.16975847898794,250,87,0,2,0,0,300.0,-27.101562660885975,-16.634862526779035,-75.43333329132292,-51.0,51,0,250,0,b4d3738f6a03ae53104a3ed6b4190a7681bbaf9751c2281a04491b807446e099
272,dqn,908,random,heavy,32.47674418604651,90.0,27.93,57,168,-150.77894607567424,258,90,0,2,0,0,300.0,-26.1843752884306,-16.142487502626313,-60.4520832846174,-48.0,48,0,258,0,dc130703ad34097ef9e5a605adaca0e298e21d633ec6d1c3f9c4fd5538ee7b9f
273,dqn,404,random,low,25.815656565656564,112.5,17.038333333333334,42,156,-128.70574199312253,198,42,0,2,0,0,300.0,-15.973437830456533,-8.196887502068424,-55.53541666059755,-49.0,49,2,198,0,a15773ee65a7070349d5ffffd03e96ad455e4dade19b01f5547cd93a9a77e597
274,dqn,701,random,balanced,44.916901408450705,161.5,53.151666666666664,110,173,-219.05669193675564,355,182,0,2,0,0,300.0,-49.82968778407667,-38.58533745103265,-79.64166670164559,-51.0,51,3,355,0,46776f71aa7b179c0527bf0e8b87e8ee9e2fa52a8363adeea2edb0efe737b78d
275,dqn,827,random,balanced,30.245412844036696,119.0,21.97833333333333,47,178,-153.81911691298959,218,40,0,1,0,0,300.0,-20.604687788523734,-11.110262484846317,-71.1041666396195,-51.0,51,2,218,0,04e17b88b36a33bdfe75378b8fda6b69c17a876ac58c410ac5eed5b97851af39
276,dqn,67,random,heavy,43.71714285714286,118.5,25.501666666666665,63,115,-171.37802090696425,175,60,0,1,0,0,300.0,-23.907812577555887,-16.97125000765445,-81.49895832175389,-49.0,49,2,175,0,1f68dacc099006291099fe5bfa1e1dfc0e4418400e1b79180f3c0ca0922027b3
277,dqn,735,random,ns_heavy,41.995268138801265,149.5,44.375,82,173,-218.1708335418013,317,144,0,3,0,0,300.0,-41.60156278091017,-31.882812494900286,-88.68645826599095,-56.0,56,0,317,0,2f7c3679a9dc9728b4191f012205da3c595225c8d74a663e4431e420c24f0684
278,dqn,807,random,left_heavy,45.783018867924525,214.0,40.446666666666665,83,132,-229.74518763572934,265,133,7,14,0,0,300.0,-37.9187501212582,-38.19518748818446,-102.63125002628658,-51.0,51,3,272,7,18495bc49f47321300562cf1e93c23d6c1c0765b885c2d3d96d2bd2089e318ca
279,dqn,969,random,ns_heavy,24.418079096045197,105.0,14.406666666666666,34,157,-127.8204000739621,177,20,0,1,0,0,300.0,-13.506250175996684,-6.882899996662308,-60.43124990130309,-47.0,47,1,177,0,655003299a3c4c39f42d16c9122192517844012e61e415fd9ebc82eec81d9e74
280,dqn,684,random,balanced,34.82,141.5,26.115,59,153,-168.77950865733507,225,72,0,2,0,0,300.0,-24.482812814298086,-16.100862492854503,-81.19583335018251,-47.0,47,3,225,0,d7c44b148cbb1a2bfbb98c0e4fcc9853f4cddbf2ff8822998a1c342e4fc3e6a0
281,dqn,489,random,low,31.61036036036036,160.0,23.393333333333334,43,162,-190.00149616474587,222,60,0,2,0,0,300.0,-21.931250268942676,-21.683787480614402,-98.38645841518883,-48.0,48,2,222,0,57070a16f0b95c6b6af029b3dfb761ef144cdcf63f7815021988c59a92b57042
282,dqn,144,random,ns_heavy,26.1,117.5,9.135,29,90,-121.03861677157548,105,15,0,1,0,0,300.0,-8.564062618417665,-5.020387492490409,-66.4541666606674,-41.0,41,4,105,0,57907eaa162bbb511688c8ee3d4cf617ee3c1b5f6fb7a893f50806d4d3aec66c
283,dqn,768,random,heavy,40.17338709677419,172.5,33.21,70,159,-184.1925252878914,248,89,0,3,0,0,300.0,-31.134375280118547,-21.49565001091614,-81.56249999685679,-50.0,50,0,248,0,13e9da340406a21e64117d9080edd67d0df5e32428754b747570555eb1a90116
284,dqn,465,random,ns_heavy,34.56432748538012,147.0,19.701666666666668,45,129,-163.09429605229232,171,42,0,1,0,0,300.0,-18.47031271585729,-12.296899983016193,-87.32708335341886,-45.0,45,3,171,0,071ce8d8b764837e42942758684fc4f62d7fec87702be585d690e0e77d49daea
285,dqn,807,random,left_heavy,40.55555555555556,185.5,36.50333333333333,97,142,-198.92482949084152,270,128,2,14,0,0,300.0,-34.22187529411167,-27.26128753531739,-90.44166666141246,-47.0,47,4,272,2,18495bc49f47321300562cf1e93c23d6c1c0765b885c2d3d96d2bd2089e318ca
286,dqn,50,random,heavy,36.30544747081712,200.0,31.10333333333333,60,174,-191.57625458022304,257,83,0,3,0,0,300.0,-29.15937542892061,-21.881462482439385,-90.53541666886304,-50.0,50,2,257,0,a97da7d4b8b56d8f0c7849f6dbbc2eb6f5db4aa6c780b640fe05eddd9c48f298
287,dqn,347,random,heavy,32.13186813186813,100.5,29.24,74,163,-158.52895872362785,273,110,0,2,0,0,300.0,-27.41250029031653,-15.401875006480992,-64.71458342683036,-51.0,51,1,273,0,73ec87c761e3e04e71dabb2ef86f53d3c657c856bd6d5b750c94695c9e5f1301
288,dqn,802,random,ew_heavy,21.568181818181817,101.0,11.071666666666667,29,140,-120.40350007469749,154,14,0,2,0,0,300.0,-10.379687703913078,-4.323812501332576,-56.69999986945186,-49.0,49,3,154,0,6004eb6d92522a5c63789a315d0b20a3a1605b9e3d4e901d0dfec7e8571f1b97
289,dqn,611,random,low,31.919354838709676,101.5,19.791666666666668,46,132,-155.22846687973578,186,54,0,1,0,0,300.0,-18.554687699885108,-12.441487480812786,-71.23229169903789,-53.0,53,1,186,0,fdb49defc6d42cbc8abb2042b77d7b83fe97ed6d9e65eb434a1ea97235cccb5d
290,dqn,719,random,left_heavy,40.98148148148148,153.0,40.57333333333333,73,175,-219.48704622629953,297,122,3,5,0,0,300.0,-38.03750033886172,-31.76621252021213,-97.68333336722571,-52.0,52,1,300,3,3702bda132b8a1de72130a4b9c1ce5ea72d54dc9f866d67ebcb3c1b7f3efa32a
291,dqn,591,random,balanced,27.823684210526316,87.0,17.621666666666666,42,136,-127.77512932849271,190,54,0,2,0,0,300.0,-16.520312734646723,-8.906899999488807,-54.34791659435723,-48.0,48,3,190,0,e84ee16807ff7b35ab28cb371015d08f8d4773b76a2d47e92baa58b30e7852b0
292,dqn,805,random,ns_heavy,15.127118644067796,99.0,5.95,17,103,-104.50496263665845,118,15,0,1,0,0,300.0,-5.5781251369044185,-2.2018374943058006,-50.72500000544824,-46.0,46,3,118,0,7428892fe51292db1d2d4da7c24f51316373fa2e9eef35907d9e002fac91de7e
293,dqn,831,random,ns_heavy,24.084415584415584,85.0,12.363333333333333,32,129,-108.89034185316999,154,25,0,1,0,0,300.0,-11.590625202283263,-5.05805001119734,-47.241666639689356,-45.0,45,3,154,0,ab366162b1f82aec54ac7b254dac8a481899b21eb739ec667be82a6efb759fb4
294,dqn,761,random,heavy,34.076142131979694,116.5,22.376666666666665,46,156,-143.02729201819895,197,41,0,1,0,0,300.0,-20.978125292109326,-10.985625028169308,-67.0635416979203,-44.0,44,1,197,0,d52af69b832aa5c2e6b8af7c2555d06a787ff8dc5e1d10aa98e0c39ae62697fb
295,dqn,663,random,low,45.333333333333336,197.0,24.933333333333334,54,121,-176.1756793179456,165,44,0,1,0,0,300.0,-23.375000137719326,-20.199637463353433,-96.60104171687271,-36.0,36,6,165,0,3b5ee66c7f41b9833dc6deced150cab7482bfe1f5c66c422adf9764a1378d989
296,dqn,268,random,heavy,32.786184210526315,136.0,33.223333333333336,62,198,-188.77385446974742,304,106,0,2,0,0,300.0,-31.146875284262933,-20.89156251457244,-83.73541667091195,-53.0,53,5,304,0,dafd59a73d6b138808b258f89a1c3c515ebd5447b7480a188af6f43809c45ebd
297,dqn,76,random,left_heavy,33.10425531914893,173.0,25.936666666666667,54,171,-175.53683773386513,235,64,12,17,0,0,300.0,-24.315625211340375,-17.86183752799625,-88.35937499452848,-45.0,45,3,247,12,16181ce00daa20604577eef8317c2822a957b7db97eac87aceaade5d802c1143
298,dqn,790,random,balanced,34.620087336244545,123.5,26.426666666666666,57,146,-171.34076702919037,229,83,0,2,0,0,300.0,-24.775000356836244,-19.514725005353817,-81.05104166700039,-46.0,46,2,229,0,66fb49dd741d6d624559d448eadd06ca9e9f162bfd9125da43b4ee79408ca8d3
299,dqn,352,random,ns_heavy,38.28169014084507,166.5,36.24,76,189,-194.40685871104128,284,95,0,2,0,0,300.0,-33.97500027017668,-29.589150063115074,-83.84270837774966,-47.0,47,3,284,0,550e14806aaf5da01382f132de42344e06650276809c1d55f9ec04e1003f749d
300,dqn,250,random,ew_heavy,38.40654205607477,105.0,13.698333333333334,31,81,-127.29352098341262,107,26,0,1,0,0,300.0,-12.842187614412978,-7.846124988502563,-62.60520838049706,-44.0,44,0,107,0,975b020ae433f11b570d03a691a7efe433a8c55f07f707b956607d7794c5b759
301,dqn,4,random,heavy,32.48031496062992,159.0,27.5,62,168,-179.12245020273025,254,86,0,2,0,0,300.0,-25.781250172760338,-18.725575005546123,-85.61562502442393,-49.0,49,2,254,0,4d4f2d5bf194663c89b614f4291d4a6f11113f0d6b7e52bdef134e87d740f04d
302,dqn,138,random,left_heavy,36.171821305841924,154.0,35.09166666666667,68,179,-184.0536794908251,291,112,8,16,0,0,300.0,-32.89843781595118,-22.86669998477664,-83.28854169009719,-45.0,45,2,299,8,6ad1b02ff207613328c9aaf805a780899669394701afd47bf9ea255c00b3ed04
303,dqn,36,random,ew_heavy,35.981404958677686,128.5,29.025,57,180,-166.02050034100682,242,62,0,2,0,0,300.0,-27.210937843075953,-17.418937501423354,-70.39062499650754,-51.0,51,1,242,0,1619d9b22effddfbc3c1ae09751a6e675225252272b7f536ac907a39a05396bb
304,dqn,391,random,ns_heavy,33.0375,143.0,35.24,80,198,-199.28942106290108,320,122,0,3,0,0,300.0,-33.03750016295817,-22.07483754491768,-96.17708335502539,-48.0,48,4,320,0,826aff74ebdfce7de42d4fe83465084d0ffc6f68cfd70af2a8a2dbfc334b78c4
305,dqn,297,random,ns_heavy,20.348148148148148,97.0,9.156666666666666,21,122,-120.11272940022529,135,13,0,1,0,0,300.0,-8.584375223261304,-3.3710625013954996,-64.15729167556856,-44.0,44,3,135,0,57381bd6087324c23596565dab3d41bd4db9f6a89432ab63c08f3a30be44465c
306,dqn,498,random,ew_heavy,32.8027027027027,103.0,20.22833333333333,41,117,-151.12450026393995,185,68,0,1,0,0,300.0,-18.964062851504423,-11.63231250945609,-71.52812490297947,-49.0,49,2,185,0,79136ab87b1bdd037372a28e094bfc2fd7b5d4d80c2029386fbad40cdcd7f32f
307,dqn,574,random,ns_heavy,31.307339449541285,93.0,22.75,59,160,-137.02208773838282,218,58,0,2,0,0,300.0,-21.32812528067734,-11.703337513375303,-56.99062494433019,-47.0,47,2,218,0,ff6b1d6b61d0d9e98efc66a3f79020bc45253919c051c462d3164fd9b8dfae3e
308,dqn,286,random,ns_heavy,37.4825,112.0,24.988333333333333,49,136,-160.90143782599839,200,64,0,1,0,0,300.0,-23.426562779699452,-16.0279999969156,-71.44687504938338,-50.0,50,1,200,0,d32832a318862fa47223e5e6fc6fc16b4ab10782b275e9905acbb06cefeac505
309,dqn,535,random,ns_heavy,26.251461988304094,109.5,14.963333333333333,36,135,-123.36484177150925,171,36,0,2,0,0,300.0,-14.028125137439929,-6.58254999687124,-59.75416663719807,-43.0,43,3,171,0,a65060576d5a617d26d82522c628c763a1ded56cadbc1041b31584eb4f352f77
310,dqn,606,random,heavy,32.22699386503067,99.5,17.51,37,121,-134.76755851081828,163,42,0,1,0,0,300.0,-16.415625197580084,-9.40922499732842,-61.94270831590984,-47.0,47,2,163,0,d59b3830b094bd6e4a56c4984bcebfb7a69acc08fb4fc642feff5363592428e1
311,dqn,673,random,low,22.840476190476192,87.5,15.988333333333333,52,157,-125.56445843656329,210,53,0,2,0,0,300.0,-14.98906266828999,-7.320187511036785,-61.25520825723652,-42.0,42,4,210,0,eef8d318c687b8b56ed2f7a24273306fea342f6393aed40644a9028a1a005c37
312,dqn,603,random,balanced,27.62015503875969,114.5,11.876666666666667,32,97,-124.12313355708679,129,32,0,1,0,0,300.0,-11.134375151828863,-7.3991750156805205,-64.58958338957746,-41.0,41,6,129,0,091434f15f1d1302827824ef2c26f7c413507c353a297e5bca82add149ffa956
313,dqn,34,random,balanced,28.38996138996139,136.5,24.51,54,203,-161.32441281370632,259,56,0,2,0,0,300.0,-22.97812528454233,-12.943162465298515,-76.40312506386545,-49.0,49,1,259,0,f73a663e2568ed240bf11c9ed11b57ff90ac2b8da4d5ab4fbd9aafab6d5a041d
314,dqn,240,random,low,25.03184713375796,80.5,13.1,31,137,-114.66133347184733,157,20,0,1,0,0,300.0,-12.28125022770837,-5.0248749835496715,-50.35520826058928,-47.0,47,2,157,0,5a142e672b96be0024c98c79a627352c774e74d51946294007ca509e3168033b
315,dqn,795,random,heavy,31.3551912568306,120.5,19.126666666666665,55,126,-140.06819187872824,183,57,0,1,0,0,300.0,-17.93125020340085,-11.529650006091835,-66.60729166923556,-44.0,44,3,183,0,201e0f3e93fe22f26ba8519814e1c4e61d754732577eb37c713d636bcc9d7e68
316,dqn,623,random,heavy,35.95503597122302,223.0,33.32,88,190,-203.43211647896518,278,88,1,2,0,0,300.0,-31.237499895738438,-27.727949977321256,-101.46666660590563,-43.0,43,2,279,1,7bfde1340a024efbb0f158de5007d437b3cdf0777f1b816dab693659b601ef19
317,dqn,296,random,balanced,32.205882352941174,149.0,16.425,36,129,-153.41951677976687,153,24,0,1,0,0,300.0,-15.398437667638063,-11.601287481543116,-86.41979163058568,-40.0,40,4,153,0,18ac3daa428889b51750b3716f1954a6eba603a86b1e1cf651f77288b01be37c
318,dqn,358,random,heavy,19.924479166666668,103.5,12.751666666666667,37,163,-116.58270855599268,192,29,0,1,0,0,300.0,-11.954687647521496,-4.650937498800342,-57.97708340967074,-42.0,42,5,192,0,072f37cc59012d78d1b16b521b1787d55d0c1001abab15e944ac5143aab3a221
319,dqn,930,random,balanced,29.93258426966292,183.0,26.64,59,181,-174.03792942253787,267,86,0,2,0,0,300.0,-24.97500032419339,-18.224387457793647,-88.83854164055083,-42.0,42,4,267,0,620ec92bf581f7aa20322a2a829c624b28af954526b79df6a6b1268f06589325
320,dqn,735,random,ns_heavy,34.74132492113565,184.0,36.71,80,229,-205.0126417625035,317,88,0,3,0,0,300.0,-34.415625154040754,-29.33347496902934,-97.26354163943324,-44.0,44,3,317,0,2f7c3679a9dc9728b4191f012205da3c595225c8d74a663e4431e420c24f0684
321,dqn,375,random,ns_heavy,27.199626865671643,146.0,24.301666666666666,49,168,-161.05220041045763,268,100,0,5,0,0,300.0,-22.782812832505442,-15.872512469709179,-71.39687510824297,-51.0,51,0,268,0,4177d0d2747b66881571ee22ce1319b1698431305703d0bb7ce03adbd528ac78
322,dqn,291,random,balanced,31.305851063829788,71.0,19.618333333333332,43,139,-126.3477585232751,188,49,0,2,0,0,300.0,-18.392187779652886,-9.628487505570957,-51.32708323805127,-47.0,47,1,188,0,afa038bff57806ab8148b5a9a79d28e2f4f6456ac9bae8130d777752888502d8
323,dqn,130,random,heavy,43.567357512953365,167.0,28.028333333333332,63,134,-180.04653782123285,193,59,0,1,0,0,300.0,-26.27656284486875,-22.86684999701611,-86.90312497934792,-44.0,44,5,193,0,51b1e36fbfc2726b213e586673a5fe48716b975b8cacc99f3a3b6e9d70bcd7e8
324,dqn,799,random,ew_heavy,30.084586466165412,134.0,26.675,69,190,-168.752404557429,266,76,0,2,0,0,300.0,-25.007812867872417,-14.481050007282462,-81.26354168227408,-48.0,48,4,266,0,3e8c7291d061e50dc5d386ce76937c79568c86c15ab0768cba4e606014344e6c
325,dqn,630,random,ew_heavy,18.68918918918919,87.5,11.525,27,159,-110.26212930061813,185,26,0,2,0,0,300.0,-10.80468767695129,-4.693899993546802,-55.76354163012002,-39.0,39,4,185,0,ffd2b90972be11c63be1d744827f213f7c622deee401f3eff1b557237ff07980
326,dqn,416,random,left_heavy,26.80808080808081,141.5,17.69333333333333,48,146,-135.39255027165123,198,52,0,2,0,0,300.0,-16.587500224006362,-8.151924989134569,-67.65312505851034,-43.0,43,3,198,0,05eb738634fb18cd6d445e1ee1563b42d90c4cb8de1596522fc512792662513e
327,dqn,693,random,heavy,31.709302325581394,144.5,22.725,52,161,-154.21365882107128,215,54,0,2,0,0,300.0,-21.304687920492142,-13.222512481851298,-77.68645841872785,-42.0,42,3,215,0,33b98272e1ac1b8d3769a606e592b12777cf35e0537f326e6aff8bc234ac86bc
328,dqn,554,random,left_heavy,44.528,177.5,37.11,88,146,-205.39274191204834,250,104,25,31,0,0,300.0,-34.790625191060826,-39.094825012030945,-93.50729170895647,-38.0,38,5,275,25,1357acea26deba285d711896a9b91cedb2815e1276744ee5a2d0c94f1f8b40af
329,dqn,533,random,left_heavy,31.68801652892562,138.0,25.566666666666666,55,165,-156.30484182018043,242,77,20,23,0,0,300.0,-23.968750184052624,-14.92254999073411,-72.4135416453937,-45.0,45,2,262,20,fdaa61ca2931fbc64cdc84eb6512f560b468cf9efca28d2804e1528223ab3d5b
330,dqn,674,random,heavy,21.716216216216218,150.0,16.07,47,187,-148.62755447355374,222,35,0,1,0,0,300.0,-15.06562525825575,-8.632762512162298,-86.9291667031357,-38.0,38,5,222,0,4c23ae76a065fcf0bf936614d6710c1d1aef5ed93d892d7c9239ab316de91cf8
331,dqn,766,random,low,35.52620967741935,137.5,29.368333333333332,62,168,-167.97779611418017,248,80,0,2,0,0,300.0,-27.532812783843838,-18.736650013495094,-77.70833331684116,-44.0,44,2,248,0,6c111e0866ea5f7769d29d8f5d14a78f26442cf78394c9cd4e89928df3a7421d
332,dqn,519,random,heavy,27.300613496932517,88.5,14.833333333333334,34,124,-116.08514188594857,163,39,0,1,0,0,300.0,-13.9062501413282,-6.143474993800921,-54.03541675081942,-42.0,42,3,163,0,a3eec615fe21f5fae221d56ba665d013b9f28739b9a80ef6c92a81282dc6b9e5
333,dqn,412,random,low,25.45486111111111,132.5,12.218333333333334,39,111,-130.00141679570734,144,33,0,1,0,0,300.0,-11.454687637626193,-6.20193750300168,-74.34479165507946,-38.0,38,5,144,0,ac0b4c73c11de62f52b7d63184ae9b340a4c50d00ef93dbecadf83b6bb9e4a56
334,dqn,258,random,left_heavy,34.15948275862069,129.5,26.42,59,142,-159.51057537815214,232,90,3,10,0,0,300.0,-24.76875032216776,-15.369950007602162,-77.37187504838221,-42.0,42,3,235,3,e6c17d1ef923d98607f6259e079a74fcaf1561133f33a70cd7ecd80567c906ca
335,dqn,303,random,ew_heavy,32.231517509727624,149.0,27.611666666666668,58,166,-162.82711271730446,257,91,0,3,0,0,300.0,-25.885937725310214,-15.228674957511975,-74.71250003448222,-47.0,47,1,257,0,3f41e4efd3ac0e3a16caad8cffbb7249ef1f9cacc1ea846f14b2918f6b486cc8
336,dqn,980,random,ns_heavy,28.65082644628099,115.0,23.111666666666668,52,159,-143.65815422184238,242,83,0,3,0,0,300.0,-21.667187669314444,-13.811799975470054,-61.17916657705791,-47.0,47,2,242,0,4c9d7e87285867d6a9a753d82b13571ed5d80ee70085b3d88a02794fa5926c2f
337,dqn,186,random,balanced,31.253401360544217,152.0,30.628333333333334,72,202,-188.98194216036137,294,92,0,2,0,0,300.0,-28.714062966872007,-17.810587476197544,-97.45729171729181,-45.0,45,3,294,0,537bc70cf66b225a15295c0ae796f794c2df44804e3cdb5fec58c920b55b125b
338,dqn,97,random,balanced,31.77056277056277,97.0,24.463333333333335,56,171,-149.35500035256914,231,60,0,2,0,0,300.0,-22.934375404729508,-13.373749999411666,-69.04687494842801,-44.0,44,3,231,0,dac497eac3c931836afde4d5f93f5f82013ea692585b6ccb568f3995bebaa681
339,dqn,617,random,left_heavy,42.48220064724919,156.5,43.75833333333333,107,170,-215.1996583695473,309,139,0,9,0,0,300.0,-41.02343769033905,-33.5928873856501,-96.5833332935581,-44.0,44,4,309,0,08ba322e254c34962e79df05e986fa89c7f93514bb6336163781fa98c23012c2
340,dqn,325,random,balanced,33.41831683168317,122.5,22.501666666666665,60,141,-150.21556669890487,202,61,0,2,0,0,300.0,-21.095312597695738,-11.944212488225459,-75.17604161298368,-42.0,42,3,202,0,3d026660992de65171ac6d94c3ac8e65fec5dcf25bfcb3e3f65aed919292afa6
341,dqn,96,random,heavy,25.711111111111112,139.5,19.283333333333335,41,189,-144.86175860792068,225,36,0,2,0,0,300.0,-18.07812528789509,-10.375299993684893,-78.40833332634065,-38.0,38,6,225,0,404558edb0ff371ae822f51017b9f7899456b6909e1cfe91c9a29d47befdfdbd
342,dqn,550,random,low,29.634943181818183,149.0,34.77166666666667,91,224,-177.74452102166757,352,128,0,3,0,0,300.0,-32.59843771881424,-19.065874992345197,-81.08020831050817,-45.0,45,5,352,0,f661b6c7bd5af3949de1e6128f2f7a19958ba666b968fd18b00094fa9d753041
343,dqn,750,random,left_heavy,35.214893617021275,115.0,27.586666666666666,62,143,-156.40704601323304,235,92,4,5,0,0,300.0,-25.86250026070047,-17.783087491011987,-69.7614582615206,-43.0,43,3,239,4,1b64a012e291a9b411b497fbb83478547303b51cccd498c331266008cbd14cfa
344,dqn,29,random,low,24.078212290502794,118.0,14.366666666666667,35,140,-120.0130584384213,179,39,0,1,0,0,300.0,-13.468750176485628,-7.001600002626947,-64.54270825930871,-35.0,35,7,179,0,99f2846174037385b882a4c714e8234606c6ee9e277f5812400eb4ce8dda25be
345,dqn,488,random,low,39.773148148148145,106.0,28.636666666666667,76,140,-148.11293360703425,216,76,0,2,0,0,300.0,-26.846875391202047,-15.748349986349062,-62.517708229483105,-43.0,43,5,216,0,f4f3e7519ea4b6edb2071c47320adce1c10a4dbd6edf63f9a3cd58606a5b50e4
346,dqn,155,random,balanced,30.571969696969695,120.5,26.903333333333332,64,173,-160.7231336416444,264,91,0,4,0,0,300.0,-25.221875241259113,-14.536674995790236,-74.96458340459503,-46.0,46,1,264,0,eb7c482c1c640ecb278d3dcbccb2dfbdc60a8542225bc0c9394fdbd81b4b2f5f
347,dqn,575,random,low,47.144366197183096,145.5,44.63,84,164,-211.71562930611265,284,120,0,1,0,0,300.0,-41.84062519622967,-34.10208749068261,-90.77291661920026,-45.0,45,1,284,0,b0a88752af54cdd8ccb985b0a7aec74809045021b3b65a1b4351a3d98bf88ef8
348,dqn,800,random,balanced,38.34756097560975,110.0,20.963333333333335,40,123,-134.73100433130884,164,41,0,2,0,0,300.0,-19.653125153388828,-11.720587488195438,-66.35729168972466,-37.0,37,6,164,0,f59f90f59bb07671aa199b698c4c290892175cbeab46e03890c95d2443a0d601
349,dqn,804,random,ew_heavy,21.7117903930131,104.0,16.573333333333334,48,179,-122.10166266724774,229,50,0,3,0,0,300.0,-15.53750020393636,-7.073537500354725,-58.490624962956645,-41.0,41,4,229,0,cd3eda958b5c9d33c5a74c4d8df60a02518efc8e132ac235acde8df555ea4d5e
350,dqn,784,random,low,30.13714285714286,162.0,17.58,31,141,-159.4551421612144,175,34,0,3,0,0,300.0,-16.481250290293247,-11.419724981520991,-98.55416688940022,-33.0,33,8,175,0,2412343e38240f1d9a072a7b95b0fa2accd949acd36c0a97405822e0106b755d
351,dqn,295,random,ns_heavy,36.21111111111111,148.5,27.158333333333335,55,151,-166.81713772054638,225,74,0,2,0,0,300.0,-25.46093774982728,-18.553075014398196,-82.80312495632097,-40.0,40,4,225,0,9ef5d92f6b6f2baad30530c93a7e1aa558289089166e1bf24d74f5dc794af88b
352,dqn,637,random,balanced,17.641379310344828,127.0,8.526666666666667,25,136,-108.29088771662575,145,9,0,1,0,0,300.0,-7.993750222842209,-3.52213750586743,-61.77499998791609,-35.0,35,6,145,0,611928666c8211358cc60cc1eb99449e8918bf1c8a9dd97f2485a71856b526e6
353,dqn,650,random,low,38.71280991735537,219.5,31.22833333333333,62,181,-197.11031688650777,242,61,0,2,0,0,300.0,-29.276562766288407,-29.12021248153105,-100.71354163868818,-38.0,38,7,242,0,e3db086946e9fb625013588cd1f967be4a4dfdf922403475760a3d068ea716b5
354,dqn,902,random,heavy,38.70695970695971,158.0,35.225,92,194,-185.53058360174697,273,79,0,3,0,0,300.0,-33.02343778125942,-28.933187503087535,-84.57395831739996,-39.0,39,4,273,0,d6063d8d48db635f9e3286ca11dc3118e63efcd3402768812edf6116692d88ed
355,dqn,696,random,ew_heavy,16.004807692307693,54.5,5.548333333333333,15,99,-71.58457507646601,104,5,0,1,0,0,300.0,-5.201562606380321,-1.4455125011685588,-33.93749996891711,-31.0,31,6,104,0,558b58c6fdbee800ac67096d493dbbc4d0490c9f0f4aba0efe3fe465c9e045d7
356,dqn,756,random,left_heavy,38.9237668161435,133.0,28.938333333333333,56,174,-164.72124181788752,223,49,7,8,0,0,300.0,-27.129687608103268,-19.64988750366827,-78.94166670611594,-39.0,39,3,230,7,4a60153406993c7cc8db253f22686c037cdb3081ef8a59eac1f3d624a19bdeb2
357,dqn,99,random,low,32.3503937007874,120.5,27.39,55,168,-158.33557101467377,254,86,0,2,0,0,300.0,-25.678125273436308,-15.133487483954381,-68.52395825728308,-49.0,49,2,254,0,4fb2282668c21a874e555847e3569a83d62d90bebe853d66d5ccf7453cc18271
358,dqn,299,random,heavy,26.45263157894737,143.0,16.753333333333334,37,154,-148.0254294212318,190,36,0,1,0,0,300.0,-15.70625024184119,-9.952512491156083,-82.36666668823455,-40.0,40,6,190,0,675fba78ba3e9d88fed99dbfe39e6bfc1a27751e425c58dc3905fcfdfa774678
359,dqn,369,random,heavy,31.180124223602483,169.0,16.733333333333334,37,138,-146.76505430108296,161,23,0,1,0,0,300.0,-15.687500106287189,-10.548387490169986,-89.52916670462582,-31.0,31,9,161,0,67eeecdae59adbe12f4e9de7e3fac91ea4c1f6e9cd0b93d317efbd7baf1d2122
360,dqn,645,random,balanced,28.854591836734695,92.5,18.851666666666667,48,147,-121.69898773000243,196,49,0,2,0,0,300.0,-17.673437794088386,-7.997425004994873,-52.02812493091915,-44.0,44,2,196,0,d435db909a3c194e3acf2061fde2d954724331287d21becff06636ee5bf1a437
361,dqn,870,random,low,26.309701492537314,105.0,11.751666666666667,27,124,-109.78883752413458,134,10,0,1,0,0,300.0,-11.0171876125969,-5.521649994774634,-63.249999916763045,-30.0,30,7,134,0,85325f5f55a952933135b8fd0c6fdffd8ebc715b0c00c3050f2ecda054d46c6e
362,dqn,341,random,low,26.427230046948356,170.0,18.763333333333332,46,177,-147.14108354994016,213,36,0,1,0,0,300.0,-17.59062523697503,-11.020249985506958,-81.53020832745824,-37.0,37,5,213,0,b46203be370e6f3fcdb6840c6a110573e10331cf4037ff85924fa9e67ae35949
363,dqn,498,random,ew_heavy,33.505405405405405,110.5,20.663333333333334,52,125,-153.24113356166276,185,60,0,1,0,0,300.0,-19.37187525886111,-13.385924973480728,-81.48333332932089,-39.0,39,4,185,0,79136ab87b1bdd037372a28e094bfc2fd7b5d4d80c2029386fbad40cdcd7f32f
364,dqn,750,random,left_heavy,37.56304347826087,115.0,28.8,74,134,-160.54920848967745,230,96,9,19,0,0,300.0,-27.000000247964635,-19.234624980913935,-74.31458326079883,-40.0,40,2,239,9,1b64a012e291a9b411b497fbb83478547303b51cccd498c331266008cbd14cfa
365,dqn,194,random,low,29.495412844036696,99.5,21.433333333333334,40,164,-138.2365832865667,218,54,0,2,0,0,300.0,-20.09375009906944,-12.437625017618846,-65.70520816987846,-40.0,40,4,218,0,a180e7f579d2a4443db5809f3931ff5ec3573a8019df47c03ab5945fb2d00ba5
366,dqn,385,random,low,35.386054421768705,172.0,34.68,70,187,-193.9058500893755,294,107,0,2,0,0,300.0,-32.51250021008309,-25.168350002017537,-93.22499987727497,-43.0,43,4,294,0,0b8925119d2c6fccbc76f3474ec3d26d59ce5b4597b767803c16e29f97012a87
367,dqn,196,random,ns_heavy,37.08181818181818,166.5,27.19333333333333,59,172,-179.11070050704728,220,48,0,2,0,0,300.0,-25.493750490481034,-20.085700029022696,-93.53124998754356,-40.0,40,5,220,0,d41271d20ccf3a4565f86cdede223ff61283fe46c047df61ab53cc5cf2b05f06
368,dqn,154,random,ns_heavy,33.08291457286432,142.5,21.945,58,140,-143.40781281571176,199,59,0,1,0,0,300.0,-20.5734378057532,-13.97812499335778,-67.85625001660082,-41.0,41,4,199,0,ad04d7efaf4e1455183e65d11b015b6c06b3b397860fbe663be7446f2bc86501
369,dqn,693,random,heavy,37.44186046511628,164.5,26.833333333333332,66,157,-165.03420447484902,215,58,0,2,0,0,300.0,-25.156250228756107,-18.24566249499403,-82.63229175109882,-39.0,39,6,215,0,33b98272e1ac1b8d3769a606e592b12777cf35e0537f326e6aff8bc234ac86bc
370,dqn,877,random,low,33.446969696969695,94.5,22.075,46,131,-140.32962100564694,198,67,0,1,0,0,300.0,-20.69531269290019,-12.285350008362004,-63.34895830438472,-44.0,44,2,198,0,13c870acec0d0530dd0a91c0ea76eef66f95682445312150287c01e9ab3b8fd9
371,dqn,150,random,left_heavy,29.998305084745763,91.0,29.5,84,188,-136.18178348995062,295,107,1,7,0,0,300.0,-27.656250087427907,-15.348449987892668,-54.17708341463003,-39.0,39,2,296,1,9d17157e71213d5a818479d06a5453c56f8a15cbe0740ae7797064c166564464
372,dqn,691,random,ns_heavy,32.34722222222222,156.5,19.408333333333335,45,133,-165.27401268191247,180,47,0,1,0,0,300.0,-18.19531262794044,-14.300574981491811,-94.77812507248018,-38.0,38,4,180,0,6e2e953eedaf9c14cf4c26ab73e223c0553ee3541cc291720aa2b4cd5c8e337e
373,dqn,695,random,balanced,37.582116788321166,166.0,34.325,92,175,-191.57185449285984,274,99,0,2,0,0,300.0,-32.179687798256055,-22.86925006969905,-93.52291662490461,-43.0,43,3,274,0,94ca6bda60dde2e09ad14b2ddac97f5f443cc9a34eeca695a2c59311bf52ee38
374,dqn,745,random,heavy,34.160493827160494,141.0,36.89333333333333,75,205,-192.7988252446354,324,119,0,3,0,0,300.0,-34.587500328198075,-23.958200035134357,-89.25312488130294,-45.0,45,1,324,0,7791b71f2b418e7b93a1eb003b56873875330113366fc22ddfe3c13dad684cc7
375,dqn,703,random,low,29.353365384615383,129.0,20.351666666666667,39,166,-145.12474606035468,208,42,0,2,0,0,300.0,-19.079687783378176,-10.380475001299784,-73.6645832756767,-42.0,42,3,208,0,7c9eff2e9a5b10e246e73a5cb1d5e8ac2547735b2aff343eebcf707a57577bcd
376,dqn,560,random,heavy,27.8411214953271,131.0,9.93,21,93,-121.08054609231108,107,14,0,1,0,0,300.0,-9.309375240118243,-4.47221250163784,-76.29895835055504,-31.0,31,7,107,0,edbb3fb0c1ec30cddb6233894620def9e56539d00bf858a81e31c37a03f5c171
377,dqn,116,random,ns_heavy,34.27743902439025,143.0,37.47666666666667,78,231,-181.42012525243697,328,97,0,4,0,0,300.0,-35.13437527557835,-23.673250009059117,-82.61249996779952,-40.0,40,6,328,0,7352158da50ddf53ef4e95c99305cb0431109b74c93404251de544589b1daed4
378,dqn,783,random,low,27.804147465437786,154.5,20.111666666666668,47,171,-153.45462120490788,217,46,0,2,0,0,300.0,-18.854687838000245,-11.835350000333719,-81.76458336657379,-41.0,41,4,217,0,2f59ea6e22f22c0e6a6995fb9306938062fd79f0a4cb8284ae374120fa08a22d
379,dqn,195,random,ns_heavy,29.09090909090909,88.5,20.266666666666666,52,159,-123.06237927241384,209,50,0,2,0,0,300.0,-19.000000175787136,-9.217587493701284,-55.8447916029254,-39.0,39,4,209,0,ae7a75c665f3cc8987b636dbef4667aacbf444e1da8355f479e59dfb159e587d
380,dqn,448,random,heavy,24.445945945945947,74.0,12.06,27,127,-106.25233342637445,148,21,0,1,0,0,300.0,-11.306250153807923,-4.897125002105167,-53.0489582704613,-37.0,37,6,148,0,56f480a26085001b1ea547e1417559daa5034f0d4961d9e47caaf7c27bc75008
381,dqn,954,random,low,33.646840148698885,161.5,30.171666666666667,63,189,-176.73333801552127,269,80,0,2,0,0,300.0,-28.285937944427133,-17.63490003512197,-89.81250003597233,-41.0,41,3,269,0,bd9ee9d004b4bc02af1a346d40f3d8449d10899c80c346c71b04b3c8760eaba6
382,dqn,566,random,left_heavy,36.845238095238095,107.5,25.796666666666667,52,133,-161.04320420495563,210,77,2,7,0,0,300.0,-24.184375178883784,-16.689037474182985,-76.16979155188892,-44.0,44,5,212,2,98caf007411bf315a5073ef51e3fd29f044aa1f1bf04f59d2113b6f179de05bf
383,dqn,290,random,ns_heavy,20.555555555555557,140.5,10.483333333333333,29,129,-120.92815018927284,153,24,0,3,0,0,300.0,-9.828125159139745,-4.525024994905833,-72.57500003522728,-34.0,34,6,153,0,4d67d5c5bee4554007fffd3cfd40273452e352b5fe7b61c46278e71639dc2644
384,dqn,63,random,ew_heavy,24.64864864864865,100.0,18.24,47,174,-123.44557512801182,222,48,0,1,0,0,300.0,-17.10000019427389,-7.748700006916621,-60.59687492682133,-38.0,38,4,222,0,cece21a0283b05d57c4c4902f4b814bd4d03ce5e84ccf53debbb7b05713fd77d
385,dqn,258,random,left_heavy,30.86061946902655,135.0,23.25,53,153,-150.36853367371506,226,73,9,14,0,0,300.0,-21.796875313157216,-12.632074971236579,-76.93958338932134,-39.0,39,5,235,9,e6c17d1ef923d98607f6259e079a74fcaf1561133f33a70cd7ecd80567c906ca
386,dqn,556,random,ew_heavy,32.916666666666664,132.0,18.433333333333334,50,117,-141.06426265885307,168,51,0,2,0,0,300.0,-17.279687583330087,-12.403325000807671,-76.38125007471535,-35.0,35,6,168,0,d2e0babe22c2fe9a7444df9afb30c9dc3b62dbd8afaa0a05bdb6d03369b837ac
387,dqn,851,random,ns_heavy,31.93695652173913,133.0,24.485,54,162,-164.05135857901624,230,68,0,1,0,0,300.0,-22.95468776114285,-12.897712519099876,-86.1989582987735,-42.0,42,4,230,0,8ea44c534d8e5da8132512910267e0a120380a731208129809b8a5ea154c40cc
388,dqn,815,random,low,40.76283987915408,145.0,44.975,83,198,-198.98036260960438,331,133,0,2,0,0,300.0,-42.1640626488952,-29.450675053631873,-81.36562490707729,-46.0,46,2,331,0,6f974eb5b68496665b90463eed9cd2e0b246a9c83e4a6c5a12cd120f14cc5a51
389,dqn,213,random,ns_heavy,21.64627659574468,118.0,13.565,37,166,-130.97975840281654,188,22,0,1,0,0,300.0,-12.717187669011764,-5.82611249389083,-79.43645823991392,-33.0,33,7,188,0,42cfa3025fd16c2f82cb50d1fc3de6a579ef9a92eb6d19a20f9f8c596c08c3ca
390,dqn,706,random,heavy,35.20610687022901,173.5,30.746666666666666,69,168,-178.08784595955282,262,94,3,5,0,0,300.0,-28.82500017026905,-24.548262488182083,-86.71458330110181,-38.0,38,4,265,3,c0cb2146d7dba62dea0802235dbf32c046697ce6eb84830ca761c09dd202b611
391,dqn,650,random,low,34.46487603305785,128.0,27.801666666666666,62,168,-159.00314183976806,242,74,0,2,0,0,300.0,-26.06406253844034,-16.188037500961947,-72.75104180036578,-44.0,44,2,242,0,e3db086946e9fb625013588cd1f967be4a4dfdf922403475760a3d068ea716b5
392,dqn,804,random,ew_heavy,18.95414847161572,91.5,14.468333333333334,37,187,-119.61709607719749,229,42,0,3,0,0,300.0,-13.564062775694765,-5.769699997513816,-58.28333330398891,-42.0,42,4,229,0,cd3eda958b5c9d33c5a74c4d8df60a02518efc8e132ac235acde8df555ea4d5e
393,dqn,498,random,ew_heavy,35.81351351351351,88.5,22.085,43,126,-138.9844793514268,185,59,0,1,0,0,300.0,-20.704687682562508,-12.385000007451891,-63.894791661412455,-42.0,42,2,185,0,79136ab87b1bdd037372a28e094bfc2fd7b5d4d80c2029386fbad40cdcd7f32f
394,dqn,497,random,ns_heavy,41.02264808362369,120.0,39.245,86,174,-191.27637923505324,287,113,0,2,0,0,300.0,-36.79218773113098,-29.317525016108256,-80.16666648781393,-45.0,45,3,287,0,4dda8697133c89fbc4b8691f908a5599c6b3579f40490bc26c3c17c0853299b8
395,dqn,420,random,left_heavy,34.88486842105263,171.0,35.35333333333333,70,179,-194.66035026740062,304,125,30,36,0,0,300.0,-33.14375036070123,-22.86034995268346,-93.65624995401595,-45.0,45,2,334,30,b71803a1087882fcaf409081081a56bb7b6f61ed004799143c41e25c788d8a5b
396,dqn,882,random,ew_heavy,21.723958333333332,115.5,13.903333333333334,46,156,-120.38551672107279,192,36,0,1,0,0,300.0,-13.03437517140992,-6.250099994025369,-63.101041555637494,-38.0,38,3,192,0,2fa0dada7a64fbbd8113859d00885fd7d877c1ad2ac7728af86bd304a689d148
397,dqn,525,random,heavy,16.142857142857142,48.0,4.52,12,77,-65.44275425470339,84,7,0,1,0,0,300.0,-4.237500083283521,-1.1635875010666483,-30.041666670353152,-30.0,30,8,84,0,6a247e80ff87310f3338a132359f94ded99b17861b1ac743b50d92be308d3b26
398,dqn,109,random,left_heavy,33.48015873015873,162.5,28.125,62,161,-165.10716691406196,252,91,0,8,0,0,300.0,-26.367187738767825,-18.76393750731586,-85.97604166797828,-34.0,34,7,252,0,4df1f8a3e283c6a13ea1cedfc4321b47328ade54db2354d5a5f21868dece9695
399,dqn,505,random,heavy,32.234177215189874,143.5,25.465,51,175,-173.68365037398553,237,62,0,2,0,0,300.0,-23.873437817790546,-20.62896251519341,-90.18125004100148,-39.0,39,5,237,0,06ccb621074e0eeb4a367963810c8a9dea30337a4521f0d76fe391fe999b8703
400,dqn,876,random,ew_heavy,32.0,147.0,19.2,45,150,-155.50382949306012,180,30,0,2,0,0,300.0,-18.000000270083547,-12.140287501959392,-89.3635417210171,-36.0,36,5,180,0,234d8f69467c36db28b5692c40eb7dd45b5fd66ad80afea7b18326aad0b31efb
401,dqn,837,random,ew_heavy,20.35569105691057,104.0,16.691666666666666,41,192,-129.36855449400105,246,54,0,2,0,0,300.0,-15.648437797557563,-7.68157501007154,-67.0385416863719,-39.0,39,4,246,0,1c89ea06e90130116aad0f4ed67f79b753b52be265eece744718846d0fff1159
402,dqn,372,random,left_heavy,32.46035242290749,132.5,24.56833333333333,54,132,-158.56070425169088,227,95,10,19,0,0,300.0,-23.032812758698128,-16.148725004340665,-78.37916648865212,-41.0,41,3,237,10,6b5831900879c4868efc5846ef037e7ec27ff6c22570a9de11effff528e972bd
403,dqn,882,random,ew_heavy,16.979166666666668,124.0,10.866666666666667,35,166,-112.20092518763123,192,26,0,1,0,0,300.0,-10.187500206753612,-4.447800000388815,-60.56562498048879,-37.0,37,5,192,0,2fa0dada7a64fbbd8113859d00885fd7d877c1ad2ac7728af86bd304a689d148
404,dqn,91,random,heavy,33.67791411042945,123.5,36.596666666666664,77,213,-175.00250431115194,326,113,0,3,0,0,300.0,-34.30937513546087,-23.41083747032026,-77.28229170537088,-40.0,40,3,326,0,eca1b59dc542e09f4596b0d71d2e4a9d1bb4f9bdbede2ad24f34d8a11875c8ea
405,dqn,749,random,ns_heavy,28.30817610062893,88.0,15.003333333333334,40,128,-113.07073765294916,159,31,0,1,0,0,300.0,-14.065625163493678,-6.88636250840791,-53.118749981047586,-39.0,39,3,159,0,47a5bc88d92633c978a45789d4d7219d8d6e6ea482004432208da809ffeb1fc1
406,dqn,620,random,low,19.014563106796118,84.0,13.056666666666667,33,171,-100.08314594472255,206,35,0,1,0,0,300.0,-12.24062518554274,-4.565437521873538,-44.277083237306215,-39.0,39,4,206,0,c6415d7ea579fa98fadba03b868c3464699b5145e721d6fc21046c085e44236a
407,dqn,9,random,ew_heavy,32.36770428015564,132.5,27.72833333333333,55,181,-159.74816280005544,257,76,0,2,0,0,300.0,-25.995312874903902,-14.093474995536237,-73.6593749296153,-46.0,46,5,257,0,3b261f67d24bd2225cdaad04dd441765117e5caa5216074c9efa81b6d8eeb2dc
408,dqn,455,random,heavy,30.201666666666668,159.0,30.201666666666668,64,205,-177.76682108970644,300,95,0,3,0,0,300.0,-28.3140627106186,-20.581924972746496,-90.87083340634126,-38.0,38,7,300,0,721668a27877f1223355b00d728bd161772e3e146134e7959fe1a672ea0bacb9
409,dqn,381,random,heavy,28.53474320241692,142.0,31.483333333333334,62,219,-168.8190462071725,331,112,0,2,0,0,300.0,-29.515625328058377,-17.46696249854723,-79.83645838056691,-42.0,42,3,331,0,180f20b176edf6b4ed2f72eabcb3f9b632d7da73643ee40b1e0cdd03582d6801
410,dqn,429,random,balanced,26.107142857142858,112.5,18.275,56,149,-133.57230853934234,210,61,0,2,0,0,300.0,-17.132812724797986,-8.753037498261984,-71.68645831628237,-36.0,36,6,210,0,f32d80bf392bf4c0f9fa6fba6b13fd15c70af53d53c49a24a8be4d95f5c81441
411,dqn,259,random,ns_heavy,30.859504132231404,136.0,24.893333333333334,59,176,-165.62418780065272,242,66,0,2,0,0,300.0,-23.337500170688145,-15.164812501605049,-84.12187512835953,-43.0,43,1,242,0,ca712b2d44cdad24bc0eb22134c2c6c692974c2013c55815b530c2908f1b9a22
412,dqn,853,random,balanced,16.026315789473685,109.5,7.105,18,126,-92.82596261842336,133,7,0,1,0,0,300.0,-6.660937685868703,-2.652524994184933,-53.51249993836973,-30.0,30,7,133,0,312df65e0593a2a4d5e9a53d43fed692d50c8c032db4e3f34a0ba395734f2cd8
413,dqn,827,random,balanced,24.479357798165136,119.5,17.788333333333334,39,183,-127.44588782399589,218,35,0,1,0,0,300.0,-16.676562812412158,-7.438075001874676,-62.33125000970904,-41.0,41,5,218,0,04e17b88b36a33bdfe75378b8fda6b69c17a876ac58c410ac5eed5b97851af39
414,dqn,138,random,left_heavy,36.60801393728223,124.5,35.028333333333336,74,176,-180.64112101245624,287,111,12,18,0,0,300.0,-32.83906270831358,-22.6781000195253,-77.1239582846174,-48.0,48,0,299,12,6ad1b02ff207613328c9aaf805a780899669394701afd47bf9ea255c00b3ed04
415,dqn,764,random,heavy,30.06858407079646,135.5,22.651666666666667,53,174,-159.49093362085776,226,52,0,2,0,0,300.0,-21.23593765066471,-14.481037485900016,-83.77395848429296,-40.0,40,3,226,0,447a74edd426724a2e5e47711a62145bc21c1d8b8573b8d02150115ef20a9bf8
416,dqn,617,random,left_heavy,37.23170731707317,184.0,35.62,70,203,-205.80443773950236,287,84,22,25,0,0,300.0,-33.39375029900111,-31.245062446997323,-101.16562499350403,-40.0,40,4,309,22,08ba322e254c34962e79df05e986fa89c7f93514bb6336163781fa98c23012c2
417,dqn,186,random,balanced,27.857142857142858,102.0,27.3,73,199,-160.29421693315155,294,95,0,2,0,0,300.0,-25.593750257510692,-13.405674997092136,-76.29479167854879,-45.0,45,3,294,0,537bc70cf66b225a15295c0ae796f794c2df44804e3cdb5fec58c920b55b125b
418,dqn,414,random,low,30.260416666666668,109.5,24.208333333333332,56,178,-141.3727751249571,240,62,0,1,0,0,300.0,-22.695312767173164,-11.618087501370614,-61.05937485641334,-46.0,46,4,240,0,0004349dbbe924529ae4ea98c0c0632dee99bb1865a5fac6a3d177602e3533a8
419,dqn,280,random,ew_heavy,37.42079207920792,200.5,37.795,75,239,-200.79885438822825,303,64,0,2,0,0,300.0,-35.4328127016779,-27.708749967442422,-97.65729171910789,-40.0,40,7,303,0,58e7b916fab155bf592793d988e7a9a1f1f1220e2db97330d252a76e9e5b1a4a
420,dqn,529,random,ns_heavy,35.03557312252964,133.5,29.546666666666667,63,173,-161.59912928069312,253,80,0,1,0,0,300.0,-27.700000305776484,-19.429337446497083,-74.46979152841959,-40.0,40,3,253,0,1b8d0acac58f033716a3ed31d95c26e3109165d11dcd05767efc1434ba94112b
421,dqn,131,random,ew_heavy,10.842281879194632,68.5,5.385,19,145,-67.96024594759074,149,4,0,1,0,0,300.0,-5.048437606077641,-1.1972249974540325,-30.714583344059065,-31.0,31,9,149,0,a5afbc3f39e55c14793ee63d433883e9c617d165ce6abf0b7f800e67e9259e4d
422,dqn,500,random,left_heavy,30.797356828193834,85.5,23.303333333333335,50,169,-131.612721067269,227,58,0,1,0,0,300.0,-21.846875313203782,-10.579387488074278,-59.18645826599095,-40.0,40,2,227,0,960b4f8a37cb30f594872518b915d2fb88deaa3f72f1f908eb3f62285d674c15
423,dqn,118,random,ew_heavy,26.54625550660793,137.0,20.086666666666666,40,186,-143.42929602227736,227,41,0,2,0,0,300.0,-18.831250257906504,-10.805337504596533,-75.79270825977437,-38.0,38,3,227,0,c4c81e093692d63ab4df0e55959781b1c97c98706fffe11d30fceebe98456f80
424,dqn,135,random,ew_heavy,28.94486692015209,145.5,25.375,54,182,-155.92998367502653,263,81,0,3,0,0,300.0,-23.78906283772085,-14.407587478182537,-78.73333335912321,-39.0,39,4,263,0,fcfb0d2d72a7d395f0b22682f6855ee60d39199197e06414ab8c653a21a06081
425,dqn,851,random,ns_heavy,29.26304347826087,102.0,22.435,56,161,-140.4138585754772,230,69,0,1,0,0,300.0,-21.032812718767673,-10.338337524408415,-62.04270833230112,-47.0,47,2,230,0,8ea44c534d8e5da8132512910267e0a120380a731208129809b8a5ea154c40cc
426,dqn,513,random,low,17.448051948051948,104.5,8.956666666666667,19,145,-100.81979173634831,154,9,0,1,0,0,300.0,-8.396875139675103,-3.3781249954241486,-59.04479160124902,-30.0,30,10,154,0,263f5dd8ac9e55331685168619f5fd1242f50500941a0f59160f9dbdd7a0b138
427,dqn,289,random,left_heavy,33.315555555555555,124.5,24.988333333333333,58,147,-159.26943778939966,225,78,0,9,0,0,300.0,-23.426562801352702,-16.049124997523176,-73.79374999052379,-46.0,46,2,225,0,c9d06557ede6c876984102f230b7380b90aab3bb9081c79babf6fe8efc9438ec
428,dqn,863,random,left_heavy,23.474358974358974,102.0,15.258333333333333,32,154,-114.47410865665074,195,41,0,7,0,0,300.0,-14.304687737720087,-6.295462500668508,-58.87395841826219,-35.0,35,6,195,0,ecf3331d60486987bcf466480b6c3be1daaecd2662f421c1f0331a84afe1626c
429,dqn,336,random,ew_heavy,28.437158469945356,153.0,17.346666666666668,47,133,-149.7273251228579,183,50,0,2,0,0,300.0,-16.262500121607445,-9.242950005511375,-84.2218749957392,-40.0,40,4,183,0,51ec75921cc8c2e796542075e50c03c39467b8e9ac72a4316b41eaa6e3823fd3
430,dqn,172,random,ew_heavy,28.07520325203252,102.0,23.02166666666667,56,189,-145.52485436034544,246,57,0,3,0,0,300.0,-21.58281277224887,-11.500374990479754,-72.44166659761686,-40.0,40,4,246,0,8bf7d195b7e42601618af3ce78707109dc25c6b0220edba410d818213a5d0b80
431,dqn,900,random,left_heavy,36.491610738255034,113.0,36.25,72,171,-168.9276501966357,298,127,0,3,0,0,300.0,-33.98437522177119,-23.230774996261616,-71.71249997860286,-40.0,40,2,298,0,16257c77551bae33ad06edc3822197a6de547bdafb56215ef583705cbab81701
432,dqn,12,random,left_heavy,32.45180722891566,113.0,17.956666666666667,40,126,-139.0193168621794,166,40,0,2,0,0,300.0,-16.83437529904768,-10.090149986283354,-70.09479157684837,-42.0,42,3,166,0,b8d2e9ca3c4b726f93b9df1de33b18813e46fc44c42e0299929d927fcae2f264
433,dqn,943,random,left_heavy,31.264112903225808,115.5,25.845,63,168,-163.7051878280218,248,80,0,2,0,0,300.0,-24.229687708429992,-14.03175000948613,-78.44375011010561,-47.0,47,2,248,0,98eefc3993a016b9fdb6fd910f3b9bb39f576319e2ffe2407a5ff1e9a07ab8bf
434,dqn,68,random,ew_heavy,32.537267080745345,107.5,34.92333333333333,74,215,-162.42506687330385,322,107,0,2,0,0,300.0,-32.7406253478257,-18.083399950864983,-66.60104157461319,-45.0,45,3,322,0,983c67d6219671bc2be21c849a1a434e76217e9755f8a71a421690e4c9f2613f
435,dqn,807,random,left_heavy,38.809615384615384,141.0,33.63666666666666,73,162,-183.278112947182,260,98,12,19,0,0,300.0,-31.53437533043325,-22.978112502545258,-86.76562511420343,-42.0,42,1,272,12,18495bc49f47321300562cf1e93c23d6c1c0765b885c2d3d96d2bd2089e318ca
436,dqn,460,random,ns_heavy,35.94982078853047,153.0,33.43333333333333,74,183,-176.57649600147212,279,96,0,2,0,0,300.0,-31.343750154366717,-19.99941254013611,-77.23333330696914,-48.0,48,2,279,0,193042abca6c4ac65f7cd67cd4f8404afef5a8c7e3cf64485d2ff78581240b2b
437,dqn,126,random,ns_heavy,23.289719626168225,137.5,16.613333333333333,38,168,-131.8657418056195,214,46,0,2,0,0,300.0,-15.57500019739382,-8.417824989281506,-70.87291661894415,-37.0,37,6,214,0,4948c918ca2df16c0093025b831822601923b7f096d8741961703b8254d95164
438,dqn,975,random,low,21.14027149321267,107.0,15.573333333333334,49,173,-112.09969201337299,221,48,0,2,0,0,300.0,-14.60000031790696,-6.336150010956773,-54.163541684509255,-37.0,37,3,221,0,bcd30b0476a4709dd852e4025820417f9ca5684b7a7aeee47237e7117066a146
439,dqn,428,random,ns_heavy,27.004273504273506,106.0,21.063333333333333,57,164,-135.5919210357701,234,70,0,2,0,0,300.0,-19.746875155484304,-10.302337481860743,-66.54270839842502,-39.0,39,4,234,0,4e1aa7a9398388ce4346c2ea3aa1e918bfc2fc9ff04596a440d70f5572e095b5
440,dqn,45,random,low,37.526119402985074,118.5,33.52333333333333,72,176,-164.79464608834596,268,92,0,2,0,0,300.0,-31.4281253463123,-19.792562479116164,-66.57395826291759,-47.0,47,2,268,0,52d61a3051ffc8dfd9262c84912d30370521048ffd25585a3573fe9c2b676d0c
441,dqn,721,random,left_heavy,46.05571428571429,117.5,53.733333333333334,105,174,-218.86952536948905,350,176,9,14,0,0,300.0,-50.37500022549648,-40.30077497800732,-79.19375016598497,-49.0,49,2,359,9,cc3ad764ddbdb9880659e92504901bb49d126eb571502690c8927b572619fc2e
442,dqn,991,random,left_heavy,37.31268436578171,124.0,42.16833333333334,90,188,-191.23621269715588,339,151,13,22,0,0,300.0,-39.53281260491349,-28.903400012218466,-76.80000008002389,-46.0,46,1,352,13,38ff4f951ae98af7a875f7afaa856442f953c2c84d6b0b678b5667cf537601c2
443,dqn,156,random,low,23.695876288659793,106.0,7.661666666666667,19,91,-105.0605501613965,97,6,0,1,0,0,300.0,-7.182812643819489,-3.290237497995984,-62.58750001958106,-32.0,32,8,97,0,a1ea2666482f410151a782cbc5b6cdecfa70b47b5b90ba8b3fe9cd1fead0935c
444,dqn,537,random,ns_heavy,36.060165975103736,168.5,28.968333333333334,70,159,-180.69039608067774,241,82,0,1,0,0,300.0,-27.157812712248415,-20.336750023834615,-92.19583334459458,-41.0,41,4,241,0,614c1262c62b992a1638349d5b9e1fb1108940c57714d81172bb150f1694ea7e
445,dqn,930,random,balanced,31.153558052434455,180.5,27.726666666666667,79,175,-178.83426266041502,267,92,0,2,0,0,300.0,-25.993750196881592,-18.82801250281192,-97.01249996072147,-37.0,37,6,267,0,620ec92bf581f7aa20322a2a829c624b28af954526b79df6a6b1268f06589325
446,dqn,121,random,ns_heavy,29.060924369747898,108.0,23.055,51,183,-155.2872918734364,238,55,0,2,0,0,300.0,-21.614062768174335,-11.394062493768436,-74.27916661149357,-48.0,48,2,238,0,f26fa7cfb1c42991097d38025df60a345066782c83fdd5131c0158a8cea4c60e
447,dqn,790,random,balanced,36.277292576419214,202.0,27.691666666666666,70,157,-170.44818782789883,229,72,0,2,0,0,300.0,-25.960937839350663,-20.493499995975444,-83.9937499925727,-40.0,40,5,229,0,66fb49dd741d6d624559d448eadd06ca9e9f162bfd9125da43b4ee79408ca8d3
448,dqn,419,random,heavy,22.758454106280194,86.5,15.703333333333333,32,179,-117.69017931697083,207,28,0,2,0,0,300.0,-14.72187520749867,-6.492262499468776,-59.47604161000345,-37.0,37,5,207,0,d72e9cb29f2a56bbe97ee8fc0ac27ec97e8178c207908a023a235102c04db75b
449,dqn,55,random,low,30.15681818181818,128.5,22.115,63,161,-139.3352877791658,220,59,0,2,0,0,300.0,-20.732812775298953,-10.521225009990303,-68.08124999387655,-40.0,40,4,220,0,0723c88980d3191aef6ebeb946599b70cd3ed4610b86fee7c46d1423d6df8a19
450,dqn,208,random,low,33.37837837837838,175.5,28.823333333333334,71,157,-179.5481708777523,259,102,0,6,0,0,300.0,-27.021875034435652,-18.583587539513967,-86.94270830380265,-47.0,47,2,259,0,78b8bb9f38246d47790a68a21473ff5a9498a8d0225d5383a28368990860a06c
451,dqn,858,random,balanced,23.22782258064516,82.5,19.201666666666668,54,187,-130.35634613394137,248,61,0,3,0,0,300.0,-18.00156288407743,-8.093324993931308,-58.261458255932666,-46.0,46,5,248,0,f19cf88596ebefd71b3fa3ca381468cead43ba81f08bc25a5deb61e75d99071a
452,dqn,715,random,ew_heavy,14.33974358974359,54.0,7.456666666666667,21,139,-71.33480426130924,156,17,0,1,0,0,300.0,-6.990625147591345,-2.155637497753924,-32.18854161596391,-30.0,30,6,156,0,6cbfe9321f730df749bbe09d8839912e78dae2198f487d1162355d0b79a8442d
453,dqn,886,random,low,22.834558823529413,97.5,10.351666666666667,20,123,-108.933337597311,136,13,0,1,0,0,300.0,-9.704687639256008,-4.056774993328871,-60.17187496472616,-35.0,35,6,136,0,7c49550219b6cb6f7c1e61bc59b3f470d15fb87c9e9612b00c197d5537a28cd8
454,dqn,542,random,low,30.269662921348313,72.0,17.96,40,131,-121.98246266586862,178,47,0,1,0,0,300.0,-16.837500169407576,-8.579337496996596,-57.56562499946449,-39.0,39,4,178,0,bd727c710cc26a4ae953effcd8cb418e74b7dcd7fefabc828f38bd44992708b1
455,dqn,133,random,left_heavy,42.322916666666664,167.0,33.861666666666665,72,140,-195.55220445586377,240,100,3,7,0,0,300.0,-31.7453127814224,-24.955850019734513,-91.85104165470693,-47.0,47,2,243,3,43673fc64261f39d23d7c390ffa4b0fb2b4a4d333cc76561576199d7ec76fcfd
456,dqn,288,random,ns_heavy,33.47211155378486,141.0,28.005,54,171,-174.02894602504443,251,80,0,2,0,0,300.0,-26.254687596927397,-20.18155003919164,-89.59270838892553,-38.0,38,4,251,0,129baab82e557e04b017b3a74556b60f3002da89832247f318798aa850d76975
457,dqn,300,random,balanced,31.040772532188843,100.5,24.108333333333334,47,178,-152.89492528043712,233,55,0,2,0,0,300.0,-22.60156267415732,-13.027737488350981,-70.26562511792872,-47.0,47,2,233,0,fdaab5e29aa531c9014ba3c319748171b2dcb96e48497de301d95e570c40fd4b
458,dqn,256,random,ew_heavy,18.33531746031746,85.5,15.401666666666667,40,215,-105.66459618174191,252,37,0,2,0,0,300.0,-14.439062785357237,-6.164074994420659,-49.061458401964046,-36.0,36,5,252,0,449240a80e5ae77899b227294d3bfa2b902bc5fc36c7e8479497668f542eaedb
459,dqn,81,random,balanced,23.56512605042017,139.5,18.695,37,203,-145.8133003493981,238,35,0,2,0,0,300.0,-17.52656277513597,-11.180487503411857,-88.10625007085036,-29.0,29,7,238,0,9c7788348bc19c45efc7de4fe2cbf847f09b511a756419df37b8e780112bf24d
460,dqn,867,random,left_heavy,27.707943925233646,112.0,19.766666666666666,45,140,-128.20650853195696,214,74,0,8,0,0,300.0,-18.531250278814696,-10.138799978094172,-60.53645827504806,-39.0,39,2,214,0,c4d6cd4df46d599ac84496afa0f1b452708e246f5d9f9b5bee7f02431165c973
461,dqn,94,random,balanced,23.52888888888889,140.0,17.64666666666667,41,187,-141.87437107549562,225,38,0,2,0,0,300.0,-16.543750238837674,-7.38478749392598,-80.94583334273193,-37.0,37,4,225,0,c9db06e389f6b7e210048ae9a452eba2282a4abab795ec80a5eb5a302040e544
462,dqn,767,random,ew_heavy,33.31372549019608,145.0,33.98,71,201,-169.83954623823738,306,105,0,2,0,0,300.0,-31.85625034442637,-18.334337465397397,-74.64895842841361,-45.0,45,5,306,0,4fd1e08fffd686292138087767907f1916daace6e27a4a56c8b64c470716b45e
463,dqn,716,random,ew_heavy,31.498257839721255,96.0,30.133333333333333,68,199,-151.48026281077827,287,88,0,1,0,0,300.0,-28.25000033096876,-15.452137517225484,-62.778124962584116,-45.0,45,2,287,0,a55dc77ec8172c2030adcbb098647c80018cf24eaf9432eeae7064be30462fee
464,dqn,437,random,left_heavy,24.957081545064376,82.0,19.383333333333333,42,175,-119.11930442851947,233,58,0,5,0,0,300.0,-18.171875237952918,-9.005762491901258,-53.94166669866536,-38.0,38,3,233,0,1903fc03bbd55c90fbf33e4d191d36eabd68c4b936cefe4faa5497c70225c7ea
465,dqn,626,random,heavy,31.848341232227487,87.0,22.4,57,154,-128.0530418488393,211,57,0,2,0,0,300.0,-21.00000027474016,-10.951999997623355,-54.101041576475836,-42.0,42,4,211,0,4d9a8962b3f07156427c2eb26335926f2f64fc447a49b232d8cf0857583dfc59
466,dqn,406,random,heavy,26.72202166064982,103.0,24.673333333333332,58,182,-141.60735447423727,277,95,0,3,0,0,300.0,-23.131250321283005,-12.768812517618793,-63.70729163533542,-42.0,42,5,277,0,a83a8ea8bbdb6b35a0d6847b65aef215fcc730f7d56bad2b7a801531da04e3c1
467,dqn,527,random,low,18.6675,74.0,12.445,29,180,-104.74640017333809,200,20,0,2,0,0,300.0,-11.667187735438347,-3.760462497294793,-51.3187499406049,-38.0,38,6,200,0,849462797b3d041d53d03b5ddbc4d547f5c763347a26e013cb25a2cc94a015a4
468,dqn,738,random,left_heavy,40.74907063197026,160.0,36.538333333333334,69,169,-199.45204994545134,269,100,10,12,0,0,300.0,-34.254687429522164,-29.45361247399632,-91.7437500419328,-44.0,44,3,279,10,76907cd7e7e2b0759999660518020597fa9ad954390d9d055b572315093f0859
469,dqn,460,random,ns_heavy,32.88351254480287,130.0,30.581666666666667,69,192,-181.65590427949715,279,87,0,2,0,0,300.0,-28.6703126442153,-17.228299973124372,-84.75729166215751,-51.0,51,1,279,0,193042abca6c4ac65f7cd67cd4f8404afef5a8c7e3cf64485d2ff78581240b2b
470,dqn,971,random,ns_heavy,28.93125,123.5,23.145,48,189,-160.92729600628738,240,51,0,2,0,0,300.0,-21.698437806917354,-13.029900003041984,-84.19895819632802,-42.0,42,5,240,0,5927a1b8d7c3ea545e0337c496efa177bfef11f6f34431a87dee4ae13c2159a4
471,dqn,840,random,ns_heavy,34.49418604651163,102.5,29.665,61,163,-157.3826043736342,258,95,0,2,0,0,300.0,-27.810937825939618,-17.883124991335357,-65.68854155635927,-46.0,46,3,258,0,6b5270acb9debb55a651c9b7322a7719bee806ec6113f98c4d5d2be473117da1
472,dqn,80,random,low,32.630434782608695,108.0,15.01,43,105,-134.90345015964633,138,33,0,1,0,0,300.0,-14.071875233552419,-8.247200017153954,-72.58437490893994,-40.0,40,8,138,0,667521c2e45831f6f542352b57022793eb6df723eba919a1ebd8f0880bc9ea99
473,dqn,904,random,low,14.507692307692308,59.0,9.431666666666667,29,178,-82.35812519515318,195,17,0,1,0,0,300.0,-8.842187681701034,-2.5128124990864316,-36.00312501436565,-35.0,35,8,195,0,752de5406f1a60f4ea2458929e93c8aed50194eee4e2887eac005976f6e75371
474,dqn,160,random,balanced,24.904661016949152,124.0,19.591666666666665,54,177,-141.52368353949063,236,59,0,2,0,0,300.0,-18.367187790456228,-8.970037490493995,-69.18645825854037,-45.0,45,5,236,0,51e3bd85434342ab1179601518c8b42cc512ff84b9ca7df5668244de04e5dc70
475,dqn,211,random,balanced,24.867088607594937,118.0,13.096666666666666,31,139,-126.4872335560016,158,19,0,1,0,0,300.0,-12.278125249547884,-5.928900005072502,-65.28020830138121,-43.0,43,5,158,0,889655864cad64164cc118accb734b9841271c34c291130750687fd1004da0ac
476,dqn,363,random,balanced,27.39717741935484,129.0,22.648333333333333,48,190,-155.60871682050785,248,58,0,2,0,0,300.0,-21.23281273804605,-12.046737500025477,-79.3291665824363,-43.0,43,4,248,0,3424e6e045eeac004b83aab826b99ed358a68f25aa0497ce0ea300271416ac57
477,dqn,817,random,heavy,30.670305676855897,123.0,23.411666666666665,51,166,-148.9382209380951,229,63,0,2,0,0,300.0,-21.948437731713057,-12.903324990309926,-71.08645821607206,-43.0,43,3,229,0,1e81a63a7ec4ff91033d324721fc6ecdc883aa158673ee3d508d88097636ed38
478,dqn,508,random,left_heavy,24.844186046511627,88.5,17.81,41,148,-119.81401693025903,215,67,5,13,0,0,300.0,-16.69687521259766,-9.203599988448698,-52.91354172921274,-41.0,41,5,220,5,f08dda704df6a56edf0b962e2f7716dbc2e80b83707d254e54a5360840b1944d
479,dqn,757,random,low,17.90983606557377,104.0,10.925,33,160,-104.37469182381606,183,23,0,2,0,0,300.0,-10.242187714320607,-3.7908374980019306,-53.341666611493565,-37.0,37,5,183,0,8cd1f25f13e1fc6d3a3ce025176d9c847deb04b728ae1b2a12268ac440fa1b02
480,dqn,72,random,low,24.35234899328859,76.0,12.095,31,126,-103.49888767314472,149,23,0,1,0,0,300.0,-11.339062693761662,-4.941075004878076,-51.218749974505045,-36.0,36,5,149,0,10854c7c8a17c02865d82b0cd83483ae3896be3c3591c30c10cfec6832127267
481,dqn,750,random,left_heavy,27.332635983263597,85.0,21.78,57,160,-123.81687503461215,239,79,0,7,0,0,300.0,-20.41875022498425,-10.554375001829614,-57.843749807798304,-35.0,35,2,239,0,1b64a012e291a9b411b497fbb83478547303b51cccd498c331266008cbd14cfa
482,dqn,54,random,ns_heavy,34.72727272727273,87.5,17.826666666666668,37,121,-134.946054303852,154,33,0,1,0,0,300.0,-16.71250024845358,-9.579387488608338,-67.65416656679008,-41.0,41,3,154,0,9395a48f1d17c76df63bff72f793ebbae98bc7b314ce08ea33290a06dc26d9a7
483,dqn,247,random,ns_heavy,29.939622641509434,103.5,26.446666666666665,58,187,-155.41939578678728,265,78,0,3,0,0,300.0,-24.793750140815973,-12.686062505895102,-72.93958314007614,-45.0,45,4,265,0,75df0c7bce323381c22c0eb08f7e34c3bf86a6be1a1f8707454dbbb370ed9761
484,dqn,220,random,heavy,27.296680497925312,105.0,21.928333333333335,53,169,-143.09307947798294,241,72,0,2,0,0,300.0,-20.55781278887298,-12.809224963622546,-66.72604172548745,-43.0,43,3,241,0,cf330d3355edc1217b54389faa613f0e8645c24178fbbb582448f329b37ea4c3
485,dqn,835,random,heavy,22.620111731843576,103.5,13.496666666666666,29,150,-110.9047542872314,179,29,0,1,0,0,300.0,-12.653125164215453,-5.766212486912261,-55.485416636103764,-37.0,37,5,179,0,f44ab6f5c93995380facc61389d23c1c4118a1ea3c0f44bc2fef25fe60e1a07c
486,dqn,386,random,ew_heavy,37.809963099631,104.5,34.155,79,152,-166.32603771326114,271,119,0,2,0,0,300.0,-32.020312748034485,-19.402600032794,-68.90312493243255,-46.0,46,3,271,0,cd58dcad71193f1f51884e1ab373ea865323f83ec44a62f08b66ff0278cf0d97
487,dqn,771,random,left_heavy,28.41223404255319,97.0,17.805,46,138,-132.630295998761,188,50,0,3,0,0,300.0,-16.69218770158477,-9.070399976796033,-63.86770832038019,-43.0,43,3,188,0,e00912487cd57d27215a1b34bfbe7cefbbc681a73edf02a490521a7446a0c3d6
488,dqn,740,random,ns_heavy,39.25375939849624,158.0,34.805,63,170,-179.3748043301143,266,96,0,2,0,0,300.0,-32.62968780880328,-22.40032499941079,-76.34479152190033,-48.0,48,1,266,0,c82443eb8126937a9367e3677f313989fe4e4f90bd14a4cc52d948e7e373cd10
489,dqn,694,random,low,28.419565217391305,84.5,21.788333333333334,53,168,-141.2585668411645,230,62,0,2,0,0,300.0,-20.42656276433263,-10.621587507806543,-64.21041656902526,-46.0,46,4,230,0,37f6f13a3f50f5e60891bb84ced1f9707127e025e64c05f3b8b857c18870e800
490,dqn,610,random,ew_heavy,17.40776699029126,62.5,5.976666666666667,17,97,-71.10351257248253,103,6,0,1,0,0,300.0,-5.603125102235936,-1.6660124973946955,-36.83437497285195,-27.0,27,9,103,0,6a2102d9ca988596d7fd8391e5bb86062705bbd6b6c3cf833262cbf095738e21
491,dqn,867,random,left_heavy,30.91346153846154,129.0,21.436666666666667,46,142,-137.69742537546847,208,66,6,14,0,0,300.0,-20.096875313087367,-11.95992504771275,-67.64062501466833,-38.0,38,4,214,6,c4d6cd4df46d599ac84496afa0f1b452708e246f5d9f9b5bee7f02431165c973
492,dqn,30,random,balanced,33.047872340425535,122.0,20.71,42,150,-146.05481279867954,188,38,0,2,0,0,300.0,-19.415625310037285,-11.098562480237149,-74.54062500840519,-41.0,41,6,188,0,20d3b9f4d3651c19ca1d6e273db5b161ea1eb951765588fb484dca6c0a017c5b
493,dqn,666,random,low,33.48086124401914,108.0,23.325,51,161,-136.2801583382919,209,48,0,1,0,0,300.0,-21.867187615600415,-10.03588748855181,-58.37708323413972,-46.0,46,3,209,0,dbbf5c48217fcac99f5f5d20c3495a1b0bfbca5caae1bfd06c65bca9d71be423
494,dqn,46,random,left_heavy,42.099616858237546,118.5,36.63166666666667,72,139,-196.62980440672928,261,122,29,32,0,0,300.0,-34.34218773676548,-26.983449996630238,-85.30416667333338,-50.0,50,2,290,29,4c408e75356d0421411c730cec1a9914ee8cf2b789ed1a1d12a25760557920a0
495,dqn,628,random,balanced,18.25438596491228,75.5,10.405,23,157,-94.42283771009609,171,14,0,1,0,0,300.0,-9.75468768668361,-3.4619000062528347,-47.20625001715962,-34.0,34,8,171,0,0c9ca48dff7c8ede0455d8ef398e10bff93218dfa3fbaace879db09fd51859f7
496,dqn,453,random,heavy,31.908376963350786,111.0,20.315,48,125,-141.29055010412327,191,66,0,2,0,0,300.0,-19.045312795904465,-11.720237523331155,-71.52499978488777,-39.0,39,7,191,0,c855cd3d201eecc9803077867109bdedbbdae51aac557fe35d0d7254f6552155
497,dqn,973,random,ns_heavy,24.645251396648046,106.5,14.705,34,142,-120.95759596453424,179,37,0,2,0,0,300.0,-13.78593779518269,-7.094574996842128,-61.07708317250945,-39.0,39,6,179,0,6b170c37addbd337fa90e669cedaad91e4a221756d921c59f102ca2b7d3912d7
498,dqn,875,random,low,41.49625468164794,160.0,36.931666666666665,80,163,-190.304100218832,267,104,0,2,0,0,300.0,-34.623437823029235,-25.736912391868085,-84.94375000393484,-45.0,45,2,267,0,9e587b885186a0e1ba17361adbcced7245832bf47bbbebb7930289fe9aa3ba2a
499,dqn,59,random,heavy,27.09840425531915,128.0,16.981666666666666,34,156,-130.7266210195106,188,32,0,2,0,0,300.0,-15.920312783913687,-7.141725005555053,-66.6645832300419,-41.0,41,4,188,0,4f18337cf537db4f6deb49f8454a95b97a8cb58516d71684a2e883e8e707e3c3
500,dqn,915,random,low,26.9125,131.5,17.941666666666666,44,161,-134.83916705326263,200,39,0,1,0,0,300.0,-16.820312844356522,-8.367812495130055,-65.65104171377607,-44.0,44,4,200,0,db06061a6a6a3432d05d68f771f72ec7959656ff74bd78012c28635048386852
501,dqn,182,random,heavy,22.93718592964824,89.5,15.215,33,162,-117.08266696358113,199,37,0,1,0,0,300.0,-14.26406270696316,-6.167562504308444,-54.65104175230954,-42.0,42,5,199,0,986d11ffd694e2d94cf06e48fd0d6972873813b15fa6b2c1f9a5e39a5bda2a40
502,dqn,366,random,balanced,35.12206572769953,147.5,24.936666666666667,49,156,-169.48650022917064,213,57,0,1,0,0,300.0,-23.378125232178718,-17.18650000944837,-91.92187498754356,-37.0,37,7,213,0,78551331bd3510eddba1cf38bf24bea2943cdb4eefc800d52ad77e2130f849f8
503,dqn,535,random,ns_heavy,19.716374269005847,87.5,11.24,25,149,-105.5240209813849,171,22,0,2,0,0,300.0,-10.537500141537748,-3.6719374972082734,-53.3145833426388,-38.0,38,8,171,0,a65060576d5a617d26d82522c628c763a1ded56cadbc1041b31584eb4f352f77
504,dqn,888,random,heavy,14.962121212121213,72.0,6.583333333333333,21,126,-80.72180013130061,132,6,0,1,0,0,300.0,-6.171875137486495,-1.796800001800147,-41.75312499201391,-31.0,31,10,132,0,4e6d169c615b58bb5630512eee77beea3d92debfaf4c060da922ef539f34df02
505,dqn,345,random,ns_heavy,29.072769953051644,138.5,20.641666666666666,44,171,-152.50051691480473,213,42,0,1,0,0,300.0,-19.35156279639341,-11.832287490526506,-80.31666662788484,-41.0,41,4,213,0,2f5c2b85f44a25b451c881b4089094232b3ce5f590c19e421b477402e8e147b0
506,dqn,930,random,balanced,28.786516853932586,101.0,25.62,70,178,-151.17298335942692,267,89,0,2,0,0,300.0,-24.018750217626803,-12.949025005449226,-69.20520813635085,-45.0,45,4,267,0,620ec92bf581f7aa20322a2a829c624b28af954526b79df6a6b1268f06589325
507,dqn,298,random,ew_heavy,31.525691699604742,99.5,26.586666666666666,55,187,-147.76001271954095,253,66,0,1,0,0,300.0,-24.92500029411167,-13.631887490039666,-64.2031249353895,-45.0,45,4,253,0,be4ec60c415ff732ba53ddb9984258f31dcd2902fce492286ce7e4138ed0a322
508,dqn,407,random,ns_heavy,23.57,61.0,15.715,34,161,-107.17761292251306,200,39,0,1,0,0,300.0,-14.732812849222682,-5.929175020554248,-45.51562505273614,-41.0,41,2,200,0,23741c2f533c30f2ab6b17c1003fd362b1bc97373460361f860bfe81db8daf7a
509,dqn,930,random,balanced,30.649812734082396,132.0,27.278333333333332,61,181,-159.02616284074978,267,86,0,2,0,0,300.0,-25.573437783750705,-14.462099974833103,-75.99062508216593,-43.0,43,2,267,0,620ec92bf581f7aa20322a2a829c624b28af954526b79df6a6b1268f06589325
510,dqn,747,random,balanced,37.79775280898876,118.0,33.64,65,174,-177.56569640584712,267,93,0,2,0,0,300.0,-31.537500332458876,-20.7761125328434,-77.25208354054485,-48.0,48,3,267,0,74804a03a548692a8ddd1973242a28705a0ba63383f6ecc59deb8eab0d2f0c21
511,dqn,680,random,low,23.132275132275133,114.0,14.573333333333334,32,164,-121.14160866158345,189,25,0,1,0,0,300.0,-13.662500409642234,-5.836400000106371,-67.64270825183485,-34.0,34,6,189,0,657f77ce38a3debf797ccbb404ae23820a2fb872190e7b314376aea10d0d2adf
512,dqn,366,random,balanced,31.037558685446008,116.5,22.036666666666665,45,156,-145.36051273975968,213,57,0,1,0,0,300.0,-20.65937522146851,-13.379262483808995,-69.32187503448222,-42.0,42,3,213,0,78551331bd3510eddba1cf38bf24bea2943cdb4eefc800d52ad77e2130f849f8
513,dqn,9,random,ew_heavy,34.324902723735406,109.0,29.405,65,163,-159.8184461171776,257,94,0,2,0,0,300.0,-27.567187822191045,-15.308550010741605,-66.94270828424487,-50.0,50,2,257,0,3b261f67d24bd2225cdaad04dd441765117e5caa5216074c9efa81b6d8eeb2dc
514,dqn,154,random,ns_heavy,20.522613065326635,91.0,13.613333333333333,34,166,-112.5448127424993,199,33,0,1,0,0,300.0,-12.762500267475843,-4.994812495302906,-52.78749997972045,-42.0,42,3,199,0,ad04d7efaf4e1455183e65d11b015b6c06b3b397860fbe663be7446f2bc86501
515,dqn,314,random,ew_heavy,32.844,158.5,27.37,58,182,-163.5505378447138,250,68,0,2,0,0,300.0,-25.65937535557896,-16.863037493023146,-82.02812499611173,-39.0,39,3,250,0,74324db8fd4748d1c5272a4fc921124c572f7606d87c78ea2fe75be23b2c6ece
516,dqn,576,random,balanced,26.235521235521237,94.5,22.65,50,194,-139.52992520351404,259,65,0,3,0,0,300.0,-21.234375214087777,-11.336175009589354,-60.959374979836866,-46.0,46,3,259,0,98f0a1aa598913d7c08fea0eac23359114d68b055d1434c34dc6d09ee1ed8c6d
517,dqn,872,random,low,20.280254777070063,82.0,10.613333333333333,33,140,-98.02203754122527,157,17,0,2,0,0,300.0,-9.950000137207098,-3.9970375066266572,-52.074999897391535,-32.0,32,8,157,0,8a96aece1431875e4d66a9d1725954e6e6d952e9838859dc103c7465413e3404
518,dqn,87,random,left_heavy,30.463636363636365,88.5,22.346666666666668,47,147,-136.813058652261,220,73,13,18,0,0,300.0,-20.950000386335887,-12.464100001889896,-56.39895826403517,-47.0,47,3,233,13,bddc4636a165c22ceb7a21dc68b0bb2dd94d211402f76915a5b4a6a3132aaad4
519,dqn,58,random,left_heavy,31.4875,91.0,25.191666666666666,49,138,-154.75736680944908,240,102,10,18,0,0,300.0,-23.61718771723099,-19.095387478628982,-68.04479161358904,-44.0,44,4,250,10,22ac7d2660c24fb3ecc230ed433192a0e7a8e9804ec889a42b37aeaa98902943
520,dqn,664,random,left_heavy,30.82127659574468,110.0,24.143333333333334,56,147,-138.1376418017331,235,88,3,12,0,0,300.0,-22.634375173482113,-12.708474983113408,-59.79479164513759,-43.0,43,2,238,3,6f63f329edaea415599792c5f8c1a4164a8d03c95523e70e1517e2d7bbf68580
521,dqn,241,random,ew_heavy,23.70769230769231,90.5,15.41,34,162,-116.3840336045476,195,33,0,1,0,0,300.0,-14.446875198045745,-6.888200000067449,-55.048958406434394,-40.0,40,4,195,0,7d00af43e066c39c7b77407c6709160b84da65ea09c5731bcb6911c0b85aadaa
522,dqn,810,random,balanced,24.837912087912088,92.5,15.068333333333333,32,149,-122.72083356239241,182,33,0,2,0,0,300.0,-14.126562771736644,-7.064062515351541,-61.530208275304176,-40.0,40,4,182,0,6f5e5e1c93052f1053759fe4424ab0957ded4048fe68a9d1d54939e8252fd239
523,dqn,581,random,balanced,29.658767772511847,100.0,20.86,45,151,-137.52591679150427,211,60,0,2,0,0,300.0,-19.556250205030665,-11.234249996586728,-62.73541658988688,-44.0,44,3,211,0,0d9eb3e6d78c0569ba18562f1a5115f9086bd9f1828722d9503d83d7a1108302
524,dqn,916,random,heavy,30.80745341614907,125.5,33.06666666666667,80,182,-173.93171279049062,322,140,0,2,0,0,300.0,-31.000000259722583,-19.119212492933013,-75.81250003783498,-48.0,48,2,322,0,7a4cd91e9bef916f0e0c850d00c06b926aba1575395b45331d8e240d0df87c34
525,dqn,451,random,heavy,37.247126436781606,166.0,32.405,66,172,-187.96536704253455,261,89,0,3,0,0,300.0,-30.379687853273936,-20.184637500280957,-88.4010416889796,-49.0,49,1,261,0,27ca77e3e90cc2c533c09df0a26e05e8742ffc4190504310f752b3c73cf28e55
526,dqn,449,random,low,32.36407766990291,101.0,22.223333333333333,48,140,-138.00272500080027,206,66,0,1,0,0,300.0,-20.83437509019859,-12.583975003524388,-62.58437490707729,-42.0,42,5,206,0,4b8cb4795c248d46a0e6b7a5a6b05e2ea3de1a6debaa07f6a3c35c0619cc657b
527,dqn,780,random,low,31.820987654320987,133.0,25.775,51,175,-160.7920918764357,243,68,0,3,0,0,300.0,-24.16406271746382,-13.361362509480383,-76.26666664949153,-47.0,47,2,243,0,30afd889b6ed2e59bb9f6ad6263ab73d55104b051402c9244585735a66b2a2a4
528,dqn,118,random,ew_heavy,28.237885462555067,88.0,21.366666666666667,44,175,-136.94487120465126,227,52,0,2,0,0,300.0,-20.031250423402525,-11.267787495024825,-58.64583328622393,-47.0,47,2,227,0,c4c81e093692d63ab4df0e55959781b1c97c98706fffe11d30fceebe98456f80
529,dqn,215,random,low,30.653225806451612,122.0,25.34,55,167,-148.86748361389547,248,81,0,2,0,0,300.0,-23.756250254111364,-13.231025000102088,-68.880208359682,-43.0,43,4,248,0,bf678b3241ca3fd07761d204298757116fc98dd81caac2e7a77f32d5f38d4254
530,dqn,903,random,heavy,33.77300613496933,140.0,36.7,87,211,-176.39408375418057,326,115,0,2,0,0,300.0,-34.40625038463622,-19.917000045438904,-76.07083332410548,-46.0,46,1,326,0,3a169d34a3c6bec02289d2317136e55992a52e8c30a5ac4c167f69f9e4e144ae
531,dqn,142,random,balanced,17.425,86.5,13.94,32,192,-105.3309960224244,240,48,0,1,0,0,300.0,-13.068750248290598,-4.463287501809829,-48.798958272323944,-39.0,39,5,240,0,681688fae9f3a326d2da3e32821f04c201ccf5711d55c0c2b9de444965c04eda
532,dqn,871,random,balanced,34.48201438848921,147.5,31.953333333333333,66,169,-177.58376709674707,278,109,0,2,0,0,300.0,-29.956250338931568,-19.688974981664078,-79.9385417761514,-48.0,48,2,278,0,a35a77512524efb380958e80a608831c48422649bee491464e4c6bf338251185
533,dqn,699,random,low,32.31598513011152,146.5,28.976666666666667,62,185,-162.82178779399766,269,84,0,3,0,0,300.0,-27.16562530840747,-16.606162493576267,-73.04999999201391,-46.0,46,1,269,0,0232915d66b99c5f462429f659a62a7df90ddd076b8d3b4f39bd4dfe3b7ccb1f
534,dqn,968,random,ew_heavy,24.506410256410255,112.5,19.115,44,183,-136.83477122731347,234,51,0,1,0,0,300.0,-17.9203127885703,-8.518625004555362,-65.39583343418781,-45.0,45,2,234,0,949a492d2d25197834713041ce2c0e9f66ccb4d0514bb39bb6dc94cbcbe5a88e
535,dqn,272,random,balanced,21.46035242290749,114.5,16.238333333333333,40,183,-127.59315438841077,227,44,0,1,0,0,300.0,-15.22343772824388,-7.293674996519259,-64.07604166364763,-41.0,41,5,227,0,1b45d8637e2e1a7335d3f328128db2d7ec559749a135c5972ad33e9407abe5f2
536,dqn,594,random,left_heavy,33.740566037735846,131.0,23.845,46,144,-150.98545856546485,212,68,10,17,0,0,300.0,-22.354687708662823,-15.313062490949962,-71.31770836585201,-42.0,42,4,222,10,c34de4432a582ccd4715db37a9da27baee6e7bc3a2968b493c862daaddf342c2
537,dqn,42,random,balanced,27.254424778761063,96.0,20.531666666666666,50,171,-136.20010864665014,226,55,0,1,0,0,300.0,-19.248437816859223,-10.21833748778081,-59.733333342010155,-47.0,47,2,226,0,c59b4cda74a9ff082421aa4a6602efc18f2acf4344a7f7ee1201dbd18b21addf
538,dqn,674,random,heavy,22.36036036036036,78.5,16.546666666666667,43,185,-118.43292922374165,222,37,0,1,0,0,300.0,-15.51250025338959,-6.275637490547522,-52.64479147980455,-44.0,44,4,222,0,4c23ae76a065fcf0bf936614d6710c1d1aef5ed93d892d7c9239ab316de91cf8
539,dqn,54,random,ns_heavy,28.4025974025974,111.5,14.58,29,117,-136.58745855277002,154,37,0,1,0,0,300.0,-13.668750235927291,-7.569750013971498,-71.34895830287132,-44.0,44,3,154,0,9395a48f1d17c76df63bff72f793ebbae98bc7b314ce08ea33290a06dc26d9a7
540,dqn,374,random,heavy,29.931102362204726,116.0,25.341666666666665,62,155,-156.827333647188,254,99,0,2,0,0,300.0,-23.757812771596946,-14.4799375228009,-68.58958335279021,-50.0,50,2,254,0,f3952a1d9ada462992257be485dfacc7ea30d63bc3030edf8b4479c246a29bce
541,dqn,326,random,ns_heavy,28.948214285714286,94.0,27.018333333333334,57,193,-150.07351693937014,280,87,0,2,0,0,300.0,-25.329687790828757,-13.436537528479674,-64.30729162006173,-47.0,47,4,280,0,e87bcb8923368989a35162a3ec8aaa232e911d5b0a2b623a606e5f543670b822
542,dqn,184,random,ew_heavy,37.76282051282051,120.5,39.27333333333333,98,182,-179.22931275834713,312,130,0,2,0,0,300.0,-36.8187502825167,-23.573062508403385,-71.837499967427,-47.0,47,3,312,0,739a8c2c86624d6fa1953f2e4f6d735297399b37f404605934aec59ccffa7402
543,dqn,542,random,low,31.502808988764045,93.0,18.691666666666666,38,125,-142.94915876681847,178,53,0,1,0,0,300.0,-17.523437701165676,-9.829887504618823,-70.59583356103394,-45.0,45,3,178,0,bd727c710cc26a4ae953effcd8cb418e74b7dcd7fefabc828f38bd44992708b1
544,dqn,292,random,low,30.69927536231884,96.5,28.243333333333332,60,189,-141.84412934653443,276,87,0,3,0,0,300.0,-26.4781251703389,-15.5118374723148,-54.854166703880765,-45.0,45,4,276,0,8b87b585200e311f694b9d1d585a2a40d019ed42bfb92e8e0417b54320781a60
545,dqn,89,random,low,31.309623430962343,112.0,24.94333333333333,53,176,-161.45012525327974,239,63,0,2,0,0,300.0,-23.384375253110193,-13.82825003050747,-76.23749996966217,-48.0,48,1,239,0,80952ea77ad04adeba23ba0f608c640f7dc7003cdc2da1321fc69155ace8e900
546,dqn,721,random,left_heavy,46.592485549132945,122.5,53.74333333333333,91,169,-230.39493371301782,346,177,13,17,0,0,300.0,-50.38437516067643,-43.980350055381734,-83.03020849695895,-53.0,53,1,359,13,cc3ad764ddbdb9880659e92504901bb49d126eb571502690c8927b572619fc2e
547,dqn,188,random,ew_heavy,30.42687074829932,92.0,29.81833333333333,72,196,-142.10398352260302,294,98,0,3,0,0,300.0,-27.95468765858095,-14.37846253134848,-53.77083333267365,-46.0,46,3,294,0,cd5e1cf1aa4de7cd5fc938361d98febf02194717de52bf1b2d090f8d7577d587
548,dqn,325,random,balanced,24.92079207920792,104.0,16.78,42,153,-129.77754595091176,202,49,0,2,0,0,300.0,-15.731250192271546,-7.647337485757453,-64.39895827288274,-42.0,42,4,202,0,3d026660992de65171ac6d94c3ac8e65fec5dcf25bfcb3e3f65aed919292afa6
549,dqn,319,random,low,30.986607142857142,104.5,23.138333333333332,54,163,-138.18202527710022,224,61,0,1,0,0,300.0,-21.69218774221372,-11.68046249965919,-59.809375035227276,-45.0,45,3,224,0,1b2d7499227e83629cd0efb27348fade0a15e6d9e7c602180079203a0c3a7d68
550,dqn,692,random,left_heavy,39.58783783783784,150.0,29.301666666666666,69,144,-190.79694205488252,222,78,19,25,0,0,300.0,-27.470312768942676,-21.01308753679695,-94.31354174914304,-48.0,48,5,241,19,e37c63fab631e088496002e258c7891c9491d004e710b06de2a1976dab80104b
551,dqn,724,random,ns_heavy,45.3968253968254,137.5,47.666666666666664,91,181,-208.41651290342142,315,134,0,3,0,0,300.0,-44.687500298721716,-33.216512554571075,-83.51250005012844,-47.0,47,2,315,0,dfb8bbd2600faca8a19da53063977a42de571877015e02d49e43712ae195e145
552,dqn,503,random,ns_heavy,20.677350427350426,81.5,16.128333333333334,35,187,-113.66178778940296,234,47,0,2,0,0,300.0,-15.120312802609988,-6.341474991612631,-53.199999995180406,-39.0,39,3,234,0,c1fadd30b585ce4075fc979ed1d3210bd7934d56727527284d6e1f9203ede203
553,dqn,80,random,low,14.351449275362318,65.0,6.601666666666667,24,133,-80.07967096043069,138,5,0,1,0,0,300.0,-6.189062661374919,-1.829149999537185,-38.06145829951856,-34.0,34,9,138,0,667521c2e45831f6f542352b57022793eb6df723eba919a1ebd8f0880bc9ea99
554,dqn,449,random,low,31.682038834951456,92.5,21.755,55,137,-126.63585836219572,206,69,0,1,0,0,300.0,-20.395312620326877,-11.541587482210886,-54.69895825965796,-40.0,40,2,206,0,4b8cb4795c248d46a0e6b7a5a6b05e2ea3de1a6debaa07f6a3c35c0619cc657b
555,dqn,706,random,heavy,31.007575757575758,120.5,27.286666666666665,59,184,-168.1190837045558,264,80,1,4,0,0,300.0,-25.58125031378586,-17.017000000354173,-78.52083339041565,-47.0,47,1,265,1,c0cb2146d7dba62dea0802235dbf32c046697ce6eb84830ca761c09dd202b611
556,dqn,968,random,ew_heavy,25.544871794871796,101.0,19.925,49,175,-124.24496692557076,234,59,0,1,0,0,300.0,-18.679687714553438,-8.398612492235406,-53.166666718781926,-44.0,44,4,234,0,949a492d2d25197834713041ce2c0e9f66ccb4d0514bb39bb6dc94cbcbe5a88e
557,dqn,960,random,ew_heavy,12.39,70.0,8.26,22,185,-79.06089175200982,200,15,0,2,0,0,300.0,-7.743750132853165,-1.994225002820166,-36.32291661633644,-33.0,33,7,200,0,52978ccf146960f47420cdf655465656975e05da60510a373e8ebdac68bc22a0
558,dqn,167,random,heavy,23.06281407035176,100.0,15.298333333333334,40,158,-117.73890031518171,199,41,0,1,0,0,300.0,-14.342187777976505,-6.3092125045855925,-55.08750003261957,-42.0,42,4,199,0,91f89c6abac2112372be00c34337d882c88f518a6cecafefbf6e639fa8ec6568
559,dqn,249,random,heavy,34.08496732026144,159.0,34.766666666666666,71,192,-184.6022751613505,306,114,0,2,0,0,300.0,-32.59375011292286,-22.908525016553174,-85.10000003187452,-44.0,44,2,306,0,25504fe6e5a06f93b238ee0d8549347d22ed482e31c141351c4387fb924ffaf5
560,dqn,488,random,low,28.145833333333332,137.5,20.265,40,158,-151.12146691463207,216,58,0,2,0,0,300.0,-18.998437699628994,-10.062612496407382,-76.06041671859566,-46.0,46,4,216,0,f4f3e7519ea4b6edb2071c47320adce1c10a4dbd6edf63f9a3cd58606a5b50e4
561,dqn,257,random,heavy,41.8089430894309,134.0,51.425,89,184,-211.41737110017868,369,185,0,2,0,0,300.0,-48.21093777625356,-37.641849980704116,-74.56458334322087,-51.0,51,2,369,0,a3e887b14dadf2dfea389dcd5dbfcb42653ea044ebf5504501aa9ff2303f02cf
562,dqn,160,random,balanced,26.065677966101696,156.0,20.505,44,173,-155.25966280525685,236,63,0,2,0,0,300.0,-19.223437799490057,-10.211224996616515,-79.82500000915024,-46.0,46,4,236,0,51e3bd85434342ab1179601518c8b42cc512ff84b9ca7df5668244de04e5dc70
563,dqn,222,random,ew_heavy,37.32886904761905,147.5,41.80833333333333,82,204,-207.37503777005992,336,132,0,3,0,0,300.0,-39.19531272968743,-28.242225035133753,-91.93750000523869,-48.0,48,3,336,0,357630230a4ad5f2d25b2927f5ab249176609ef95734f359dcf32e784ffb9af7
564,dqn,938,random,ns_heavy,30.061827956989248,91.5,18.638333333333332,40,145,-130.53165865731208,186,41,0,2,0,0,300.0,-17.473437808919698,-9.556137511807174,-58.5020833365852,-45.0,45,4,186,0,8ecd18ce4658837fde085fbe77ca6be00052b3cf5f194476a67287919ab8f01f
565,dqn,707,random,ns_heavy,17.225,100.0,10.335,23,164,-101.61298772379739,180,16,0,1,0,0,300.0,-9.689062674413435,-3.4301750073347637,-48.493750042049214,-40.0,40,5,180,0,54b0c223084411f3dcb4e460f5d6523f059559c49a65a389efc2c5f9d3259c50
566,dqn,489,random,low,24.795045045045047,79.5,18.348333333333333,43,189,-116.2992878157754,222,33,0,2,0,0,300.0,-17.201562792179175,-7.503975000662464,-50.59375002293382,-41.0,41,4,222,0,57070a16f0b95c6b6af029b3dfb761ef144cdcf63f7815021988c59a92b57042
567,dqn,557,random,left_heavy,38.948019801980195,103.5,26.225,55,132,-162.11297106694764,202,70,0,1,0,0,300.0,-24.585937754483894,-16.428075022630953,-75.09895828983281,-46.0,46,2,202,0,49e1b49a9a4f54d757d29874b8ce60c4f4e80e7186c7db0dc94eabb6d3148bd0
568,dqn,332,random,ew_heavy,26.641666666666666,103.5,21.313333333333333,44,183,-129.4451667827394,240,57,0,2,0,0,300.0,-19.981250205542892,-9.244124993246803,-57.2197915839497,-43.0,43,3,240,0,5087045ed863c260b449be0856090e0ed590fe0956913147367c5669c35637d1
569,dqn,550,random,low,25.438920454545453,108.5,29.848333333333333,66,235,-154.0460254139085,352,117,0,3,0,0,300.0,-27.982812838396057,-15.038212459073844,-64.0250001164386,-47.0,47,5,352,0,f661b6c7bd5af3949de1e6128f2f7a19958ba666b968fd18b00094fa9d753041
570,dqn,169,random,low,22.527272727272727,76.5,16.52,40,169,-113.34379594871645,220,51,0,2,0,0,300.0,-15.487500268034637,-6.926087502793962,-47.930208177887835,-43.0,43,4,220,0,d0120c29dc130ed69463a778245f8dddd3a164056a7a47a6af881fd0c6015204
571,dqn,61,random,ew_heavy,27.64365671641791,79.5,24.695,65,192,-141.30832926676734,268,76,0,2,0,0,300.0,-23.151562785962597,-11.740099966913839,-59.41666651389096,-47.0,47,3,268,0,6a388d1c5460a7dea110c7852817b55367058b04ad73f82c7650cbb78022e94a
572,dqn,595,random,low,32.3374613003096,127.5,34.81666666666667,75,213,-180.74429204467518,323,110,0,2,0,0,300.0,-32.64062527497299,-23.677624995134092,-77.42604177456815,-47.0,47,2,323,0,176365a0d053e45756d5ac52d18e237a4e8129ec1805e3ce86f335a362671275
573,dqn,559,random,balanced,31.55255255255255,135.0,35.02333333333333,73,227,-188.08294191885435,333,106,0,2,0,0,300.0,-32.83437529869843,-21.681899981095192,-88.56666663906071,-45.0,45,5,333,0,55d2e41af3e2ff3daaab55836e5a7575f7ddddadb34bd467d399a210dafcf1b4
574,dqn,399,random,low,27.42248062015504,154.5,23.583333333333332,51,176,-165.7978920161514,258,82,0,2,0,0,300.0,-22.109375362400897,-11.84372498563244,-82.84479166811798,-49.0,49,4,258,0,29991776368f820f57f188855e057eeea4c16fabcf7f6de076687eede13b0041
575,dqn,458,random,ns_heavy,22.682098765432098,86.5,12.248333333333333,29,123,-106.13752494323782,162,39,0,1,0,0,300.0,-11.482812677510083,-5.251587487545477,-52.403124778182246,-37.0,37,7,162,0,e28e34093a41cfdf12a88829347bf4f08e1a67cf3c6b0f781bef3ebc433a2b11
576,dqn,128,random,heavy,27.988636363636363,91.5,16.42,43,131,-126.50075444994218,176,45,0,2,0,0,300.0,-15.393750252667814,-7.6653375209607475,-58.441666676313616,-45.0,45,4,176,0,540677b01e0e4491cc42e9cf82f1a636feb5f11cbeb4cde73325df938d3348dc
577,dqn,848,random,balanced,16.34659090909091,67.0,4.795,13,81,-67.78559593816534,88,7,0,1,0,0,300.0,-4.495312604238279,-1.2038249995770458,-34.08645833435003,-28.0,28,11,88,0,91ee3e01d94e54d057b608ed39661e72666243487c6e91ee96dc051a8fad0f0c
578,dqn,33,random,low,28.827935222672064,107.0,23.735,49,178,-132.885554367987,247,69,0,3,0,0,300.0,-22.251562740653753,-11.18607500354628,-57.44791662378702,-42.0,42,4,247,0,1e57d36af1fa90d5889a66d7e0bee5e5c5c49fcc3b68b90053ba78a9b064ac0d
579,dqn,479,random,heavy,31.17827868852459,92.0,25.358333333333334,54,166,-142.37418374191407,244,78,0,2,0,0,300.0,-23.77343785658013,-13.476787503858946,-59.12395838147495,-46.0,46,4,244,0,055f04cce56e893f7eedf0e5fc4fa4548f7ec1a1b42659217222e9eaa90b09f3
580,dqn,392,random,low,25.92703862660944,103.0,20.136666666666667,47,161,-139.96365857299614,233,72,0,2,0,0,300.0,-18.878125263378024,-10.60532499966867,-67.48020830994938,-43.0,43,5,233,0,527e8fc76dcb44c3765cba08ec384492787dffa36d908a124634c4f9f5becd42
581,dqn,780,random,low,32.358024691358025,110.5,26.21,59,166,-161.25175457365768,243,77,0,3,0,0,300.0,-24.57187537464779,-14.035087492893947,-72.64479170611594,-50.0,50,2,243,0,30afd889b6ed2e59bb9f6ad6263ab73d55104b051402c9244585735a66b2a2a4
582,dqn,584,random,ns_heavy,31.93243243243243,106.0,23.63,51,156,-147.63785044428653,222,66,0,2,0,0,300.0,-22.153125381097198,-11.73160002309596,-65.75312504009344,-48.0,48,3,222,0,6447ff4f13ce69f234ff5ba742715fff353dc7a116d9ac071aefec3c27976de6
583,dqn,188,random,ew_heavy,30.477891156462587,174.0,29.868333333333332,63,206,-177.57271704764196,294,88,0,3,0,0,300.0,-28.001562877441756,-17.060737481220706,-84.5104166889796,-48.0,48,3,294,0,cd5e1cf1aa4de7cd5fc938361d98febf02194717de52bf1b2d090f8d7577d587
584,dqn,519,random,heavy,24.950920245398773,79.0,13.556666666666667,33,130,-107.31882933862074,163,33,0,1,0,0,300.0,-12.709375196369365,-4.858412503004362,-42.75104163924698,-47.0,47,2,163,0,a3eec615fe21f5fae221d56ba665d013b9f28739b9a80ef6c92a81282dc6b9e5
585,dqn,600,random,ns_heavy,30.281007751937985,138.5,26.041666666666668,63,176,-162.0657418652911,258,82,0,1,0,0,300.0,-24.414062610827386,-15.997512518172881,-74.65416673629079,-47.0,47,2,258,0,82ea7c3f9f839a64e6a7aa03a2a99d91e9651338702774972f536d757f900c85
586,dqn,901,random,left_heavy,33.759765625,103.5,28.811666666666667,63,157,-164.20297093031493,256,99,8,11,0,0,300.0,-27.01093767641578,-17.546199986417935,-68.64583326748107,-51.0,51,3,264,8,89ae0561c31d5c1026addb69d0c56f24b50a927d062d2a94a42dce17dc676ed1
587,dqn,521,random,balanced,29.114213197969544,110.0,19.118333333333332,47,153,-132.3235419601653,197,44,0,2,0,0,300.0,-17.923437825171277,-9.11468751735374,-62.285416617640294,-43.0,43,5,197,0,1ef62ee3ff97f5f91b656237ca49088016e08e37e93c157108bbf3d50042a566
588,dqn,912,random,left_heavy,22.88150289017341,72.5,13.196666666666667,31,120,-107.18087102025818,173,53,1,7,0,0,300.0,-12.371875227545388,-5.803787499154714,-47.0052082935581,-42.0,42,5,174,1,04fd2d4685c3d6d20efad9e3587391c6a07ad85941e8d1df362d19b56ba34bda
589,dqn,341,random,low,29.741784037558684,123.0,21.116666666666667,51,152,-149.3317170540053,213,61,0,1,0,0,300.0,-19.79687529115472,-10.99005000234538,-72.54479176050518,-46.0,46,3,213,0,b46203be370e6f3fcdb6840c6a110573e10331cf4037ff85924fa9e67ae35949
590,dqn,937,random,heavy,31.77314814814815,98.5,22.876666666666665,56,148,-140.58219623193798,216,68,0,2,0,0,300.0,-21.446875358349644,-12.686362495652425,-64.44895837793592,-42.0,42,4,216,0,9f83fc750643fcedf331b693d3e4b7bab0173f3668a1ba6c123ed941dbee0a59
591,dqn,945,random,heavy,22.4,71.5,11.573333333333334,26,135,-104.3140501044465,155,20,0,1,0,0,300.0,-10.8500002467772,-4.304674992315268,-51.15937486535404,-38.0,38,5,155,0,606d141bf0543a08ade33eddf46543c422db0ee504e984233d4ad7d5c4e41238
592,dqn,800,random,balanced,38.96951219512195,154.5,21.303333333333335,46,112,-148.22674178067905,164,52,0,2,0,0,300.0,-19.971875126706436,-13.628825004481048,-71.62604164949153,-43.0,43,3,164,0,f59f90f59bb07671aa199b698c4c290892175cbeab46e03890c95d2443a0d601
593,dqn,853,random,balanced,13.612781954887218,102.0,6.035,17,129,-82.92769590034072,133,4,0,1,0,0,300.0,-5.657812637044117,-2.167800001589785,-46.102083261706866,-29.0,29,10,133,0,312df65e0593a2a4d5e9a53d43fed692d50c8c032db4e3f34a0ba395734f2cd8
594,dqn,478,random,ns_heavy,23.843575418994412,70.0,14.226666666666667,36,142,-108.23210855140998,179,37,0,1,0,0,300.0,-13.337500286404975,-5.530024999386661,-44.36458326561842,-45.0,45,4,179,0,dfa7fa02fc82a2fe0de5e00deef8c87e7516c1273d00579ebfd98af746207585
595,dqn,939,random,balanced,17.362222222222222,96.0,13.021666666666667,40,187,-114.84584179855081,225,38,0,2,0,0,300.0,-12.207812718115747,-4.630737496508664,-60.00729158392642,-38.0,38,7,225,0,981c65599a7ad62b552ff982648e7b4d10004d34f908543728cb90b15f1113b1
596,dqn,524,random,balanced,31.21788990825688,115.0,22.685,52,152,-158.9023087225978,218,66,0,2,0,0,300.0,-21.267187726916745,-13.32678751623098,-77.30833347945008,-47.0,47,4,218,0,e750695552bec3f6c9596b7d5c73de9416245d0a90d0b62db3b16056901763f5
597,dqn,592,random,ew_heavy,33.282722513089006,144.0,21.19,43,142,-165.14256695936274,191,49,0,1,0,0,300.0,-19.865625188103877,-14.244650032360367,-88.0322917388985,-43.0,43,5,191,0,fc5990c7c3974eef8c10891ffc49d85cc2a8a12c0570c07a57dc7a3a8fd8ca97
598,dqn,398,random,low,31.806603773584907,79.5,22.476666666666667,43,161,-131.98975023492457,212,51,0,1,0,0,300.0,-21.071875317953527,-10.542874996482716,-52.374999920488335,-48.0,48,2,212,0,879b1043e1005d62790cf5c13fd790223c510ce6b24450e11d51fc63651de7f0
599,dqn,582,random,heavy,21.593939393939394,91.5,11.876666666666667,29,140,-105.715187615528,165,25,0,2,0,0,300.0,-11.134375161142088,-4.8464375040952286,-50.73437495029066,-39.0,39,7,165,0,6b3f6beeecf8005e52319f182d95721be07a749dbf0f0a5b685e0e21867d9849
600,dqn,400,random,heavy,27.126482213438734,90.5,22.876666666666665,52,193,-143.45524183190062,253,60,0,2,0,0,300.0,-21.446875288151205,-9.413575013467199,-62.59479153028224,-50.0,50,1,253,0,c24ffd48ef8380ffaa1db3ec6edd7b4a7f169ed7263c65cd759dff8faab9de36
601,dqn,569,random,ns_heavy,35.153992395437264,118.5,30.81833333333333,62,161,-173.14607936461326,263,102,0,3,0,0,300.0,-28.892187717021443,-19.324725007786036,-76.92916663980577,-48.0,48,4,263,0,d9ddf450c68fd7bcc1ae2ee7e1b73bf5751435549ce4079fd278f71a88afaae3
602,dqn,42,random,balanced,27.325221238938052,92.5,20.586666666666666,48,172,-140.21958348440967,226,54,0,1,0,0,300.0,-19.30000031623058,-10.248750001839655,-61.670833166339435,-49.0,49,3,226,0,c59b4cda74a9ff082421aa4a6602efc18f2acf4344a7f7ee1201dbd18b21addf
603,dqn,65,random,ns_heavy,24.22146118721461,81.5,17.68166666666667,41,170,-124.90871701181834,219,49,0,2,0,0,300.0,-16.576562845613807,-7.987362516712896,-56.344791649491526,-44.0,44,3,219,0,2f6620695537c5d4c628d16d3a167bd4d2b13ca118834fdc9137e318f517efd1
604,dqn,799,random,ew_heavy,31.68609022556391,104.5,28.095,63,180,-162.8753001832562,266,86,0,2,0,0,300.0,-26.33906278759241,-16.25498750311525,-73.28124989254866,-47.0,47,4,266,0,3e8c7291d061e50dc5d386ce76937c79568c86c15ab0768cba4e606014344e6c
605,dqn,859,random,balanced,30.88421052631579,137.0,29.34,56,195,-165.7611626534847,285,90,0,1,0,0,300.0,-27.50625015469268,-17.948662507150583,-74.30624999164138,-46.0,46,4,285,0,ab3d7081a66f6ae15cff187b09fbe3eee3e1e018cc659850bfa2f8d0301b3fcd
606,dqn,247,random,ns_heavy,35.41320754716981,93.5,31.281666666666666,68,180,-164.0376041496944,265,85,0,3,0,0,300.0,-29.32656265515834,-16.744375037642016,-68.96666645689402,-49.0,49,3,265,0,75df0c7bce323381c22c0eb08f7e34c3bf86a6be1a1f8707454dbbb370ed9761
607,dqn,20,random,low,26.978125,95.0,14.388333333333334,28,129,-120.84529191085522,160,31,0,2,0,0,300.0,-13.489062773995101,-5.930187501524779,-54.42604163533542,-47.0,47,5,160,0,8d3b6ddf3c071813d242712b96e39f0c1e4031a9aa8f7893e5b53f17313f46aa
608,dqn,30,random,balanced,32.22872340425532,108.5,20.196666666666665,42,132,-132.3527794180387,188,56,0,2,0,0,300.0,-18.934375245007686,-9.339237497462458,-57.07916667556856,-47.0,47,5,188,0,20d3b9f4d3651c19ca1d6e273db5b161ea1eb951765588fb484dca6c0a017c5b
609,dqn,780,random,low,30.69341563786008,123.0,24.861666666666668,58,166,-154.0888711117368,243,77,0,3,0,0,300.0,-23.30781284533441,-13.082099993705922,-68.69895827269647,-49.0,49,2,243,0,30afd889b6ed2e59bb9f6ad6263ab73d55104b051402c9244585735a66b2a2a4
610,dqn,467,random,ns_heavy,34.00342465753425,107.5,33.096666666666664,74,188,-164.30153358367374,292,104,0,4,0,0,300.0,-31.028125325101428,-18.821324957540483,-68.45208330103196,-46.0,46,2,292,0,ad5f44e4c629ee111562b372b616843bcc4d712b94d93fae8ab0dc377998f549
611,dqn,269,random,low,35.05813953488372,85.5,20.1,43,123,-139.562708446975,172,49,0,2,0,0,300.0,-18.84375020756852,-11.1106249943703,-62.60833324503619,-47.0,47,3,172,0,a92f759cf8df5ce533e44ba49037c99e566e08ef975e9d6d7fcb859912a7c5ec
612,dqn,718,random,heavy,34.3125,112.0,27.45,58,160,-158.32112529700328,240,80,0,2,0,0,300.0,-25.734375348547474,-14.371125017769376,-64.21562493068632,-54.0,54,1,240,0,ed5ad31308ecb6367826ed794a2da0e59bd62f273071ae85fb9c8c6a533811ae
613,dqn,520,random,ns_heavy,16.207386363636363,66.0,9.508333333333333,27,162,-90.96690861666214,176,14,0,1,0,0,300.0,-8.914062747731805,-2.7913875012389315,-40.261458367691375,-39.0,39,8,176,0,6f3a12162302791388f2d88d6e0e8d586db5d6fb0c5f23d02daa1955815e00b0
614,dqn,437,random,left_heavy,27.218884120171673,91.0,21.141666666666666,44,168,-127.4704876726399,233,65,0,6,0,0,300.0,-19.820312758442014,-10.2033000063755,-56.44687490782235,-41.0,41,4,233,0,1903fc03bbd55c90fbf33e4d191d36eabd68c4b936cefe4faa5497c70225c7ea
615,dqn,93,random,low,23.62556053811659,92.0,17.561666666666667,41,178,-128.05205022574444,223,45,0,1,0,0,300.0,-16.464062764658593,-6.728612518245789,-58.85937494284008,-46.0,46,2,223,0,152d984021e1f7a679e1f66cf6f9b93abbb37cbd083936665e22d314a126b479
616,dqn,365,random,balanced,24.151785714285715,86.5,22.543333333333333,57,203,-139.5468293143444,280,77,0,1,0,0,300.0,-21.134375195135362,-11.311412494304387,-61.10104162490461,-46.0,46,3,280,0,59a13a434ad644aecef169adaa9ee39d08cd6d9e6a887da1bc456fd640cd8bfb
617,dqn,771,random,left_heavy,18.09840425531915,47.5,11.341666666666667,27,155,-90.63709596795452,188,33,0,3,0,0,300.0,-10.63281265203841,-2.7834499970260382,-34.22083331889007,-43.0,43,6,188,0,e00912487cd57d27215a1b34bfbe7cefbbc681a73edf02a490521a7446a0c3d6
618,dqn,659,random,low,32.18875502008032,158.0,26.716666666666665,57,170,-183.97241686686257,249,79,0,2,0,0,300.0,-25.04687520675361,-15.562000008009644,-94.36354165209923,-49.0,49,2,249,0,c90522d4a7d2c6f89c67489e38c17062eecc6660c66e5770812fad65a59e80d5
619,dqn,471,random,ns_heavy,14.46031746031746,59.0,9.11,21,168,-86.58425434474266,189,21,0,2,0,0,300.0,-8.540625170106068,-2.2019625016757356,-31.841666672960855,-44.0,44,6,189,0,df1c5e3ed88b59a04ad05a29e847761c5f5ca9b0e6ac981f4dafab0e96eee400
620,dqn,163,random,ew_heavy,20.274752475247524,81.0,13.651666666666667,36,156,-107.17604607611497,202,46,0,2,0,0,300.0,-12.798437779885717,-4.847399992985448,-50.53020830324385,-39.0,39,5,202,0,2716f271ab0f9f384865af078d51dcfc728345c7da1f3daa2130bd3732613dcb
621,dqn,638,random,low,28.60924369747899,110.0,22.696666666666665,55,173,-143.86339198538982,238,65,0,1,0,0,300.0,-21.27812528028153,-10.896725031402456,-63.68854167370591,-48.0,48,2,238,0,28a0a8056b29f521d29f748e7a4b5c827235820e108200200f8fd02caa338b2f
622,dqn,12,random,left_heavy,24.289156626506024,76.0,13.44,26,134,-111.93869197032684,166,32,0,2,0,0,300.0,-12.600000265520066,-5.9563999979458435,-51.382291706861,-42.0,42,3,166,0,b8d2e9ca3c4b726f93b9df1de33b18813e46fc44c42e0299929d927fcae2f264
623,dqn,984,random,ns_heavy,24.091370558375633,84.5,15.82,35,168,-127.5757292772999,197,29,0,2,0,0,300.0,-14.831250227056444,-5.912187504315076,-58.832291545928456,-48.0,48,4,197,0,aa30cee95ab1113825f528e4c46d3267c9ad7a4914cbece5481a597fe27290a1
624,dqn,593,random,low,34.30201342281879,165.5,34.07333333333333,70,189,-185.0839920525141,298,109,0,3,0,0,300.0,-31.94375038833823,-20.414200000155677,-82.72604166402016,-50.0,50,2,298,0,5594f84589d71dac0c130c4b6919abc1a82f72418dbd05032751bd1a82c1b1d1
625,dqn,715,random,ew_heavy,15.416666666666666,70.0,8.016666666666667,18,138,-83.14280430227736,156,18,0,1,0,0,300.0,-7.515625188243575,-2.6636375009569755,-38.96354161307681,-34.0,34,9,156,0,6cbfe9321f730df749bbe09d8839912e78dae2198f487d1162355d0b79a8442d
626,dqn,531,random,left_heavy,28.535416666666666,104.5,22.833333333333332,46,169,-147.85459615020218,240,71,17,21,0,0,300.0,-21.406250270316377,-14.077512521507735,-66.37083335837815,-46.0,46,3,257,17,f6cdb3cdc26838ba2150ee64357a1965d7b89642e61be3bc70bc3027ec2ad0ed
627,dqn,348,random,ns_heavy,30.31451612903226,150.0,25.06,55,174,-173.01094622071318,248,74,0,2,0,0,300.0,-23.493750408641063,-14.715112507338196,-85.80208330473397,-49.0,49,2,248,0,9cdf569300831fb0b864fbc86a5106a8196701740ad1c54da344573fa4019309
628,dqn,866,random,heavy,25.966101694915253,109.0,15.32,38,129,-117.24629178964972,177,48,0,1,0,0,300.0,-14.362500226125121,-6.157750000087254,-52.72604156343732,-44.0,44,5,177,0,14d9507e0db1d2b5520e93a789dff2cc23725763332ca741491ec21efbe00e09
629,dqn,22,random,heavy,24.212290502793294,99.5,14.446666666666667,31,154,-116.41287093506912,179,25,0,2,0,0,300.0,-13.543750174460001,-6.551412508029171,-61.317708252579905,-35.0,35,9,179,0,414d8d9a7520942d3e158b7941d414cc579f5f07b2ceae3d2c2f3ca8e6a86e02
630,dqn,416,random,left_heavy,28.69796954314721,86.5,18.846666666666668,48,130,-133.85031689658146,197,67,1,8,0,0,300.0,-17.668750274577178,-9.433649988158873,-60.74791663384531,-46.0,46,4,198,1,05eb738634fb18cd6d445e1ee1563b42d90c4cb8de1596522fc512792662513e
631,dqn,733,random,heavy,32.668627450980395,114.0,27.768333333333334,64,175,-162.43979594369077,255,80,0,2,0,0,300.0,-26.032812732970342,-15.139274977512098,-73.2677082332084,-48.0,48,3,255,0,075dcaae9f12c71ae70dc932494d7226126ec188470383cad968a2fd4b5bc017
632,dqn,787,random,heavy,26.644032921810698,153.5,21.581666666666667,50,180,-153.727879491663,243,63,0,2,0,0,300.0,-20.232812819303945,-9.681525004241118,-74.81354166811798,-49.0,49,3,243,0,9f9fa368eff6808cd434e9a744e0f28ceb0716deda49b6c1ae9bc78d43ae8c25
633,dqn,249,random,heavy,38.32843137254902,151.5,39.095,74,176,-188.0737249982441,306,130,0,2,0,0,300.0,-36.65156255522743,-27.097162517685504,-77.32499992533121,-47.0,47,3,306,0,25504fe6e5a06f93b238ee0d8549347d22ed482e31c141351c4387fb924ffaf5
634,dqn,18,random,low,35.22072072072072,126.5,26.063333333333333,59,143,-155.05250844479815,222,79,0,2,0,0,300.0,-24.434375112643465,-15.669175014754723,-69.94895831739996,-45.0,45,3,222,0,315cacc99785eb771aa3614df21b696f38eb706b497a3acae6a15bad25b9cf34
635,dqn,979,random,low,24.103864734299517,110.5,16.631666666666668,34,175,-120.55532940904735,207,32,0,2,0,0,300.0,-15.592187728732824,-6.708974989099805,-58.25416669121478,-40.0,40,6,207,0,602e7c1cec9051e7be11c844781794916887ad52463311b80e61d2b68f1b0378
636,dqn,28,random,left_heavy,19.6875,92.0,11.025,27,143,-95.8836626498472,168,25,0,3,0,0,300.0,-10.335937675321475,-3.903975001138315,-47.64374997338746,-34.0,34,8,168,0,1531abfc7d38569d5fa5f9ae8219d804d82062ee5a38e37ae1bffd0c1d4f88ff
637,dqn,807,random,left_heavy,39.51550387596899,127.0,33.99,76,147,-187.06594191404946,258,111,14,19,0,0,300.0,-31.865625408361666,-23.986774980620982,-82.21354152506683,-49.0,49,3,272,14,18495bc49f47321300562cf1e93c23d6c1c0765b885c2d3d96d2bd2089e318ca
638,dqn,599,random,low,34.71527777777778,165.0,33.32666666666667,76,170,-176.38447101357661,288,118,0,2,0,0,300.0,-31.243750204448588,-18.529262464161004,-76.6114583449671,-50.0,50,3,288,0,98db2c5f065a8c39fdb27fe79f003805a6ebf04c5ac4c93f7bbc4731d248004c
639,dqn,3,random,heavy,17.91025641025641,74.0,11.643333333333333,29,167,-95.67497513560305,195,28,0,2,0,0,300.0,-10.915625167544931,-3.8031000058465,-41.95624996221159,-39.0,39,6,195,0,6fe1edf6b3132cde9fc5bc1b9131ea86f3834290f9e65770eecf23033cc3f453
640,dqn,227,random,ew_heavy,27.66891891891892,89.5,20.475,45,163,-143.22146698456996,222,59,0,2,0,0,300.0,-19.195312723633833,-9.971987505646393,-68.05416675528977,-46.0,46,4,222,0,90b1002e86e70c5bb80bcf99d87ede7dbdde0c4d98aab4a8ac5899e5fedc1ba6
641,dqn,183,random,low,23.09090909090909,102.0,20.32,48,194,-135.16598362639334,264,70,0,2,0,0,300.0,-19.05000036105048,-8.879524992087683,-65.23645827325527,-42.0,42,4,264,0,475cb8dd272a12bc0e2297496e126032ba1c42481da64089f5815708a94ac15b
642,dqn,68,random,ew_heavy,37.56832298136646,151.5,40.32333333333333,81,185,-199.4012837581228,322,137,0,2,0,0,300.0,-37.80312543886248,-28.449200006330646,-80.14895831292961,-53.0,53,2,322,0,983c67d6219671bc2be21c849a1a434e76217e9755f8a71a421690e4c9f2613f
643,dqn,593,random,low,33.464765100671144,153.5,33.24166666666667,68,187,-178.06611286086778,298,111,0,3,0,0,300.0,-31.164062857511453,-20.055174970364178,-77.8468750329921,-49.0,49,4,298,0,5594f84589d71dac0c130c4b6919abc1a82f72418dbd05032751bd1a82c1b1d1
644,dqn,128,random,heavy,31.81534090909091,132.0,18.665,46,129,-158.4624086402771,176,47,0,2,0,0,300.0,-17.4984377194196,-10.749387499149451,-86.21458342170808,-44.0,44,4,176,0,540677b01e0e4491cc42e9cf82f1a636feb5f11cbeb4cde73325df938d3348dc
645,dqn,334,random,left_heavy,22.253048780487806,137.0,12.165,30,129,-110.85141268949742,164,35,0,1,0,0,300.0,-11.404687719303183,-5.077974999041906,-60.36874997115228,-34.0,34,7,164,0,0757a415babd1282529f37f100ee6921b201bcd243fb2a5a4741fca2f4bf1c31
646,dqn,375,random,ns_heavy,23.96455223880597,148.0,21.408333333333335,42,204,-154.34763361697046,268,64,0,2,0,0,300.0,-20.070312799536623,-11.956487515680058,-79.32083330175374,-43.0,43,4,268,0,4177d0d2747b66881571ee22ce1319b1698431305703d0bb7ce03adbd528ac78
647,dqn,34,random,balanced,32.857142857142854,146.5,28.366666666666667,59,178,-187.52928782264138,259,81,0,2,0,0,300.0,-26.593750273343176,-17.39491251109066,-97.54062503820751,-46.0,46,6,259,0,f73a663e2568ed240bf11c9ed11b57ff90ac2b8da4d5ab4fbd9aafab6d5a041d
648,dqn,338,random,left_heavy,37.890625,121.0,36.37833333333333,72,188,-176.0555463092204,288,100,16,19,0,0,300.0,-34.10468793788459,-23.036275017893782,-71.91458335344214,-47.0,47,4,304,16,41987b057caafd78df5d21170f8474cd2d995e483de58a569f2d5c9dcbc176ee
649,dqn,612,random,heavy,28.53640776699029,121.5,19.595,42,158,-148.6784877816922,206,48,0,1,0,0,300.0,-18.37031285185367,-9.82380000841877,-70.48437492141966,-50.0,50,1,206,0,e1913591c423689a644dc04aa0e493b241159eb256d9ff7e66338b3f81d74bbe
650,dqn,564,random,balanced,20.093333333333334,79.0,10.046666666666667,29,138,-99.43724192735027,150,12,0,1,0,0,300.0,-9.418750220560469,-3.2986999948996525,-48.71979171189014,-38.0,38,4,150,0,06eade63226478225f88ab734704adbbe38cefa93b4da25ab48eef3d669e5629
651,dqn,544,random,ns_heavy,13.83173076923077,80.5,9.591666666666667,28,188,-82.9390126666818,208,20,0,3,0,0,300.0,-8.992187656695023,-2.396824999346426,-37.55000001064036,-34.0,34,7,208,0,c797c45293170f28793d3e4c89d5238681875dd643237a5fefb1dc99b2ca1cb9
652,dqn,888,random,heavy,12.803030303030303,76.0,5.633333333333334,21,122,-70.12372926109384,132,10,0,1,0,0,300.0,-5.281250094412826,-1.4258124985397442,-34.41666666814126,-29.0,29,8,132,0,4e6d169c615b58bb5630512eee77beea3d92debfaf4c060da922ef539f34df02
653,dqn,203,random,ns_heavy,20.99173553719008,102.5,8.466666666666667,23,109,-94.27834172740987,121,12,0,1,0,0,300.0,-7.937500175554305,-3.1960500016197324,-47.14479155023582,-36.0,36,6,121,0,de2b586f7a33898c22f2d8e2a23f3d0ad4e3154d85a8b586de1d61e68fb65cab
654,dqn,366,random,balanced,31.812206572769952,129.0,22.586666666666666,42,143,-154.53599594970805,213,70,0,1,0,0,300.0,-21.175000259652734,-12.940162509746006,-76.42083318030927,-44.0,44,3,213,0,78551331bd3510eddba1cf38bf24bea2943cdb4eefc800d52ad77e2130f849f8
655,dqn,676,random,balanced,21.38914027149321,143.5,15.756666666666666,34,183,-133.88498770207153,221,38,0,2,0,0,300.0,-14.77187525050249,-6.950612497925613,-69.16249995364342,-43.0,43,4,221,0,3b371675b8f6776880a16342eb83f8d5e5aca890a52b385a24ac45c440a18be0
656,dqn,185,random,ns_heavy,33.486979166666664,121.0,21.43166666666667,39,149,-150.95766291603724,192,43,0,1,0,0,300.0,-20.092187851318158,-11.856100000434536,-67.00937506428454,-52.0,52,3,192,0,dc3b29daab6ea8c192325a3fe4d58ff43a6a46eb4c063b7917410906e7be4cd8
657,dqn,307,random,low,37.2491103202847,152.0,34.89,75,177,-191.95156291728858,281,104,0,3,0,0,300.0,-32.709375310572796,-23.164062470160562,-88.07812513655517,-48.0,48,3,281,0,0a54e8692d4f2c8b5a14492a137ba29b7781ec15194fd66d370936631ed9ff26
658,dqn,579,random,low,19.645833333333332,54.5,12.573333333333334,27,160,-93.63008355217826,192,32,0,1,0,0,300.0,-11.787500244914554,-3.8217499969417994,-35.020833310321905,-43.0,43,5,192,0,5ebe6f4f7b3264f8eb379ab29028c02f52c58725adbdd7b6e724ed04c9185ff4
659,dqn,713,random,ew_heavy,26.102272727272727,109.5,19.141666666666666,48,157,-129.1070460565919,220,63,0,2,0,0,300.0,-17.94531279662624,-9.047149973858174,-59.11458328610752,-43.0,43,3,220,0,cf06810f86bbfbf5d1fa75f3976f9dd809fd849b3398207e31c95efd63b068f0
660,dqn,3,random,heavy,18.874358974358973,76.5,12.268333333333333,31,161,-99.4576835308115,195,34,0,2,0,0,300.0,-11.501562767778523,-4.313412501884887,-46.64270826114807,-37.0,37,6,195,0,6fe1edf6b3132cde9fc5bc1b9131ea86f3834290f9e65770eecf23033cc3f453
661,dqn,392,random,low,27.0,124.5,20.97,46,162,-137.93900024627285,233,71,0,2,0,0,300.0,-19.659375273506157,-10.382750001428212,-61.89687497133855,-46.0,46,4,233,0,527e8fc76dcb44c3765cba08ec384492787dffa36d908a124634c4f9f5becd42
662,dqn,385,random,low,31.872448979591837,120.5,31.235,68,178,-169.99571687352366,294,116,0,2,0,0,300.0,-29.282812746590935,-17.99311250910614,-73.71979161782656,-49.0,49,3,294,0,0b8925119d2c6fccbc76f3474ec3d26d59ce5b4597b767803c16e29f97012a87
663,dqn,320,random,ns_heavy,23.247619047619047,78.5,16.273333333333333,37,170,-112.84963353041168,210,40,0,2,0,0,300.0,-15.256250202306546,-5.656925006234813,-44.936458321870305,-47.0,47,5,210,0,369ce49c5cf015ff48b3b62a178d177f6836e84570e9aa472b9acda7f487140e
664,dqn,318,random,balanced,27.986166007905137,110.5,23.601666666666667,65,170,-137.36900433171604,253,83,0,2,0,0,300.0,-22.126562804332934,-11.697649982944858,-57.54479154443834,-46.0,46,3,253,0,bad8acf6ae8bf1d2e297303d4d97064ec72a24903ba76ed52b74cf34cd8221e0
665,dqn,842,random,ew_heavy,13.676113360323887,120.5,11.26,33,209,-109.18754188037275,247,38,0,2,0,0,300.0,-10.556250185822137,-3.461500008551228,-58.16979168599937,-37.0,37,6,247,0,18ed906b22b819106e49d7449729119875c8e04b8d60d0cbf98f9f962fdf904f
666,dqn,388,random,ew_heavy,21.381048387096776,127.5,17.675,50,194,-134.61067947063788,248,54,0,2,0,0,300.0,-16.57031282072421,-7.717450004706188,-65.32291664520744,-45.0,45,4,248,0,fdf9400b38ceb592768a0eca483fb60f71a2cdd6dab707ce826bd79071d3e3b4
