episode,controller,seed,traffic_scenario,realized_scenario,avg_waiting_time,max_waiting_time,avg_queue,max_queue,throughput,episode_reward,departed,unfinished,pending,max_pending,collisions,teleports,duration,reward_queue,reward_waiting,reward_max_waiting,reward_switching,phase_changes,forced_changes,scheduled,not_inserted,route_sha256
1,dqn,772,random,balanced,30.76590909090909,98.5,22.561666666666667,61,179,-89.7885088875023,220,41,0,1,0,0,300.0,-67.41875055013224,-3.7903833309952475,-12.379375006374893,-6.200000000000003,31,7,220,0,9cd712ab07f30a75a07166f5ce69084fb96cb827400a8d804407af148ac02bef
2,dqn,367,random,heavy,39.73701298701299,121.0,40.79666666666667,76,227,-137.4770879734082,308,81,0,3,0,0,300.0,-109.17500046314672,-8.058754174924252,-14.243333335337226,-6.000000000000003,30,6,308,0,b832bd9de988279a63337ec4f32da220792aa1c8794fee8fde1614aae91094fc
3,dqn,660,random,ew_heavy,41.31609195402299,122.5,35.945,96,176,-117.12920131414651,261,85,0,2,0,0,300.0,-87.19375133374706,-8.222949993880324,-15.512499986519103,-6.200000000000003,31,8,261,0,2ed79e64f524e5b7b8ab5f02f5934bd2a3de309d398f331ac9f1771fc1cdf4be
4,dqn,200,random,balanced,20.816568047337277,99.5,11.728333333333333,29,148,-58.82899704345836,169,21,0,1,0,0,300.0,-40.53750120103359,-1.4273291649376916,-10.864166677487077,-6.000000000000003,30,5,169,0,1a929c4a0049f47981d25fa1a2b191be186d33cdb21b427a50830d3143d5a26b
5,dqn,945,random,heavy,22.88064516129032,77.5,11.821666666666667,36,142,-55.134896735581435,155,13,0,1,0,0,300.0,-37.29375092405826,-1.6763541635031287,-9.964791648020038,-6.200000000000003,31,5,155,0,606d141bf0543a08ade33eddf46543c422db0ee504e984233d4ad7d5c4e41238
6,dqn,89,random,low,51.91213389121339,135.0,41.35666666666667,89,148,-133.90282894629783,239,91,0,2,0,0,300.0,-100.74374977964908,-9.90803750048654,-17.251041666162216,-6.000000000000003,30,9,239,0,80952ea77ad04adeba23ba0f608c640f7dc7003cdc2da1321fc69155ace8e900
7,dqn,265,random,heavy,40.6699604743083,142.0,34.29833333333333,85,166,-108.66839184709166,253,87,0,1,0,0,300.0,-79.57500017248094,-8.31672500233908,-14.576666672271667,-6.200000000000003,31,10,253,0,ccd0cb61ae3d35e7e1c4643a6e856ca7165cee8ab4d167d07231c1abd30b2526
8,dqn,654,random,ns_heavy,30.94685039370079,111.5,26.201666666666668,70,202,-108.01749224282895,254,52,0,1,0,0,300.0,-83.1375005855225,-4.974366668142469,-14.105624989164069,-5.8000000000000025,29,8,254,0,766ff4111426a40427dbd142d1061bfbab5c451dad7ee5ad1a14ce8847c36e0a
9,dqn,17,random,heavy,35.37162162162162,152.0,17.45,40,109,-74.2912172931981,148,39,0,1,0,0,300.0,-47.756250626873225,-4.1564250006842505,-15.778541665640644,-6.600000000000003,33,9,148,0,2eff2af0c12cfb2480e3d6c0691b366ff4fdb48e75c2b144f5d01e7863a95103
10,dqn,460,random,ns_heavy,32.10573476702509,88.0,29.858333333333334,62,233,-118.83193816069328,279,46,0,2,0,0,300.0,-95.24375068442896,-4.428395823662142,-12.359791652602151,-6.800000000000003,34,7,279,0,193042abca6c4ac65f7cd67cd4f8404afef5a8c7e3cf64485d2ff78581240b2b
11,dqn,148,random,balanced,38.5609243697479,125.5,30.591666666666665,67,192,-115.59035820738131,238,46,0,1,0,0,300.0,-89.84374988963827,-5.489316667972161,-14.257291649770925,-6.000000000000003,30,7,238,0,c7c282b923a371314d119956770922f3bf09aeabf5f788ce7b2f6677b27ee084
12,dqn,988,random,balanced,36.49079754601227,165.0,39.653333333333336,106,234,-148.90717540849374,326,92,0,2,0,0,300.0,-117.89375041192397,-8.195300005915488,-16.818124990654173,-6.000000000000003,30,7,326,0,e74279ee7b9ff1537d15af84d708b1df6a1a1a62f5eccf9e033dab4e660996c1
13,dqn,329,random,heavy,32.95618556701031,119.5,21.311666666666667,61,136,-88.85595463546129,194,58,0,2,0,0,300.0,-66.04375049192458,-4.148662498981139,-13.463541644555521,-5.200000000000002,26,8,194,0,53bb8aa11525e1d29038e52c7fcb55607c8a6ff0f9df2cb1cd07e7138924a19b
14,dqn,852,random,ns_heavy,40.644067796610166,127.5,47.96,102,233,-148.63002134518314,354,121,0,5,0,0,300.0,-116.3937505343929,-10.871687499071408,-14.964583311718881,-6.400000000000003,32,4,354,0,b715e90854fa60c064da66d6bbad42ef7493a7965e21cdc987e6eb760ed6e792
15,dqn,320,random,ns_heavy,29.96904761904762,87.0,20.97833333333333,58,175,-91.31161689903453,210,35,0,2,0,0,300.0,-70.38750021951273,-3.2320333359144566,-11.692083343607381,-6.000000000000003,30,6,210,0,369ce49c5cf015ff48b3b62a178d177f6836e84570e9aa472b9acda7f487140e
16,dqn,837,random,ew_heavy,28.526422764227643,101.0,23.391666666666666,66,184,-87.0341752170607,246,62,0,2,0,0,300.0,-65.1062502283603,-3.663966667072236,-11.663958321628158,-6.600000000000003,33,6,246,0,1c89ea06e90130116aad0f4ed67f79b753b52be265eece744718846d0fff1159
17,dqn,53,random,heavy,51.38139534883721,204.0,36.82666666666667,98,120,-107.10087598833577,215,95,0,2,0,0,300.0,-68.61875096010044,-12.631500009157012,-19.450625019078164,-6.400000000000003,32,7,215,0,c3eaef5acade4eb3a2b0762e90de93c31a64ca1ef003787bfd05546e36f72abc
18,dqn,52,random,low,32.98918918918919,122.0,20.343333333333334,42,151,-98.01910090100648,185,34,0,1,0,0,300.0,-72.04375091940165,-3.897224998997263,-16.478124982607557,-5.600000000000002,28,7,185,0,75e73a14d8c3db5e1847137b89cb5e961f772f8f00c7a9ba203bcecc5553251c
19,dqn,270,random,left_heavy,46.22781065088758,198.0,26.041666666666668,51,124,-105.29509587527939,169,45,24,30,0,0,300.0,-69.41875002346933,-10.003637509376128,-19.872708342433928,-6.000000000000003,30,6,193,24,bbbc3af943cbcd65d0a6648c14110c33d2597fb24c3cdf3aadb5f5d9ea28298e
20,dqn,556,random,ew_heavy,30.62797619047619,108.5,17.151666666666667,56,135,-73.7126714102422,168,33,0,2,0,0,300.0,-50.70625057956204,-2.6745458337674806,-13.931874996912665,-6.400000000000003,32,8,168,0,d2e0babe22c2fe9a7444df9afb30c9dc3b62dbd8afaa0a05bdb6d03369b837ac
21,dqn,165,random,left_heavy,38.757234726688104,102.5,40.178333333333335,84,213,-139.4034213554499,311,98,0,2,0,0,300.0,-110.09375053970143,-8.55737916083672,-13.352291654911824,-7.400000000000004,37,6,311,0,1c7ae3683120b7d3050b469acfbe6f13e5e620cd52d7ed0cb8d7c6ae4983f121
22,dqn,608,random,ew_heavy,31.835227272727273,122.5,28.015,64,205,-107.43702074122486,264,59,0,2,0,0,300.0,-81.33124993322417,-5.030562491327144,-14.27520831667352,-6.800000000000003,34,6,264,0,928b1135c5956601902d0fbd9854528f3e563a12ac44cb113f11503328323a6a
23,dqn,518,random,ns_heavy,37.252918287937746,145.0,31.913333333333334,81,173,-113.85077539444535,257,84,0,3,0,0,300.0,-85.72500037541613,-7.366400010344661,-14.35937500868458,-6.400000000000003,32,8,257,0,678ff2126c9a95469b5d7f8ea607527e4ce5172454fabfe138e5191446511ff8
24,dqn,51,random,ew_heavy,23.37853107344633,136.5,13.793333333333333,30,155,-76.02928782250167,177,22,0,3,0,0,300.0,-50.86250030295923,-2.5007458363928876,-16.46604168314951,-6.200000000000003,31,5,177,0,d62a0f2a9b85b1016e860b9b7456fc61faa88d2a897b3f57f7cb267c92f99a7f
25,dqn,345,random,ns_heavy,29.215962441314552,89.5,20.743333333333332,50,173,-85.62507548833524,213,40,0,1,0,0,300.0,-63.64375049434602,-3.3523666654320556,-11.628958328557207,-7.0000000000000036,35,4,213,0,2f5c2b85f44a25b451c881b4089094232b3ce5f590c19e421b477402e8e147b0
26,dqn,478,random,ns_heavy,22.24581005586592,97.0,13.273333333333333,38,157,-66.88570879471588,179,22,0,1,0,0,300.0,-49.00625045457855,-1.5884166696538153,-9.491041670483531,-6.800000000000003,34,6,179,0,dfa7fa02fc82a2fe0de5e00deef8c87e7516c1273d00579ebfd98af746207585
27,dqn,911,random,heavy,31.84375,127.5,22.078333333333333,66,150,-94.13196756379982,208,58,0,2,0,0,300.0,-69.43750089220703,-4.145508335287013,-14.348958336305813,-6.200000000000003,31,7,208,0,7ba0de31f540462bf19026bdcbb4897d2d5767d413c8a1ceb105611bacea1fb5
28,dqn,330,random,left_heavy,36.69781931464174,135.5,39.26833333333333,75,226,-138.1229917534532,321,95,7,20,0,0,300.0,-108.10000006761402,-8.92111668974612,-15.301874996093083,-5.8000000000000025,29,7,328,7,6957e43172dda788521429215769e45b2de9e989bb5e0f3843b7b1ed6cffa4bd
29,dqn,327,random,ew_heavy,33.229651162790695,129.5,19.051666666666666,45,134,-75.76921738234444,172,38,0,2,0,0,300.0,-50.118750708177686,-4.147550002342176,-14.902916671824643,-6.600000000000003,33,6,172,0,3467bc0f21b9c701fe63a1cfd1e002335ad031bd7302bdcfb6b0257fc1d88879
30,dqn,217,random,heavy,39.983695652173914,108.0,36.785,79,195,-129.93887529856224,276,81,0,2,0,0,300.0,-101.43750031013042,-7.655541653616098,-14.84583333481568,-6.000000000000003,30,5,276,0,ef77270ba31ebdc2fd2e16f8603233975b84a3fed569188187a0c24f7c1d9633
31,dqn,469,random,balanced,35.04382470119522,125.0,29.32,68,182,-111.37495055180554,251,69,0,3,0,0,300.0,-83.35625056549907,-5.895783322379429,-15.122916663927025,-7.0000000000000036,35,5,251,0,26e7585b4bc1e77a17851f4eb31aafe400dd998867a330b5cdedd7e58afc74b8
32,dqn,798,random,ew_heavy,17.37116564417178,111.0,9.438333333333333,26,146,-55.03941687724653,163,17,0,1,0,0,300.0,-35.387500217184424,-1.1312916673217843,-11.920624992740336,-6.600000000000003,33,6,163,0,29c7427026772cee900c4a8db273955ffad288a3575959829cf4b9ff2db78d9b
33,dqn,355,random,ew_heavy,39.18721461187214,139.0,28.606666666666666,62,174,-115.28465526063157,219,45,0,2,0,0,300.0,-86.5000010766089,-5.375487503257319,-16.00916668076533,-7.400000000000004,37,8,219,0,5293f30bc2385bd8d7d52ab1786ecc37a67840a2fa644a1a9defb7a36a9e19a3
34,dqn,421,random,balanced,28.228658536585368,111.5,15.431666666666667,39,135,-71.35821348027602,164,29,0,2,0,0,300.0,-48.73125100089237,-2.6977958236522674,-13.729166655731383,-6.200000000000003,31,5,164,0,6723b92e81733115583a69e705a27a821de3916b512008a3c1ac05bc5507f26e
35,dqn,641,random,heavy,47.74629629629629,130.0,42.975,92,168,-141.09056767936787,270,102,0,4,0,0,300.0,-103.55625102715567,-12.185149984261807,-18.549166667950377,-6.800000000000003,34,5,270,0,90094cde7db2a3714e78a6463d6778ef266c9f15dbb6e5fcadbe07dd529a4cf4
36,dqn,104,random,heavy,25.658227848101266,101.5,13.513333333333334,32,130,-66.01814634026523,158,28,0,1,0,0,300.0,-47.73125052358955,-1.8721041677010355,-10.614791648974647,-5.8000000000000025,29,6,158,0,5284a70c0b981cc4da06b70d42388da55b10dc1c92e41d8e39091cf1d447936b
37,dqn,588,random,balanced,37.898916967509024,124.5,34.99333333333333,87,182,-118.77978814663288,277,95,0,2,0,0,300.0,-88.73750067362562,-7.846662481570823,-15.395624991436485,-6.800000000000003,34,5,277,0,d057c0363e435dfa4098e38fddcaf1ffa0ea589e700f050de5781227fcafa676
38,dqn,370,random,ew_heavy,23.368715083798882,86.5,13.943333333333333,37,145,-69.25045931458227,179,34,0,2,0,0,300.0,-48.83125099958852,-2.0606666706989927,-11.55854164429476,-6.800000000000003,34,5,179,0,9070a2d6aeb5bfb454861b4cbd9992f7910e2b77cee26c5bd648cbb65d175a3b
39,dqn,594,random,left_heavy,42.6,133.5,29.115,60,132,-110.80618759691785,205,73,17,26,0,0,300.0,-77.30625010607764,-8.782020834438303,-17.517916656401948,-7.200000000000004,36,8,222,17,c34de4432a582ccd4715db37a9da27baee6e7bc3a2968b493c862daaddf342c2
40,dqn,915,random,low,36.4125,116.0,24.275,57,158,-99.50546345359685,200,42,0,1,0,0,300.0,-73.75000095320866,-4.46483749263498,-14.690625007753258,-6.600000000000003,33,8,200,0,db06061a6a6a3432d05d68f771f72ec7959656ff74bd78012c28635048386852
41,dqn,225,random,low,33.41737288135593,123.5,26.288333333333334,62,183,-109.4884712372288,236,53,0,3,0,0,300.0,-82.41250038472936,-5.368054153405682,-15.507916699093768,-6.200000000000003,31,9,236,0,9f7bb34fd285c1e657f3e36641e7d1a93919963549e882f08d811f7a04a4b578
42,dqn,390,random,left_heavy,41.685267857142854,141.0,31.126666666666665,65,152,-118.0964423454388,224,72,15,21,0,0,300.0,-86.96875070827082,-7.482483323176716,-17.045208313991324,-6.600000000000003,33,5,239,15,13685e5a39c2777152cfdb3187b107934b09eaadacdf207b4e1e901cecd4c997
43,dqn,401,random,ew_heavy,33.34728033472803,155.0,26.566666666666666,78,169,-112.08984671601438,239,70,0,2,0,0,300.0,-83.85625089798123,-5.61026250050272,-15.823333317530324,-6.800000000000003,34,10,239,0,6484a516f5fb9d85b9df0ec9b8c93bc6d465dc5b65be19b597c32b52f1f814c5
44,dqn,188,random,ew_heavy,26.006802721088434,99.0,25.486666666666668,71,236,-99.97305896140534,294,58,0,3,0,0,300.0,-76.9875006461516,-3.811183330187486,-12.374374985066238,-6.800000000000003,34,5,294,0,cd5e1cf1aa4de7cd5fc938361d98febf02194717de52bf1b2d090f8d7577d587
45,dqn,387,random,ew_heavy,40.06053811659193,121.0,29.778333333333332,68,176,-128.35981302182407,223,47,0,1,0,0,300.0,-99.68125052331015,-5.727729175917193,-16.350833322596735,-6.600000000000003,33,6,223,0,9911706c11cde52b7c41fd7d169a6292297bd57d5ab612b5a47a98e72932f91b
46,dqn,67,random,heavy,21.37142857142857,69.5,12.466666666666667,28,152,-64.24975904859966,175,23,0,1,0,0,300.0,-45.80000072019175,-1.493508333879436,-9.95624999452848,-7.0000000000000036,35,7,175,0,1f68dacc099006291099fe5bfa1e1dfc0e4418400e1b79180f3c0ca0922027b3
47,dqn,247,random,ns_heavy,40.01320754716981,160.5,35.345,83,187,-146.9828380615611,265,78,0,3,0,0,300.0,-112.88125056494027,-8.066170831948691,-18.835416664672056,-7.200000000000004,36,7,265,0,75df0c7bce323381c22c0eb08f7e34c3bf86a6be1a1f8707454dbbb370ed9761
48,dqn,513,random,low,15.542207792207792,83.5,7.9783333333333335,17,143,-44.50553814988596,154,11,0,1,0,0,300.0,-29.900000657886267,-0.6932458332135869,-7.912291658786124,-6.000000000000003,30,7,154,0,263f5dd8ac9e55331685168619f5fd1242f50500941a0f59160f9dbdd7a0b138
49,dqn,440,random,balanced,36.36337209302326,130.5,20.848333333333333,56,128,-94.63245885706056,172,44,0,2,0,0,300.0,-68.2812505341135,-3.860166664105053,-15.891041658842001,-6.600000000000003,33,5,172,0,6f2ca533aeccd40ed50287fb3c84cd0cf535d4faffd5cc80cd9f153f1259081f
50,dqn,668,random,left_heavy,37.07386363636363,119.0,32.625,72,187,-114.11626761927837,264,77,0,2,0,0,300.0,-84.21875094389543,-7.387099999162455,-15.71041667622048,-6.800000000000003,34,9,264,0,ed221f78d8886e1ad8228d74436582f2667cc135af7a1975a6d8d152becb285e
51,dqn,912,random,left_heavy,39.857594936708864,156.0,20.996666666666666,42,111,-89.94722174933193,158,47,16,23,0,0,300.0,-58.587500903289765,-6.85347084480818,-18.106250001234006,-6.400000000000003,32,5,174,16,04fd2d4685c3d6d20efad9e3587391c6a07ad85941e8d1df362d19b56ba34bda
52,dqn,413,random,ns_heavy,37.21153846153846,103.0,22.575,50,134,-81.80696351435107,182,48,0,2,0,0,300.0,-57.1312510385178,-4.581129167020117,-12.694583308813172,-7.400000000000004,37,5,182,0,21cf361e27022d77cc5d8baf0233c1c50cb8e50fa11cc6966b4483128489721d
53,dqn,987,random,balanced,32.19024390243902,88.0,21.996666666666666,51,160,-94.87195886280901,205,45,0,1,0,0,300.0,-72.3562505254522,-3.5569583295662572,-11.758750007790528,-7.200000000000004,36,6,205,0,f334b2bf86f849827a07f242d1be8ba5ce46ba6c098d9d3c64e03b2faaa67c94
54,dqn,849,random,low,40.87150837988827,137.0,24.386666666666667,50,124,-99.63523400520133,179,55,0,1,0,0,300.0,-68.10625066747889,-6.296900000410822,-18.43208333731164,-6.800000000000003,34,4,179,0,e3b3f6f7262bdb42cf1563d012b38205c72140f9c1ff0b9589bc8f60ecc24cb6
55,dqn,326,random,ns_heavy,36.205357142857146,106.0,33.791666666666664,79,199,-117.13933844761269,280,81,0,2,0,0,300.0,-89.49375094193965,-6.743087505333093,-13.302500000339933,-7.600000000000004,38,5,280,0,e87bcb8923368989a35162a3ec8aaa232e911d5b0a2b623a606e5f543670b822
56,dqn,525,random,heavy,13.81547619047619,63.5,3.868333333333333,11,77,-27.642804391052778,84,7,0,1,0,0,300.0,-14.506250220350921,-0.32384583337625383,-5.612708337325604,-7.200000000000004,36,7,84,0,6a247e80ff87310f3338a132359f94ded99b17861b1ac743b50d92be308d3b26
57,dqn,675,random,left_heavy,32.778884462151396,130.5,27.426666666666666,50,201,-109.22223833654134,251,50,7,8,0,0,300.0,-80.8750008312054,-5.793695833711534,-15.753541671624408,-6.800000000000003,34,5,258,7,a999d18fc567f149eacf9e8a3eea389dab6fcb3fe1077856f88928690c1e5089
58,dqn,798,random,ew_heavy,20.650306748466257,75.5,11.22,28,148,-59.40689653356893,163,15,0,1,0,0,300.0,-41.19375070184469,-1.2918958321293754,-9.521249999594884,-7.400000000000004,37,7,163,0,29c7427026772cee900c4a8db273955ffad288a3575959829cf4b9ff2db78d9b
59,dqn,314,random,ew_heavy,44.044,160.5,36.70333333333333,89,143,-134.52889641456133,250,107,0,2,0,0,300.0,-101.30000059818849,-9.934520825676735,-16.094374990696075,-7.200000000000004,36,6,250,0,74324db8fd4748d1c5272a4fc921124c572f7606d87c78ea2fe75be23b2c6ece
60,dqn,566,random,left_heavy,36.43867924528302,132.0,25.75,57,146,-105.06223813050678,212,66,0,4,0,0,300.0,-77.16875063348562,-5.499112500853517,-15.794374996167598,-6.600000000000003,33,4,212,0,98caf007411bf315a5073ef51e3fd29f044aa1f1bf04f59d2113b6f179de05bf
61,dqn,878,random,low,34.47849462365591,117.5,21.376666666666665,50,141,-79.51380912529204,186,45,0,1,0,0,300.0,-53.31250081490725,-4.904016660390337,-14.097291649994435,-7.200000000000004,36,6,186,0,951cdc69d092f84fa4a17b5426485286bd1a9875f45ad7a180a7f27a41c6cccc
62,dqn,591,random,balanced,38.205263157894734,123.0,24.196666666666665,62,128,-99.05886768494163,190,62,0,2,0,0,300.0,-73.10625102231279,-4.838866664822127,-13.713749997806739,-7.400000000000004,37,6,190,0,e84ee16807ff7b35ab28cb371015d08f8d4773b76a2d47e92baa58b30e7852b0
63,dqn,983,random,ew_heavy,21.3046875,82.0,13.635,39,165,-69.00765914852165,192,27,0,1,0,0,300.0,-49.15625084331259,-1.7503666669865197,-10.70104163822254,-7.400000000000004,37,4,192,0,9e5fe2c537204719497dc9ab75dbe21de53c4412e56aa0b0729522739bc96801
64,dqn,413,random,ns_heavy,36.91208791208791,125.0,22.393333333333334,63,138,-81.13178428008766,182,44,0,2,0,0,300.0,-54.26875097351149,-4.90074166166669,-14.96229164490943,-7.0000000000000036,35,2,182,0,21cf361e27022d77cc5d8baf0233c1c50cb8e50fa11cc6966b4483128489721d
65,dqn,627,random,low,29.48404255319149,102.0,18.476666666666667,36,160,-90.38183408486587,188,28,0,2,0,0,300.0,-67.61250074626878,-2.8889166721368382,-13.08041666646023,-6.800000000000003,34,6,188,0,d9c906d4a1598efbc39ed818b8a54f56e98e89e1eaec94b28a19ed80499aa79c
66,dqn,110,random,left_heavy,38.61788617886179,125.0,31.67,71,175,-116.50737554558506,246,71,9,13,0,0,300.0,-88.01875053113326,-6.817791674420739,-15.070833340031095,-6.600000000000003,33,5,255,9,06ee0a480abb39954b5017714a06c894634c0f4344e508f5d24f48129df5bc52
67,dqn,252,random,low,30.124454148471617,152.5,22.995,59,194,-106.77260435690044,229,35,0,2,0,0,300.0,-75.76875019073486,-4.673229165825615,-19.530625000339942,-6.800000000000003,34,6,229,0,94df5b4fc460b705fe437a07af4710a8f8e54c0aa03ce370f2fb70aa497ed0f8
68,dqn,705,random,ns_heavy,25.158227848101266,127.5,13.25,30,135,-73.63126773552364,158,23,0,2,0,0,300.0,-48.51250107400119,-2.2727249984847724,-15.846041663037616,-7.0000000000000036,35,5,158,0,b3f04c91220060ff04f08e22eddcf5c26c6348ef51223c9367900a6eb42fd69e
69,dqn,44,random,heavy,22.37378640776699,81.5,15.363333333333333,36,167,-74.62279217190303,206,39,0,2,0,0,300.0,-55.206250509712845,-2.0192500043725885,-10.197291657817553,-7.200000000000004,36,5,206,0,be5356b26df6e1f543a3b33ea3a5ffe69caabefb3edd0045bae4de463cf2a196
70,dqn,859,random,balanced,36.949122807017545,140.0,35.10166666666667,86,198,-129.1746462901391,285,87,0,1,0,0,300.0,-98.48750042915344,-7.304854169491593,-15.982291691494165,-7.400000000000004,37,5,285,0,ab3d7081a66f6ae15cff187b09fbe3eee3e1e018cc659850bfa2f8d0301b3fcd
71,dqn,408,random,ew_heavy,16.95,68.5,6.78,16,112,-40.662471509272294,120,8,0,1,0,0,300.0,-25.425000680610538,-0.6122625006028102,-7.425208328058942,-7.200000000000004,36,2,120,0,8e31ba0602e7a514220bf883843953cd2a938e51fc9361bedb01cf368a7fd1b0
72,dqn,726,random,balanced,19.887351778656125,97.5,16.77166666666667,44,203,-78.83897980367699,253,50,0,2,0,0,300.0,-58.762500651180744,-2.2668958345188006,-10.409583317977372,-7.400000000000004,37,5,253,0,802abdb794868b44064a53da8c91a253c457241ce3bab7fa87298777eeb9e9de
73,dqn,817,random,heavy,29.375545851528383,110.5,22.423333333333332,44,186,-99.99009292231862,229,43,0,2,0,0,300.0,-73.0062512382865,-4.453424994288801,-14.93041668974329,-7.600000000000004,38,7,229,0,1e81a63a7ec4ff91033d324721fc6ecdc883aa158673ee3d508d88097636ed38
74,dqn,420,random,left_heavy,44.299668874172184,134.0,44.598333333333336,96,204,-144.86534633483825,302,98,32,48,0,0,300.0,-109.46875050198287,-12.135137507725446,-16.461458325129946,-6.800000000000003,34,4,334,32,b71803a1087882fcaf409081081a56bb7b6f61ed004799143c41e25c788d8a5b
75,dqn,288,random,ns_heavy,38.5398406374502,131.5,32.245,65,168,-124.20208011532598,251,83,0,2,0,0,300.0,-92.13125095283613,-7.833329152128864,-17.637500010360984,-6.600000000000003,33,8,251,0,129baab82e557e04b017b3a74556b60f3002da89832247f318798aa850d76975
76,dqn,88,random,left_heavy,41.42355371900826,173.0,33.415,76,169,-128.92775008000245,242,73,24,25,0,0,300.0,-97.08125003101304,-8.524833348852553,-16.921666700136843,-6.400000000000003,32,9,266,24,b11ba89cca25825aa4072334a7b64271fb7adf6774b2f617145738bae3644642
77,dqn,118,random,ew_heavy,25.711453744493394,117.0,19.455,41,206,-85.82512180507973,227,21,0,2,0,0,300.0,-62.05625097639859,-3.152204170342156,-13.616666658339089,-7.0000000000000036,35,5,227,0,c4c81e093692d63ab4df0e55959781b1c97c98706fffe11d30fceebe98456f80
78,dqn,186,random,balanced,34.84183673469388,145.5,34.145,85,190,-128.72612171303413,294,104,0,2,0,0,300.0,-99.36875086650252,-7.15757917154042,-15.19979167499112,-7.0000000000000036,35,5,294,0,537bc70cf66b225a15295c0ae796f794c2df44804e3cdb5fec58c920b55b125b
79,dqn,10,random,heavy,27.74271844660194,94.0,19.05,44,166,-85.25244665600255,206,40,0,1,0,0,300.0,-62.69375081639737,-3.440362506503152,-12.318333333102034,-6.800000000000003,34,6,206,0,6279580c7e386b227ff967f883679f2a9b21c2eec6c468787b351b4dca22fe7c
80,dqn,552,random,balanced,25.997925311203318,125.0,20.885,69,189,-90.91832569219622,241,52,0,2,0,0,300.0,-66.53750069998205,-3.321866665445122,-14.458958326769064,-6.600000000000003,33,5,241,0,7516b7068c82f1ee1f401a3b4f978cbe14bb213c55206e3859f1d1953eb52977
81,dqn,611,random,low,28.919354838709676,104.0,17.93,48,154,-79.81828803746969,186,32,0,1,0,0,300.0,-57.39375054417178,-3.098079168223923,-12.72645832507405,-6.600000000000003,33,7,186,0,fdb49defc6d42cbc8abb2042b77d7b83fe97ed6d9e65eb434a1ea97235cccb5d
82,dqn,659,random,low,33.74096385542169,139.0,28.005,63,204,-115.20236380865899,249,45,0,2,0,0,300.0,-84.80625131493434,-5.669237492928367,-17.9268750007963,-6.800000000000003,34,6,249,0,c90522d4a7d2c6f89c67489e38c17062eecc6660c66e5770812fad65a59e80d5
83,dqn,679,random,left_heavy,28.233333333333334,112.0,12.705,40,96,-60.865009175577875,135,39,15,26,0,0,300.0,-36.68125084694475,-3.628758333378209,-13.754999995254916,-6.800000000000003,34,6,150,15,8da9a28253ea8377ab7e3782a50f72ccf79362b65bbec2973e612616dfdf68ae
84,dqn,27,random,balanced,15.686666666666667,73.5,7.843333333333334,28,144,-45.33480900211945,150,6,0,2,0,0,300.0,-28.77500068070367,-0.7275166666157022,-8.832291654800073,-7.0000000000000036,35,7,150,0,a9a05237e06fb7cb66d68183c611db1ccf094499796dc643e9bc16acce24fdeb
85,dqn,421,random,balanced,23.728658536585368,107.0,12.971666666666666,37,143,-68.56901307391456,164,21,0,2,0,0,300.0,-46.506250561680645,-1.859220832064601,-12.203541680169295,-8.000000000000004,40,3,164,0,6723b92e81733115583a69e705a27a821de3916b512008a3c1ac05bc5507f26e
86,dqn,943,random,left_heavy,27.532258064516128,90.0,22.76,45,202,-92.45358786856018,248,46,0,2,0,0,300.0,-70.26875038910657,-3.612545834302,-11.572291645151564,-7.0000000000000036,35,4,248,0,98eefc3993a016b9fdb6fd910f3b9bb39f576319e2ffe2407a5ff1e9a07ab8bf
87,dqn,550,random,low,31.048295454545453,110.5,36.43,70,267,-134.6041007109255,352,85,0,3,0,0,300.0,-107.03750070277601,-6.185141668565481,-14.581458339584056,-6.800000000000003,34,8,352,0,f661b6c7bd5af3949de1e6128f2f7a19958ba666b968fd18b00094fa9d753041
88,dqn,715,random,ew_heavy,17.496794871794872,93.5,9.1,22,136,-51.766283878307135,156,20,0,1,0,0,300.0,-34.12500055413693,-0.9281583332180162,-8.9131249909522,-7.800000000000004,39,5,156,0,6cbfe9321f730df749bbe09d8839912e78dae2198f487d1162355d0b79a8442d
89,dqn,207,random,balanced,22.309803921568626,144.5,18.963333333333335,48,211,-95.69433008947017,255,44,0,2,0,0,300.0,-69.7625009152107,-2.7143291681080868,-16.017500006151362,-7.200000000000004,36,5,255,0,8c03eeb155ed8fdf51b877ffe15244f207568615abf085b01bdcdb59c48db48d
90,dqn,723,random,heavy,24.793296089385475,106.0,14.793333333333333,43,159,-75.73041760814885,179,20,0,2,0,0,300.0,-53.86875094473362,-2.0766666679926864,-12.784999995422552,-7.0000000000000036,35,4,179,0,4abf4b44750d94c4486b109d33de84b328493aeccec99f5c6bf369cbbe4a7841
91,dqn,709,random,heavy,25.15962441314554,87.0,17.863333333333333,40,182,-81.6853503247934,213,31,0,2,0,0,300.0,-62.037500348407775,-2.4932666700311525,-10.754583306354476,-6.400000000000003,32,6,213,0,d175ab3820c4f9a4ea683f098ea0c3b51c71400227b08411ab250c8fd5b47be3
92,dqn,989,random,heavy,26.01732673267327,108.0,17.518333333333334,40,167,-87.16065922599371,202,35,0,1,0,0,300.0,-63.33125089388341,-2.9481583413071344,-14.281249990803184,-6.600000000000003,33,4,202,0,20d4edba93a9d558acc20daee0045000fc44e5ec869cbf5c0b7b0e454e71e5f4
93,dqn,18,random,low,34.9009009009009,129.0,25.826666666666668,59,172,-102.18018402355153,222,50,0,2,0,0,300.0,-73.50625070836395,-5.440808332133019,-16.633124983054596,-6.600000000000003,33,5,222,0,315cacc99785eb771aa3614df21b696f38eb706b497a3acae6a15bad25b9cf34
94,dqn,621,random,ns_heavy,18.46031746031746,68.5,11.63,30,166,-58.96835919318546,189,23,0,2,0,0,300.0,-42.25625087507069,-1.225233332513016,-8.286874985601752,-7.200000000000004,36,6,189,0,872e25e4c28c558670af0cbee059c4a8b3158ae5324adcfdc2d7c8549d113315
95,dqn,773,random,low,26.848425196850393,90.5,22.731666666666666,51,209,-91.48028371914336,254,45,0,2,0,0,300.0,-70.26250038621947,-3.657783342344191,-10.159999990579667,-7.400000000000004,37,7,254,0,df7200a9dac373bbcfc06f0594a303f5a021428f1ee15ca33c0395fea6150f43
96,dqn,493,random,low,25.708333333333332,126.5,21.595,43,213,-102.36033006629812,252,39,0,2,0,0,300.0,-76.98750091018155,-3.4847041634879137,-14.888124992628573,-7.0000000000000036,35,7,252,0,21a1f198d1364a32bf74a2aae45b67a44f3fdea38fe808d80fd769e7bef5dbcf
97,dqn,182,random,heavy,18.43718592964824,86.0,12.23,30,174,-63.40420492602349,199,25,0,1,0,0,300.0,-45.51875075371936,-1.522954166786075,-9.16250000551809,-7.200000000000004,36,4,199,0,986d11ffd694e2d94cf06e48fd0d6972873813b15fa6b2c1f9a5e39a5bda2a40
98,dqn,225,random,low,23.033898305084747,121.5,18.12,38,196,-86.20462552174436,236,40,0,3,0,0,300.0,-63.80625053262338,-2.787333334730647,-12.611041654390275,-7.0000000000000036,35,3,236,0,9f7bb34fd285c1e657f3e36641e7d1a93919963549e882f08d811f7a04a4b578
99,dqn,359,random,ew_heavy,23.401060070671377,111.0,22.075,52,246,-102.61203001458122,283,37,0,2,0,0,300.0,-78.0000008479692,-3.42119583487438,-13.190833331737677,-8.000000000000004,40,3,283,0,32f061e1251b2821d66713c4b6b21654a1f844a6291771eb4a10ef561d5935c1
100,dqn,686,random,low,6.856643356643357,46.0,3.2683333333333335,9,141,-23.845325326735484,143,2,0,1,0,0,300.0,-12.25625032512471,-0.18449166689752008,-3.8045833347132447,-7.600000000000004,38,5,143,0,722cede8ed78161b2108e950f8b41e8b1fe1c9c949e85301c4d9e3622da2b298
101,dqn,880,random,heavy,9.797368421052632,91.5,6.206666666666667,14,184,-42.095033902863385,190,6,0,3,0,0,300.0,-23.275000573601574,-0.637116666117072,-10.182916663144722,-8.000000000000004,40,4,190,0,db0fc386fe02295db2c15e3e94dd9f35cfb5b9977e3dd50b05264eec1323a411
102,dqn,700,random,ns_heavy,23.923758865248228,126.0,22.488333333333333,49,228,-100.74362977353817,282,54,0,2,0,0,300.0,-72.43125061364844,-3.977379165957243,-17.734999993932437,-6.600000000000003,33,5,282,0,f02480fb6796fb9a15a58968bdb1e4b9b032e885824f58b3c521bad874b23b26
103,dqn,433,random,ns_heavy,15.45435684647303,81.0,12.415,27,225,-64.10920917122932,241,16,0,2,0,0,300.0,-45.950000857934356,-1.3242083346362041,-9.63499997865874,-7.200000000000004,36,4,241,0,967b6402e27918d1003add17432a4fa829f698da1d3d96c2b5a0342345eb25b6
104,dqn,953,random,low,24.24199288256228,122.5,22.706666666666667,48,233,-102.0683552001537,281,48,0,2,0,0,300.0,-77.1062510209158,-3.8329375063702176,-14.529166672867724,-6.600000000000003,33,4,281,0,0c3c3415ab7e540b93b70640bb00b410f539c15a9828fcd55f3473c30875867d
105,dqn,353,random,balanced,21.938492063492063,99.0,18.428333333333335,44,209,-83.01463826235481,252,43,0,2,0,0,300.0,-62.31250077299774,-2.549012496132492,-10.753124993224636,-7.400000000000004,37,2,252,0,7fd7b8d36d121cebcbd8940c983bf5279888aaf66af132acd68e5a11607507ce
106,dqn,934,random,left_heavy,21.49122807017544,142.5,16.333333333333332,39,203,-86.40122188509783,228,25,0,1,0,0,300.0,-58.61250104615465,-3.0599708318790357,-17.52875000706408,-7.200000000000004,36,4,228,0,91d672bfcece7cb5254962a5667d6dac82c4360b7c8d1558019dcd0328f86672
107,dqn,506,random,left_heavy,21.588,101.5,17.99,43,207,-80.0483007948824,250,43,20,28,0,0,300.0,-59.818750803824514,-2.7470500015631845,-10.682499989494682,-6.800000000000003,34,6,270,20,5850549723d34e5e210f162f4f47e5c6aac5b788736e6f1a189debdc4b3b8979
108,dqn,492,random,low,13.560077519379846,88.5,11.661666666666667,37,233,-61.0507967409809,258,25,0,1,0,0,300.0,-42.66250091372058,-1.1510041673100206,-9.837291659950287,-7.400000000000004,37,3,258,0,26b610045b0c86aae2732f1cff51f96273345dc7d556e1665e6ffcae32ef6049
109,dqn,884,random,ew_heavy,22.637630662020907,89.5,21.66,47,247,-100.39722178581363,287,40,0,2,0,0,300.0,-78.82500096596777,-3.0424291650830138,-11.129791654762819,-7.400000000000004,37,3,287,0,0dab51862f3b4475719cdf8c0f7875cc7553adb15be8a640b2b9f22d1792a543
110,dqn,853,random,balanced,7.443609022556391,107.5,3.3,10,131,-27.745716933948266,133,2,0,1,0,0,300.0,-12.375000262167305,-0.28904999973747175,-7.681666672043505,-7.400000000000004,37,7,133,0,312df65e0593a2a4d5e9a53d43fed692d50c8c032db4e3f34a0ba395734f2cd8
111,dqn,144,random,ns_heavy,7.623809523809523,80.0,2.6683333333333334,10,101,-23.135525200717538,105,4,0,1,0,0,300.0,-10.006250199396163,-0.2161499999616353,-5.713125001359734,-7.200000000000004,36,7,105,0,57907eaa162bbb511688c8ee3d4cf617ee3c1b5f6fb7a893f50806d4d3aec66c
112,dqn,959,random,ns_heavy,14.84548611111111,170.0,14.253333333333334,30,257,-80.62119639820959,288,31,0,2,0,0,300.0,-53.337500567082316,-2.2780708314858193,-17.40562499964141,-7.600000000000004,38,5,288,0,e86a526b3b04f54e585acefc9df10dd628637343249122a882796ed8cf8c0d39
113,dqn,158,random,ew_heavy,15.60204081632653,130.5,15.291666666666666,41,260,-77.96460079314348,294,34,0,2,0,0,300.0,-54.237500809598714,-1.8948083296760165,-14.432291653868738,-7.400000000000004,37,6,294,0,00e3ecfd39e9c003313ce9466ef1b385366bcb0cc258df2a9b7e51e9816d6390
114,dqn,417,random,ns_heavy,18.846863468634687,138.0,17.025,38,230,-87.00364290921787,271,41,0,2,0,0,300.0,-62.15625124750659,-2.344683330215775,-14.502708331495509,-8.000000000000004,40,5,271,0,8d5267bd2139456f0c04a12fdacec5c93ccaad80a94930f231d21fd1af29c77a
115,dqn,591,random,balanced,11.98157894736842,111.0,7.588333333333333,20,181,-48.847150584539456,190,9,0,2,0,0,300.0,-28.456250604707748,-0.8202750016200294,-11.97062497821172,-7.600000000000004,38,6,190,0,e84ee16807ff7b35ab28cb371015d08f8d4773b76a2d47e92baa58b30e7852b0
116,dqn,607,random,low,18.950643776824034,158.5,14.718333333333334,30,210,-82.87794272681424,233,23,0,2,0,0,300.0,-54.737501069903374,-2.520650000131717,-18.419791656779143,-7.200000000000004,36,7,233,0,1d73278c5e49081d296dfb2efbf2999a24520a7c0d5ff940cc282cc801fa9d49
117,dqn,826,random,low,13.55151515151515,84.5,7.453333333333333,17,156,-44.49701716215857,165,9,0,1,0,0,300.0,-27.950000493321568,-0.6705583331458908,-8.276458335691126,-7.600000000000004,38,2,165,0,3ed4541d5361d92e4ef129a304d92ec56946d39da0129481cbd0535675d2032e
118,dqn,594,random,left_heavy,24.425581395348836,95.5,17.506666666666668,40,174,-79.31710089764238,215,41,7,13,0,0,300.0,-57.350000916514546,-3.42605832542904,-11.741041655698778,-6.800000000000003,34,5,222,7,c34de4432a582ccd4715db37a9da27baee6e7bc3a2968b493c862daaddf342c2
119,dqn,388,random,ew_heavy,17.524193548387096,141.5,14.486666666666666,31,230,-78.89882580629711,248,18,0,2,0,0,300.0,-53.018750805873424,-2.0604916677686558,-16.219583332655,-7.600000000000004,38,5,248,0,fdf9400b38ceb592768a0eca483fb60f71a2cdd6dab707ce826bd79071d3e3b4
120,dqn,481,random,left_heavy,22.324152542372882,81.0,17.563333333333333,32,189,-79.68555482795048,236,47,1,10,0,0,300.0,-60.89375066710636,-2.521595832463936,-10.070208328380259,-6.200000000000003,31,6,237,1,7531f6db3ddff49f695303af627f0cb41c358defa3e28d8ca807529551841c5a
121,dqn,894,random,ew_heavy,16.01255230125523,119.0,12.756666666666666,23,213,-73.47252181561642,239,26,0,2,0,0,300.0,-47.8375009810552,-1.9006458350966573,-15.334374999464487,-8.400000000000002,42,5,239,0,ea4080d54d0b2007c5908d0cc9a071c307d8b2de0d15c0101d2d7b51bca71341
122,dqn,470,random,low,9.473214285714286,51.5,3.5383333333333336,12,109,-24.563758601484718,112,3,0,2,0,0,300.0,-13.268750264309347,-0.22105000031078814,-4.073958336864599,-7.0000000000000036,35,6,112,0,9eddc8a3400f077067ff2f698d67eaa8a3c2f16cbddc069f7d41f7e7b556de4f
123,dqn,675,random,left_heavy,25.06326530612245,134.0,20.471666666666668,43,205,-91.71781341718957,245,40,13,16,0,0,300.0,-62.50625092815608,-4.863645837027436,-17.5479166520061,-6.800000000000003,34,6,258,13,a999d18fc567f149eacf9e8a3eea389dab6fcb3fe1077856f88928690c1e5089
124,dqn,222,random,ew_heavy,26.78422619047619,120.0,29.998333333333335,66,284,-122.50370912990395,336,52,0,3,0,0,300.0,-96.70625076210126,-4.943083350624511,-14.254375017178248,-6.600000000000003,33,3,336,0,357630230a4ad5f2d25b2927f5ab249176609ef95734f359dcf32e784ffb9af7
125,dqn,11,random,balanced,7.008720930232558,61.0,4.02,13,166,-29.237187830249574,172,6,0,1,0,0,300.0,-15.075000335928053,-0.2882291669564438,-5.673958327365112,-8.200000000000003,41,6,172,0,8b81aa5e93979d6487bff9e786dc2e11878edd86bf19b0e15e1de5063e5b17e3
126,dqn,188,random,ew_heavy,23.37925170068027,171.0,22.911666666666665,52,253,-114.87705097844665,294,41,0,3,0,0,300.0,-85.2000009897165,-4.452258325846197,-17.42479166288392,-7.800000000000004,39,6,294,0,cd5e1cf1aa4de7cd5fc938361d98febf02194717de52bf1b2d090f8d7577d587
127,dqn,41,random,left_heavy,26.95387453874539,128.5,24.351666666666667,49,232,-103.33484654854328,271,39,15,19,0,0,300.0,-73.40000072447583,-6.486304164461762,-17.2485416596057,-6.200000000000003,31,4,286,15,3ff86ecc65355b3fd986c570ea66b9dbf6bdcdbc1240e12a29baeeb3742ad7fb
128,dqn,309,random,left_heavy,26.697916666666668,184.0,25.633333333333333,55,207,-109.3593130049281,288,81,9,25,0,0,300.0,-80.7875005165115,-5.236812492994068,-16.534999995422524,-6.800000000000003,34,8,297,9,88339736b9ea1f5fa3f386b80ee16586d4a1c8c64218327abb682118630a3a28
129,dqn,237,random,heavy,13.18995633187773,69.0,10.068333333333333,23,208,-55.19185038787619,229,21,0,1,0,0,300.0,-37.75625040568411,-1.0178916652577754,-8.617708316934305,-7.800000000000004,39,5,229,0,b0ae5468d26944b549a7302de4ac811d9ead94bea93ade8468e2ff9788f20acc
130,dqn,593,random,low,23.187919463087248,185.0,23.033333333333335,44,264,-114.22881350853343,298,34,0,3,0,0,300.0,-82.47500102082267,-4.881937496162572,-19.871874991548264,-7.0000000000000036,35,4,298,0,5594f84589d71dac0c130c4b6919abc1a82f72418dbd05032751bd1a82c1b1d1
131,dqn,853,random,balanced,6.7218045112781954,113.0,2.98,11,131,-27.84267525412436,133,2,0,1,0,0,300.0,-11.175000255461782,-0.2735083331848728,-8.394166665477679,-8.000000000000004,40,3,133,0,312df65e0593a2a4d5e9a53d43fed692d50c8c032db4e3f34a0ba395734f2cd8
132,dqn,660,random,ew_heavy,20.090038314176244,112.0,17.47833333333333,41,223,-89.33065491106467,261,38,0,2,0,0,300.0,-63.64375073183328,-2.3966958375611287,-15.890208341670219,-7.400000000000004,37,5,261,0,2ed79e64f524e5b7b8ab5f02f5934bd2a3de309d398f331ac9f1771fc1cdf4be
133,dqn,681,random,heavy,18.48576512455516,150.0,17.315,48,238,-90.62801793108737,281,43,0,2,0,0,300.0,-61.24375125300139,-2.6465583325414617,-17.937708345544504,-8.8,44,5,281,0,7073a83ca3e81583365212ad77efc76705c7542c5913d63b0e2b373df35c2e36
134,dqn,820,random,left_heavy,26.656370656370655,164.5,23.013333333333332,52,210,-106.17048437024718,259,49,0,2,0,0,300.0,-77.03125103609636,-4.543816662344761,-17.79541667180602,-6.800000000000003,34,7,259,0,58729fb25cb5dbec7e672c7aa8124a38cee0b67ec6018e9763b9894cbe1a67f1
135,dqn,607,random,low,14.714592274678111,123.5,11.428333333333333,21,213,-65.92294265104647,233,20,0,2,0,0,300.0,-42.856250969693065,-1.4698166656606193,-14.396875015692785,-7.200000000000004,36,6,233,0,1d73278c5e49081d296dfb2efbf2999a24520a7c0d5ff940cc282cc801fa9d49
136,dqn,287,random,low,18.018099547511312,75.0,13.273333333333333,40,195,-64.18068400810878,221,26,0,2,0,0,300.0,-46.98125066794455,-1.525058331651963,-9.474375008512299,-6.200000000000003,31,2,221,0,1e498703ed468e425a3fddc465a7c807aa95864943e952eb9cef5e7b2f38f21c
137,dqn,18,random,low,24.623873873873872,103.0,18.221666666666668,38,193,-85.17168803956815,222,29,0,2,0,0,300.0,-62.256250539794564,-2.9171041661313226,-13.198333333642221,-6.800000000000003,34,7,222,0,315cacc99785eb771aa3614df21b696f38eb706b497a3acae6a15bad25b9cf34
138,dqn,516,random,ns_heavy,12.95273631840796,88.5,8.678333333333333,18,188,-49.788654592324036,201,13,0,2,0,0,300.0,-32.543750427663326,-0.8257375016277361,-9.219166663032953,-7.200000000000004,36,3,201,0,717c12fd086b2f7f443d05aaa729d2641c49fbcc11c9a29868e5ee3174f9bb06
139,dqn,158,random,ew_heavy,16.511904761904763,130.5,16.18166666666667,38,255,-78.4319180005106,294,39,0,2,0,0,300.0,-56.38750133058056,-2.0156666648217647,-13.428750005108302,-6.600000000000003,33,8,294,0,00e3ecfd39e9c003313ce9466ef1b385366bcb0cc258df2a9b7e51e9816d6390
140,dqn,454,random,ew_heavy,7.139705882352941,52.0,3.236666666666667,9,134,-25.301241911152452,136,2,0,1,0,0,300.0,-12.137500246521086,-0.20311666715060714,-4.560624997480774,-8.400000000000002,42,5,136,0,74cdfe1838081f107205170958ddc5096c9d450a1d4cdacea05845016a6e5287
141,dqn,271,random,low,15.401234567901234,86.5,12.475,26,222,-66.13633818227026,243,21,0,2,0,0,300.0,-46.7812507096678,-1.2115458324427892,-10.343541640159687,-7.800000000000004,39,3,243,0,e3ee40347871f73ec5b88146877b9689ecc977dbdd8fc0e9a01f347929857420
142,dqn,171,random,heavy,24.720216606498195,138.0,22.825,53,229,-101.12941714273985,277,48,0,2,0,0,300.0,-74.51250047655776,-4.378791657348483,-15.438125008833588,-6.800000000000003,34,6,277,0,1694d89ea256bf0fb432bc9511553c4591e9149dd5a9d231952a6ed3dd901797
143,dqn,895,random,left_heavy,26.112,125.0,21.761666666666667,59,190,-97.6137510521527,250,60,8,10,0,0,300.0,-68.00000103609636,-4.773541658716567,-17.24020835733971,-7.600000000000004,38,5,258,8,7c62d920ff8d88710b3138d1e6e26f4e3a7ed85309547d1fc56f0d87ecfaa114
144,dqn,982,random,left_heavy,21.048148148148147,174.5,18.946666666666665,55,213,-91.77654221595225,270,57,0,7,0,0,300.0,-63.51250055478886,-3.4704999986519414,-17.393541662511417,-7.400000000000004,37,6,270,0,0600f734891fcd12257e7f2a96632317f78b548f1ae608b7d9f82325d53f1cb1
145,dqn,121,random,ns_heavy,16.42436974789916,96.0,13.03,30,217,-68.0614467011539,238,21,0,2,0,0,300.0,-48.84375087916851,-1.4166541673715984,-9.801041654613792,-8.000000000000004,40,3,238,0,f26fa7cfb1c42991097d38025df60a345066782c83fdd5131c0158a8cea4c60e
146,dqn,336,random,ew_heavy,14.046448087431694,71.0,8.568333333333333,24,169,-48.441196407950315,183,14,0,2,0,0,300.0,-31.600000588689,-0.8795291664915571,-8.76166665276978,-7.200000000000004,36,5,183,0,51ec75921cc8c2e796542075e50c03c39467b8e9ac72a4316b41eaa6e3823fd3
147,dqn,762,random,ew_heavy,11.25414364640884,81.5,6.79,22,170,-41.51692557188146,181,11,0,2,0,0,300.0,-25.46250057546422,-0.5765083333935764,-7.6779166630236455,-7.800000000000004,39,5,181,0,d2c486090fb6139f92af8623c33f36410ba043d3a3eb9b0f0f3e876e3b6d60d4
148,dqn,691,random,ns_heavy,12.225,133.0,7.335,17,172,-47.487759130437176,180,8,0,1,0,0,300.0,-27.506250789854676,-0.7844250004396606,-11.597083340142847,-7.600000000000004,38,1,180,0,6e2e953eedaf9c14cf4c26ab73e223c0553ee3541cc291720aa2b4cd5c8e337e
149,dqn,587,random,low,27.14375,96.5,21.715,57,195,-82.64802128584196,240,45,0,2,0,0,300.0,-60.137500452343374,-3.442604169459808,-12.467916664038789,-6.600000000000003,33,6,240,0,d1f7065b1bfbf0e8bec30c1566e402ed7431a4a9686a28b5fd5e706b16615225
150,dqn,692,random,left_heavy,20.98051948051948,71.5,16.155,35,190,-73.99424704299669,231,41,10,19,0,0,300.0,-55.45000121416524,-2.5367458320957676,-9.807499996735718,-6.200000000000003,31,5,241,10,e37c63fab631e088496002e258c7891c9491d004e710b06de2a1976dab80104b
151,dqn,344,random,ns_heavy,25.227272727272727,103.0,24.975,55,249,-102.16140563629163,297,48,0,3,0,0,300.0,-77.60000145295635,-4.233904173472544,-13.92750000986271,-6.400000000000003,32,4,297,0,a2bd168242605747b22fe5ee06cf71c94a7e31639b4072effb9ec28b84ec71a5
152,dqn,771,random,left_heavy,10.10904255319149,43.0,6.335,21,168,-36.444054575650824,188,20,0,3,0,0,300.0,-23.75625041499734,-0.4153041667210344,-4.872499993932435,-7.400000000000004,37,8,188,0,e00912487cd57d27215a1b34bfbe7cefbbc681a73edf02a490521a7446a0c3d6
153,dqn,973,random,ns_heavy,14.594972067039107,89.5,8.708333333333334,22,166,-51.52685906723927,179,13,0,2,0,0,300.0,-32.65625074086711,-0.869774998955836,-9.600833327416337,-8.400000000000002,42,3,179,0,6b170c37addbd337fa90e669cedaad91e4a221756d921c59f102ca2b7d3912d7
154,dqn,834,random,low,19.243781094527364,175.5,12.893333333333333,29,178,-73.53645885545626,201,23,0,2,0,0,300.0,-47.681250530760735,-1.8645833316571958,-17.19062499303833,-6.800000000000003,34,6,201,0,69f64d67314e690ff454853f6f58344c139b5117072dacd8eacf1d08c18694a8
155,dqn,78,random,heavy,25.78448275862069,100.0,24.926666666666666,49,230,-100.64758388505942,290,60,0,3,0,0,300.0,-78.75625056307763,-3.6575833322123787,-11.633749989769429,-6.600000000000003,33,5,290,0,3bcef3853123bf2b709c182b0f9c1accfbe4be9874d083ba04317cea7cbd9cb8
156,dqn,947,random,balanced,18.56741573033708,127.5,16.525,32,236,-87.76447194977587,267,31,0,2,0,0,300.0,-61.73750112205744,-2.368220838833804,-15.458749988884664,-8.200000000000003,41,3,267,0,46f9ece1e808445f0e18151a4ceba80ce551c6d0750b851f9ba7d306adfaa295
157,dqn,417,random,ns_heavy,21.132841328413285,163.0,19.09,46,219,-89.30298801769892,271,52,0,2,0,0,300.0,-63.962500515859574,-2.839654161733779,-14.500833340105576,-8.000000000000004,40,6,271,0,8d5267bd2139456f0c04a12fdacec5c93ccaad80a94930f231d21fd1af29c77a
158,dqn,321,random,ew_heavy,26.475524475524477,162.0,25.24,66,236,-110.90390078116091,286,50,0,2,0,0,300.0,-80.99375079246238,-5.481608327342114,-16.82854166135656,-7.600000000000004,38,7,286,0,899b23a9de6be635b1a886fb88ad572408afc8a7b3988e8b1422e5a352a267b1
159,dqn,994,random,low,14.305555555555555,72.5,8.583333333333334,23,167,-48.71207561769044,180,13,0,1,0,0,300.0,-32.08125061914325,-0.9206166671028767,-8.710208331444296,-7.0000000000000036,35,4,180,0,ece9842b4416f96850998424b0db49f1914b9be0033e20329f8ca94e73034aa1
160,dqn,669,random,low,22.611363636363638,81.0,16.581666666666667,37,181,-79.16998463267008,220,39,0,3,0,0,300.0,-58.10000130627304,-2.2908166712244564,-11.379166655172606,-7.400000000000004,37,3,220,0,af1e9de03c101603207270283f3c1db9ff86b9fce20bfa66d3b868b5f106d519
161,dqn,872,random,low,12.64968152866242,78.0,6.62,17,145,-40.444679699408155,157,12,0,2,0,0,300.0,-24.825000534765422,-0.5838458339807405,-7.035833330661991,-8.000000000000004,40,4,157,0,8a96aece1431875e4d66a9d1725954e6e6d952e9838859dc103c7465413e3404
162,dqn,317,random,ns_heavy,25.101769911504423,96.5,18.91,52,178,-84.09567143636308,226,48,0,3,0,0,300.0,-62.818750598002225,-2.587129169851689,-11.889791668509138,-6.800000000000003,34,8,226,0,cbe217d339231af89af1a775b5fe05fcbe921f7e17f5c2e09fdc68c8e22ee96f
163,dqn,359,random,ew_heavy,21.392226148409893,121.0,20.18,48,253,-94.79812588543058,283,30,0,2,0,0,300.0,-72.06250087730587,-2.977291663413779,-12.358333344710992,-7.400000000000004,37,3,283,0,32f061e1251b2821d66713c4b6b21654a1f844a6291771eb4a10ef561d5935c1
164,dqn,298,random,ew_heavy,16.952569169960473,107.0,14.296666666666667,33,239,-74.91222144384368,253,14,0,1,0,0,300.0,-53.518750611227006,-1.657429167795636,-12.136041664821109,-7.600000000000004,38,3,253,0,be4ec60c415ff732ba53ddb9984258f31dcd2902fce492286ce7e4138ed0a322
165,dqn,724,random,ns_heavy,25.95873015873016,159.0,27.256666666666668,62,263,-120.64762192923953,315,52,0,2,0,0,300.0,-92.81875112047419,-4.677620835312697,-16.55124997345263,-6.600000000000003,33,4,315,0,dfb8bbd2600faca8a19da53063977a42de571877015e02d49e43712ae195e145
166,dqn,793,random,left_heavy,26.87344398340249,142.5,21.591666666666665,43,198,-86.29957144073485,241,43,18,19,0,0,300.0,-60.22500064689666,-5.180612488526823,-14.893958305311376,-6.000000000000003,30,7,259,18,499e1729ad711a6518186e39b3ba80ef46ef02099547306eb929ff347690c076
167,dqn,751,random,low,9.840764331210192,63.0,5.15,14,151,-34.10931290819352,157,6,0,1,0,0,300.0,-19.312500409781933,-0.389520833646384,-6.407291664765216,-8.000000000000004,40,2,157,0,7e286f9e2eaae60a2f33671fe09a55d143de77142360fd1454b9728c78eb6246
168,dqn,750,random,left_heavy,25.913716814159294,129.0,19.523333333333333,43,176,-82.53265081077916,226,50,13,17,0,0,300.0,-57.425000787712634,-4.291608324457046,-13.816041698609487,-7.0000000000000036,35,6,239,13,1b64a012e291a9b411b497fbb83478547303b51cccd498c331266008cbd14cfa
169,dqn,581,random,balanced,19.95734597156398,158.0,14.036666666666667,36,190,-76.67757988965532,211,21,0,2,0,0,300.0,-50.44375071069226,-2.3525791702784784,-17.081250008684542,-6.800000000000003,34,4,211,0,0d9eb3e6d78c0569ba18562f1a5115f9086bd9f1828722d9503d83d7a1108302
170,dqn,732,random,balanced,27.18974358974359,114.0,17.673333333333332,37,159,-83.41128415799685,195,36,0,2,0,0,300.0,-60.100000819657,-2.920658334870676,-13.590625003469178,-6.800000000000003,34,6,195,0,870002afedfe01785bba24bf53e8ec1c1e8793ca7c50c1e6295716efade2d3b4
171,dqn,124,random,low,26.992331288343557,110.0,29.331666666666667,65,267,-124.7220008730008,326,59,0,2,0,0,300.0,-99.1562508828938,-4.596583333779563,-14.169166656327432,-6.800000000000003,34,3,326,0,3b3049cdb02bf9de65995f2d5fae9226452e365e241bcef2f381434543ed3486
172,dqn,123,random,balanced,7.828828828828829,63.5,2.8966666666666665,10,110,-23.13560856837283,111,1,0,1,0,0,300.0,-10.862500232178718,-0.1862333331766422,-4.486875003017486,-7.600000000000004,38,2,111,0,74a76abc2d6a01ae3d3b512783dfefc6cb6aacccd51deade644c6b990ea6c72c
173,dqn,775,random,low,14.064676616915422,84.5,9.421666666666667,22,183,-52.64826752476872,201,18,0,1,0,0,300.0,-35.33125085476786,-0.8949333325588666,-8.222083337442015,-8.200000000000003,41,3,201,0,fda729e9d350a3e1cb91c3eb6c70494f06bd9f505a6e1bce176f9d607838d3d4
174,dqn,968,random,ew_heavy,13.876068376068377,84.5,10.823333333333334,29,204,-56.88927567870343,234,30,0,1,0,0,300.0,-39.28750069299713,-1.1140666654006053,-8.687708320305683,-7.800000000000004,39,7,234,0,949a492d2d25197834713041ce2c0e9f66ccb4d0514bb39bb6dc94cbcbe5a88e
175,dqn,47,random,balanced,20.875536480686694,101.0,16.213333333333335,32,204,-79.5053923854292,233,29,0,2,0,0,300.0,-58.793750716373324,-2.106224996076344,-12.405416672979474,-6.200000000000003,31,5,233,0,824f131c309db372367b988dd4a34730bd750bd18a7aea18ed592bb1d699827b
176,dqn,629,random,heavy,26.134199134199132,136.5,20.123333333333335,45,185,-84.46708831330547,231,46,0,2,0,0,300.0,-54.86250083055347,-4.642504165994615,-17.362083316757342,-7.600000000000004,38,6,231,0,b467adc868c3a39bf49f5bbc731a7bfe49f0f95f62461b22a5779a1eb57903c1
177,dqn,673,random,low,9.935714285714285,57.0,6.955,17,198,-40.749142236549964,210,12,0,2,0,0,300.0,-26.081250572111458,-0.47955833401865705,-6.38833333041985,-7.800000000000004,39,7,210,0,eef8d318c687b8b56ed2f7a24273306fea342f6393aed40644a9028a1a005c37
178,dqn,465,random,ns_heavy,9.251461988304094,59.5,5.273333333333333,12,167,-34.20217560719611,171,4,0,1,0,0,300.0,-19.7750006117858,-0.36634166612202546,-6.260833329288291,-7.800000000000004,39,2,171,0,071ce8d8b764837e42942758684fc4f62d7fec87702be585d690e0e77d49daea
179,dqn,334,random,left_heavy,16.759146341463413,77.0,9.161666666666667,20,143,-50.597709174582995,164,21,0,1,0,0,300.0,-34.293750829063356,-0.8997916649219404,-8.804166680597707,-6.600000000000003,33,6,164,0,0757a415babd1282529f37f100ee6921b201bcd243fb2a5a4741fca2f4bf1c31
180,dqn,913,random,ns_heavy,8.865714285714287,107.0,5.171666666666667,12,167,-36.1281670885561,175,8,0,3,0,0,300.0,-19.39375043148175,-0.5948333333413759,-9.139583323732952,-7.0000000000000036,35,4,175,0,5792f899b6108202efd649742458ff84a92fae38378ca65d99344d8fb7ff3a28
181,dqn,937,random,heavy,22.872685185185187,72.5,16.468333333333334,41,177,-76.22060885605676,216,39,0,2,0,0,300.0,-57.893750531133264,-2.0637333364858925,-8.863124988437637,-7.400000000000004,37,2,216,0,9f83fc750643fcedf331b693d3e4b7bab0173f3668a1ba6c123ed941dbee0a59
182,dqn,112,random,ns_heavy,12.796954314720812,112.0,8.403333333333334,22,187,-50.74374642135009,197,10,0,1,0,0,300.0,-31.51250058878213,-0.9414541653626659,-11.28979166720528,-7.0000000000000036,35,6,197,0,ed97b032e09c88ab3b9ca4ce2b20e98d1e15261f0f8ca341fb70f1254038e104
183,dqn,948,random,left_heavy,17.026946107784433,84.5,9.478333333333333,26,140,-52.6116422545878,167,27,0,2,0,0,300.0,-34.96875060163438,-0.9510166664855201,-9.291874986467892,-7.400000000000004,37,5,167,0,6bddc68af6004c6f92bd2e67d06c542a52ee9edbe74da0d705266555a008a56f
184,dqn,302,random,heavy,20.284965034965033,124.0,19.338333333333335,42,232,-90.79629671170042,286,54,0,2,0,0,300.0,-64.65000089397654,-3.0394208353398424,-16.10687498238404,-7.0000000000000036,35,5,286,0,eec14e17fbbb1505206471291bfa0319e0b1832dae3cc63d76c5209d79589ed5
185,dqn,145,random,left_heavy,33.44349315068493,179.5,32.553333333333335,75,219,-122.11580879401667,292,73,17,18,0,0,300.0,-91.35000042477623,-7.995183352658206,-16.57062501658218,-6.200000000000003,31,7,309,17,80624511d23829673732f6c586c2d660574044671831d618cb0411ec2ad546a3
186,dqn,144,random,ns_heavy,9.82857142857143,54.0,3.441666666666667,15,103,-24.536833609556943,105,2,0,1,0,0,300.0,-12.906250276137143,-0.22016666607014496,-4.210416667349639,-7.200000000000004,36,4,105,0,57907eaa162bbb511688c8ee3d4cf617ee3c1b5f6fb7a893f50806d4d3aec66c
187,dqn,430,random,balanced,20.63586956521739,123.0,18.985,43,243,-89.46803782212079,276,33,0,2,0,0,300.0,-66.65000032028183,-2.58532916607801,-13.432708335760971,-6.800000000000003,34,5,276,0,4eb5dde2aa37490fe197326854941b580f997feda81622c6997cc3e8fe1aff00
188,dqn,328,random,ns_heavy,19.929765886287626,158.5,19.863333333333333,42,262,-97.20458823836377,299,37,0,2,0,0,300.0,-69.46875073667616,-3.0781291608742323,-17.25770834081338,-7.400000000000004,37,2,299,0,c28eb849948a56d3d45ebd5970b8c4f31dce05ccc305ff7f629d7a8facc04be3
189,dqn,893,random,left_heavy,34.513513513513516,130.0,34.06,64,223,-136.59668006128706,296,73,17,20,0,0,300.0,-106.25625091325492,-7.296470833780041,-15.44395831425209,-7.600000000000004,38,4,313,17,ff0fb960405531796ec9661f36f6009064aaca20cda10289c8d6894b15f70efe
190,dqn,787,random,heavy,14.62962962962963,99.0,11.85,33,218,-63.07537136546601,243,25,0,2,0,0,300.0,-44.38750054407865,-1.273287499680009,-10.014583321707333,-7.400000000000004,37,4,243,0,9f9fa368eff6808cd434e9a744e0f28ceb0716deda49b6c1ae9bc78d43ae8c25
191,dqn,861,random,low,10.700471698113208,65.5,7.5616666666666665,19,196,-42.89050077584396,212,16,0,2,0,0,300.0,-28.356250768061727,-0.6342500002385352,-7.5000000075437105,-6.400000000000003,32,8,212,0,ba3a491e4b9d01baff600c19f2d9af235b65ee870a6a93a360a3b98d292725b0
192,dqn,150,random,left_heavy,21.905923344947734,142.5,20.958333333333332,48,234,-91.5764048378558,287,53,9,13,0,0,300.0,-64.0937506579794,-5.106612504400981,-15.376041675475406,-7.0000000000000036,35,5,296,9,9d17157e71213d5a818479d06a5453c56f8a15cbe0740ae7797064c166564464
193,dqn,414,random,low,19.785416666666666,88.5,15.828333333333333,37,220,-78.23135923588197,240,20,0,1,0,0,300.0,-58.2687508976087,-1.874274997050088,-10.888333341223177,-7.200000000000004,36,3,240,0,0004349dbbe924529ae4ea98c0c0632dee99bb1865a5fac6a3d177602e3533a8
194,dqn,762,random,ew_heavy,14.566298342541437,115.0,8.788333333333334,24,164,-52.99368826581851,181,17,0,2,0,0,300.0,-32.956250787712634,-0.9074374998941491,-11.329999978211715,-7.800000000000004,39,2,181,0,d2c486090fb6139f92af8623c33f36410ba043d3a3eb9b0f0f3e876e3b6d60d4
195,dqn,42,random,balanced,19.402654867256636,100.5,14.616666666666667,32,201,-75.17484662712891,226,25,0,1,0,0,300.0,-54.69375081034377,-1.7252625000743138,-10.755833316710783,-8.000000000000004,40,2,226,0,c59b4cda74a9ff082421aa4a6602efc18f2acf4344a7f7ee1201dbd18b21addf
196,dqn,599,random,low,17.796875,153.5,17.085,37,255,-89.45507155961751,288,33,0,2,0,0,300.0,-63.96250073146075,-2.4763208347831083,-15.616249993373621,-7.400000000000004,37,5,288,0,98db2c5f065a8c39fdb27fe79f003805a6ebf04c5ac4c93f7bbc4731d248004c
197,dqn,137,random,ew_heavy,9.343589743589744,55.0,6.073333333333333,14,191,-37.31205466040485,195,4,0,1,0,0,300.0,-22.775000498164445,-0.40080416651981077,-5.536249995720574,-8.600000000000001,43,2,195,0,700e203f244737cef7e4e1da13c1e0d345111c8466269382f22836cadf5cfd94
198,dqn,330,random,left_heavy,29.27741935483871,111.5,30.255,62,251,-116.8563763185812,310,59,18,21,0,0,300.0,-92.05625131493434,-5.391999987134477,-13.608125016512345,-5.8000000000000025,29,8,328,18,6957e43172dda788521429215769e45b2de9e989bb5e0f3843b7b1ed6cffa4bd
199,dqn,94,random,balanced,13.684444444444445,106.0,10.263333333333334,21,217,-59.12075072538495,225,8,0,2,0,0,300.0,-38.106250731274486,-1.2099166646592487,-12.004583329451272,-7.800000000000004,39,5,225,0,c9db06e389f6b7e210048ae9a452eba2282a4abab795ec80a5eb5a302040e544
200,dqn,850,random,ew_heavy,14.432242990654206,123.0,10.295,32,190,-60.88023372653335,214,24,0,2,0,0,300.0,-37.83750040177256,-1.3146083348889077,-13.528124989871868,-8.200000000000003,41,4,214,0,9bc7cfc78f91e39cc52e10373d42421ce4985b24f5a29b20b87ce488ac301912
201,dqn,503,random,ns_heavy,16.965811965811966,125.0,13.233333333333333,27,217,-72.58622169493322,234,17,0,2,0,0,300.0,-48.76875086221844,-1.6230958343119715,-14.994374998402781,-7.200000000000004,36,7,234,0,c1fadd30b585ce4075fc979ed1d3210bd7934d56727527284d6e1f9203ede203
202,dqn,43,random,left_heavy,23.190871369294605,114.5,18.631666666666668,37,192,-86.67389671141424,241,49,0,8,0,0,300.0,-59.9687509262003,-4.395562498342771,-14.909583286871197,-7.400000000000004,37,3,241,0,a88a78010f1855cb196fb49c2f38ef4a64f9ada54d39be44382ee5baa87686db
203,dqn,410,random,ew_heavy,20.344594594594593,131.5,20.073333333333334,50,253,-98.6011298871781,296,43,0,2,0,0,300.0,-74.56875072885305,-2.7255041696080307,-13.50687498871702,-7.800000000000004,39,4,296,0,91ec5e36ad57f0d1919d69b137371a063d3bb76fa94bee87c787ff77988c7925
204,dqn,244,random,low,15.057377049180328,105.5,9.185,19,174,-53.59575901346619,183,9,0,1,0,0,300.0,-34.44375067297369,-0.9309666682580423,-10.821041672234426,-7.400000000000004,37,4,183,0,909accbb8fa105debf33b3bd10000710d57612de82a6abf05b3af750b334bb6a
205,dqn,571,random,low,9.825980392156863,77.5,6.681666666666667,22,193,-40.3614837708359,204,11,0,2,0,0,300.0,-25.056250450201333,-0.5666916652524376,-6.9385416553821395,-7.800000000000004,39,3,204,0,e0542ac0898f128937ff393e88f79352dc0cd44c6d9aabad0f54a8577c43ccc7
206,dqn,501,random,low,20.367753623188406,91.0,18.738333333333333,36,242,-88.30514677520772,276,34,0,2,0,0,300.0,-66.32500094175339,-2.6116041660068743,-12.568541667447429,-6.800000000000003,34,2,276,0,9b09a09af66ce7f00b3e7b842532b577f76592765f95608b3ed138deb2440eb1
207,dqn,725,random,balanced,15.764444444444445,104.0,11.823333333333334,23,204,-66.05654671117735,225,21,0,2,0,0,300.0,-44.33750088699162,-1.4869624986087737,-12.832083325576964,-7.400000000000004,37,3,225,0,20008adf1cef00009d5db0f41df8173a79f997d0212a2e7ddc97b15016e5156a
208,dqn,401,random,ew_heavy,10.882845188284518,93.5,8.67,19,225,-49.925725722320955,239,14,0,2,0,0,300.0,-32.51250071963295,-0.7909333348121431,-9.422291667875832,-7.200000000000004,36,5,239,0,6484a516f5fb9d85b9df0ec9b8c93bc6d465dc5b65be19b597c32b52f1f814c5
209,dqn,923,random,heavy,26.342490842490843,140.0,23.971666666666668,51,225,-100.58585496277732,273,48,0,2,0,0,300.0,-73.70625079516321,-4.1335625018989965,-15.94604166571515,-6.800000000000003,34,5,273,0,4da4d59cbaa37e027cee3dd471560c0f2778c583db1a4f675e4a44a164b71166
210,dqn,385,random,low,23.358843537414966,139.5,22.893333333333334,54,244,-103.22286772028964,294,50,0,2,0,0,300.0,-77.24375104764476,-3.73890833991536,-15.840208332729521,-6.400000000000003,32,5,294,0,0b8925119d2c6fccbc76f3474ec3d26d59ce5b4597b767803c16e29f97012a87
211,dqn,410,random,ew_heavy,20.972972972972972,135.0,20.69333333333333,47,253,-101.87273011802539,296,43,0,2,0,0,300.0,-77.03750094398856,-2.8727291690775028,-14.362500004959294,-7.600000000000004,38,5,296,0,91ec5e36ad57f0d1919d69b137371a063d3bb76fa94bee87c787ff77988c7925
212,dqn,998,random,heavy,14.314070351758794,78.0,9.495,27,189,-51.966388345308225,199,10,0,1,0,0,300.0,-35.22500086436048,-0.8357624986987509,-7.705624982248991,-8.200000000000003,41,3,199,0,63c1158b4831700f368d5d17eac311c916ece9477005980e8adaa5d0505e5a7f
213,dqn,985,random,left_heavy,16.232804232804234,68.5,10.226666666666667,26,157,-55.18551761515918,189,32,0,2,0,0,300.0,-38.31250095879659,-0.9815583321826125,-8.891458324179993,-7.0000000000000036,35,5,189,0,954ad4d10681985dbac012d02c39887c476d5517871b93d4616f5acd23c02d78
214,dqn,550,random,low,20.066761363636363,93.5,23.545,57,287,-104.40388052561978,352,65,0,3,0,0,300.0,-80.65000137966126,-3.299504168082058,-12.854374977876443,-7.600000000000004,38,5,352,0,f661b6c7bd5af3949de1e6128f2f7a19958ba666b968fd18b00094fa9d753041
215,dqn,148,random,balanced,13.105042016806722,103.5,10.396666666666667,24,229,-58.4030590118513,238,9,0,1,0,0,300.0,-38.97500066505745,-0.9340999993401059,-10.093958347453736,-8.400000000000002,42,3,238,0,c7c282b923a371314d119956770922f3bf09aeabf5f788ce7b2f6677b27ee084
216,dqn,662,random,ew_heavy,10.248648648648649,97.0,6.32,15,177,-41.46472958495508,185,8,0,1,0,0,300.0,-23.7000004327856,-0.5420208333911434,-9.42270831877832,-7.800000000000004,39,2,185,0,20d27d2d394a1656e81171e26e81613738a8e83f13b973f3ee244f9b5ac91a17
217,dqn,718,random,heavy,17.4,87.0,13.92,30,211,-70.56033420438106,240,29,0,2,0,0,300.0,-51.59375087823719,-1.5153333328074956,-9.451249993336377,-8.000000000000004,40,1,240,0,ed5ad31308ecb6367826ed794a2da0e59bd62f273071ae85fb9c8c6a533811ae
218,dqn,456,random,ew_heavy,16.63771186440678,105.0,13.088333333333333,28,216,-68.1299632934075,236,20,0,1,0,0,300.0,-48.18125079292804,-1.6207958316350413,-11.727916668844415,-6.600000000000003,33,5,236,0,b3154a9f05fcce7c260e686175ff3a4c3612643a0d92abc89f063af21876ed2c
219,dqn,160,random,balanced,14.489406779661017,100.0,11.398333333333333,33,221,-63.2094090265331,236,15,0,2,0,0,300.0,-42.40625071199611,-1.3552416668149811,-12.44791664772201,-7.0000000000000036,35,2,236,0,51e3bd85434342ab1179601518c8b42cc512ff84b9ca7df5668244de04e5dc70
220,dqn,199,random,ew_heavy,8.481707317073171,56.5,4.636666666666667,15,155,-30.613158722706427,164,9,0,1,0,0,300.0,-17.387500388082117,-0.3125333329153364,-5.313125001708981,-7.600000000000004,38,1,164,0,98a58f09c6027321d14224f2df488058fe7c6afd1319358dd798446bdfff4a8e
221,dqn,351,random,left_heavy,22.745575221238937,87.0,17.135,37,176,-76.67801323402307,226,50,6,18,0,0,300.0,-55.768750759772956,-3.0825958349472784,-11.02666663930288,-6.800000000000003,34,4,232,6,a56b9c1f65e1d738b0cf2f76f38a1a395a1d88d9f72390e8305b7dd08d1c33fb
222,dqn,105,random,ns_heavy,22.321138211382113,104.5,18.303333333333335,35,218,-88.30115104945946,246,28,0,2,0,0,300.0,-66.08125102845952,-2.8415666718698045,-12.97833334913012,-6.400000000000003,32,5,246,0,cdc957e8c82630178e75c8996120b84f788c99b8d09805a5bfb1ccd2f94d9463
223,dqn,692,random,left_heavy,21.073660714285715,83.5,15.736666666666666,31,188,-74.2342671769227,224,36,17,25,0,0,300.0,-53.77500050747767,-2.5178083341823383,-10.341458335262727,-7.600000000000004,38,3,241,17,e37c63fab631e088496002e258c7891c9491d004e710b06de2a1976dab80104b
224,dqn,756,random,left_heavy,22.570484581497798,95.5,17.083333333333332,37,184,-79.04449268373504,227,43,3,16,0,0,300.0,-54.9312510448508,-3.711366668775008,-12.801874970109193,-7.600000000000004,38,2,230,3,4a60153406993c7cc8db253f22686c037cdb3081ef8a59eac1f3d624a19bdeb2
225,dqn,981,random,left_heavy,15.641361256544503,74.0,9.96,20,167,-54.00355899066997,191,24,0,2,0,0,300.0,-36.9875006666407,-0.9545999985268282,-7.261458325502465,-8.8,44,5,191,0,6798af32a234420cbb9ebec20d1ada5ede8ec844dda82686185023b836b53de5
226,dqn,724,random,ns_heavy,31.788888888888888,121.5,33.37833333333333,78,249,-128.80580098675713,315,66,0,2,0,0,300.0,-100.25000100163743,-6.370799987601641,-15.18499999751803,-7.0000000000000036,35,5,315,0,dfb8bbd2600faca8a19da53063977a42de571877015e02d49e43712ae195e145
227,dqn,987,random,balanced,14.858536585365854,63.0,10.153333333333334,32,181,-55.07587155108849,205,24,0,1,0,0,300.0,-37.48750074021518,-1.0175375013895975,-8.37083330948372,-8.200000000000003,41,5,205,0,f334b2bf86f849827a07f242d1be8ba5ce46ba6c098d9d3c64e03b2faaa67c94
228,dqn,992,random,balanced,26.00171821305842,101.0,25.221666666666668,71,229,-94.83550951631476,291,62,0,2,0,0,300.0,-73.98750120261684,-3.9075916708141447,-10.340416642883797,-6.600000000000003,33,4,291,0,c6fe6cbba1f02b8cc77e0608ed223a6dc598b375fa8d66bfb3469be8a291c1f1
229,dqn,982,random,left_heavy,21.374074074074073,134.0,19.24,43,215,-88.95557592292974,270,55,0,8,0,0,300.0,-64.60625091707334,-2.97390833351019,-14.575416672346178,-6.800000000000003,34,5,270,0,0600f734891fcd12257e7f2a96632317f78b548f1ae608b7d9f82325d53f1cb1
230,dqn,252,random,low,15.962882096069869,123.0,12.185,29,219,-66.83261349438476,229,10,0,2,0,0,300.0,-45.0187509926036,-1.4363624995785347,-13.377500002202575,-7.0000000000000036,35,3,229,0,94df5b4fc460b705fe437a07af4710a8f8e54c0aa03ce370f2fb70aa497ed0f8
231,dqn,566,random,left_heavy,26.03301886792453,110.0,18.39666666666667,45,175,-82.66904660222424,212,37,0,2,0,0,300.0,-60.7250007991679,-2.8777958366910754,-12.466249966365284,-6.600000000000003,33,4,212,0,98caf007411bf315a5073ef51e3fd29f044aa1f1bf04f59d2113b6f179de05bf
232,dqn,394,random,ns_heavy,15.13701923076923,100.0,10.495,25,196,-56.296742369548134,208,12,0,1,0,0,300.0,-39.07500071730465,-1.0221583321799692,-9.59958332006354,-6.600000000000003,33,2,208,0,1f0cdc58ed75af60df89a22b90399b37d03a41b7a65e40831302ee8e30f0d50d
233,dqn,865,random,balanced,18.048319327731093,88.0,14.318333333333333,31,217,-71.32304671136811,238,21,0,1,0,0,300.0,-51.45625090179965,-1.849712502352486,-10.817083307215954,-7.200000000000004,36,3,238,0,4f36b8198aa83306e6e95cd8a3578d2885a75d34d68fb14d973810d563ba8cdf
234,dqn,376,random,ew_heavy,8.991279069767442,62.5,5.155,16,169,-34.076767135346756,172,3,0,2,0,0,300.0,-19.33125047944486,-0.4263499993881852,-7.519166656513704,-6.800000000000003,34,4,172,0,17da99ded48adcd327e0b30761093ed763acd083b68e7ccec0e378abe15ceb69
235,dqn,192,random,heavy,18.9672131147541,70.5,11.571666666666667,34,160,-57.67537177536506,183,23,0,2,0,0,300.0,-41.51875095954165,-1.4112041655309437,-8.745416650292464,-6.000000000000003,30,7,183,0,5b8aaa9bfb59d24a509c5e250e86f7980d8fff57c472d3c2e7cc7fa7483f7e4a
236,dqn,574,random,ns_heavy,13.169724770642201,73.0,9.57,25,202,-53.03410907243019,218,16,0,2,0,0,300.0,-35.768750730436295,-0.9032749999510995,-8.562083342042756,-7.800000000000004,39,4,218,0,ff6b1d6b61d0d9e98efc66a3f79020bc45253919c051c462d3164fd9b8dfae3e
237,dqn,399,random,low,19.412790697674417,126.0,16.695,37,221,-82.87205504833177,258,37,0,2,0,0,300.0,-58.806250885594636,-2.3101791694287392,-14.755624993308441,-7.0000000000000036,35,4,258,0,29991776368f820f57f188855e057eeea4c16fabcf7f6de076687eede13b0041
238,dqn,49,random,balanced,17.622529644268774,143.0,14.861666666666666,27,234,-80.85724277420454,253,19,0,2,0,0,300.0,-55.73125108052045,-2.1876583312267015,-15.73833336245733,-7.200000000000004,36,2,253,0,ce40379bc1b88af8d6013096b2d7539eb8838ebf4276b3eb87f97281156cf0d0
239,dqn,964,random,ns_heavy,18.272988505747126,102.5,10.598333333333333,26,162,-60.060129811602344,174,12,0,2,0,0,300.0,-39.74375064717606,-1.2838791677371781,-11.632499996689155,-7.400000000000004,37,3,174,0,96fc2f49e00b3a78bf4462a075c3e9cc430c7c474573cc3da7eb2ec9bdc3768c
240,dqn,798,random,ew_heavy,12.43558282208589,74.5,6.756666666666667,19,156,-40.93611285629669,163,7,0,1,0,0,300.0,-25.337500359863043,-0.5671541680254449,-7.831458328408197,-7.200000000000004,36,2,163,0,29c7427026772cee900c4a8db273955ffad288a3575959829cf4b9ff2db78d9b
241,dqn,710,random,ew_heavy,21.100446428571427,129.5,15.755,48,181,-70.92622603465642,224,43,0,2,0,0,300.0,-47.75000103190541,-2.3583083341021847,-13.417916668648825,-7.400000000000004,37,7,224,0,fed5a0f707d810ea30eec60bc4d9ba8951a789b47f972f906f572adb3414363f
242,dqn,733,random,heavy,20.70392156862745,152.0,17.598333333333333,36,223,-90.92556348104623,255,32,0,2,0,0,300.0,-64.06875097425655,-3.1963958287065912,-17.060416678083115,-6.600000000000003,33,8,255,0,075dcaae9f12c71ae70dc932494d7226126ec188470383cad968a2fd4b5bc017
243,dqn,581,random,balanced,19.587677725118482,122.5,13.776666666666667,34,185,-69.1492508319054,211,26,0,2,0,0,300.0,-45.53750083921477,-2.2486249944740853,-14.163124998216515,-7.200000000000004,36,4,211,0,0d9eb3e6d78c0569ba18562f1a5115f9086bd9f1828722d9503d83d7a1108302
244,dqn,95,random,ew_heavy,15.9575,107.0,10.638333333333334,22,179,-59.22997565995755,200,21,0,2,0,0,300.0,-39.86875064810738,-1.1178916645687433,-10.44333334728145,-7.800000000000004,39,3,200,0,fc5e38405c51ef5b4f85014a06ac6f5d91f03b988f2a765578e7ea98c5a8100b
245,dqn,515,random,balanced,21.45692883895131,93.0,19.096666666666668,42,232,-86.06067995150738,267,35,0,2,0,0,300.0,-66.16250079637393,-2.6254708392421895,-11.27270831589121,-6.000000000000003,30,6,267,0,705714917e1199776ba8faa67f8b7141c7f21d0b6c9a92901d9f911008bac674
246,dqn,713,random,ew_heavy,14.704545454545455,120.5,10.783333333333333,30,199,-62.47823437059198,220,21,0,2,0,0,300.0,-40.4375010356307,-1.5509416637512914,-13.689791671209967,-6.800000000000003,34,2,220,0,cf06810f86bbfbf5d1fa75f3976f9dd809fd849b3398207e31c95efd63b068f0
247,dqn,793,random,left_heavy,30.845652173913045,174.0,23.651666666666667,49,183,-97.05765088383846,230,47,29,31,0,0,300.0,-63.85000088438392,-8.268899995687393,-18.338750003767206,-6.600000000000003,33,8,259,29,499e1729ad711a6518186e39b3ba80ef46ef02099547306eb929ff347690c076
248,dqn,340,random,balanced,18.196774193548386,124.5,18.803333333333335,41,277,-92.88945524093795,310,33,0,2,0,0,300.0,-69.700001061894,-2.5761208286938193,-13.813333350350145,-6.800000000000003,34,4,310,0,17f78fdc0f18b48fc2ad64e0f6f3db1ee51523cb0086bec6caddbea13d72e9af
249,dqn,724,random,ns_heavy,25.168253968253968,104.0,26.426666666666666,53,245,-117.3963175715886,315,70,0,2,0,0,300.0,-91.66250089230016,-4.586941666692291,-13.946875012596129,-7.200000000000004,36,4,315,0,dfb8bbd2600faca8a19da53063977a42de571877015e02d49e43712ae195e145
250,dqn,433,random,ns_heavy,16.402489626556015,133.5,13.176666666666666,29,218,-71.08561763408433,241,23,0,2,0,0,300.0,-49.04375096550211,-1.6914500007529572,-13.350416667829267,-7.0000000000000036,35,5,241,0,967b6402e27918d1003add17432a4fa829f698da1d3d96c2b5a0342345eb25b6
251,dqn,361,random,heavy,10.63903743315508,59.5,6.631666666666667,15,181,-40.11936706367637,187,6,0,1,0,0,300.0,-24.868750406894833,-0.497491667095892,-6.553124989685606,-8.200000000000003,41,1,187,0,d65373eeffc54ea15b0f372d7d24e77e208e3a7a255b8c099f01340f811064b7
252,dqn,202,random,ns_heavy,16.076446280991735,65.0,12.968333333333334,29,224,-65.1827717648084,242,18,0,2,0,0,300.0,-48.43750093039125,-1.1861041658288751,-8.159166668588297,-7.400000000000004,37,3,242,0,b1b92b0e169ef1042273d871ab06fb3dcd7d23a90e2b9fb1dc88e969babbfae4
253,dqn,636,random,ns_heavy,8.1875,55.0,3.7116666666666664,13,132,-25.7028836196485,136,4,0,2,0,0,300.0,-13.91875028796494,-0.25517499989000486,-4.528958331793547,-7.0000000000000036,35,6,136,0,6c1fc46be2c7716d3de6fda3682d7a131b9405d19de6fce6c7b0aab1795c5d14
254,dqn,688,random,balanced,11.403940886699507,78.5,7.716666666666667,20,185,-43.79252130385286,203,18,0,1,0,0,300.0,-28.93125047441572,-0.7096041662924106,-7.351666663144717,-6.800000000000003,34,4,203,0,85ae0ec7c80ed8590223509ab24d9914156d007ba7c04cae8211240b5a5e6b77
255,dqn,956,random,ew_heavy,12.824884792626728,77.0,9.276666666666667,25,201,-51.17042142046634,217,16,0,1,0,0,300.0,-34.60000057751313,-0.9700041672542286,-8.200416675698946,-7.400000000000004,37,2,217,0,643df485d0d06d74593962805c1f7f77d560e38fedf9b6b3f120ff8994c979a1
256,dqn,578,random,heavy,11.087786259541986,50.5,4.841666666666667,14,129,-30.707117105348868,131,2,0,1,0,0,300.0,-18.156250442378223,-0.31961666639326697,-5.031249996577391,-7.200000000000004,36,4,131,0,3fb3d97f4f19e794a3b84c9febddc58cc132838ba7bb51a913629b75f04fcc9a
257,dqn,984,random,ns_heavy,13.530456852791879,66.0,8.885,24,191,-49.11305057298666,197,6,0,2,0,0,300.0,-33.318750569131225,-0.709925001131342,-7.684375002724116,-7.400000000000004,37,2,197,0,aa30cee95ab1113825f528e4c46d3267c9ad7a4914cbece5481a597fe27290a1
258,dqn,23,random,balanced,7.208588957055214,57.5,3.9166666666666665,13,159,-27.63375039044986,163,4,0,2,0,0,300.0,-14.687500397209078,-0.24000000001615274,-5.306249993224632,-7.400000000000004,37,5,163,0,1608d8f38f55535d34068019ac898235e284684453ca4ae0e3780ced5f2056c0
259,dqn,290,random,ns_heavy,9.480392156862745,60.0,4.835,15,139,-31.101883762780204,153,14,0,3,0,0,300.0,-18.13125043315813,-0.3491750008972303,-5.821458328724839,-6.800000000000003,34,5,153,0,4d67d5c5bee4554007fffd3cfd40273452e352b5fe7b61c46278e71639dc2644
260,dqn,150,random,left_heavy,21.601045296167246,137.0,20.668333333333333,60,227,-88.98887595321791,287,60,9,11,0,0,300.0,-62.84375094342977,-4.444083337805206,-14.501041671982954,-7.200000000000004,36,4,296,9,9d17157e71213d5a818479d06a5453c56f8a15cbe0740ae7797064c166564464
261,dqn,569,random,ns_heavy,27.09125475285171,136.0,23.75,54,213,-94.98263039694946,263,50,0,3,0,0,300.0,-66.23125124257058,-5.135754163761884,-16.615624990616908,-7.0000000000000036,35,5,263,0,d9ddf450c68fd7bcc1ae2ee7e1b73bf5751435549ce4079fd278f71a88afaae3
262,dqn,733,random,heavy,20.723529411764705,182.5,17.615,38,220,-91.23410498189405,255,35,0,2,0,0,300.0,-62.84375081816688,-3.7745208278683986,-17.81583333585877,-6.800000000000003,34,5,255,0,075dcaae9f12c71ae70dc932494d7226126ec188470383cad968a2fd4b5bc017
263,dqn,477,random,left_heavy,26.181962025316455,122.5,27.578333333333333,60,244,-111.5876883504112,316,72,9,15,0,0,300.0,-86.10000086762011,-4.882687501226612,-13.204999981564471,-7.400000000000004,37,5,325,9,ef0fdd3e76ab0bb67ab18177188a7c051fd1a73d76d4fc890c11dab7b2ff71b9
264,dqn,135,random,ew_heavy,28.519011406844108,126.5,25.001666666666665,65,192,-97.37895915891932,263,71,0,3,0,0,300.0,-71.81875082012266,-4.2479166653887654,-14.912291673407886,-6.400000000000003,32,3,263,0,fcfb0d2d72a7d395f0b22682f6855ee60d39199197e06414ab8c653a21a06081
265,dqn,352,random,ns_heavy,21.797535211267604,83.0,20.635,44,250,-95.76140478812954,284,34,0,2,0,0,300.0,-74.55000062379986,-2.8205708314511875,-10.990833332878546,-7.400000000000004,37,2,284,0,550e14806aaf5da01382f132de42344e06650276809c1d55f9ec04e1003f749d
266,dqn,467,random,ns_heavy,25.357876712328768,100.5,24.68166666666667,59,232,-91.70568420913916,292,60,0,3,0,0,300.0,-67.61250087525696,-4.469225006959457,-12.223958326922718,-7.400000000000004,37,3,292,0,ad5f44e4c629ee111562b372b616843bcc4d712b94d93fae8ab0dc377998f549
267,dqn,142,random,balanced,12.03125,83.0,9.625,21,221,-54.8211716026206,240,19,0,1,0,0,300.0,-36.09375077299774,-0.9788791655468231,-10.14854166407604,-7.600000000000004,38,4,240,0,681688fae9f3a326d2da3e32821f04c201ccf5711d55c0c2b9de444965c04eda
268,dqn,670,random,ns_heavy,16.568265682656826,162.5,14.968333333333334,28,245,-79.89239646202692,271,26,0,1,0,0,300.0,-56.10000062827021,-2.146770830026798,-15.045625003729926,-6.600000000000003,33,6,271,0,4f665980d2331f9c5db4c6ecb30b4e93dd17fad03c5569f31b5741447069ec95
269,dqn,354,random,heavy,13.69672131147541,103.5,11.14,25,219,-62.064100216922064,244,25,0,2,0,0,300.0,-41.775000215508044,-1.4120166667147718,-11.477083334699268,-7.400000000000004,37,6,244,0,b8276afebc9d656a9aa59d2fb010a09cbab1acd37d182a783ae154a5d078d94f
270,dqn,170,random,heavy,26.361204013377925,91.5,26.273333333333333,66,235,-100.49762995799902,299,64,0,1,0,0,300.0,-77.4250008049421,-4.472837507216171,-11.799791645840738,-6.800000000000003,34,6,299,0,c511de3119b99e2c3c114ff4aa080fc9b8ff3486932f5da0192928afe3e5d566
271,dqn,488,random,low,13.643518518518519,107.5,9.823333333333334,22,194,-57.34482542941621,216,22,0,2,0,0,300.0,-36.837500447407365,-1.0589916648510551,-12.648333317157814,-6.800000000000003,34,3,216,0,f4f3e7519ea4b6edb2071c47320adce1c10a4dbd6edf63f9a3cd58606a5b50e4
272,dqn,498,random,ew_heavy,22.427027027027027,108.0,13.83,31,158,-67.90626765933483,185,27,0,1,0,0,300.0,-47.512501002289355,-2.0087666638581134,-11.784999993187373,-6.600000000000003,33,6,185,0,79136ab87b1bdd037372a28e094bfc2fd7b5d4d80c2029386fbad40cdcd7f32f
273,dqn,706,random,heavy,23.777358490566037,139.5,21.003333333333334,46,216,-92.33302146001293,265,49,0,2,0,0,300.0,-65.94375063106418,-4.2653125018630815,-15.723958327085699,-6.400000000000003,32,7,265,0,c0cb2146d7dba62dea0802235dbf32c046697ce6eb84830ca761c09dd202b611
274,dqn,421,random,balanced,10.466463414634147,70.5,5.721666666666667,15,154,-36.39580871867872,164,10,0,2,0,0,300.0,-21.4562503923662,-0.5010166669489992,-7.638541659363544,-6.800000000000003,34,4,164,0,6723b92e81733115583a69e705a27a821de3916b512008a3c1ac05bc5507f26e
275,dqn,100,random,heavy,16.05045871559633,125.5,11.663333333333334,25,196,-66.26991719190332,218,22,0,2,0,0,300.0,-43.518750539049506,-1.6847083343083795,-14.266458318545487,-6.800000000000003,34,5,218,0,f42715a1f9c1f4532e86dcbcf2d6f67dc428b5bd3fe0bf0faa03ecde5cb39f64
276,dqn,141,random,ew_heavy,13.751396648044693,81.5,8.205,19,163,-46.41390472483108,179,16,0,2,0,0,300.0,-30.612500552553684,-0.8332791680259106,-8.368125004251485,-6.600000000000003,33,4,179,0,21b35628916d78935ef143220b7cfcbcbb846d302c84e82b31e089b3a8c93265
277,dqn,892,random,left_heavy,32.67156862745098,167.5,22.218333333333334,51,155,-89.21407579786246,204,49,16,18,0,0,300.0,-58.6375008164905,-7.008241656838076,-16.368333324533864,-7.200000000000004,36,7,220,16,458ee46421dce99d0fd95fa0887853ec04c3beb3d94cc193ebce0878abbf08be
278,dqn,789,random,left_heavy,13.335897435897436,91.5,8.671666666666667,20,162,-50.428692280117666,195,33,0,8,0,0,300.0,-32.36875062389299,-0.9588999980718658,-9.50104165815284,-7.600000000000004,38,8,195,0,5296a343a29010c66e5e67446e63eaaa98fd13c130f2c888a8271ae188733afa
279,dqn,692,random,left_heavy,22.375,105.5,16.71,39,187,-72.4479379111108,224,37,17,23,0,0,300.0,-49.13125041918829,-3.557937503503489,-13.158749988419002,-6.600000000000003,33,4,241,17,e37c63fab631e088496002e258c7891c9491d004e710b06de2a1976dab80104b
280,dqn,83,random,heavy,11.86196319018405,65.0,6.445,15,160,-38.618396185556804,163,3,0,1,0,0,300.0,-24.16875035641715,-0.47922916550596717,-6.77041666363366,-7.200000000000004,36,3,163,0,90978faffda23712babd520a4117ef2581ac6b734212ec81be226befb4bf5cab
281,dqn,7,random,low,9.727488151658768,77.0,6.841666666666667,19,200,-41.24295883335799,211,11,0,2,0,0,300.0,-25.65000050654635,-0.5073333327301953,-7.2856249940814495,-7.800000000000004,39,4,211,0,25de475f52afd35ce0bc8e2e398be14794f613c69fe72fd92dbb22c1f837e94e
282,dqn,827,random,balanced,16.13532110091743,93.5,11.725,30,206,-62.06341317476692,218,12,0,1,0,0,300.0,-43.9687506663613,-1.1579958344947952,-8.936666673910802,-8.000000000000004,40,4,218,0,04e17b88b36a33bdfe75378b8fda6b69c17a876ac58c410ac5eed5b97851af39
283,dqn,731,random,left_heavy,27.858585858585858,126.5,27.586666666666666,51,238,-117.21705906238202,297,59,13,14,0,0,300.0,-91.25000076368451,-5.560391665094357,-13.606666633603162,-6.800000000000003,34,3,310,13,7b1a9269dd8edfe3c1d1e48bc34a353b80f56befe9e2f839621f204538f17b09
284,dqn,326,random,ns_heavy,16.65892857142857,82.0,15.548333333333334,35,257,-76.16055084903854,280,23,0,2,0,0,300.0,-57.01250084815547,-1.7628416645027758,-10.98520833638031,-6.400000000000003,32,4,280,0,e87bcb8923368989a35162a3ec8aaa232e911d5b0a2b623a606e5f543670b822
285,dqn,957,random,left_heavy,25.06203007518797,108.0,22.223333333333333,60,203,-96.01027176122955,266,63,0,3,0,0,300.0,-74.35000093467534,-3.6469375016757115,-12.213333324878475,-5.8000000000000025,29,6,266,0,a769ffae74c0615d5c54de66947062c2abd1179efe4c8ee1854eb6b01241a98f
286,dqn,360,random,low,19.651315789473685,127.5,19.913333333333334,42,266,-97.5409379648809,304,38,0,2,0,0,300.0,-73.38750046631321,-2.9919791556028947,-14.561458342964764,-6.600000000000003,33,6,304,0,3ac84310f4670bdb914221cb8d2acef68e94ff1262e4805fd8d9ea613f2081e5
287,dqn,684,random,balanced,17.211111111111112,65.5,12.908333333333333,27,203,-64.48243014108081,225,22,0,2,0,0,300.0,-48.40625098440796,-1.247429166465737,-8.628749990207142,-6.200000000000003,31,5,225,0,d7c44b148cbb1a2bfbb98c0e4fcc9853f4cddbf2ff8822998a1c342e4fc3e6a0
288,dqn,225,random,low,26.608050847457626,82.0,20.93166666666667,51,189,-87.0126049702507,236,47,0,3,0,0,300.0,-67.15000083111227,-3.217395833040065,-10.245208306098363,-6.400000000000003,32,3,236,0,9f7bb34fd285c1e657f3e36641e7d1a93919963549e882f08d811f7a04a4b578
289,dqn,300,random,balanced,13.729613733905579,90.0,10.663333333333334,26,222,-59.50167971377596,233,11,0,2,0,0,300.0,-39.83750055357814,-1.2031374994745423,-10.861041660723279,-7.600000000000004,38,2,233,0,fdaab5e29aa531c9014ba3c319748171b2dcb96e48497de301d95e570c40fd4b
290,dqn,855,random,low,19.508561643835616,103.0,18.988333333333333,42,249,-88.79180460078564,292,43,0,2,0,0,300.0,-67.50625043921173,-2.4170124995282083,-12.06854166204576,-6.800000000000003,34,3,292,0,1a83bafc74b7d8877a04d77ad70fc394799936ba190d468b8fa13e78da4a1a74
291,dqn,908,random,heavy,22.525193798449614,90.5,19.371666666666666,43,217,-82.3383677109254,258,41,0,2,0,0,300.0,-62.64375106384978,-2.66065833315879,-11.033958313916807,-6.000000000000003,30,7,258,0,dc130703ad34097ef9e5a605adaca0e298e21d633ec6d1c3f9c4fd5538ee7b9f
292,dqn,998,random,heavy,10.135678391959798,68.5,6.723333333333334,17,193,-40.45119632903588,199,6,0,1,0,0,300.0,-25.212500499095768,-0.5109874992594995,-6.927708330680619,-7.800000000000004,39,4,199,0,63c1158b4831700f368d5d17eac311c916ece9477005980e8adaa5d0505e5a7f
293,dqn,855,random,low,18.638698630136986,115.0,18.141666666666666,40,257,-86.54645929167746,292,35,0,2,0,0,300.0,-64.42500094277784,-2.291041669098194,-13.23041667980143,-6.600000000000003,33,4,292,0,1a83bafc74b7d8877a04d77ad70fc394799936ba190d468b8fa13e78da4a1a74
294,dqn,189,random,ew_heavy,14.266509433962264,87.0,10.083333333333334,20,199,-55.69020079868423,212,13,0,2,0,0,300.0,-37.8125008251518,-1.052700000796904,-10.224999972735525,-6.600000000000003,33,3,212,0,b2b820448a4489c04512f00c26904654becb8d730cbce14f527475f7e7c656b4
295,dqn,881,random,ew_heavy,24.963793103448275,107.5,24.131666666666668,56,236,-106.34352580619384,290,54,0,2,0,0,300.0,-82.06250082608312,-3.7660250001666986,-13.914999979943973,-6.600000000000003,33,3,290,0,2b3902fd23543fccd85de2bbc1dc8d80a9e22335bf21f81482ab5a3da9da54a9
296,dqn,629,random,heavy,15.002164502164502,107.5,11.551666666666666,25,209,-61.216834097919474,231,22,0,2,0,0,300.0,-42.5687507763505,-1.156416667607119,-10.491666653961873,-7.0000000000000036,35,3,231,0,b467adc868c3a39bf49f5bbc731a7bfe49f0f95f62461b22a5779a1eb57903c1
297,dqn,420,random,left_heavy,26.986666666666668,137.0,26.99,48,236,-110.76222124731217,300,64,34,42,0,0,300.0,-80.32500040065497,-6.925970832310124,-17.11125001434703,-6.400000000000003,32,8,334,34,b71803a1087882fcaf409081081a56bb7b6f61ed004799143c41e25c788d8a5b
298,dqn,44,random,heavy,13.230582524271844,64.5,9.085,23,186,-50.58372565572576,206,20,0,2,0,0,300.0,-34.06875064596534,-0.8339333342104508,-8.281041675549925,-7.400000000000004,37,3,206,0,be5356b26df6e1f543a3b33ea3a5ffe69caabefb3edd0045bae4de463cf2a196
299,dqn,5,random,heavy,11.407317073170733,127.0,7.796666666666667,18,196,-49.43780455996675,205,9,0,1,0,0,300.0,-29.23750040633604,-0.8842625000972475,-12.316041653533459,-7.0000000000000036,35,5,205,0,b2c9ae499438344992acf07f480e0c9688c1b91c7e9b81434eae4b69aa2b0e70
300,dqn,398,random,low,21.02358490566038,84.5,14.856666666666667,38,195,-73.0232293037603,212,17,0,1,0,0,300.0,-53.725000142119825,-1.9640624983840103,-10.734166663256486,-6.600000000000003,33,3,212,0,879b1043e1005d62790cf5c13fd790223c510ce6b24450e11d51fc63651de7f0
301,dqn,331,random,balanced,9.924390243902439,78.0,6.781666666666666,22,202,-41.66758373810881,205,3,0,1,0,0,300.0,-25.431250421330333,-0.5811249999140276,-8.05520831686445,-7.600000000000004,38,5,205,0,0537ab4e8d94625758fba82d566c6dcdd66456e1eefd07a4316f19bc3546b3ce
302,dqn,220,random,heavy,18.105809128630707,118.0,14.545,37,214,-74.6893758481063,241,27,0,2,0,0,300.0,-51.67500084359199,-2.180625001589942,-14.233750002924364,-6.600000000000003,33,4,241,0,cf330d3355edc1217b54389faa613f0e8645c24178fbbb582448f329b37ea4c3
303,dqn,664,random,left_heavy,27.47872340425532,119.5,21.526666666666667,58,185,-86.84215952803136,235,50,3,6,0,0,300.0,-64.81250119954348,-4.108825002612867,-11.920833325874998,-6.000000000000003,30,8,238,3,6f63f329edaea415599792c5f8c1a4164a8d03c95523e70e1517e2d7bbf68580
304,dqn,633,random,left_heavy,19.689560439560438,90.5,11.945,31,149,-61.7637138073893,182,33,0,2,0,0,300.0,-43.41250131558627,-1.4793374972745366,-10.071874994528482,-6.800000000000003,34,3,182,0,2dbe92cfc4a8f65af29ec82a9b64686f1224a0b980353ff7973c3772f0e07d66
305,dqn,399,random,low,19.594961240310077,82.0,16.85333333333333,51,217,-76.35549680590556,258,41,0,2,0,0,300.0,-56.80625098431483,-2.145704161724279,-10.603541659866462,-6.800000000000003,34,4,258,0,29991776368f820f57f188855e057eeea4c16fabcf7f6de076687eede13b0041
306,dqn,203,random,ns_heavy,8.681818181818182,64.5,3.5016666666666665,9,120,-25.53065858486805,121,1,0,1,0,0,300.0,-13.13125025248155,-0.23315833356464272,-4.966249998821878,-7.200000000000004,36,1,121,0,de2b586f7a33898c22f2d8e2a23f3d0ad4e3154d85a8b586de1d61e68fb65cab
307,dqn,646,random,left_heavy,25.31290322580645,110.0,13.078333333333333,28,129,-69.3642966174688,155,26,0,1,0,0,300.0,-47.20625079981983,-1.9886708359168548,-13.769374981732106,-6.400000000000003,32,6,155,0,b9cc9fb72717adfd257743e4536596ccd7e4b5edc363ac71236c5883961d72a8
308,dqn,613,random,ew_heavy,19.03076923076923,101.5,16.493333333333332,59,227,-77.71782142755258,260,33,0,2,0,0,300.0,-57.37500058952719,-1.8644875003737984,-11.078333337651575,-7.400000000000004,37,5,260,0,4df8d6e2ec64076779ee385fe01eaf91790c5aecdc701e39327c1061920bd255
309,dqn,677,random,ns_heavy,14.321951219512195,72.0,9.788333333333334,26,184,-54.20525498373461,205,21,0,2,0,0,300.0,-36.70625084033236,-1.0054624987955318,-8.693541644606741,-7.800000000000004,39,2,205,0,dc6015d9198b071c2604df47dce2b413498831fe036ff838fc120036a9cf155e
310,dqn,962,random,ns_heavy,17.799126637554586,98.0,13.586666666666666,23,211,-73.00573396937254,229,18,0,2,0,0,300.0,-50.68750065471977,-2.0392749998791255,-13.278958314773618,-7.0000000000000036,35,0,229,0,084304cd4b537e3be3f565fc77f2e3f34b41187f9e43d8537947438ad258317f
311,dqn,363,random,balanced,19.20766129032258,138.0,15.878333333333334,31,222,-81.21607632320737,248,26,0,2,0,0,300.0,-56.6562513099052,-2.7856583349210267,-15.57416667838114,-6.200000000000003,31,6,248,0,3424e6e045eeac004b83aab826b99ed358a68f25aa0497ce0ea300271416ac57
312,dqn,251,random,balanced,12.711267605633802,80.0,9.025,19,202,-51.121229726752084,213,11,0,2,0,0,300.0,-33.84375056345016,-0.7931041674695734,-8.684374995832338,-7.800000000000004,39,2,213,0,dd8a650c7dcb48199ea3ba382a7200963034f8d5b7cbc64bd0e3e291e56400bb
313,dqn,707,random,ns_heavy,8.5,67.5,5.1,12,173,-33.37443380707627,180,7,0,1,0,0,300.0,-19.125000478699803,-0.43255833448129105,-6.816874993895184,-7.0000000000000036,35,2,180,0,54b0c223084411f3dcb4e460f5d6523f059559c49a65a389efc2c5f9d3259c50
314,dqn,129,random,left_heavy,34.46518105849582,151.5,41.25,82,256,-137.3573714338381,359,103,0,15,0,0,300.0,-107.26875058701262,-9.094662506636086,-14.393958340189421,-6.600000000000003,33,5,359,0,4073a805572b0b716bbf6c1b4450a7fa0f76d1fbf10053b5b89a7708e052f884
315,dqn,134,random,heavy,9.760775862068966,72.5,7.548333333333333,18,218,-45.32791712830586,232,14,0,2,0,0,300.0,-28.30625046044588,-0.6637500016418924,-8.957916666218086,-7.400000000000004,37,4,232,0,b0682668f42f500aab9e14c92a5db24bf41a07dc64f61bdc53742cf5bc9665e3
316,dqn,857,random,low,12.05787037037037,92.5,8.681666666666667,21,208,-48.80080912843189,216,8,0,2,0,0,300.0,-32.54375080438331,-0.7645583324258036,-8.492499991622756,-7.0000000000000036,35,6,216,0,6a2edb5df814ece24a2e2c271be596928aeb7e99e7547466c5fa893114fdf20f
317,dqn,982,random,left_heavy,25.396296296296295,141.0,22.856666666666666,56,210,-89.00822594947604,270,60,0,2,0,0,300.0,-59.99375096196309,-5.060099983000692,-17.35437500451226,-6.600000000000003,33,7,270,0,0600f734891fcd12257e7f2a96632317f78b548f1ae608b7d9f82325d53f1cb1
318,dqn,54,random,ns_heavy,17.717532467532468,71.0,9.095,22,142,-50.07878407614552,154,12,0,1,0,0,300.0,-34.10625075176358,-0.8694083335787585,-8.303124990803193,-6.800000000000003,34,5,154,0,9395a48f1d17c76df63bff72f793ebbae98bc7b314ce08ea33290a06dc26d9a7
319,dqn,480,random,heavy,15.88,110.0,13.233333333333333,26,227,-70.149746868814,250,23,0,2,0,0,300.0,-49.5125010414049,-1.5349541650466567,-11.702291662362411,-7.400000000000004,37,3,250,0,607001744f58565ca621b3cc0e30242ecb8254de1206709d6c5cb73462df74d7
320,dqn,741,random,left_heavy,17.04232804232804,106.5,10.736666666666666,29,159,-60.960808905828124,189,30,0,1,0,0,300.0,-39.4125005826354,-1.3837249991338467,-12.764583324058913,-7.400000000000004,37,4,189,0,142fdfa34f62d7c23ec2e881d528b789f632320690fb9af0464a881b73f4b87b
321,dqn,943,random,left_heavy,22.754032258064516,108.0,18.81,37,206,-85.32236302203017,248,42,0,2,0,0,300.0,-63.4625005396083,-2.882362498845758,-11.77749998357614,-7.200000000000004,36,5,248,0,98eefc3993a016b9fdb6fd910f3b9bb39f576319e2ffe2407a5ff1e9a07ab8bf
322,dqn,892,random,left_heavy,28.490909090909092,125.0,20.893333333333334,45,169,-87.43137624379813,220,51,0,4,0,0,300.0,-63.38125126203522,-3.5807499997514234,-13.669374982011512,-6.800000000000003,34,5,220,0,458ee46421dce99d0fd95fa0887853ec04c3beb3d94cc193ebce0878abbf08be
323,dqn,232,random,left_heavy,20.832644628099175,122.5,16.805,40,205,-78.45521733556458,242,37,1,3,0,0,300.0,-53.70625065313652,-2.9168833367344638,-15.032083345693524,-6.800000000000003,34,6,243,1,1be23ffd793b219c96665ccf92aefe6c1dcd616c56c3e32137413e48cb1c43f0
324,dqn,135,random,ew_heavy,27.55893536121673,124.0,24.16,75,194,-88.17015085473038,263,69,0,3,0,0,300.0,-64.3250008393079,-4.474316673808063,-13.370833341614343,-6.000000000000003,30,5,263,0,fcfb0d2d72a7d395f0b22682f6855ee60d39199197e06414ab8c653a21a06081
325,dqn,85,random,heavy,17.507905138339922,128.0,14.765,36,234,-76.40073019159757,253,19,0,2,0,0,300.0,-52.93750105518848,-2.1628124979630226,-14.500416638446037,-6.800000000000003,34,5,253,0,059fb7256d90e12b6bbff199214b6a82337fda3dc7764610e528385bef49354f
326,dqn,516,random,ns_heavy,17.49502487562189,77.5,11.721666666666666,24,182,-62.771821526068365,201,19,0,2,0,0,300.0,-43.88125070044771,-1.336820835297112,-10.553749990323558,-7.0000000000000036,35,2,201,0,717c12fd086b2f7f443d05aaa729d2641c49fbcc11c9a29868e5ee3174f9bb06
327,dqn,795,random,heavy,11.155737704918034,72.0,6.806666666666667,17,173,-41.72661732156198,183,10,0,1,0,0,300.0,-25.525000654160976,-0.5372416670237724,-7.664375000377185,-8.000000000000004,40,4,183,0,201e0f3e93fe22f26ba8519814e1c4e61d754732577eb37c713d636bcc9d7e68
328,dqn,976,random,ns_heavy,19.2675,103.5,12.845,34,188,-60.816359515852675,200,12,0,2,0,0,300.0,-42.18125117383897,-1.507608339066064,-10.527500002947635,-6.600000000000003,33,5,200,0,3ab555dd0a6952a67b71d0247cc7301af9df3bb6ddbc1a4cf2a170a4d759aabc
329,dqn,221,random,ew_heavy,19.7429718875502,87.5,16.386666666666667,36,222,-79.2753922366763,249,27,0,2,0,0,300.0,-59.712500570341945,-1.9674750041209343,-10.995416662213396,-6.600000000000003,33,6,249,0,fc7fade8c82ced36b4951b9fb9b1e3b20d8294b108ef47c2a1df0eb2165530f4
330,dqn,151,random,heavy,23.758490566037736,90.5,20.986666666666668,38,225,-91.52082615860193,265,40,0,2,0,0,300.0,-71.06250116974115,-2.869575002602505,-11.588749986258344,-6.000000000000003,30,5,265,0,d007c0c24136beb730aeb12d0d159b0ab82fdef908b093fb70ab9ee3d6d200c7
331,dqn,559,random,balanced,20.24174174174174,95.5,22.468333333333334,46,295,-100.31028843198656,333,38,0,2,0,0,300.0,-78.61875092051923,-2.847370836513438,-12.444166674953888,-6.400000000000003,32,2,333,0,55d2e41af3e2ff3daaab55836e5a7575f7ddddadb34bd467d399a210dafcf1b4
332,dqn,835,random,heavy,10.70949720670391,64.5,6.39,17,170,-38.67294645251168,179,9,0,1,0,0,300.0,-23.962500625755638,-0.5258624994654385,-6.784583327290607,-7.400000000000004,37,3,179,0,f44ab6f5c93995380facc61389d23c1c4118a1ea3c0f44bc2fef25fe60e1a07c
333,dqn,389,random,ns_heavy,11.586387434554974,85.5,7.376666666666667,23,172,-42.07646292801292,191,19,0,1,0,0,300.0,-27.025000432971865,-0.5783375005870766,-7.673124994453973,-6.800000000000003,34,6,191,0,03a0e3d29a575c5e43bc54f87c6e90542506042129622540e67233b6b1ea2913
334,dqn,672,random,low,13.392116182572614,77.5,10.758333333333333,22,225,-56.58873425081329,241,16,0,2,0,0,300.0,-40.2875009146519,-0.9281083327667152,-8.57312500339467,-6.800000000000003,34,3,241,0,a287fe145fe6972f4bf922a8aae0a64d7d1c4944aeefaad8cb62b799bf68e18f
335,dqn,668,random,left_heavy,22.737547892720308,142.5,19.786666666666665,42,211,-91.52176700653443,261,50,3,7,0,0,300.0,-64.33125032205135,-4.455100005841085,-15.935416678641902,-6.800000000000003,34,4,264,3,ed221f78d8886e1ad8228d74436582f2667cc135af7a1975a6d8d152becb285e
336,dqn,73,random,heavy,14.074626865671641,86.0,9.43,23,177,-53.754671394770405,201,24,0,2,0,0,300.0,-35.2437505768612,-0.9548791662011354,-10.15604165170808,-7.400000000000004,37,5,201,0,8e7f660dca5e6b9fedf02acbd9456dedb45994cbae95b52bbd77605270a14c08
337,dqn,81,random,balanced,14.684873949579831,102.5,11.65,25,217,-61.32653831953869,238,21,0,2,0,0,300.0,-43.45000084396452,-1.247370830646105,-9.429166644928047,-7.200000000000004,36,4,238,0,9c7788348bc19c45efc7de4fe2cbf847f09b511a756419df37b8e780112bf24d
338,dqn,171,random,heavy,22.752707581227437,120.0,21.008333333333333,46,231,-95.63303438911313,277,46,0,2,0,0,300.0,-71.44375103339553,-3.6192833273635188,-13.370000028354115,-7.200000000000004,36,2,277,0,1694d89ea256bf0fb432bc9511553c4591e9149dd5a9d231952a6ed3dd901797
339,dqn,610,random,ew_heavy,10.111650485436893,55.0,3.4716666666666667,10,100,-24.956737756691293,103,3,0,1,0,0,300.0,-13.018750253133476,-0.24673750038200537,-4.491250003175811,-7.200000000000004,36,5,103,0,6a2102d9ca988596d7fd8391e5bb86062705bbd6b6c3cf833262cbf095738e21
340,dqn,924,random,heavy,15.390243902439025,90.0,10.516666666666667,21,188,-56.93646766431486,205,17,0,2,0,0,300.0,-39.43750099558383,-1.146049998396484,-9.752916670334528,-6.600000000000003,33,3,205,0,9b6eec27a26b21ccef0496efbd61cc72fe29078df874dd406cf43736a66bc0f7
341,dqn,451,random,heavy,21.28544061302682,107.0,18.518333333333334,36,226,-87.3689718822752,261,35,0,3,0,0,300.0,-64.60625107446685,-2.560220832800405,-14.002499975007957,-6.200000000000003,31,3,261,0,27ca77e3e90cc2c533c09df0a26e05e8742ffc4190504310f752b3c73cf28e55
342,dqn,66,random,low,16.232227488151658,109.0,11.416666666666666,23,189,-64.841768086965,211,22,0,2,0,0,300.0,-42.81250143516809,-1.6919749982960641,-13.53729165350087,-6.800000000000003,34,4,211,0,b0b74801081d7a2ae669466a8785222550ef2c686c1796df4de891da310603ff
343,dqn,930,random,balanced,22.01310861423221,145.5,19.591666666666665,46,219,-95.9247139796462,267,48,0,2,0,0,300.0,-70.98125148471445,-3.4080458377102336,-14.335416657221494,-7.200000000000004,36,5,267,0,620ec92bf581f7aa20322a2a829c624b28af954526b79df6a6b1268f06589325
344,dqn,357,random,left_heavy,24.357843137254903,113.5,16.563333333333333,40,165,-73.65352613606595,204,39,0,6,0,0,300.0,-50.53125111153349,-3.5864416722171883,-12.935833352315251,-6.600000000000003,33,3,204,0,d0cafe34eae2f38f6ae9c214d60a95598cb77f40d428c28ad83a9cafc40f7813
345,dqn,805,random,ns_heavy,7.338983050847458,54.5,2.8866666666666667,10,113,-22.830725199791043,118,5,0,1,0,0,300.0,-10.825000197160989,-0.1807250002784713,-4.825000002351592,-7.0000000000000036,35,5,118,0,7428892fe51292db1d2d4da7c24f51316373fa2e9eef35907d9e002fac91de7e
346,dqn,35,random,balanced,24.44128787878788,110.5,21.508333333333333,47,213,-93.27123019595385,264,51,0,2,0,0,300.0,-69.80625102249905,-3.5568541687935067,-14.10812500466127,-5.8000000000000025,29,4,264,0,c2a69d0e23f3672edef98435f069eddc1ea53385135fbd05b904f9ee8ddef9fe
347,dqn,215,random,low,20.399193548387096,96.5,16.863333333333333,45,201,-73.93465048664805,248,47,0,2,0,0,300.0,-53.306250476744026,-2.284649999240355,-11.543750010663645,-6.800000000000003,34,5,248,0,bf678b3241ca3fd07761d204298757116fc98dd81caac2e7a77f32d5f38d4254
348,dqn,258,random,left_heavy,21.589041095890412,84.0,15.763333333333334,35,166,-78.16559240948624,219,53,16,23,0,0,300.0,-55.89375075371936,-3.202466663697124,-11.469374992069788,-7.600000000000004,38,3,235,16,e6c17d1ef923d98607f6259e079a74fcaf1561133f33a70cd7ecd80567c906ca
349,dqn,16,random,left_heavy,16.910994764397905,60.0,10.766666666666667,32,160,-54.064250343244254,191,31,0,3,0,0,300.0,-39.07500035036355,-1.0465416673781878,-6.94270832550246,-7.0000000000000036,35,5,191,0,5a8ec888e3351b72032ef8e54a8be76ff9ff345db081c47bb65f15a4a3394e40
350,dqn,214,random,balanced,17.25990099009901,133.5,11.621666666666666,28,175,-65.5339585936832,202,27,0,2,0,0,300.0,-43.49375026766211,-1.7114583379327089,-14.128749988088384,-6.200000000000003,31,5,202,0,ea84b8d4230180cc085458867f689ad098223fd699b396071e378272b68d77b8
351,dqn,575,random,low,22.06161971830986,91.0,20.885,41,241,-98.03728858285321,284,43,0,1,0,0,300.0,-75.96875109011307,-2.906037500144156,-12.562499992595983,-6.600000000000003,33,2,284,0,b0a88752af54cdd8ccb985b0a7aec74809045021b3b65a1b4351a3d98bf88ef8
352,dqn,791,random,balanced,7.056451612903226,67.0,2.9166666666666665,11,123,-22.050125264377844,124,1,0,1,0,0,300.0,-10.937500262632966,-0.21387500041309981,-4.298750001331792,-6.600000000000003,33,2,124,0,ce89e3d02692d5f0372c1bd53e2255316eb501e0ede8905100ea0d6ddddca646
353,dqn,257,random,heavy,33.06639566395664,122.5,40.67166666666667,86,276,-150.1061132122618,369,93,0,2,0,0,300.0,-122.29375071497634,-7.657362497443682,-14.154999999841666,-6.000000000000003,30,5,369,0,a3e887b14dadf2dfea389dcd5dbfcb42653ea044ebf5504501aa9ff2303f02cf
354,dqn,81,random,balanced,17.42016806722689,73.0,13.82,46,219,-66.91159204270153,238,19,0,2,0,0,300.0,-49.30000038724393,-1.7526333331588828,-9.058958322298722,-6.800000000000003,34,4,238,0,9c7788348bc19c45efc7de4fe2cbf847f09b511a756419df37b8e780112bf24d
355,dqn,373,random,left_heavy,31.45736434108527,143.5,27.05666666666667,54,199,-103.64133402727458,258,59,13,15,0,0,300.0,-74.95000069681555,-5.975916663104726,-16.11541666735429,-6.600000000000003,33,5,271,13,b25ae643c885ad1fde8e3f2bd994bec487e3cdf5f908e9da9c35f3fbc142e448
356,dqn,112,random,ns_heavy,9.269035532994923,80.5,6.086666666666667,14,186,-39.39368381895835,197,11,0,1,0,0,300.0,-22.825000488664955,-0.5424333332317475,-8.62624999706168,-7.400000000000004,37,3,197,0,ed97b032e09c88ab3b9ca4ce2b20e98d1e15261f0f8ca341fb70f1254038e104
357,dqn,920,random,left_heavy,29.375838926174495,174.5,29.18166666666667,64,234,-114.48884235192527,298,64,18,19,0,0,300.0,-82.86875071004033,-7.50300831548375,-17.31708332640119,-6.800000000000003,34,5,316,18,8394135b73f29564e93098ceca2b25f5797af08840c94cad56ac93a8066495b7
358,dqn,543,random,heavy,13.106382978723405,100.0,10.266666666666667,21,216,-57.85680484737314,235,19,0,2,0,0,300.0,-38.46250067604706,-1.3034708352810422,-11.090833336045039,-7.0000000000000036,35,2,235,0,c3cd059b242498ca61648937ede582f3b51e75a788a2239a9d29b628b8ed7181
359,dqn,710,random,ew_heavy,15.825892857142858,104.0,11.816666666666666,35,182,-58.499084350867626,224,42,0,2,0,0,300.0,-40.14375101774931,-1.443874997743842,-9.711458335374486,-7.200000000000004,36,3,224,0,fed5a0f707d810ea30eec60bc4d9ba8951a789b47f972f906f572adb3414363f
360,dqn,200,random,balanced,12.801775147928995,63.5,7.211666666666667,19,164,-41.19014219793828,169,5,0,1,0,0,300.0,-27.043750536628067,-0.5455583327064232,-6.600833328603774,-7.0000000000000036,35,3,169,0,1a929c4a0049f47981d25fa1a2b191be186d33cdb21b427a50830d3143d5a26b
361,dqn,472,random,ns_heavy,14.896713615023474,111.0,10.576666666666666,25,199,-58.66782174076139,213,14,0,1,0,0,300.0,-39.137500915676355,-1.2011541695865158,-11.12916665549856,-7.200000000000004,36,2,213,0,7df0a83ffb5647246345db300733efa150ad7cf66efb1a8b8387f8697935cfac
362,dqn,520,random,ns_heavy,8.769886363636363,61.0,5.145,16,172,-32.39843383163753,176,4,0,1,0,0,300.0,-19.293750503566116,-0.33239166671482945,-5.172291661356575,-7.600000000000004,38,5,176,0,6f3a12162302791388f2d88d6e0e8d586db5d6fb0c5f23d02daa1955815e00b0
363,dqn,707,random,ns_heavy,9.813888888888888,72.0,5.888333333333334,14,172,-36.78199617772698,180,8,0,1,0,0,300.0,-22.081250356975943,-0.5180375009855196,-6.782708319765519,-7.400000000000004,37,4,180,0,54b0c223084411f3dcb4e460f5d6523f059559c49a65a389efc2c5f9d3259c50
364,dqn,53,random,heavy,15.758139534883721,107.5,11.293333333333333,26,200,-61.606158995406474,215,15,0,1,0,0,300.0,-42.350000692065805,-1.3078249989419422,-11.5483333043987,-6.400000000000003,32,3,215,0,c3eaef5acade4eb3a2b0762e90de93c31a64ca1ef003787bfd05546e36f72abc
365,dqn,375,random,ns_heavy,18.277985074626866,160.5,16.328333333333333,39,241,-86.01246740655911,268,27,0,2,0,0,300.0,-59.487500741146505,-2.840174997373833,-17.284791668038824,-6.400000000000003,32,8,268,0,4177d0d2747b66881571ee22ce1319b1698431305703d0bb7ce03adbd528ac78
366,dqn,188,random,ew_heavy,18.081632653061224,147.0,17.72,43,264,-90.04987140139198,294,30,0,3,0,0,300.0,-65.85625056317076,-2.2844541706806925,-15.109166667540547,-6.800000000000003,34,3,294,0,cd5e1cf1aa4de7cd5fc938361d98febf02194717de52bf1b2d090f8d7577d587
367,dqn,927,random,left_heavy,13.409937888198758,85.5,7.196666666666666,16,152,-44.95900469587577,161,9,0,1,0,0,300.0,-26.98750052973628,-0.7423374997910287,-9.629166666348464,-7.600000000000004,38,4,161,0,6cd9902fde3319af4ac7bfb7b3aa41cfc2db4520620fb6282c725189e3094d2e
368,dqn,344,random,ns_heavy,27.164983164983166,86.5,26.893333333333334,57,252,-103.66955932721834,297,45,0,3,0,0,300.0,-80.73750102054328,-4.23309998890254,-12.698958317772497,-6.000000000000003,30,8,297,0,a2bd168242605747b22fe5ee06cf71c94a7e31639b4072effb9ec28b84ec71a5
369,dqn,787,random,heavy,10.176954732510287,116.5,8.243333333333334,18,232,-48.56100893403708,243,11,0,2,0,0,300.0,-30.91250061476603,-0.6941333344097078,-9.754374984861355,-7.200000000000004,36,3,243,0,9f9fa368eff6808cd434e9a744e0f28ceb0716deda49b6c1ae9bc78d43ae8c25
370,dqn,719,random,left_heavy,30.38527397260274,163.5,29.578333333333333,60,241,-109.38315519206007,292,51,8,9,0,0,300.0,-80.50000103004277,-6.963362501070514,-16.119791660946778,-5.8000000000000025,29,4,300,8,3702bda132b8a1de72130a4b9c1ce5ea72d54dc9f866d67ebcb3c1b7f3efa32a
371,dqn,71,random,low,15.270042194092827,73.5,12.063333333333333,23,219,-62.19048005010191,237,18,0,2,0,0,300.0,-45.23750090226531,-1.2286041650753765,-8.924374982761227,-6.800000000000003,34,5,237,0,45e0571bb397399fef20c12c794c542cfa4cbd2a2584c89c5ef23b9a49245c1f
372,dqn,829,random,heavy,13.541208791208792,81.0,8.215,21,171,-46.30357576378809,182,11,0,2,0,0,300.0,-30.806250777561218,-0.7144083336992478,-8.182916652527638,-6.600000000000003,33,4,182,0,9e046489f6908c896e19442aea230335002a8cd15c8b20c6e1b397ecff66f608
373,dqn,388,random,ew_heavy,15.02016129032258,101.5,12.416666666666666,23,231,-68.362617631317,248,17,0,2,0,0,300.0,-46.46250097686425,-1.6292833325824172,-13.070833321870301,-7.200000000000004,36,5,248,0,fdf9400b38ceb592768a0eca483fb60f71a2cdd6dab707ce826bd79071d3e3b4
374,dqn,190,random,ns_heavy,19.416666666666668,86.0,15.921666666666667,37,212,-74.30715110634551,246,34,0,2,0,0,300.0,-53.03125113574788,-2.347983338819903,-12.527916631777783,-6.400000000000003,32,4,246,0,cfd2eca04d82417c2c101b5c8b2b187271375f0f6f226e5858c2e860fd8bb67b
375,dqn,783,random,low,13.329493087557603,117.5,9.641666666666667,20,206,-54.50424230729476,217,11,0,2,0,0,300.0,-36.15625065378845,-1.0046583334427845,-10.74333332006353,-6.600000000000003,33,1,217,0,2f59ea6e22f22c0e6a6995fb9306938062fd79f0a4cb8284ae374120fa08a22d
376,dqn,507,random,heavy,14.050802139037433,71.0,8.76,24,180,-47.85308396121474,187,7,0,4,0,0,300.0,-32.85000063525513,-0.7539166673224827,-7.649166658637122,-6.600000000000003,33,4,187,0,f0805999d3776909f2137178101023ddd9bbf324562138ab525543cee51929b5
377,dqn,504,random,low,16.415584415584416,74.5,12.64,23,211,-66.65946330202208,231,20,0,2,0,0,300.0,-47.40000081202015,-1.4861291658591662,-11.173333324142739,-6.600000000000003,33,2,231,0,841ead57d2fd8680e6608855215f58601ae4809db6008e3900aaf5f4f0b013cb
378,dqn,856,random,ew_heavy,15.189130434782609,62.5,11.645,24,207,-60.48050919931338,230,23,0,1,0,0,300.0,-43.66875089192763,-1.1667583344918973,-8.444999972893857,-7.200000000000004,36,3,230,0,99abb64332df91843ef6542d2437b4676f52bc387d1c4cc5767060e30099c22e
379,dqn,14,random,balanced,17.590038314176244,95.5,15.303333333333333,35,230,-73.8542464335893,261,31,0,1,0,0,300.0,-53.91875061113387,-1.9096624977166354,-11.225833324738783,-6.800000000000003,34,2,261,0,766506079a34cd908b77128ecf75f888554352f56f3b15fa51bdfe95deae54dd
380,dqn,534,random,heavy,24.064885496183205,139.5,21.016666666666666,55,210,-98.22907979807212,262,52,0,2,0,0,300.0,-72.38750063814223,-3.763870832415707,-15.6777083275141,-6.400000000000003,32,7,262,0,674b2a0b34f57764c6b369b584fe7585f010dde07fa45a4a418b77e94dcf4619
381,dqn,364,random,left_heavy,15.186131386861314,87.5,6.935,19,112,-42.44640482398901,137,25,0,3,0,0,300.0,-26.006250659003854,-0.8070291679607181,-9.233124997024422,-6.400000000000003,32,6,137,0,1abd50723357566c2f22ed1da95d90dc213dae864a2c93eef4cfc3fa4d6afb29
382,dqn,792,random,heavy,9.553571428571429,59.5,7.133333333333334,20,207,-41.14290066465543,224,17,0,2,0,0,300.0,-26.750000663567334,-0.5399833336407027,-6.452916667447428,-7.400000000000004,37,1,224,0,54500242c62b7769ae6349def75d9b5db7519d2a8dd36fe10a201447a687fcde
383,dqn,104,random,heavy,9.164556962025317,52.5,4.826666666666667,12,147,-31.261829609458083,158,11,0,1,0,0,300.0,-18.100000435020775,-0.3207874998559417,-5.841041674581361,-7.0000000000000036,35,1,158,0,5284a70c0b981cc4da06b70d42388da55b10dc1c92e41d8e39091cf1d447936b
384,dqn,852,random,ns_heavy,28.32703488372093,214.0,32.48166666666667,64,270,-123.58365495684782,344,74,10,11,0,0,300.0,-88.26875079469755,-9.580737498521193,-18.934166663629014,-6.800000000000003,34,5,354,10,b715e90854fa60c064da66d6bbad42ef7493a7965e21cdc987e6eb760ed6e792
385,dqn,155,random,balanced,20.109848484848484,101.0,17.696666666666665,44,222,-80.2777088551775,264,42,0,4,0,0,300.0,-57.49375051865354,-2.732499999622086,-13.251458336901846,-6.800000000000003,34,7,264,0,eb7c482c1c640ecb278d3dcbccb2dfbdc60a8542225bc0c9394fdbd81b4b2f5f
386,dqn,331,random,balanced,13.336585365853658,88.0,9.113333333333333,20,198,-52.119438153286275,205,7,0,1,0,0,300.0,-34.175000647548586,-0.9913124996608534,-10.353125006076883,-6.600000000000003,33,4,205,0,0537ab4e8d94625758fba82d566c6dcdd66456e1eefd07a4316f19bc3546b3ce
387,dqn,838,random,ns_heavy,19.878923766816143,80.5,14.776666666666667,37,197,-68.84958796068022,223,26,0,1,0,0,300.0,-50.731250456068665,-1.916462500602211,-9.801875004009357,-6.400000000000003,32,5,223,0,ed962a61ca7e1a97d88e219db4252b78d920926829988e6376d3d3744e09b5d9
388,dqn,614,random,heavy,16.57017543859649,83.5,12.593333333333334,32,203,-65.39480517033807,228,25,0,2,0,0,300.0,-47.050001001451164,-1.312929165641254,-10.031875003245663,-7.0000000000000036,35,1,228,0,5f6afc00399cb94289175238e2fc6f2c37f5dd6d1c12da6b8a12bd3c15c994dd
389,dqn,931,random,heavy,13.78643216080402,70.0,9.145,18,190,-49.71326745011685,199,9,0,1,0,0,300.0,-34.293750799726695,-0.7966000002234066,-8.222916650166738,-6.400000000000003,32,1,199,0,00d0c25b4a0640b2e15c85a1025c6f770a8405455215fe2a98ac33a7cfb116ec
390,dqn,538,random,balanced,7.293478260869565,77.5,5.591666666666667,17,224,-35.714725402154706,230,6,0,2,0,0,300.0,-20.91250039311126,-0.5313916660088579,-7.470833343034611,-6.800000000000003,34,7,230,0,d02d3b3c0a8650f1791b65dbd14f015a3cee0fdb8abfe9630cbe0c838e9f1cb7
391,dqn,605,random,ns_heavy,16.715481171548117,82.0,13.318333333333333,31,214,-69.07373003484321,239,25,0,2,0,0,300.0,-49.60625086398795,-1.5262291653743882,-10.541250005480835,-7.400000000000004,37,3,239,0,f6e313aebb7aa5162ec51f8da35ac2084eee5f4e61e93a1c5657cd5381158568
392,dqn,204,random,heavy,6.257225433526012,68.0,3.61,10,169,-26.396421193827702,173,4,0,1,0,0,300.0,-13.53750035725534,-0.25996250015014066,-5.39895833642222,-7.200000000000004,36,7,173,0,454867996975e041da5df5037a8b6d1ae2ae7b0aee6746dfbd81be27cfb658d1
393,dqn,762,random,ew_heavy,10.262430939226519,59.0,6.191666666666666,20,169,-37.32267961381511,181,12,0,2,0,0,300.0,-23.218750453554094,-0.45309583365960865,-6.650833326601426,-7.0000000000000036,35,3,181,0,d2c486090fb6139f92af8623c33f36410ba043d3a3eb9b0f0f3e876e3b6d60d4
394,dqn,724,random,ns_heavy,27.5,142.0,28.875,58,253,-125.18168805831887,315,62,0,2,0,0,300.0,-95.61875052796677,-5.698979165138004,-17.263958365214055,-6.600000000000003,33,4,315,0,dfb8bbd2600faca8a19da53063977a42de571877015e02d49e43712ae195e145
395,dqn,671,random,ns_heavy,29.348684210526315,157.0,37.175,88,295,-154.69500513315364,380,85,0,3,0,0,300.0,-120.50000096810982,-7.577504158333615,-20.217500006710218,-6.400000000000003,32,8,380,0,706760fa2a1a3430f5af21515449a679c7fee18faac867d400ea146afa62a83a
396,dqn,874,random,left_heavy,20.78497409326425,124.0,13.38,29,156,-66.80178869903902,193,37,2,10,0,0,300.0,-45.24375120829791,-2.0894958364951894,-12.06854165424593,-7.400000000000004,37,3,195,2,8a034b87719a465968a2661379ec51200d8ced9038ed0f2cbc840263386384d9
397,dqn,39,random,low,15.1,83.0,9.311666666666667,21,165,-51.60739247353997,185,20,0,2,0,0,300.0,-34.87500080978498,-0.9678083319195135,-9.164583331835463,-6.600000000000003,33,2,185,0,2c1e289bb2049af78d397c7cc434eec6e152400fa5221cfe77c5f803664d0870
398,dqn,38,random,ns_heavy,18.724137931034484,87.5,16.29,32,236,-80.26227188723207,261,25,0,2,0,0,300.0,-60.51875106384978,-1.9485208341437106,-11.19499998923857,-6.600000000000003,33,3,261,0,2388acc5c3432b3e5970c4b63cc06b9859f8aceda0c1de37131005f630083129
399,dqn,527,random,low,10.04,86.0,6.693333333333333,15,192,-42.12858790828978,200,8,0,2,0,0,300.0,-25.100000421516597,-0.6137958322338815,-9.014791654539287,-7.400000000000004,37,2,200,0,849462797b3d041d53d03b5ddbc4d547f5c763347a26e013cb25a2cc94a015a4
400,dqn,955,random,balanced,11.19406392694064,56.0,8.171666666666667,18,206,-44.60707142419343,219,13,0,1,0,0,300.0,-30.6437505944632,-0.5791541661012161,-5.984166663629007,-7.400000000000004,37,4,219,0,d7ce4b7e3d67a6faf3686f4f94254c6db5a2b8f3e9d061a8f7d780ad00603f91
401,dqn,416,random,left_heavy,22.964646464646464,80.0,15.158333333333333,40,148,-72.0311881966503,198,50,0,5,0,0,300.0,-52.006250706966966,-2.153062504095578,-11.2718749855878,-6.600000000000003,33,6,198,0,05eb738634fb18cd6d445e1ee1563b42d90c4cb8de1596522fc512792662513e
402,dqn,54,random,ns_heavy,13.766233766233766,54.0,7.066666666666666,16,148,-40.761421395405314,154,6,0,1,0,0,300.0,-26.500000570435077,-0.5768375006598947,-7.084583324310373,-6.600000000000003,33,0,154,0,9395a48f1d17c76df63bff72f793ebbae98bc7b314ce08ea33290a06dc26d9a7
403,dqn,211,random,balanced,7.955696202531645,40.0,4.191666666666666,11,154,-27.3995087435942,158,4,0,1,0,0,300.0,-15.718750413507223,-0.25971666721234205,-4.421041662874634,-7.0000000000000036,35,3,158,0,889655864cad64164cc118accb734b9841271c34c291130750687fd1004da0ac
404,dqn,404,random,low,9.409090909090908,86.5,6.21,15,193,-39.76034225301044,198,5,0,2,0,0,300.0,-23.256250590085983,-0.5426333325791338,-9.561458330345339,-6.400000000000003,32,6,198,0,a15773ee65a7070349d5ffffd03e96ad455e4dade19b01f5547cd93a9a77e597
405,dqn,589,random,ew_heavy,28.21825396825397,105.0,23.703333333333333,56,201,-92.32874622723685,252,51,0,3,0,0,300.0,-70.46875041630119,-3.8799958291383514,-12.179999981797312,-5.8000000000000025,29,6,252,0,62d65a166e907d971f6276982d01baf19375edb011e55a71b13b62e13ac09031
406,dqn,77,random,balanced,7.356687898089172,69.0,3.85,11,156,-28.19213365211835,157,1,0,2,0,0,300.0,-14.43750032223761,-0.3023416666801495,-6.052291663200593,-7.400000000000004,37,3,157,0,66769b7d63048d7023c157e0e9dd6c3c726a13196b688d44967bb0ff52f5df1b
407,dqn,290,random,ns_heavy,6.294117647058823,43.0,3.21,11,144,-22.984791881152347,153,9,0,3,0,0,300.0,-12.03750021243468,-0.16937499973355438,-3.5779166689841073,-7.200000000000004,36,5,153,0,4d67d5c5bee4554007fffd3cfd40273452e352b5fe7b61c46278e71639dc2644
408,dqn,381,random,heavy,25.143504531722055,131.5,27.741666666666667,58,251,-118.51265509367146,331,80,0,2,0,0,300.0,-90.83125092834234,-4.958487502892238,-16.12291666243691,-6.600000000000003,33,4,331,0,180f20b176edf6b4ed2f72eabcb3f9b632d7da73643ee40b1e0cdd03582d6801
409,dqn,306,random,heavy,12.83399209486166,98.0,10.826666666666666,22,240,-58.70803841925589,253,13,0,2,0,0,300.0,-40.50625093234703,-1.1342875016191096,-10.26749998528976,-6.800000000000003,34,5,253,0,700ba6b5cebd2848c9f12185925c31322ead97bc2a37aeba2cf6620bedb4f9cb
410,dqn,569,random,ns_heavy,26.9467680608365,126.5,23.623333333333335,50,221,-94.96484266746484,263,42,0,3,0,0,300.0,-67.75000100629404,-4.629841670218595,-15.984999990952197,-6.600000000000003,33,6,263,0,d9ddf450c68fd7bcc1ae2ee7e1b73bf5751435549ce4079fd278f71a88afaae3
411,dqn,961,random,balanced,6.005102040816326,61.5,1.9616666666666667,8,95,-17.841029347242877,98,3,0,1,0,0,300.0,-7.356250177603215,-0.10832083336645158,-3.3764583362732092,-7.0000000000000036,35,3,98,0,1dc288c1a78226e794609cdb2041557686fa61e30d2571f6aeee9e870b72f8f2
412,dqn,502,random,ns_heavy,13.635802469135802,110.5,11.045,32,221,-62.724438041057155,243,22,0,2,0,0,300.0,-41.31250057183206,-1.4511041621255574,-12.960833307099533,-7.0000000000000036,35,5,243,0,587b6a738beee818c4ee8a05897de2582a50bdb2970cb67fcf263c1164006f3b
413,dqn,711,random,ew_heavy,22.72787610619469,89.0,17.121666666666666,45,203,-76.21334279035139,226,23,0,2,0,0,300.0,-57.750001130159944,-2.287299994029308,-10.576041666162217,-5.600000000000002,28,5,226,0,ecd8d68f35661f79bc1aa36ac5f2031e9bee8f9f925b4c4659e510798ffd416a
414,dqn,355,random,ew_heavy,14.730593607305936,85.0,10.753333333333334,19,204,-59.60618818120199,219,15,0,2,0,0,300.0,-40.32500068843365,-1.097437499692751,-10.38374999307563,-7.800000000000004,39,2,219,0,5293f30bc2385bd8d7d52ab1786ecc37a67840a2fa644a1a9defb7a36a9e19a3
415,dqn,904,random,low,7.2384615384615385,60.0,4.705,16,189,-30.58512536673733,195,6,0,1,0,0,300.0,-17.6437503634952,-0.3186666673274885,-4.822708335914651,-7.800000000000004,39,4,195,0,752de5406f1a60f4ea2458929e93c8aed50194eee4e2887eac005976f6e75371
416,dqn,522,random,ew_heavy,30.795379537953796,111.0,31.10333333333333,70,229,-120.08691744537649,303,74,0,5,0,0,300.0,-93.53125077812001,-5.803166666171454,-14.35250000108499,-6.400000000000003,32,6,303,0,482fe256c319c800f922cbcf21787918770bcf26a84838e1345eb17e0d449857
417,dqn,645,random,balanced,12.732142857142858,58.5,8.318333333333333,27,175,-46.541800839375384,196,21,0,2,0,0,300.0,-31.181250837165862,-0.7322166679106884,-6.828333334298806,-7.800000000000004,39,2,196,0,d435db909a3c194e3acf2061fde2d954724331287d21becff06636ee5bf1a437
418,dqn,698,random,heavy,16.775303643724698,71.5,13.811666666666667,32,210,-65.56616761775297,247,37,0,1,0,0,300.0,-48.90000094752759,-1.473250000971165,-7.992916669254191,-7.200000000000004,36,1,247,0,a4f585fc8b143a4a892a344bfae299896492848eeb76e9ac75eb0096e0f3012c
419,dqn,796,random,ns_heavy,8.938650306748466,74.0,4.8566666666666665,12,155,-32.02825045917925,163,8,0,2,0,0,300.0,-18.21250046323985,-0.34220833298095404,-6.073541662958452,-7.400000000000004,37,5,163,0,4f1343132c82baaa9daf414d237e738224b00fd17da8eeeccaae6261b4d440c8
420,dqn,655,random,ns_heavy,12.282327586206897,95.5,9.498333333333333,23,223,-53.89324652665457,232,9,0,2,0,0,300.0,-35.61875069560483,-1.1184541662565604,-10.356041664793166,-6.800000000000003,34,3,232,0,cd734f17b097eb958f9715f9f9714b8827887a8266ab5f7346a55d9ba6ed2e72
421,dqn,103,random,left_heavy,32.92114695340502,194.0,30.616666666666667,58,229,-112.19590552928636,279,50,14,15,0,0,300.0,-79.25000138441101,-9.08111248586574,-17.26479165900963,-6.600000000000003,33,4,293,14,18edb8d4168b60e66455d7b72d2ff4c754e225f7bb52ebfce3813ecc6d5cfdbd
422,dqn,152,random,heavy,6.08282208588957,36.5,3.305,10,160,-23.85402533888117,163,3,0,2,0,0,300.0,-12.39375033788383,-0.1748583334148861,-4.085416667582468,-7.200000000000004,36,3,163,0,11baa19501b302c7815fe85e868903fd3ac5f4409fa7d812551eb605132621ed
423,dqn,905,random,left_heavy,20.17914438502674,103.0,12.578333333333333,35,155,-60.84952592733678,187,32,0,1,0,0,300.0,-40.69375094212592,-1.901191667121747,-11.254583318089137,-7.0000000000000036,35,5,187,0,0f5d4bdd08deab02733df099d05802f86cba5267b6ada5cb7d94fc7455310686
424,dqn,556,random,ew_heavy,10.729166666666666,77.0,6.008333333333334,15,162,-39.81512537637534,168,6,0,2,0,0,300.0,-22.53125038044527,-0.5507500002095186,-9.733124995720571,-7.0000000000000036,35,2,168,0,d2e0babe22c2fe9a7444df9afb30c9dc3b62dbd8afaa0a05bdb6d03369b837ac
425,dqn,15,random,low,14.8840206185567,87.0,9.625,26,181,-51.96175477330108,194,13,0,2,0,0,300.0,-35.26250061299652,-0.9527958334190769,-9.146458326885476,-6.600000000000003,33,6,194,0,cabf4192916bc2404dd1bb5fe3e23be13423c7bb57f8c58240deccb4a48ae5d2
426,dqn,66,random,low,19.127962085308056,100.5,13.453333333333333,31,183,-65.04515921883504,211,28,0,2,0,0,300.0,-45.006250908598304,-2.1720333291938005,-11.066874981042929,-6.800000000000003,34,5,211,0,b0b74801081d7a2ae669466a8785222550ef2c686c1796df4de891da310603ff
427,dqn,401,random,ew_heavy,10.341004184100418,121.5,8.238333333333333,19,229,-49.806842221274614,239,10,0,2,0,0,300.0,-30.89375057304278,-0.813716665517131,-11.099374982714652,-7.0000000000000036,35,5,239,0,6484a516f5fb9d85b9df0ec9b8c93bc6d465dc5b65be19b597c32b52f1f814c5
428,dqn,643,random,left_heavy,22.167953667953668,87.0,19.143333333333334,53,189,-81.1915464906538,259,70,3,11,0,0,300.0,-61.77500065928325,-3.0519624965549164,-10.164583334815688,-6.200000000000003,31,3,262,3,486fea750b9fef87c77581b0585c5597161e764d7a6d4d6b445a2de67f446aac
429,dqn,60,random,ns_heavy,9.546728971962617,119.0,6.81,16,204,-43.91599628082987,214,10,0,2,0,0,300.0,-25.537500456441194,-0.6026625006743415,-10.575833323714319,-7.200000000000004,36,3,214,0,16c175020d411c46299b3a1f013b0c77472fb46dc9fd40621ad0942b48edbe16
430,dqn,43,random,left_heavy,26.135416666666668,141.5,20.911666666666665,52,192,-92.68396338407327,240,48,1,13,0,0,300.0,-63.175000874791294,-5.551254164929561,-17.757708344352395,-6.200000000000003,31,7,241,1,a88a78010f1855cb196fb49c2f38ef4a64f9ada54d39be44382ee5baa87686db
431,dqn,743,random,left_heavy,22.353535353535353,113.5,14.756666666666666,44,162,-65.78740092468291,198,36,6,8,0,0,300.0,-42.20625093020499,-3.4124000114046793,-13.768749983073219,-6.400000000000003,32,5,204,6,af3d3491f39fc948a42a6ef068548e2ef1a73df8abd6847e1c8f6477381d70b5
432,dqn,559,random,balanced,22.912912912912912,122.5,25.433333333333334,50,292,-117.06741676780157,333,41,0,2,0,0,300.0,-90.4937500776723,-4.015125000758417,-15.958541689370744,-6.600000000000003,33,6,333,0,55d2e41af3e2ff3daaab55836e5a7575f7ddddadb34bd467d399a210dafcf1b4
433,dqn,894,random,ew_heavy,13.217573221757322,93.5,10.53,21,221,-59.133084107875064,239,18,0,2,0,0,300.0,-39.487500784918666,-1.1753750002106242,-11.870208322745727,-6.600000000000003,33,5,239,0,ea4080d54d0b2007c5908d0cc9a071c307d8b2de0d15c0101d2d7b51bca71341
434,dqn,229,random,left_heavy,20.182291666666668,75.0,12.918333333333333,30,159,-60.930117267472795,192,33,0,2,0,0,300.0,-43.28125061094761,-1.8442833368062561,-9.00458331971896,-6.800000000000003,34,4,192,0,7ae9585f8bd1735e1b0dfbeb1a34909c9965f63e394f0c889efc6cbb0d59b9ed
435,dqn,925,random,ns_heavy,27.93425605536332,129.0,26.91,59,234,-92.88454683974635,289,55,0,2,0,0,300.0,-67.4437510180287,-5.167670820278727,-14.073125001438882,-6.200000000000003,31,4,289,0,1400ca180edf0a45a7ef775b2600615cfb1d13ce8f412e7c9817851ceb5a3358
436,dqn,49,random,balanced,17.011857707509883,123.0,14.346666666666666,25,230,-75.89437560064034,253,23,0,2,0,0,300.0,-53.68125060759485,-1.6104166662764339,-13.402708326769066,-7.200000000000004,36,1,253,0,ce40379bc1b88af8d6013096b2d7539eb8838ebf4276b3eb87f97281156cf0d0
437,dqn,658,random,ew_heavy,24.021367521367523,111.0,18.736666666666668,42,189,-80.16128452187765,234,45,0,2,0,0,300.0,-57.70000121090561,-3.2189916559298566,-12.842291655042212,-6.400000000000003,32,4,234,0,0ff30e07b66e194fa34a0174c3e7b944208de53793b23484d7a75621353e3357
438,dqn,487,random,left_heavy,30.918067226890756,114.5,24.531666666666666,50,167,-91.68537984544888,238,71,14,18,0,0,300.0,-65.7062506955117,-5.348504163008328,-13.630624986928874,-7.0000000000000036,35,5,252,14,1fb513a2492574e780bdfcee52484cc9139cd2e58c28ce715e2670244ddaaf98
439,dqn,245,random,low,8.985915492957746,36.5,4.253333333333333,11,134,-28.770100348299458,142,8,0,1,0,0,300.0,-15.950000344775617,-0.23114166648229006,-4.188958337041552,-8.400000000000002,42,3,142,0,120f6b96eacedd0e49f0f91f6aa6413a0c10d10fc97cdd0ffdee2b36a644ac4a
440,dqn,307,random,low,25.54626334519573,128.0,23.928333333333335,55,234,-100.49993407670338,281,47,0,3,0,0,300.0,-74.7937507382594,-4.235975002194024,-14.670208336249905,-6.800000000000003,34,5,281,0,0a54e8692d4f2c8b5a14492a137ba29b7781ec15194fd66d370936631ed9ff26
441,dqn,791,random,balanced,7.987903225806452,45.0,3.3016666666666667,11,118,-23.7730294445675,124,6,0,1,0,0,300.0,-12.38125027809292,-0.20740416689368443,-4.3843749995809045,-6.800000000000003,34,5,124,0,ce89e3d02692d5f0372c1bd53e2255316eb501e0ede8905100ea0d6ddddca646
442,dqn,58,random,left_heavy,22.87550200803213,103.5,18.99,43,207,-76.84873027041026,249,42,1,6,0,0,300.0,-55.70625109784305,-3.1320625012129306,-11.410416671354321,-6.600000000000003,33,7,250,1,22ac7d2660c24fb3ecc230ed433192a0e7a8e9804ec889a42b37aeaa98902943
443,dqn,372,random,left_heavy,26.90557939914163,108.0,20.898333333333333,49,177,-82.25562643072404,233,56,4,6,0,0,300.0,-61.38125142408535,-3.530833336676733,-11.143541669961994,-6.200000000000003,31,7,237,4,6b5831900879c4868efc5846ef037e7ec27ff6c22570a9de11effff528e972bd
444,dqn,783,random,low,11.935483870967742,126.0,8.635,22,205,-52.49241309682691,217,12,0,2,0,0,300.0,-32.38125060405582,-1.054287501516228,-12.256874991254875,-6.800000000000003,34,4,217,0,2f59ea6e22f22c0e6a6995fb9306938062fd79f0a4cb8284ae374120fa08a22d
445,dqn,205,random,left_heavy,20.067901234567902,94.5,16.261666666666667,34,204,-72.43354226360532,243,39,11,19,0,0,300.0,-52.10625062743202,-2.6285416616636215,-10.4987499745097,-7.200000000000004,36,2,254,11,89af6512ac5f388c5f51946375b1edc3904205886e6b5fc65b8893d1fc3de4ac
446,dqn,233,random,balanced,9.977848101265822,37.5,5.255,13,150,-31.864342134239994,158,8,0,2,0,0,300.0,-19.706250470131636,-0.3207999997342994,-4.637291664374064,-7.200000000000004,36,4,158,0,4af62996debdab1aa3ea222acd0bc880dd16c7deba05674f73c7f8a8db56db77
447,dqn,950,random,low,11.862359550561798,83.0,7.038333333333333,15,166,-42.14740879846722,178,12,0,1,0,0,300.0,-26.39375047106296,-0.5711583351854642,-8.1824999922188,-7.0000000000000036,35,3,178,0,8efd5bbce89cd20756eabd05eeb4ee985be06fe871441aac976c24e1c8d84e8a
448,dqn,661,random,balanced,23.276785714285715,115.5,17.38,45,182,-69.74918798315852,224,42,0,2,0,0,300.0,-47.78750048484653,-3.1637708338261272,-11.797916664485818,-7.0000000000000036,35,2,224,0,1a414c42314b64bf8cc9771061844ae1a7cf6863140fde512ac2412a5ab1b9be
449,dqn,227,random,ew_heavy,13.072072072072071,85.5,9.673333333333334,24,199,-54.788113068964584,222,23,0,2,0,0,300.0,-36.275000573601574,-1.0456125003875059,-10.467499994975517,-7.0000000000000036,35,1,222,0,90b1002e86e70c5bb80bcf99d87ede7dbdde0c4d98aab4a8ac5899e5fedc1ba6
450,dqn,418,random,left_heavy,33.295833333333334,118.0,26.64,58,184,-97.60815478413059,240,56,15,17,0,0,300.0,-74.44375062407926,-4.527945840323082,-12.23645831972827,-6.400000000000003,32,7,255,15,4e09c798d6527f1d560e9828eb0d30c88179c1ad637cd6d038f651b13a88effb
451,dqn,318,random,balanced,15.808300395256918,97.0,13.333333333333334,37,220,-66.34888858129341,253,33,0,2,0,0,300.0,-46.98750107455999,-2.1359708357143967,-9.425416671019041,-7.800000000000004,39,4,253,0,bad8acf6ae8bf1d2e297303d4d97064ec72a24903ba76ed52b74cf34cd8221e0
452,dqn,789,random,left_heavy,12.566666666666666,85.5,8.173333333333334,20,164,-47.478125713466554,195,31,0,4,0,0,300.0,-30.55625072773546,-0.8150000005531187,-9.306874985178007,-6.800000000000003,34,9,195,0,5296a343a29010c66e5e67446e63eaaa98fd13c130f2c888a8271ae188733afa
453,dqn,26,random,low,12.082568807339449,82.0,8.78,28,192,-48.648433799381756,218,26,0,2,0,0,300.0,-32.35000046296045,-0.9825999988861442,-8.915833337535151,-6.400000000000003,32,5,218,0,465ddbb95a36545c0936f7dfeae809c800295fd9d226a47c9708ce4fa9e5f480
454,dqn,301,random,ns_heavy,12.16150442477876,107.0,9.161666666666667,18,208,-52.706225506171194,226,18,0,1,0,0,300.0,-34.35625050868839,-0.7885166673935603,-10.161458330089221,-7.400000000000004,37,4,226,0,9dbc89037759de63558948d1e18f226df49b2439b1cd0b0d4351f53d80e347f7
455,dqn,359,random,ew_heavy,17.969964664310954,93.5,16.951666666666668,37,252,-79.92829627290409,283,31,0,2,0,0,300.0,-59.22500044154003,-2.35246250392447,-11.150833327439624,-7.200000000000004,36,1,283,0,32f061e1251b2821d66713c4b6b21654a1f844a6291771eb4a10ef561d5935c1
456,dqn,129,random,left_heavy,31.84383954154728,146.5,37.045,74,264,-133.69743812853116,349,85,10,12,0,0,300.0,-102.46250061271712,-8.744520840659973,-16.490416675154115,-6.000000000000003,30,6,359,10,4073a805572b0b716bbf6c1b4450a7fa0f76d1fbf10053b5b89a7708e052f884
457,dqn,878,random,low,12.21236559139785,81.5,7.571666666666666,17,180,-44.80875484030185,186,6,0,1,0,0,300.0,-28.393750698305666,-0.7187541668485211,-8.696249975147664,-7.0000000000000036,35,4,186,0,951cdc69d092f84fa4a17b5426485286bd1a9875f45ad7a180a7f27a41c6cccc
458,dqn,344,random,ns_heavy,28.503367003367003,103.5,28.218333333333334,71,250,-106.29146294979074,297,47,0,3,0,0,300.0,-81.5875004697591,-5.051254168163723,-13.852708311867879,-5.8000000000000025,29,4,297,0,a2bd168242605747b22fe5ee06cf71c94a7e31639b4072effb9ec28b84ec71a5
459,dqn,340,random,balanced,20.706451612903226,132.0,21.39666666666667,43,274,-101.79165531424445,310,36,0,2,0,0,300.0,-75.90625115577132,-3.609154162529013,-15.476249995944102,-6.800000000000003,34,5,310,0,17f78fdc0f18b48fc2ad64e0f6f3db1ee51523cb0086bec6caddbea13d72e9af
460,dqn,676,random,balanced,23.43891402714932,123.5,17.266666666666666,50,183,-72.00081783782446,221,38,0,2,0,0,300.0,-47.08750115754083,-4.029150001380912,-14.284166678902682,-6.600000000000003,33,6,221,0,3b371675b8f6776880a16342eb83f8d5e5aca890a52b385a24ac45c440a18be0
461,dqn,304,random,heavy,26.132075471698112,111.5,23.083333333333332,51,217,-104.12514234188785,265,48,0,2,0,0,300.0,-78.45625068526715,-3.906599998113959,-15.162291658506746,-6.600000000000003,33,2,265,0,c7e37714438630ea82d223a5efff6d5576298d80c5476e1fb6c5162b24295574
462,dqn,315,random,left_heavy,35.818518518518516,175.0,32.24166666666667,66,202,-116.12268860512346,270,68,36,37,0,0,300.0,-81.28750110138208,-9.718312510032408,-18.916874993708937,-6.200000000000003,31,7,306,36,df55f184347ce5cf41c31c106d67c9bfc4f8d6bf11a2427649c16469c284653f
463,dqn,462,random,left_heavy,27.20212765957447,93.5,21.311666666666667,52,179,-82.01184674445537,235,56,15,24,0,0,300.0,-59.637500925920904,-3.810804162034766,-12.163541656499715,-6.400000000000003,32,5,250,15,7dd1ccc1207862660f47929096182011b946c7075353657c77db0e9bcbe0ce3b
464,dqn,824,random,low,3.6751824817518246,45.0,1.6783333333333332,7,137,-16.449633476830797,137,0,0,1,0,0,300.0,-6.293750134296715,-0.08234166665351947,-2.473541675880553,-7.600000000000004,38,3,137,0,1e666f71c49f4fccb3c6f865600811d72623c1fb13fd0f714655ae4365d97dfe
465,dqn,809,random,ew_heavy,7.190298507462686,43.5,3.2116666666666664,10,132,-24.26842940749339,134,2,0,1,0,0,300.0,-12.043750240001827,-0.2023875002443674,-4.622291667247194,-7.400000000000004,37,3,134,0,37f48cce4f717ccf1b801d4d0679c677345a880b80c10546a0689ba2102469dc
466,dqn,354,random,heavy,12.934426229508198,67.0,10.52,39,210,-54.41458371214178,244,34,0,2,0,0,300.0,-39.262500380165875,-1.0304166679277842,-7.321666664048107,-6.800000000000003,34,4,244,0,b8276afebc9d656a9aa59d2fb010a09cbab1acd37d182a783ae154a5d078d94f
467,dqn,500,random,left_heavy,20.643171806167402,107.5,15.623333333333333,36,187,-71.47545458587557,227,40,0,3,0,0,300.0,-48.23750045802444,-3.0902458352429685,-13.147708292608163,-7.0000000000000036,35,2,227,0,960b4f8a37cb30f594872518b915d2fb88deaa3f72f1f908eb3f62285d674c15
468,dqn,191,random,balanced,9.190721649484535,77.5,5.943333333333333,15,191,-38.6541504254128,194,3,0,1,0,0,300.0,-22.287500428501517,-0.519150000161608,-8.04749999674969,-7.800000000000004,39,2,194,0,4d0957c9651ff85b55a9c15aa51319839b175dd0c513bf4017ab2d2aa6034de8
469,dqn,244,random,low,15.03551912568306,68.5,9.171666666666667,24,173,-50.39860074032837,183,10,0,1,0,0,300.0,-34.393750734161586,-0.9117250006114769,-8.493125005555344,-6.600000000000003,33,5,183,0,909accbb8fa105debf33b3bd10000710d57612de82a6abf05b3af750b334bb6a
470,dqn,576,random,balanced,14.974903474903474,100.5,12.928333333333333,33,236,-68.92508004000774,259,23,0,3,0,0,300.0,-47.92500088457018,-1.7352874979180337,-12.264791657519549,-7.0000000000000036,35,6,259,0,98f0a1aa598913d7c08fea0eac23359114d68b055d1434c34dc6d09ee1ed8c6d
471,dqn,242,random,heavy,17.1991341991342,81.0,13.243333333333334,30,210,-67.93136754080477,231,21,0,2,0,0,300.0,-48.66875086771324,-1.6969916651753005,-10.565625007916251,-7.0000000000000036,35,6,231,0,42d2243537f612c4d0af505551e4e79308d20d920241f65bafd9bbfae9da80f9
472,dqn,571,random,low,9.852941176470589,70.0,6.701666666666667,25,191,-40.07032547850396,204,13,0,2,0,0,300.0,-25.131250479724258,-0.543658333655913,-7.3954166651237765,-7.0000000000000036,35,4,204,0,e0542ac0898f128937ff393e88f79352dc0cd44c6d9aabad0f54a8577c43ccc7
473,dqn,768,random,heavy,25.387096774193548,121.5,20.986666666666668,45,203,-94.0126465639616,248,45,0,3,0,0,300.0,-70.03750074561685,-3.5270208306894353,-13.648124987655317,-6.800000000000003,34,7,248,0,13e9da340406a21e64117d9080edd67d0df5e32428754b747570555eb1a90116
474,dqn,583,random,ns_heavy,8.02127659574468,48.0,3.77,12,139,-25.15351698342055,141,2,0,1,0,0,300.0,-14.137500317301601,-0.24226666667309482,-4.573749999445865,-6.200000000000003,31,3,141,0,78326943eb5be11606f878166cb29e4f13afb39ea45c2bc6ef098e9e52931751
475,dqn,716,random,ew_heavy,19.914634146341463,109.0,19.053333333333335,38,255,-90.92347564949743,287,32,0,1,0,0,300.0,-68.31875066179782,-2.588266666592971,-13.416458321106633,-6.600000000000003,33,3,287,0,a55dc77ec8172c2030adcbb098647c80018cf24eaf9432eeae7064be30462fee
476,dqn,27,random,balanced,7.6066666666666665,40.0,3.8033333333333332,9,147,-25.81313781453501,150,3,0,2,0,0,300.0,-14.262500317767262,-0.2368875005675364,-4.513749996200205,-6.800000000000003,34,2,150,0,a9a05237e06fb7cb66d68183c611db1ccf094499796dc643e9bc16acce24fdeb
477,dqn,554,random,left_heavy,26.492125984251967,181.0,22.435,41,220,-87.39371340665235,254,34,21,22,0,0,300.0,-57.943750934675336,-6.778712481951518,-16.671249990025522,-6.000000000000003,30,6,275,21,1357acea26deba285d711896a9b91cedb2815e1276744ee5a2d0c94f1f8b40af
478,dqn,530,random,ns_heavy,15.366228070175438,87.0,11.678333333333333,28,204,-60.60757588578781,228,24,0,2,0,0,300.0,-42.90625086380169,-1.2521583348971035,-10.049166687089025,-6.400000000000003,32,4,228,0,b4e97d1f42d1bfca3570171a665f9d877251593ee06cb0701d65e30d07eb070d
479,dqn,773,random,low,20.570866141732285,123.0,17.416666666666668,44,221,-78.60833434509985,254,33,0,2,0,0,300.0,-55.74375102156773,-2.896666661123162,-12.567916662408978,-7.400000000000004,37,3,254,0,df7200a9dac373bbcfc06f0594a303f5a021428f1ee15ca33c0395fea6150f43
480,dqn,594,random,left_heavy,21.40765765765766,85.0,15.843333333333334,37,177,-72.10505921804432,222,45,0,12,0,0,300.0,-54.12500090757385,-2.494433332850168,-9.68562497762032,-5.8000000000000025,29,7,222,0,c34de4432a582ccd4715db37a9da27baee6e7bc3a2968b493c862daaddf342c2
481,dqn,622,random,ew_heavy,15.328358208955224,85.0,10.27,25,184,-53.806812990602346,201,17,0,2,0,0,300.0,-38.350000485312194,-1.0318125024496114,-8.825000002840543,-5.600000000000002,28,5,201,0,f857ae1374219d6abf0d7e86b50ef163a7afebca8ea1020202c6825d749e6b7a
482,dqn,150,random,left_heavy,23.22048611111111,159.5,22.291666666666668,56,230,-90.31141311806789,288,58,8,10,0,0,300.0,-63.218750617001206,-5.04141250419125,-15.051249996875393,-7.0000000000000036,35,3,296,8,9d17157e71213d5a818479d06a5453c56f8a15cbe0740ae7797064c166564464
483,dqn,166,random,low,22.3141592920354,99.0,16.81,36,188,-81.56141746063803,226,38,0,2,0,0,300.0,-61.00000079581514,-2.3257916662711082,-11.635624998551794,-6.600000000000003,33,4,226,0,33fa4eb9c6433c363b580e0c3d2b1e76957480a154da7e53e41f9c1a0610eccd
484,dqn,46,random,left_heavy,34.59055118110236,223.0,29.291666666666668,48,204,-112.38240583211739,254,50,36,40,0,0,300.0,-73.69375165365636,-11.735529176481934,-20.55312500197909,-6.400000000000003,32,4,290,36,4c408e75356d0421411c730cec1a9914ee8cf2b789ed1a1d12a25760557920a0
485,dqn,648,random,balanced,16.40702479338843,74.5,13.235,28,219,-66.45716757353154,242,23,0,2,0,0,300.0,-49.21250092051923,-1.4804999986219622,-9.76416665439029,-6.000000000000003,30,3,242,0,a32a98b8d39e36e4e305e11c30525ee1c4159324b739e566d4b67a3b860b4a78
486,dqn,472,random,ns_heavy,21.6056338028169,149.5,15.34,35,186,-75.73902175207407,213,27,0,1,0,0,300.0,-51.89375092834234,-2.5054791687733076,-14.53979165495838,-6.800000000000003,34,3,213,0,7df0a83ffb5647246345db300733efa150ad7cf66efb1a8b8387f8697935cfac
487,dqn,815,random,low,25.123867069486405,88.0,27.72,57,273,-114.44774236279113,331,58,0,2,0,0,300.0,-91.21875071479008,-4.079200001135904,-12.349791646865208,-6.800000000000003,34,3,331,0,6f974eb5b68496665b90463eed9cd2e0b246a9c83e4a6c5a12cd120f14cc5a51
488,dqn,635,random,heavy,15.20945945945946,89.5,11.256666666666666,28,207,-59.830892353430656,222,15,0,2,0,0,300.0,-42.19375069765374,-1.2163083309962528,-10.02083332478069,-6.400000000000003,32,3,222,0,87bb54fcaffb334b9ef8791c6fca9c3d3c296bfc279bb4bc96f477b0e543e596
489,dqn,622,random,ew_heavy,13.54726368159204,116.5,9.076666666666666,19,187,-53.272792486826795,201,14,0,2,0,0,300.0,-34.03750082710758,-1.0586249997410047,-11.776666659978222,-6.400000000000003,32,4,201,0,f857ae1374219d6abf0d7e86b50ef163a7afebca8ea1020202c6825d749e6b7a
490,dqn,32,random,low,14.872596153846153,121.0,10.311666666666667,32,198,-57.982017496494535,208,10,0,2,0,0,300.0,-38.043750832788646,-1.1074333343291085,-11.830833329376754,-7.0000000000000036,35,3,208,0,761daac37bf13f4ba486534ad3de5d4d4a919b78cea23fa6ffb8d048d2b95e3f
491,dqn,63,random,ew_heavy,17.193693693693692,90.5,12.723333333333333,34,190,-63.15671752376367,222,32,0,1,0,0,300.0,-43.637500865384936,-1.7592166683811223,-10.559999989997607,-7.200000000000004,36,4,222,0,cece21a0283b05d57c4c4902f4b814bd4d03ce5e84ccf53debbb7b05713fd77d
492,dqn,790,random,balanced,17.31877729257642,70.5,13.22,26,205,-62.91411741864213,229,24,0,2,0,0,300.0,-46.11875076359138,-1.4501583349127023,-8.94520832013805,-6.400000000000003,32,5,229,0,66fb49dd741d6d624559d448eadd06ca9e9f162bfd9125da43b4ee79408ca8d3
493,dqn,122,random,low,16.040865384615383,77.0,11.121666666666666,28,188,-57.5114589230354,208,20,0,2,0,0,300.0,-40.987500596791506,-1.1802083335780476,-8.343749992665838,-7.0000000000000036,35,3,208,0,2461fb49df5f6d65d9c65c8c207e72d42796930288b8df5e7e71104fa41d9c47
494,dqn,332,random,ew_heavy,16.558333333333334,101.0,13.246666666666666,32,215,-66.58399281682432,240,25,0,2,0,0,300.0,-48.41250114841387,-1.5287833348986173,-10.642708333511846,-6.000000000000003,30,2,240,0,5087045ed863c260b449be0856090e0ed590fe0956913147367c5669c35637d1
495,dqn,697,random,heavy,14.660569105691057,74.0,12.021666666666667,24,225,-60.65930498371815,246,21,0,2,0,0,300.0,-43.87500083213672,-1.2157625013634974,-9.168541650217959,-6.400000000000003,32,1,246,0,7871f37e9e9ae5d0011fffb3d735302428f11f9f2dc3f9a8ad47be4233562927
496,dqn,273,random,balanced,26.63274336283186,161.5,30.095,58,283,-129.71773033373393,339,56,0,3,0,0,300.0,-96.55625116778538,-7.567520835118921,-19.393958330829648,-6.200000000000003,31,6,339,0,df3a6483493d411abea23c4b88ce3746670573c795cc44de897fb90e356c2eec
497,dqn,82,random,heavy,24.863295880149813,179.5,22.128333333333334,47,221,-103.29253028058812,267,46,0,2,0,0,300.0,-72.5750011219643,-5.797320822746407,-18.920208335877412,-6.000000000000003,30,7,267,0,9e9d6a62a14fb39d95eda5ef31855973b349186e1baa48b575a989ff4f556812
498,dqn,578,random,heavy,8.545801526717558,40.0,3.7316666666666665,15,130,-24.515012828835456,131,1,0,1,0,0,300.0,-13.993750335182995,-0.22834583287331037,-3.492916660779157,-6.800000000000003,34,1,131,0,3fb3d97f4f19e794a3b84c9febddc58cc132838ba7bb51a913629b75f04fcc9a
499,dqn,77,random,balanced,8.121019108280255,42.5,4.25,18,155,-27.48665874032666,157,2,0,2,0,0,300.0,-15.937500407453626,-0.26332500016214916,-4.085833332710899,-7.200000000000004,36,2,157,0,66769b7d63048d7023c157e0e9dd6c3c726a13196b688d44967bb0ff52f5df1b
500,dqn,88,random,left_heavy,29.523255813953487,113.0,25.391666666666666,47,202,-100.69985939935286,258,56,8,21,0,0,300.0,-76.19375103991479,-5.102774996757216,-13.80333336268086,-5.600000000000002,28,5,266,8,b11ba89cca25825aa4072334a7b64271fb7adf6774b2f617145738bae3644642
