episode,controller,seed,traffic_scenario,realized_scenario,avg_waiting_time,max_waiting_time,avg_queue,max_queue,throughput,episode_reward,departed,unfinished,pending,max_pending,collisions,teleports,duration,reward_queue,reward_waiting,reward_max_waiting,reward_switching,phase_changes,forced_changes,scheduled,not_inserted,route_sha256
1,dqn,879,random,ns_heavy,39.43571428571428,122.5,36.806666666666665,108,146,-184.75022512154456,280,134,0,4,0,0,300.0,-34.50625019718427,-25.697100015047905,-67.54687490931246,-57.0,57,0,280,0,d9cb4b363eda9d452fde08e51c6f016f2c03be577505eb70a06b22cc2cf37da0
2,dqn,444,random,heavy,37.92231075697211,114.5,31.72833333333333,76,150,-173.60540016590753,251,101,0,2,0,0,300.0,-29.74531272565946,-21.800712484648834,-65.0593749555992,-57.0,57,0,251,0,ce33ce1144962693e1a066ec106f97caacb2d22b88aec8cddcb42b2b68d12425
3,dqn,381,random,heavy,44.987915407854985,120.5,49.63666666666666,131,152,-208.28619584565567,331,179,0,4,0,0,300.0,-45.63593750365544,-32.116925049186854,-74.53333329281304,-56.0,56,0,331,0,180f20b176edf6b4ed2f72eabcb3f9b632d7da73643ee40b1e0cdd03582d6801
4,dqn,569,random,ns_heavy,42.00570342205323,132.0,36.825,70,141,-210.81793341459792,263,122,0,3,0,0,300.0,-34.52343760547228,-32.1361624678837,-88.15833334124181,-56.0,56,0,263,0,d9ddf450c68fd7bcc1ae2ee7e1b73bf5751435549ce4079fd278f71a88afaae3
5,dqn,831,random,ns_heavy,37.243506493506494,111.5,19.118333333333332,53,103,-149.6670875840778,154,51,0,1,0,0,300.0,-17.92343762924429,-11.943649993902369,-62.79999996093102,-57.0,57,0,154,0,ab366162b1f82aec54ac7b254dac8a481899b21eb739ec667be82a6efb759fb4
6,dqn,909,random,balanced,30.175879396984925,100.0,20.016666666666666,42,158,-148.0489750672241,199,41,0,2,0,0,300.0,-18.765625214669853,-9.598974996140894,-62.68437485641334,-57.0,57,0,199,0,caed48faee592b6587c11a396611f88ce90a17e4d2714c565003d0db941a9e99
7,dqn,300,random,balanced,44.15665236051502,136.0,34.295,82,158,-188.99062520325904,233,75,0,2,0,0,300.0,-31.540625133668073,-24.556249990032672,-77.89375007955823,-55.0,55,1,233,0,fdaab5e29aa531c9014ba3c319748171b2dcb96e48497de301d95e570c40fd4b
8,dqn,255,random,ns_heavy,38.60129310344828,110.0,29.851666666666667,71,156,-170.6399585635395,232,76,0,1,0,0,300.0,-27.98593759466894,-18.348812484577508,-69.30520848429296,-55.0,55,0,232,0,d1ac092e55db3fd7cee70059fc6e4c0b9d263761b59fcde7cb1e754fe44ac4ca
9,dqn,531,random,left_heavy,39.62931034482759,168.0,30.648333333333333,62,148,-208.8708753187391,232,84,25,28,0,0,300.0,-28.732812769594602,-28.50368751000569,-95.63437503913883,-56.0,56,1,257,25,f6cdb3cdc26838ba2150ee64357a1965d7b89642e61be3bc70bc3027ec2ad0ed
10,dqn,589,random,ew_heavy,39.992063492063494,130.0,33.593333333333334,67,146,-198.6767459704265,252,106,0,3,0,0,300.0,-31.49375015986152,-25.759037474911015,-83.42395833565388,-58.0,58,0,252,0,62d65a166e907d971f6276982d01baf19375edb011e55a71b13b62e13ac09031
11,dqn,253,random,left_heavy,38.15449438202247,100.0,22.641666666666666,46,113,-161.82045854080584,178,65,8,11,0,0,300.0,-21.22656280535739,-14.232437499445963,-70.36145823600236,-56.0,56,0,186,8,3f3f35eac04a7eed607a0da3c1a926654efccba14366766d02899e11163e89fa
12,dqn,360,random,low,41.68092105263158,119.0,42.23833333333334,90,176,-192.80047940924783,304,128,0,2,0,0,300.0,-39.598437753971666,-27.10100002524923,-70.10104163002688,-56.0,56,0,304,0,3ac84310f4670bdb914221cb8d2acef68e94ff1262e4805fd8d9ea613f2081e5
13,dqn,928,random,balanced,32.89906103286385,91.0,23.358333333333334,83,139,-148.4236456127496,213,74,0,2,0,0,300.0,-21.323437436134554,-14.419999979169372,-56.68020819744561,-56.0,56,1,213,0,e371d07746a4fb9794d37e4ec1dede610eb54e0d2a1c2b07b07ba116767d7a4d
14,dqn,757,random,low,29.94535519125683,85.5,18.266666666666666,40,129,-139.5953920776497,183,54,0,2,0,0,300.0,-17.125000292784534,-8.650600004429727,-56.81979178043548,-57.0,57,1,183,0,8cd1f25f13e1fc6d3a3ce025176d9c847deb04b728ae1b2a12268ac440fa1b02
15,dqn,855,random,low,38.78938356164384,111.0,37.755,81,173,-191.40592918018737,292,119,0,1,0,0,300.0,-35.39531262614764,-24.672074984269422,-76.33854156977031,-55.0,55,1,292,0,1a83bafc74b7d8877a04d77ad70fc394799936ba190d468b8fa13e78da4a1a74
16,dqn,544,random,ns_heavy,24.283653846153847,154.5,16.836666666666666,39,144,-153.84287530226138,208,64,0,3,0,0,300.0,-15.78437525627669,-10.871000000117053,-72.18750004586764,-55.0,55,1,208,0,c797c45293170f28793d3e4c89d5238681875dd643237a5fefb1dc99b2ca1cb9
17,dqn,378,random,left_heavy,25.352713178294575,98.0,10.905,23,95,-135.03965032599302,129,34,19,23,0,0,300.0,-10.22343771951273,-8.491212500472464,-61.32500010600779,-55.0,55,0,148,19,11f26b6bb5460eb293f925aac53b935dbfacda00c95c2ca333cdfd4c66d5e470
18,dqn,203,random,ns_heavy,21.59504132231405,71.5,8.71,19,112,-115.60215429384633,121,9,0,1,0,0,300.0,-8.165625174995512,-3.219862499906595,-49.216666618944146,-55.0,55,1,121,0,de2b586f7a33898c22f2d8e2a23f3d0ad4e3154d85a8b586de1d61e68fb65cab
19,dqn,673,random,low,39.43333333333333,99.5,27.60333333333333,81,134,-155.77663782745435,210,76,0,2,0,0,300.0,-25.878125469433144,-15.870387474599553,-61.0281248834217,-53.0,53,3,210,0,eef8d318c687b8b56ed2f7a24273306fea342f6393aed40644a9028a1a005c37
20,dqn,517,random,left_heavy,39.56167400881057,125.0,29.94,63,127,-182.14643347227317,227,100,16,20,0,0,300.0,-28.068750150268897,-24.75997497536083,-74.31770834664349,-55.0,55,0,243,16,08afa3683e4385608022cb7e3b9497ecd327424c9624aa19a59326727d9d4912
21,dqn,416,random,left_heavy,33.5,127.5,19.993333333333332,41,119,-168.52037121967072,179,60,19,25,0,0,300.0,-18.74375027057249,-17.343287523199255,-77.43333342589904,-55.0,55,1,198,19,05eb738634fb18cd6d445e1ee1563b42d90c4cb8de1596522fc512792662513e
22,dqn,243,random,low,43.62844036697248,146.5,47.56166666666667,123,154,-218.42270850916,327,173,0,4,0,0,300.0,-44.58437513955869,-38.030000033574424,-78.80833333602641,-57.0,57,1,327,0,53c132128a73a63731a804fff55d1d930685c44ef4546fd3030237b4e593c852
23,dqn,508,random,left_heavy,33.77669902912621,99.0,23.195,59,119,-162.58155822789493,206,87,14,19,0,0,300.0,-21.745312514831312,-19.28103744763139,-66.55520826543216,-55.0,55,0,220,14,f08dda704df6a56edf0b962e2f7716dbc2e80b83707d254e54a5360840b1944d
24,dqn,50,random,heavy,44.461089494163424,127.5,38.08833333333333,65,157,-210.95025834712933,257,100,0,3,0,0,300.0,-35.70781265839469,-30.274737441370235,-88.9677082473645,-56.0,56,2,257,0,a97da7d4b8b56d8f0c7849f6dbbc2eb6f5db4aa6c780b640fe05eddd9c48f298
25,dqn,57,random,balanced,32.11915887850467,105.0,22.911666666666665,52,144,-163.9705708988702,214,70,0,1,0,0,300.0,-21.479687614482827,-15.907550020631602,-72.58333326375578,-54.0,54,0,214,0,fcbfa42875180135cbfd0f3b722b05530d758a33c681959b70cf37fa6e9fc12a
26,dqn,113,random,ns_heavy,32.403225806451616,106.0,16.741666666666667,46,116,-138.81123339760308,155,39,0,1,0,0,300.0,-15.69531259976793,-10.104462499992954,-57.01145829784218,-56.0,56,0,155,0,bf4caa10621319b5a13ceb1fb946a751a7619841dc636677c5b9ad8917384e50
27,dqn,859,random,balanced,51.756140350877196,166.0,49.17,107,150,-217.52892547107692,285,135,0,2,0,0,300.0,-45.148437975440174,-38.05548749754522,-79.32499999809079,-55.0,55,0,285,0,ab3d7081a66f6ae15cff187b09fbe3eee3e1e018cc659850bfa2f8d0301b3fcd
28,dqn,343,random,balanced,9.237864077669903,45.0,3.171666666666667,8,100,-78.61715421825356,103,3,0,1,0,0,300.0,-2.9734375667758286,-0.5707999998674494,-21.072916651610285,-54.0,54,1,103,0,1b593db1dd080d638178dd85fa7f584adb57dba05c9a93f8075bf791fbe37b64
29,dqn,121,random,ns_heavy,33.59453781512605,96.0,26.651666666666667,62,163,-168.88082931832545,238,75,0,2,0,0,300.0,-24.985937711782753,-15.321974979728845,-72.57291662681382,-56.0,56,0,238,0,f26fa7cfb1c42991097d38025df60a345066782c83fdd5131c0158a8cea4c60e
30,dqn,16,random,left_heavy,33.94836956521739,142.0,20.823333333333334,46,133,-171.22079188313728,184,51,7,10,0,0,300.0,-19.521875291480683,-14.179124997299368,-80.51979159435723,-57.0,57,0,191,7,5a8ec888e3351b72032ef8e54a8be76ff9ff345db081c47bb65f15a4a3394e40
31,dqn,945,random,heavy,33.34516129032258,97.0,17.22833333333333,44,120,-148.75006238410785,155,35,0,1,0,0,300.0,-16.151562534621917,-10.64225001020895,-66.956249839277,-55.0,55,0,155,0,606d141bf0543a08ade33eddf46543c422db0ee504e984233d4ad7d5c4e41238
32,dqn,773,random,low,34.289370078740156,103.0,29.031666666666666,59,168,-160.44783346144104,254,86,0,2,0,0,300.0,-27.217187651316635,-17.53481250965124,-59.69583330047317,-56.0,56,1,254,0,df7200a9dac373bbcfc06f0594a303f5a021428f1ee15ca33c0395fea6150f43
33,dqn,155,random,balanced,34.85606060606061,102.0,30.673333333333332,76,165,-164.4123669138024,264,99,0,4,0,0,300.0,-28.756250294391066,-18.961324964704527,-63.69479165470693,-53.0,53,0,264,0,eb7c482c1c640ecb278d3dcbccb2dfbdc60a8542225bc0c9394fdbd81b4b2f5f
34,dqn,804,random,ew_heavy,58.158482142857146,183.0,43.42666666666667,116,108,-218.70178334138444,224,116,5,7,0,0,300.0,-38.9812500604894,-36.10282494933852,-89.61770833155606,-54.0,54,1,229,5,cd3eda958b5c9d33c5a74c4d8df60a02518efc8e132ac235acde8df555ea4d5e
35,dqn,576,random,balanced,50.795366795366796,136.0,43.85333333333333,118,140,-186.09489191491414,259,119,0,3,0,0,300.0,-39.47812530014198,-29.66885001892445,-62.947916595847346,-54.0,54,1,259,0,98f0a1aa598913d7c08fea0eac23359114d68b055d1434c34dc6d09ee1ed8c6d
36,dqn,21,random,ns_heavy,32.2655601659751,107.5,25.92,59,165,-167.15670888592066,241,76,0,2,0,0,300.0,-24.300000446266495,-14.739000029401355,-72.11770841025282,-56.0,56,1,241,0,3660173dc164fa1364ff5e75c68a5eaa7401d80a3012b56f10f7425f8b254d13
37,dqn,126,random,ns_heavy,35.83878504672897,106.5,25.566666666666666,60,124,-167.57059579644778,214,90,0,3,0,0,300.0,-23.96874999033753,-18.731012511527673,-70.87083329458255,-54.0,54,1,214,0,4948c918ca2df16c0093025b831822601923b7f096d8741961703b8254d95164
38,dqn,527,random,low,27.6675,107.0,18.445,47,160,-142.35184602874435,200,40,0,2,0,0,300.0,-17.292187710525468,-9.207575012739834,-61.85208330547903,-54.0,54,1,200,0,849462797b3d041d53d03b5ddbc4d547f5c763347a26e013cb25a2cc94a015a4
39,dqn,703,random,low,32.28605769230769,137.5,22.386666666666667,41,159,-161.03476684094565,208,49,0,2,0,0,300.0,-20.98750019259751,-12.086849993641229,-75.96041665470693,-52.0,52,1,208,0,7c9eff2e9a5b10e246e73a5cb1d5e8ac2547735b2aff343eebcf707a57577bcd
40,dqn,432,random,heavy,42.713903743315505,116.5,26.625,72,113,-174.8427958308784,187,74,0,1,0,0,300.0,-24.95937513373792,-20.678212512360904,-74.20520818477962,-55.0,55,2,187,0,6fcec0592340d3a15c95ecc4fef2dd653cd1ce584fe407794f67f0c6ba56ebd0
41,dqn,150,random,left_heavy,37.17820069204152,142.0,35.81666666666667,80,169,-197.4825460695057,289,120,7,13,0,0,300.0,-33.57812524528708,-24.030462466958113,-84.87395835726056,-55.0,55,1,296,7,9d17157e71213d5a818479d06a5453c56f8a15cbe0740ae7797064c166564464
42,dqn,402,random,heavy,39.334,107.5,32.778333333333336,62,154,-187.84979610905225,250,96,0,2,0,0,300.0,-30.729687879094854,-22.443024981102646,-81.67708324885461,-53.0,53,0,250,0,b4d3738f6a03ae53104a3ed6b4190a7681bbaf9751c2281a04491b807446e099
43,dqn,857,random,low,27.377314814814813,80.0,19.711666666666666,40,165,-144.40408375454197,216,51,0,2,0,0,300.0,-18.479687768383883,-10.56918751555567,-60.35520847060252,-55.0,55,2,216,0,6a2edb5df814ece24a2e2c271be596928aeb7e99e7547466c5fa893114fdf20f
44,dqn,72,random,low,21.92281879194631,84.5,10.888333333333334,28,124,-121.8706169114747,149,25,0,1,0,0,300.0,-10.207812688313425,-4.249262500467738,-50.41354172269348,-57.0,57,1,149,0,10854c7c8a17c02865d82b0cd83483ae3896be3c3591c30c10cfec6832127267
45,dqn,641,random,heavy,43.95,161.5,39.555,77,145,-213.6039751656316,270,125,0,2,0,0,300.0,-36.98281262861565,-33.0992875740594,-86.52187496295664,-57.0,57,1,270,0,90094cde7db2a3714e78a6463d6778ef266c9f15dbb6e5fcadbe07dd529a4cf4
46,dqn,941,random,ns_heavy,29.94759825327511,79.0,22.86,78,155,-141.89139167446183,229,74,0,1,0,0,300.0,-21.431250124122016,-12.409100013724672,-52.05104153661523,-56.0,56,0,229,0,303b273411aa78898a359ba8fef23502c87b9e10b177aaf6dfbbe2268506d5ae
47,dqn,623,random,heavy,45.34767025089606,130.0,42.17333333333333,92,143,-214.98273751988742,279,136,0,1,0,0,300.0,-39.537499968893826,-36.68586249043435,-83.75937506055925,-55.0,55,0,279,0,7bfde1340a024efbb0f158de5007d437b3cdf0777f1b816dab693659b601ef19
48,dqn,297,random,ns_heavy,15.777777777777779,60.5,7.1,17,126,-100.16211680912599,135,9,0,1,0,0,300.0,-6.656250174273737,-1.9485750008207103,-34.55729163403157,-57.0,57,2,135,0,57381bd6087324c23596565dab3d41bd4db9f6a89432ab63c08f3a30be44465c
49,dqn,233,random,balanced,27.4873417721519,100.5,14.476666666666667,30,122,-138.51514619762816,158,36,0,2,0,0,300.0,-13.571875245892443,-7.2130625151265075,-60.730208436609246,-57.0,57,0,158,0,4af62996debdab1aa3ea222acd0bc880dd16c7deba05674f73c7f8a8db56db77
50,dqn,933,random,heavy,38.96734693877551,106.5,31.823333333333334,77,154,-168.2477832526674,245,91,0,1,0,0,300.0,-29.834375014645047,-22.176949941484047,-61.23645829653833,-55.0,55,0,245,0,3ee66c6171dc292133fb6e0d11328d6cd4530cd132db67cbac01f136fbb19544
51,dqn,663,random,low,34.127272727272725,103.0,18.77,45,120,-148.099270839728,165,45,0,1,0,0,300.0,-17.596875056275167,-10.99718751084947,-63.50520827260334,-56.0,56,1,165,0,3b5ee66c7f41b9833dc6deced150cab7482bfe1f5c66c422adf9764a1378d989
52,dqn,404,random,low,40.92171717171717,116.5,27.008333333333333,64,126,-171.90285010438456,198,72,0,2,0,0,300.0,-25.320312732015736,-18.735662452066748,-70.84687492030207,-57.0,57,0,198,0,a15773ee65a7070349d5ffffd03e96ad455e4dade19b01f5547cd93a9a77e597
53,dqn,106,random,left_heavy,39.0,128.5,31.465,78,137,-198.87850843577692,242,105,19,24,0,0,300.0,-29.3734375993954,-26.2217375165601,-86.2833333198214,-57.0,57,0,261,19,dc620d35bff553b52dcc05711ac3b564c1f8978c6ff60092f35eb7cd673970e4
54,dqn,210,random,ns_heavy,34.90710382513661,139.0,21.293333333333333,46,132,-165.80888346805665,183,51,0,1,0,0,300.0,-19.96250018745195,-13.819299981831142,-78.0270832987735,-54.0,54,0,183,0,0745651311d54f9417f080fe4a0ae41aca0148d2fa86206345f58035dae267ce
55,dqn,455,random,heavy,39.93120805369127,160.5,39.67,96,149,-216.27855857158067,298,149,2,8,0,0,300.0,-37.12812527397182,-34.1545999280548,-87.99583336955402,-57.0,57,1,300,2,721668a27877f1223355b00d728bd161772e3e146134e7959fe1a672ea0bacb9
56,dqn,252,random,low,34.04148471615721,130.0,25.985,60,167,-173.19167538625842,229,62,0,2,0,0,300.0,-24.360937788616866,-15.124487510632749,-77.70625008700881,-56.0,56,2,229,0,94df5b4fc460b705fe437a07af4710a8f8e54c0aa03ce370f2fb70aa497ed0f8
57,dqn,257,random,heavy,44.83468834688347,125.0,55.14666666666667,105,188,-219.2376753277929,369,181,0,2,0,0,300.0,-51.50625028228387,-39.07517500301688,-73.65625004249159,-55.0,55,0,369,0,a3e887b14dadf2dfea389dcd5dbfcb42653ea044ebf5504501aa9ff2303f02cf
58,dqn,248,random,left_heavy,45.00632911392405,150.5,35.55833333333333,88,131,-192.89335843210347,237,106,36,38,0,0,300.0,-33.33593758486677,-26.192837498730654,-77.36458334850613,-56.0,56,0,273,36,dd141f976319bd4b73fdf4247f113202e4aed763f9f0bacc7eea9039af219c68
59,dqn,192,random,heavy,36.756830601092894,94.5,22.421666666666667,47,117,-162.0530251028191,183,66,0,2,0,0,300.0,-21.020312648965046,-13.501462497393366,-71.53124995646067,-56.0,56,1,183,0,5b8aaa9bfb59d24a509c5e250e86f7980d8fff57c472d3c2e7cc7fa7483f7e4a
60,dqn,805,random,ns_heavy,17.885593220338983,85.5,7.035,18,105,-114.8264250574685,118,13,0,1,0,0,300.0,-6.595312630524859,-2.268612506082718,-49.962499920860864,-56.0,56,0,118,0,7428892fe51292db1d2d4da7c24f51316373fa2e9eef35907d9e002fac91de7e
61,dqn,487,random,left_heavy,44.46296296296296,149.0,32.02,65,130,-211.75040435445186,216,86,36,42,0,0,300.0,-29.537500085076317,-33.921237532898516,-93.29166673647705,-55.0,55,2,252,36,1fb513a2492574e780bdfcee52484cc9139cd2e58c28ce715e2670244ddaaf98
62,dqn,830,random,ns_heavy,31.074324324324323,102.0,15.33,33,117,-144.75231685174592,148,31,0,1,0,0,300.0,-14.371875247103162,-8.076274999295855,-66.30416660534684,-56.0,56,1,148,0,3e9bbd08bf9d7bc18bd45618241c6e77e5df526a007f286867a156380418c8db
63,dqn,665,random,low,31.17883211678832,117.0,14.238333333333333,29,112,-135.85402947547337,137,25,0,1,0,0,300.0,-13.34843785117846,-6.570175006747738,-57.93541661754716,-58.0,58,0,137,0,f8a15899a20d75b523db4416c44308e3bcfeb11cf89ce76f2d4fcefe99ca9f68
64,dqn,809,random,ew_heavy,25.242537313432837,71.0,11.275,33,96,-119.48274585713736,134,38,0,1,0,0,300.0,-10.570312642026693,-5.929099999643948,-45.9833332154667,-57.0,57,0,134,0,37f48cce4f717ccf1b801d4d0679c677345a880b80c10546a0689ba2102469dc
65,dqn,665,random,low,18.50729927007299,71.5,8.451666666666666,18,126,-112.06131685107322,137,11,0,1,0,0,300.0,-7.923437665449455,-2.7962124996243816,-44.34166668599937,-57.0,57,1,137,0,f8a15899a20d75b523db4416c44308e3bcfeb11cf89ce76f2d4fcefe99ca9f68
66,dqn,267,random,left_heavy,37.017073170731706,110.5,25.301666666666666,64,117,-178.2766002383162,205,88,27,32,0,0,300.0,-23.565625220304355,-21.4047250501193,-75.30624996789265,-58.0,58,0,232,27,b11aa8f8af945c8fc3efd6877741e84d3cda64004dd0208daa9bac4163f7560a
67,dqn,281,random,left_heavy,34.364102564102566,104.0,22.343333333333334,44,131,-172.1867416456852,195,64,17,24,0,0,300.0,-20.9468752106186,-17.991949996798944,-77.24791643826757,-56.0,56,2,212,17,8bd6c65a86de86842b30c33d09877b6eaaa011887dd182df5ec0c24cf5f61732
68,dqn,296,random,balanced,29.04248366013072,88.0,14.811666666666667,34,123,-135.84492944946462,153,30,0,1,0,0,300.0,-13.885937776998617,-7.117325018131666,-58.841666654334404,-56.0,56,1,153,0,18ac3daa428889b51750b3716f1954a6eba603a86b1e1cf651f77288b01be37c
69,dqn,214,random,balanced,30.495049504950494,103.0,20.533333333333335,43,138,-156.64390429597265,202,64,0,2,0,0,300.0,-19.250000071479008,-12.242862498261097,-68.1510417262325,-57.0,57,0,202,0,ea84b8d4230180cc085458867f689ad098223fd699b396071e378272b68d77b8
70,dqn,538,random,balanced,53.28695652173913,136.5,40.855,116,107,-194.45661687116643,230,123,0,3,0,0,300.0,-36.7515626787208,-33.16026250877405,-68.54479168367106,-56.0,56,0,230,0,d02d3b3c0a8650f1791b65dbd14f015a3cee0fdb8abfe9630cbe0c838e9f1cb7
71,dqn,952,random,left_heavy,41.544392523364486,109.5,29.643333333333334,61,127,-183.8601378417348,214,87,16,22,0,0,300.0,-27.790625257301144,-23.385137532442602,-74.68437505199108,-58.0,58,1,230,16,5dc33c77602798114bcd6f9e1fb69bd3fb03f87e31bbeb6af2220b044a9a1f4c
72,dqn,712,random,balanced,39.29040404040404,142.5,25.93166666666667,63,117,-190.96219184328086,198,81,0,2,0,0,300.0,-24.310937554808334,-20.85333749381098,-89.79791679466143,-56.0,56,1,198,0,1abc6bf7d04fc5f83503de1ed7c0fd4ce6d34f36734b6322147d44c4d3ab81dc
73,dqn,795,random,heavy,26.5,138.0,16.165,55,133,-152.63438758916382,183,50,0,1,0,0,300.0,-15.15468765294645,-8.892200011049136,-71.58749992516823,-57.0,57,1,183,0,201e0f3e93fe22f26ba8519814e1c4e61d754732577eb37c713d636bcc9d7e68
74,dqn,707,random,ns_heavy,30.969444444444445,116.5,18.581666666666667,51,139,-144.62354603802086,180,41,0,1,0,0,300.0,-17.420312768546864,-9.11677501742961,-60.086458252044395,-58.0,58,0,180,0,54b0c223084411f3dcb4e460f5d6523f059559c49a65a389efc2c5f9d3259c50
75,dqn,360,random,low,37.546052631578945,169.0,38.04666666666667,95,172,-203.89865045650302,304,132,0,2,0,0,300.0,-35.66875047539361,-25.404900005486702,-85.82499997562263,-57.0,57,3,304,0,3ac84310f4670bdb914221cb8d2acef68e94ff1262e4805fd8d9ea613f2081e5
76,dqn,843,random,low,16.91578947368421,57.0,5.3566666666666665,15,89,-99.05118339549952,95,6,0,0,0,0,300.0,-5.021875141072087,-1.630349996678706,-34.398958257748745,-58.0,58,1,95,0,72ac29430eafd1ca7fa1b4968e2db08a8089d67120ed3c051e1a21a625462e5c
77,dqn,270,random,left_heavy,40.53529411764706,186.0,22.971666666666668,53,112,-201.37385449014624,170,58,23,28,0,0,300.0,-21.535937758511864,-25.415000036042322,-97.422916695592,-57.0,57,2,193,23,bbbc3af943cbcd65d0a6648c14110c33d2597fb24c3cdf3aadb5f5d9ea28298e
78,dqn,765,random,low,33.44015444015444,97.5,28.871666666666666,78,160,-159.197108408028,259,99,0,2,0,0,300.0,-27.067187599255703,-16.7059624859241,-58.42395832284819,-57.0,57,1,259,0,289470c55722048a8d03584d7dc81c240083454999921505762960f14c61eceb
79,dqn,41,random,left_heavy,43.82432432432432,169.0,37.84,87,135,-227.35655857504395,259,124,27,28,0,0,300.0,-35.47500027308706,-35.7919750357796,-99.08958326617721,-57.0,57,0,286,27,3ff86ecc65355b3fd986c570ea66b9dbf6bdcdbc1240e12a29baeeb3742ad7fb
80,dqn,515,random,balanced,34.37265917602996,142.0,30.591666666666665,76,157,-196.1718292828176,267,110,0,2,0,0,300.0,-28.679687714437023,-20.050474955396925,-90.44166661298368,-57.0,57,0,267,0,705714917e1199776ba8faa67f8b7141c7f21d0b6c9a92901d9f911008bac674
81,dqn,665,random,low,15.656934306569344,57.5,7.15,15,129,-95.90327514311281,137,8,0,1,0,0,300.0,-6.703125150175765,-1.7532749987345606,-31.446874994202517,-56.0,56,0,137,0,f8a15899a20d75b523db4416c44308e3bcfeb11cf89ce76f2d4fcefe99ca9f68
82,dqn,693,random,heavy,32.93255813953488,109.0,23.601666666666667,57,150,-148.11448346936317,215,65,0,2,0,0,300.0,-22.1265625419328,-12.485837508888658,-56.50208341854159,-57.0,57,2,215,0,33b98272e1ac1b8d3769a606e592b12777cf35e0537f326e6aff8bc234ac86bc
83,dqn,103,random,left_heavy,44.39510489510489,164.0,42.33,89,144,-221.98022543963836,286,142,7,11,0,0,300.0,-39.684375450364314,-36.36459998599094,-88.93125000328291,-57.0,57,2,293,7,18edb8d4168b60e66455d7b72d2ff4c754e225f7bb52ebfce3813ecc6d5cfdbd
84,dqn,765,random,low,34.1061776061776,128.0,29.445,63,159,-180.8337837569816,259,100,0,2,0,0,300.0,-27.604687897954136,-18.22076252654006,-77.00833333248738,-58.0,58,2,259,0,289470c55722048a8d03584d7dc81c240083454999921505762960f14c61eceb
85,dqn,40,random,left_heavy,44.77479338842975,183.5,36.126666666666665,71,142,-229.60634589443285,242,100,11,15,0,0,300.0,-33.868750089081004,-36.4417624387781,-102.29583336657379,-57.0,57,2,253,11,9fff2a1f8b5b9875558d6298c602dcd3de1e02f0d957361cd82f1335e91aab6b
86,dqn,193,random,left_heavy,35.32178217821782,126.5,23.785,59,126,-169.90645434498515,202,76,21,26,0,0,300.0,-22.298437605728395,-18.863224994397754,-70.74479174485896,-58.0,58,0,223,21,23a6e56f6b35e98849363d4d5f5b452d4253eb6d467352feb685c582e2382a6c
87,dqn,72,random,low,25.63758389261745,108.5,12.733333333333333,32,108,-135.32690421821604,149,41,0,1,0,0,300.0,-11.9375002294546,-6.728987496966143,-58.66041649179533,-58.0,58,0,149,0,10854c7c8a17c02865d82b0cd83483ae3896be3c3591c30c10cfec6832127267
88,dqn,979,random,low,35.328502415458935,115.5,24.376666666666665,61,148,-165.93080867051975,207,59,0,2,0,0,300.0,-22.853125352063216,-14.366224978518588,-69.71145833993796,-59.0,59,1,207,0,602e7c1cec9051e7be11c844781794916887ad52463311b80e61d2b68f1b0378
89,dqn,505,random,heavy,36.27426160337553,120.5,28.656666666666666,58,154,-171.43698799930644,237,83,0,2,0,0,300.0,-26.865625297883525,-17.374487503726407,-70.1968751976965,-57.0,57,1,237,0,06ccb621074e0eeb4a367963810c8a9dea30337a4521f0d76fe391fe999b8703
90,dqn,539,random,ns_heavy,31.965587044534413,95.0,26.31833333333333,54,146,-161.06090026857643,247,101,0,2,0,0,300.0,-24.673437770456076,-16.95621250275363,-60.43124999536667,-59.0,59,0,247,0,728120cc01ea7d8517ede201f39b3a5f2ed1a8f6bdde01e117fc965068cb0233
91,dqn,466,random,left_heavy,49.85657370517928,194.0,41.715,96,143,-230.81940435431216,251,108,23,24,0,0,300.0,-39.107812746893615,-39.604299984748586,-96.10729162266944,-56.0,56,3,274,23,beecee49f95ee8638999c741c79f5cc23b0180608a66dfb5e2e48e6ed1c06d8a
92,dqn,636,random,ns_heavy,30.573529411764707,98.0,13.86,32,99,-136.8553583496141,136,37,0,2,0,0,300.0,-12.993750080582686,-7.487649994542153,-58.37395827448927,-58.0,58,0,136,0,6c1fc46be2c7716d3de6fda3682d7a131b9405d19de6fce6c7b0aab1795c5d14
93,dqn,214,random,balanced,33.118811881188115,124.5,22.3,63,130,-164.5810040937634,202,72,0,2,0,0,300.0,-20.906250177999027,-12.883087472654001,-73.79166644311044,-57.0,57,0,202,0,ea84b8d4230180cc085458867f689ad098223fd699b396071e378272b68d77b8
94,dqn,672,random,low,33.643153526970956,121.0,27.026666666666667,73,149,-165.8691959848475,241,92,0,2,0,0,300.0,-25.337500202818774,-14.226487499832736,-68.30520828219596,-58.0,58,0,241,0,a287fe145fe6972f4bf922a8aae0a64d7d1c4944aeefaad8cb62b799bf68e18f
95,dqn,423,random,left_heavy,37.95195729537367,153.5,35.555,77,172,-195.79648772358993,281,109,14,16,0,0,300.0,-33.332812675391324,-28.479300047616572,-77.98437500058208,-56.0,56,0,295,14,7ebde6556ac9d12daeaa662cd34947ec6f62dbde121f4341f4ad2716fd368f6f
96,dqn,709,random,heavy,38.46478873239437,160.0,27.31,55,142,-181.06472921258757,213,71,0,2,0,0,300.0,-25.603125119465403,-17.585562477158245,-80.87604161596391,-57.0,57,0,213,0,d175ab3820c4f9a4ea683f098ea0c3b51c71400227b08411ab250c8fd5b47be3
97,dqn,557,random,left_heavy,38.11557788944724,178.5,25.286666666666665,48,133,-199.83913364409153,199,66,3,6,0,0,300.0,-23.70625029108487,-22.946425064664066,-95.18645828834269,-58.0,58,1,202,3,49e1b49a9a4f54d757d29874b8ce60c4f4e80e7186c7db0dc94eabb6d3148bd0
98,dqn,88,random,left_heavy,41.88125,141.0,33.50666666666667,71,141,-200.0702170023885,240,99,26,29,0,0,300.0,-31.412500287871808,-25.344174973755443,-85.31354174076114,-58.0,58,1,266,26,b11ba89cca25825aa4072334a7b64271fb7adf6774b2f617145738bae3644642
99,dqn,452,random,left_heavy,41.20578231292517,122.0,40.38333333333333,68,171,-204.35105024495326,294,123,13,18,0,0,300.0,-37.85937532177195,-29.844799952774324,-80.64687497040723,-56.0,56,0,307,13,e31c2f8bbdec4b5d262bb13dfba5fa0e0af0ba5ce6b0a3eed8249a875eda34aa
100,dqn,77,random,balanced,34.7515923566879,89.0,18.186666666666667,46,125,-150.9720250298684,157,32,0,2,0,0,300.0,-17.050000131712295,-10.918899982510629,-65.00312491564546,-58.0,58,0,157,0,66769b7d63048d7023c157e0e9dd6c3c726a13196b688d44967bb0ff52f5df1b
101,dqn,728,random,heavy,32.596456692913385,82.5,27.598333333333333,61,163,-147.74485035017346,254,91,0,2,0,0,300.0,-25.87343775469344,-14.583912513314136,-51.287500082165934,-56.0,56,0,254,0,43ea3f1b84773fcee4de73cff87914fcf5899870b85b9e76d2e739cca3aa2dbd
102,dqn,300,random,balanced,33.12660944206009,105.0,25.72833333333333,56,159,-163.0228960591637,233,74,0,2,0,0,300.0,-24.120312678976916,-15.434874983810726,-66.46770839637611,-57.0,57,0,233,0,fdaab5e29aa531c9014ba3c319748171b2dcb96e48497de301d95e570c40fd4b
103,dqn,999,random,heavy,31.830985915492956,144.5,22.6,52,149,-193.6895209464906,213,64,0,3,0,0,300.0,-21.18750018114224,-15.128062465829858,-100.37395829951856,-57.0,57,0,213,0,9b1373578232abf7038b7421cdf74ba225d19a88f8091da68014255f39c45f4b
104,dqn,133,random,left_heavy,42.1057268722467,166.5,31.865,69,148,-193.19999180998775,227,79,16,18,0,0,300.0,-29.873437642934732,-25.31301249409225,-84.01354167296086,-54.0,54,0,243,16,43673fc64261f39d23d7c390ffa4b0fb2b4a4d333cc76561576199d7ec76fcfd
105,dqn,552,random,balanced,34.649377593360995,91.5,27.835,61,146,-159.8849125380636,241,95,0,2,0,0,300.0,-26.095312660792843,-16.664599996829207,-60.124999880441464,-57.0,57,0,241,0,7516b7068c82f1ee1f401a3b4f978cbe14bb213c55206e3859f1d1953eb52977
106,dqn,747,random,balanced,36.29962546816479,125.0,32.306666666666665,66,164,-178.52851299353708,267,103,0,2,0,0,300.0,-30.287500393227674,-20.65976250771272,-70.58125009259675,-57.0,57,0,267,0,74804a03a548692a8ddd1973242a28705a0ba63383f6ecc59deb8eab0d2f0c21
107,dqn,480,random,heavy,31.238,144.0,26.031666666666666,58,172,-180.7012044601425,250,78,0,2,0,0,300.0,-24.404687808128074,-14.586100032697862,-85.71041661931667,-56.0,56,0,250,0,607001744f58565ca621b3cc0e30242ecb8254de1206709d6c5cb73462df74d7
108,dqn,473,random,ns_heavy,23.053125,80.0,12.295,31,130,-127.05931270974183,160,30,0,1,0,0,300.0,-11.526562695507891,-4.817125005083655,-52.715625009150244,-58.0,58,0,160,0,2246ffddde29ad3743e9d10824acfa5a038eb0ea18d0838e6338014d2b637e23
109,dqn,729,random,balanced,39.22789115646258,188.5,38.443333333333335,86,155,-222.03247117565692,294,139,0,2,0,0,300.0,-36.04062528477516,-30.68663749506449,-97.30520839581732,-58.0,58,2,294,0,da8550020074e6762e0fddc3a4f5cdd0a85f1e5f3c8998cc429f961f722d6e51
110,dqn,182,random,heavy,31.698492462311556,95.0,21.026666666666667,51,135,-150.99272534582857,199,64,0,1,0,0,300.0,-19.71250039653387,-11.26459998352075,-61.015624965773895,-59.0,59,0,199,0,986d11ffd694e2d94cf06e48fd0d6972873813b15fa6b2c1f9a5e39a5bda2a40
111,dqn,769,random,left_heavy,37.91628959276018,142.0,27.936666666666667,53,156,-182.30659199040824,221,65,25,27,0,0,300.0,-26.190625277813524,-21.3430499861759,-77.77291672641877,-57.0,57,0,246,25,1f426b43257a4e26cab91b666d84973f22ab1d0840bf5cf39ad9a07cd5db45f1
112,dqn,404,random,low,41.25757575757576,126.0,27.23,64,129,-175.06944173872398,198,69,0,2,0,0,300.0,-25.528125196695328,-19.79340000783486,-72.74791653419379,-57.0,57,0,198,0,a15773ee65a7070349d5ffffd03e96ad455e4dade19b01f5547cd93a9a77e597
113,dqn,41,random,left_heavy,42.028301886792455,169.5,37.12833333333333,67,147,-223.85105433191265,265,118,21,23,0,0,300.0,-34.80781268700957,-35.492200019812294,-97.55104162509087,-56.0,56,0,286,21,3ff86ecc65355b3fd986c570ea66b9dbf6bdcdbc1240e12a29baeeb3742ad7fb
114,dqn,197,random,low,24.79475982532751,171.5,18.926666666666666,66,166,-172.94694192801919,229,63,0,1,0,0,300.0,-17.743750294786878,-9.539649997151717,-87.66354163608048,-58.0,58,2,229,0,f485eeea53bee24114151e420dd84f955ddc36922f59531405b1c8e776352c29
115,dqn,458,random,ns_heavy,27.52469135802469,83.5,14.863333333333333,33,110,-139.0545752119221,162,52,0,1,0,0,300.0,-13.93437522847671,-9.070200000511973,-58.049999982933514,-58.0,58,1,162,0,e28e34093a41cfdf12a88829347bf4f08e1a67cf3c6b0f781bef3ebc433a2b11
116,dqn,749,random,ns_heavy,32.606918238993714,99.5,17.281666666666666,49,111,-140.15695423775463,159,48,0,1,0,0,300.0,-16.18593767785933,-11.076225005934248,-54.89479155396111,-58.0,58,0,159,0,47a5bc88d92633c978a45789d4d7219d8d6e6ea482004432208da809ffeb1fc1
117,dqn,710,random,ew_heavy,29.058035714285715,102.0,21.696666666666665,68,134,-144.46385857559352,224,90,0,2,0,0,300.0,-20.34062520414591,-12.399274981264897,-53.723958390182815,-58.0,58,1,224,0,fed5a0f707d810ea30eec60bc4d9ba8951a789b47f972f906f572adb3414363f
118,dqn,401,random,ew_heavy,35.21548117154812,116.0,28.055,76,140,-169.6214835536266,239,99,0,2,0,0,300.0,-26.301562730572186,-20.861587495968696,-65.45833332708571,-57.0,57,1,239,0,6484a516f5fb9d85b9df0ec9b8c93bc6d465dc5b65be19b597c32b52f1f814c5
119,dqn,540,random,ns_heavy,34.91814159292036,161.5,26.305,77,135,-191.0933792151663,226,91,0,2,0,0,300.0,-24.66093754733447,-18.24077501573264,-90.19166665209923,-58.0,58,1,226,0,641bbeac33ced2d8835af27435682d6676b78b921aa2a2916ef47525eeeb2301
120,dqn,853,random,balanced,26.657894736842106,79.5,11.818333333333333,33,99,-126.18954591658188,133,34,0,1,0,0,300.0,-11.079687647288665,-6.407774996782973,-50.70208327251021,-58.0,58,1,133,0,312df65e0593a2a4d5e9a53d43fed692d50c8c032db4e3f34a0ba395734f2cd8
121,dqn,921,random,ns_heavy,31.108938547486034,143.0,18.561666666666667,40,117,-162.854725117491,179,62,0,1,0,0,300.0,-17.40156257164199,-12.503162482682093,-74.95000006316695,-58.0,58,1,179,0,31ffab7d7ade79cd231b87ddd490382ae7c5d25e47fa150df0d2073d6239584d
122,dqn,710,random,ew_heavy,26.464285714285715,91.5,19.76,51,135,-138.62706271844303,224,89,0,2,0,0,300.0,-18.525000202236697,-11.370812497160664,-52.73125001904555,-56.0,56,0,224,0,fed5a0f707d810ea30eec60bc4d9ba8951a789b47f972f906f572adb3414363f
123,dqn,584,random,ns_heavy,30.015765765765767,110.0,22.211666666666666,49,164,-145.50079194503274,222,58,0,2,0,0,300.0,-20.823437809711322,-9.541937499892814,-57.135416635428555,-58.0,58,0,222,0,6447ff4f13ce69f234ff5ba742715fff353dc7a116d9ac071aefec3c27976de6
124,dqn,465,random,ns_heavy,30.26608187134503,137.5,17.251666666666665,38,133,-160.85437924969372,171,38,0,1,0,0,300.0,-16.173437695368193,-9.786150012122377,-76.89479154220317,-58.0,58,0,171,0,071ce8d8b764837e42942758684fc4f62d7fec87702be585d690e0e77d49daea
125,dqn,517,random,left_heavy,42.29185520361991,140.5,31.158333333333335,59,120,-198.6512959741718,221,101,22,27,0,0,300.0,-29.21093757112976,-30.272649960612053,-81.16770844243001,-58.0,58,1,243,22,08afa3683e4385608022cb7e3b9497ecd327424c9624aa19a59326727d9d4912
126,dqn,575,random,low,39.651408450704224,149.0,37.53666666666667,87,161,-202.72091705405703,284,123,0,1,0,0,300.0,-35.19062536628917,-24.476125064725775,-87.05416662304197,-56.0,56,0,284,0,b0a88752af54cdd8ccb985b0a7aec74809045021b3b65a1b4351a3d98bf88ef8
127,dqn,925,random,ns_heavy,33.5242214532872,127.0,32.295,62,163,-177.68472948701307,289,126,0,2,0,0,300.0,-30.276562840212137,-21.488375025994177,-69.91979162080679,-56.0,56,1,289,0,1400ca180edf0a45a7ef775b2600615cfb1d13ce8f412e7c9817851ceb5a3358
128,dqn,999,random,heavy,32.32629107981221,119.0,22.951666666666668,43,146,-158.34813775797295,213,67,0,3,0,0,300.0,-21.51718777604401,-13.024700021952594,-66.80624995997641,-57.0,57,0,213,0,9b1373578232abf7038b7421cdf74ba225d19a88f8091da68014255f39c45f4b
129,dqn,887,random,low,18.87686567164179,59.0,8.431666666666667,24,112,-108.96018355246416,134,22,0,1,0,0,300.0,-7.904687723843381,-2.9190375037702325,-40.13645832485054,-58.0,58,0,134,0,9087c2372ee15534ced63c71443cb1f742e1470de67ee652784e2e8367b58c2d
130,dqn,721,random,left_heavy,47.56122448979592,150.5,54.38333333333333,93,167,-244.2076126686182,343,176,16,19,0,0,300.0,-50.9843751701992,-45.45448745052478,-89.76875004789326,-58.0,58,0,359,16,cc3ad764ddbdb9880659e92504901bb49d126eb571502690c8927b572619fc2e
131,dqn,25,random,left_heavy,27.692028985507246,94.5,12.741666666666667,33,95,-128.27127095012472,138,43,7,11,0,0,300.0,-11.945312678581104,-7.173875009091714,-51.152083262451924,-58.0,58,0,145,7,84dc4fa978fb8a57a33a4a357f4325abdabb70a377b1d153487e8df969b336f0
132,dqn,426,random,balanced,24.676470588235293,96.5,11.186666666666667,36,105,-130.5127001439825,136,31,0,2,0,0,300.0,-10.487500202842057,-4.693949993830028,-59.331249947310425,-56.0,56,0,136,0,ccdd5923dd04d22642880b69de58248e8c73a4a3d15045c688e9205ce86a3ba3
133,dqn,765,random,low,32.8996138996139,98.0,28.403333333333332,65,151,-158.92781273408917,259,108,0,2,0,0,300.0,-26.62812531297095,-17.22156248421525,-57.078124936902896,-58.0,58,0,259,0,289470c55722048a8d03584d7dc81c240083454999921505762960f14c61eceb
134,dqn,395,random,ew_heavy,35.36140350877193,98.0,33.593333333333334,67,180,-168.48673341707982,285,105,0,1,0,0,300.0,-31.493750221212395,-19.790900009970223,-61.20208318589721,-56.0,56,0,285,0,38588a83b63e79fef804ca0e2cffce111180c1c4756753b4eeb0a5f2da342694
135,dqn,658,random,ew_heavy,37.335470085470085,140.5,29.121666666666666,75,145,-185.51012524880872,234,89,0,2,0,0,300.0,-27.30156280461233,-18.18356251029691,-83.02499993389938,-57.0,57,0,234,0,0ff30e07b66e194fa34a0174c3e7b944208de53793b23484d7a75621353e3357
136,dqn,852,random,ns_heavy,37.129629629629626,192.0,43.455,98,171,-220.8931252955526,351,180,3,16,0,0,300.0,-40.73906275292393,-34.122812500136924,-88.03125004249159,-58.0,58,2,354,3,b715e90854fa60c064da66d6bbad42ef7493a7965e21cdc987e6eb760ed6e792
137,dqn,478,random,ns_heavy,39.43016759776536,146.5,23.526666666666667,58,113,-172.65131663964775,179,66,0,1,0,0,300.0,-22.056249982793815,-14.71277499469651,-77.88229166215751,-58.0,58,0,179,0,dfa7fa02fc82a2fe0de5e00deef8c87e7516c1273d00579ebfd98af746207585
138,dqn,630,random,ew_heavy,41.07837837837838,149.0,25.331666666666667,60,111,-181.81627085628637,185,74,0,2,0,0,300.0,-23.74843751383014,-18.431375032506928,-81.63645830994938,-58.0,58,0,185,0,ffd2b90972be11c63be1d744827f213f7c622deee401f3eff1b557237ff07980
139,dqn,614,random,heavy,36.155701754385966,140.5,27.47833333333333,56,140,-188.04347519236765,228,88,0,2,0,0,300.0,-25.760937708895653,-17.85753751008451,-87.42499997338746,-57.0,57,0,228,0,5f6afc00399cb94289175238e2fc6f2c37f5dd6d1c12da6b8a12bd3c15c994dd
140,dqn,695,random,balanced,38.85948905109489,115.0,35.49166666666667,91,155,-181.4291128902354,274,119,0,2,0,0,300.0,-33.0328129590489,-23.793175014982264,-66.60312491620425,-58.0,58,0,274,0,94ca6bda60dde2e09ad14b2ddac97f5f443cc9a34eeca695a2c59311bf52ee38
141,dqn,274,random,left_heavy,40.24834437086093,119.5,40.52,89,163,-199.32240859533113,302,139,4,9,0,0,300.0,-37.987500255112536,-30.620324996741676,-72.71458334347699,-58.0,58,0,306,4,464caeeb404ff5c07cb3f0b2eaea358d5af0fe0fefdda5d3dc1380375edae7cd
142,dqn,161,random,low,30.63170731707317,103.5,20.93166666666667,50,141,-165.114925398225,205,64,0,2,0,0,300.0,-19.62343782442622,-14.65711249256419,-72.83437508123461,-58.0,58,1,205,0,e7ddaa838673721e1cb01a08649d5299a2cdfd9fff826655f2e35102c00ce18f
143,dqn,264,random,balanced,37.98511904761905,127.5,21.27166666666667,53,112,-160.83160850662537,168,56,0,3,0,0,300.0,-19.942187794367783,-12.774837469805792,-70.11458324245177,-58.0,58,0,168,0,73f329d58f7a00b8f2ce80b4a30402bdce9261a445fee5bf30baf2bae844c535
144,dqn,444,random,heavy,33.408366533864545,83.5,27.951666666666668,58,151,-160.86814185683534,251,100,0,2,0,0,300.0,-26.204687744029798,-18.93116251109095,-57.73229160171468,-58.0,58,0,251,0,ce33ce1144962693e1a066ec106f97caacb2d22b88aec8cddcb42b2b68d12425
145,dqn,936,random,heavy,34.48054474708171,117.0,29.538333333333334,68,159,-169.56679190114878,257,98,0,1,0,0,300.0,-27.69218782079406,-18.132937506207234,-67.74166657414753,-56.0,56,1,257,0,edacc4545fa970a97c2ca37ead33660d2dee923af26469c1dd4769f22faaa98c
146,dqn,17,random,heavy,24.820945945945947,112.0,12.245,28,120,-130.85080023791159,148,28,0,1,0,0,300.0,-11.479687803192064,-5.136737494673432,-57.23437494004611,-57.0,57,0,148,0,2eff2af0c12cfb2480e3d6c0691b366ff4fdb48e75c2b144f5d01e7863a95103
147,dqn,727,random,balanced,34.676923076923075,139.0,22.54,47,120,-187.68585438506202,195,75,0,2,0,0,300.0,-21.131250260048546,-16.97856246322845,-92.57604166178498,-57.0,57,0,195,0,a1ca146bf4a66843d8c7fcfa7a463c9b68010a599153c25ad52c8095269ddba0
148,dqn,537,random,ns_heavy,35.52074688796681,100.0,28.535,61,165,-168.17843355321006,241,76,0,1,0,0,300.0,-26.751562810037285,-17.412287473456676,-68.01458326971624,-56.0,56,0,241,0,614c1262c62b992a1638349d5b9e1fb1108940c57714d81172bb150f1694ea7e
149,dqn,711,random,ew_heavy,42.5287610619469,202.0,32.038333333333334,61,148,-208.83954591713632,226,78,0,2,0,0,300.0,-30.035937636042945,-25.654649930910825,-97.14895835018251,-56.0,56,1,226,0,ecd8d68f35661f79bc1aa36ac5f2031e9bee8f9f925b4c4659e510798ffd416a
150,dqn,21,random,ns_heavy,29.896265560165975,119.5,24.016666666666666,55,166,-167.24069198500877,241,75,0,2,0,0,300.0,-22.515625332831405,-12.84902500222015,-76.87604164995719,-55.0,55,0,241,0,3660173dc164fa1364ff5e75c68a5eaa7401d80a3012b56f10f7425f8b254d13
151,dqn,52,random,low,36.4,98.5,22.446666666666665,51,124,-149.99568774365827,185,61,0,1,0,0,300.0,-21.043750189011917,-12.251937524075759,-60.70000003057066,-56.0,56,0,185,0,75e73a14d8c3db5e1847137b89cb5e961f772f8f00c7a9ba203bcecc5553251c
152,dqn,651,random,low,44.33516483516483,153.0,40.345,96,147,-207.62468325423032,273,126,0,2,0,0,300.0,-37.823437435901724,-32.0147875177856,-80.78645830054302,-57.0,57,0,273,0,8c50855487b777d8a74ec1694ec6c4517767c9b33941b1adfa4ff5022570e939
153,dqn,205,random,left_heavy,39.60515021459227,122.5,30.768333333333334,65,139,-201.79420433670393,233,94,21,25,0,0,300.0,-28.84531273553148,-26.81034998409087,-89.1385416170815,-57.0,57,0,254,21,89af6512ac5f388c5f51946375b1edc3904205886e6b5fc65b8893d1fc3de4ac
154,dqn,146,random,low,34.997844827586206,143.0,27.065,58,155,-179.82298777013776,232,77,0,2,0,0,300.0,-25.373437741422094,-16.815174976887644,-83.6343750518281,-54.0,54,1,232,0,ffaf29ca8651762fd31032234c7453e37d15f731ff060ae8251ffd308b6fc2bd
155,dqn,382,random,balanced,32.941947565543074,115.5,29.31833333333333,61,172,-165.74981687674364,267,95,0,3,0,0,300.0,-27.485937722376548,-14.95658749332724,-67.30729166103993,-56.0,56,0,267,0,ac4e266923b80c6a97cba4387090b49111df7b78f19acb31b8a3aee4fd62d53a
156,dqn,75,random,left_heavy,42.3390625,154.0,45.165,102,165,-212.6008795894297,320,155,8,12,0,0,300.0,-42.34218764631078,-33.86390003024934,-80.39479191286955,-56.0,56,0,328,8,ccc520ebfde8f3f27ae285467bc833cc37cb7e52dab327cf602d4b95c07acba6
157,dqn,634,random,ew_heavy,28.39387755102041,135.5,23.188333333333333,45,167,-159.44889611841143,245,78,0,2,0,0,300.0,-21.739062813692726,-11.867124997749489,-69.84270830696914,-56.0,56,1,245,0,d06c9aa2627c238ec71553e90c221d91b9053ad0bec728c9cff51b888973e398
158,dqn,165,random,left_heavy,43.195205479452056,146.0,42.045,90,177,-203.40965438623604,292,115,19,21,0,0,300.0,-39.41718772763852,-28.644549987871862,-80.34791667072568,-55.0,55,0,311,19,1c7ae3683120b7d3050b469acfbe6f13e5e620cd52d7ed0cb8d7c6ae4983f121
159,dqn,257,random,heavy,44.43089430894309,146.5,54.65,110,170,-225.76585452854164,369,199,0,2,0,0,300.0,-51.23437533725519,-40.29293751310971,-77.23854167817626,-57.0,57,0,369,0,a3e887b14dadf2dfea389dcd5dbfcb42653ea044ebf5504501aa9ff2303f02cf
160,dqn,418,random,left_heavy,36.57013574660633,110.5,26.94,62,140,-171.97687097310336,221,81,34,38,0,0,300.0,-25.256250199279748,-20.17478749479415,-71.54583327902947,-55.0,55,0,255,34,4e09c798d6527f1d560e9828eb0d30c88179c1ad637cd6d038f651b13a88effb
161,dqn,610,random,ew_heavy,25.45631067961165,74.5,8.74,21,82,-111.68651691585329,103,21,0,1,0,0,300.0,-8.19375017110724,-4.026100003798637,-44.4666667409474,-55.0,55,0,103,0,6a2102d9ca988596d7fd8391e5bb86062705bbd6b6c3cf833262cbf095738e21
162,dqn,490,random,left_heavy,39.33472803347281,142.5,31.341666666666665,69,144,-189.32367952883584,239,95,13,18,0,0,300.0,-29.38281280884985,-22.355450052007654,-79.58541666797828,-58.0,58,1,252,13,56a8fc536c965e35de2f55975f1ef3d478f676bc619d966108c4b6c2852075e0
163,dqn,646,random,left_heavy,30.324137931034482,104.0,14.663333333333334,35,94,-142.57195026013147,145,51,10,14,0,0,300.0,-13.746875242795795,-10.006325010606817,-60.818750006728806,-58.0,58,0,155,10,b9cc9fb72717adfd257743e4536596ccd7e4b5edc363ac71236c5883961d72a8
164,dqn,252,random,low,30.430131004366814,142.0,23.22833333333333,55,166,-171.4818501149762,229,63,0,2,0,0,300.0,-21.776562608312815,-13.405287482984564,-79.30000002367888,-57.0,57,1,229,0,94df5b4fc460b705fe437a07af4710a8f8e54c0aa03ce370f2fb70aa497ed0f8
165,dqn,616,random,ew_heavy,33.069169960474305,97.5,27.888333333333332,64,147,-161.76017944390557,253,106,0,2,0,0,300.0,-26.145312746986747,-18.095074993596786,-61.51979170332197,-56.0,56,0,253,0,3a4a14d9a7d278ef3f4905d025b586ccb37f619cd3d025d04582ce9615d52e28
166,dqn,624,random,ns_heavy,22.233532934131738,70.5,12.376666666666667,37,128,-119.73584177146913,167,39,0,2,0,0,300.0,-11.60312517627608,-5.2348000032339765,-45.897916591959074,-57.0,57,0,167,0,94a11bf2d7252ac722ef0bfd76ed5bb2828e729d18e7d06f83d17250af5832c9
167,dqn,220,random,heavy,30.17427385892116,93.0,24.241666666666667,75,147,-153.61478790188704,241,94,0,2,0,0,300.0,-22.72656286950223,-15.810100020044775,-58.078125012340024,-57.0,57,0,241,0,cf330d3355edc1217b54389faa613f0e8645c24178fbbb582448f329b37ea4c3
168,dqn,608,random,ew_heavy,32.37310606060606,112.0,28.488333333333333,62,165,-164.8010500296026,264,99,0,2,0,0,300.0,-26.70781267923303,-16.796362484829306,-65.2968748655403,-56.0,56,1,264,0,928b1135c5956601902d0fbd9854528f3e563a12ac44cb113f11503328323a6a
169,dqn,287,random,low,37.46153846153846,137.0,27.596666666666668,62,132,-169.69219602017478,221,89,0,2,0,0,300.0,-25.871875183307566,-18.386987472901094,-70.43333336396609,-55.0,55,0,221,0,1e498703ed468e425a3fddc465a7c807aa95864943e952eb9cef5e7b2f38f21c
170,dqn,215,random,low,32.17943548387097,101.5,26.601666666666667,61,144,-170.0606085515989,248,104,0,2,0,0,300.0,-24.93906264961697,-18.853837557131193,-71.26770834485069,-55.0,55,1,248,0,bf678b3241ca3fd07761d204298757116fc98dd81caac2e7a77f32d5f38d4254
171,dqn,604,random,ns_heavy,23.029411764705884,91.0,10.44,25,98,-128.946096004491,136,38,0,1,0,0,300.0,-9.78750022011809,-5.684637494074558,-61.47395829029847,-52.0,52,0,136,0,8dae6e9ada55413df9f9f2a5fe648dfecf231c8516928aa8a5c8e0feea02a882
172,dqn,383,random,ns_heavy,37.439236111111114,117.5,35.943333333333335,78,169,-183.43988346277843,288,119,0,2,0,0,300.0,-33.69687526719645,-23.790924970569176,-70.95208322501276,-55.0,55,0,288,0,32dfa3e108c7b2b1f347ddffd3e06e6af888b9a34712f4ec915ba6a3d987b169
173,dqn,554,random,left_heavy,34.49209486166008,153.5,29.09,59,148,-185.90788375371267,253,105,22,27,0,0,300.0,-27.271875463076867,-22.987049952094814,-80.64895833854098,-55.0,55,0,275,22,1357acea26deba285d711896a9b91cedb2815e1276744ee5a2d0c94f1f8b40af
174,dqn,932,random,ns_heavy,28.829646017699115,105.0,21.718333333333334,55,171,-153.15618361994265,226,55,0,1,0,0,300.0,-20.360937769291922,-11.79628750444971,-66.9989583462011,-54.0,54,0,226,0,f0656e04c11bde5e78ef8fed9d64556e11cb70395092fc1ec3d0c7e874edbbfe
175,dqn,922,random,low,36.53349282296651,133.0,25.453333333333333,73,113,-185.9482333548432,209,96,0,2,0,0,300.0,-23.634375103050843,-15.193025016348837,-93.12083323544357,-54.0,54,0,209,0,d21f4bcb7fe884a5b317792e90ee3eec015b623e383e3f1bad144bfc8d665446
176,dqn,495,random,balanced,38.0018115942029,98.5,34.961666666666666,87,157,-171.00180437778977,276,119,0,2,0,0,300.0,-32.77656271576416,-22.074200004711013,-59.151041657314636,-57.0,57,1,276,0,18fc813500b7b88232832ddc200e22591481bd579faa6bf65b73cb724a09f9b1
177,dqn,212,random,balanced,22.095092024539877,96.5,12.005,29,135,-117.13177516433429,163,28,0,1,0,0,300.0,-11.254687747219577,-4.789587498116455,-48.08749991899822,-53.0,53,0,163,0,c9fc0d8c4dc8bf92610f5cc8c4dca6b6072a52866b528ed588d79e755810ffd8
178,dqn,815,random,low,42.43202416918429,120.5,46.81666666666667,98,179,-213.1910920285438,331,152,0,2,0,0,300.0,-43.890625269850716,-34.33067506705917,-78.96979169163387,-56.0,56,0,331,0,6f974eb5b68496665b90463eed9cd2e0b246a9c83e4a6c5a12cd120f14cc5a51
179,dqn,318,random,balanced,32.57707509881423,112.0,27.473333333333333,80,151,-154.5738377741668,253,102,0,2,0,0,300.0,-25.75625023851171,-15.50196250021836,-58.315625035436824,-55.0,55,1,253,0,bad8acf6ae8bf1d2e297303d4d97064ec72a24903ba76ed52b74cf34cd8221e0
180,dqn,683,random,low,41.43471810089021,132.0,46.545,92,173,-213.69027096875794,337,164,0,3,0,0,300.0,-43.63593773217872,-35.50224991508149,-78.55208332149778,-56.0,56,0,337,0,b43f2bc30e09cc3cfaa1cbc85e5215cc26d36572619857bd43923a91622aaf16
181,dqn,115,random,left_heavy,35.54736842105263,101.0,22.516666666666666,45,111,-160.56746691464576,190,79,12,16,0,0,300.0,-21.109375196043402,-15.119549993766848,-69.33854172483552,-55.0,55,0,202,12,df78e1dd319f4974a6bd0d90c6c4ebb2128214f73e034753fef6ae06df39ec65
182,dqn,653,random,ns_heavy,35.39017341040462,112.0,20.408333333333335,49,124,-155.59277529023026,173,49,0,2,0,0,300.0,-19.132812778116204,-12.513087502777497,-68.94687500933651,-55.0,55,0,173,0,c0f25505544653358d94466601465eb138bdfd3449d3fc2f4ab8bdb5fba59b40
183,dqn,463,random,heavy,26.462450592885375,98.0,22.316666666666666,44,183,-148.01969172322802,253,70,0,2,0,0,300.0,-20.921875237021595,-10.865524982746145,-64.23229150346015,-52.0,52,0,253,0,631e202584a83d427c8284f7678f0175dedb62c23821fdd45737ccaf3769d157
184,dqn,884,random,ew_heavy,41.318815331010455,124.0,39.528333333333336,73,164,-195.01602531974413,287,123,0,2,0,0,300.0,-37.057812818326056,-26.720712540137907,-74.23749996128026,-57.0,57,0,287,0,0dab51862f3b4475719cdf8c0f7875cc7553adb15be8a640b2b9f22d1792a543
185,dqn,176,random,ns_heavy,33.51945525291829,117.5,28.715,67,165,-173.2115584198917,257,92,0,2,0,0,300.0,-26.920312576578,-19.320412502071857,-72.97083334124181,-54.0,54,0,257,0,bdf88e828a2cbc961f159d573e616bd3cfbc6993bab18c0dd6d0902ee4ad2219
186,dqn,44,random,heavy,26.65776699029126,128.0,18.305,44,157,-150.1058668574428,206,49,0,2,0,0,300.0,-17.160937680397183,-8.93138749477148,-70.01354168227408,-54.0,54,1,206,0,be5356b26df6e1f543a3b33ea3a5ffe69caabefb3edd0045bae4de463cf2a196
187,dqn,488,random,low,28.6875,91.0,20.656666666666666,45,147,-146.92103347546433,216,69,0,2,0,0,300.0,-19.365625221049413,-11.022074998854803,-60.53333325556014,-56.0,56,1,216,0,f4f3e7519ea4b6edb2071c47320adce1c10a4dbd6edf63f9a3cd58606a5b50e4
188,dqn,552,random,balanced,24.819502074688796,89.5,19.938333333333333,41,183,-143.11900429459706,241,58,0,2,0,0,300.0,-18.69218773790635,-9.000775008899657,-60.4260415477911,-55.0,55,0,241,0,7516b7068c82f1ee1f401a3b4f978cbe14bb213c55206e3859f1d1953eb52977
189,dqn,385,random,low,35.29251700680272,117.0,34.586666666666666,76,168,-183.9703917955272,294,126,0,2,0,0,300.0,-32.42500020493753,-23.503724948176387,-73.04166664241347,-55.0,55,0,294,0,0b8925119d2c6fccbc76f3474ec3d26d59ce5b4597b767803c16e29f97012a87
190,dqn,896,random,left_heavy,41.772887323943664,159.5,39.54833333333333,73,169,-215.55145868574826,284,115,13,16,0,0,300.0,-37.07656292116735,-32.83531251535386,-91.63958324922714,-54.0,54,0,297,13,7f4c4c5662e7293d786a0f1992f6a7b171c963ab4b60886e9738179fb962b533
191,dqn,790,random,balanced,30.866812227074234,93.0,23.561666666666667,53,151,-145.19561273547086,229,78,0,2,0,0,300.0,-22.08906277047936,-13.794049988623737,-54.31249997636769,-55.0,55,0,229,0,66fb49dd741d6d624559d448eadd06ca9e9f162bfd9125da43b4ee79408ca8d3
192,dqn,551,random,ns_heavy,22.726315789473684,129.5,14.393333333333333,33,146,-134.81755031942805,190,44,0,2,0,0,300.0,-13.493750305962749,-5.630049998354663,-61.69375001511071,-54.0,54,0,190,0,c82af9c3f3a0fc4c4e3cf99bbbf98c952d3923fcbd7f3d715a104b4d71d690ab
193,dqn,372,random,left_heavy,38.32420091324201,127.5,27.97833333333333,65,121,-166.8731543623922,219,98,18,19,0,0,300.0,-26.22968769434374,-18.52679999657776,-69.11666667147074,-53.0,53,1,237,18,6b5831900879c4868efc5846ef037e7ec27ff6c22570a9de11effff528e972bd
194,dqn,17,random,heavy,19.94256756756757,100.0,9.838333333333333,25,131,-125.13914188147685,148,17,0,1,0,0,300.0,-9.22343772824388,-4.064662501087151,-59.851041652145796,-52.0,52,0,148,0,2eff2af0c12cfb2480e3d6c0691b366ff4fdb48e75c2b144f5d01e7863a95103
195,dqn,123,random,balanced,16.2972972972973,68.5,6.03,16,102,-92.28625429233216,111,9,0,1,0,0,300.0,-5.65312511776574,-1.850837503072398,-32.78229167149402,-52.0,52,1,111,0,74a76abc2d6a01ae3d3b512783dfefc6cb6aacccd51deade644c6b990ea6c72c
196,dqn,940,random,left_heavy,35.342794759825324,113.0,26.986666666666668,61,150,-173.49063791268497,229,79,3,7,0,0,300.0,-25.300000384799205,-20.287512500109003,-72.9031250277767,-55.0,55,1,232,3,356e2795385ec654d3d4d42251b47e2b1417ae61d03cf7b18e0f560ddf8969e7
197,dqn,723,random,heavy,20.14245810055866,89.0,12.018333333333333,33,150,-117.93880435517568,179,29,0,2,0,0,300.0,-11.267187664634548,-4.201824999838572,-48.46979169070255,-54.0,54,1,179,0,4abf4b44750d94c4486b109d33de84b328493aeccec99f5c6bf369cbbe4a7841
198,dqn,741,random,left_heavy,28.4,89.0,17.045,34,130,-138.01412512977407,180,50,9,13,0,0,300.0,-15.979687773855403,-8.615687506955876,-58.41874984896276,-55.0,55,0,189,9,142fdfa34f62d7c23ec2e881d528b789f632320690fb9af0464a881b73f4b87b
199,dqn,648,random,balanced,32.44214876033058,109.5,26.17,52,158,-170.31980020265692,242,84,0,2,0,0,300.0,-24.534375320421532,-15.354175004215355,-73.43124987802003,-57.0,57,1,242,0,a32a98b8d39e36e4e305e11c30525ee1c4159324b739e566d4b67a3b860b4a78
200,dqn,380,random,left_heavy,41.43993993993994,120.5,46.005,85,169,-210.56458776330473,333,164,31,35,0,0,300.0,-43.129687710665166,-33.94740004944978,-78.48750000318978,-55.0,55,0,364,31,78c787be44bd489724dc7339cdbb5f107feb0e2cf3b377cdc29afd2205df385e
201,dqn,788,random,left_heavy,31.907239819004523,116.0,23.508333333333333,50,149,-168.57077961881365,221,72,5,10,0,0,300.0,-22.03906298102811,-14.155675005989176,-75.3760416317964,-57.0,57,0,226,5,44705813f6f7e5a7055446763803e7be36835fec1ae096d7c7d1add03bf0a272
202,dqn,182,random,heavy,24.741206030150753,82.5,16.411666666666665,37,154,-130.9410502177088,199,45,0,1,0,0,300.0,-15.38593766395934,-7.32073750636846,-56.234375047381036,-52.0,52,1,199,0,986d11ffd694e2d94cf06e48fd0d6972873813b15fa6b2c1f9a5e39a5bda2a40
203,dqn,814,random,ns_heavy,20.415384615384614,52.5,8.846666666666666,24,110,-100.8116627448493,130,20,0,1,0,0,300.0,-8.293750209966674,-2.8241624983515066,-36.69375003653113,-53.0,53,1,130,0,44fe3665691d26bacecaf1df9c2652941cad724b72f9b5c85a56d78a82db142e
204,dqn,22,random,heavy,19.106145251396647,91.0,11.4,25,157,-127.14823337860805,179,22,0,2,0,0,300.0,-10.687500168103725,-5.311774998157493,-61.14895821234677,-50.0,50,0,179,0,414d8d9a7520942d3e158b7941d414cc579f5f07b2ceae3d2c2f3ca8e6a86e02
205,dqn,123,random,balanced,12.427927927927929,64.5,4.598333333333334,14,105,-84.53695005583722,111,6,0,1,0,0,300.0,-4.310937579604797,-1.0791374979089594,-27.146874978323467,-52.0,52,0,111,0,74a76abc2d6a01ae3d3b512783dfefc6cb6aacccd51deade644c6b990ea6c72c
206,dqn,931,random,heavy,30.816582914572866,156.0,20.441666666666666,45,150,-172.74159604141528,199,49,0,1,0,0,300.0,-19.164062717813067,-12.047325019310664,-86.53020830429159,-55.0,55,0,199,0,00d0c25b4a0640b2e15c85a1025c6f770a8405455215fe2a98ac33a7cfb116ec
207,dqn,738,random,left_heavy,41.19144981412639,123.0,36.93833333333333,63,145,-204.720983605741,269,124,10,14,0,0,300.0,-34.629687769920565,-30.201712538164426,-85.88958329765592,-54.0,54,0,279,10,76907cd7e7e2b0759999660518020597fa9ad954390d9d055b572315093f0859
208,dqn,835,random,heavy,20.343575418994412,79.5,12.138333333333334,28,144,-112.72131265256674,179,35,0,1,0,0,300.0,-11.379687714739703,-4.504125011378345,-44.8374999264488,-52.0,52,0,179,0,f44ab6f5c93995380facc61389d23c1c4118a1ea3c0f44bc2fef25fe60e1a07c
209,dqn,650,random,low,38.95454545454545,156.0,31.423333333333332,66,153,-189.78932530814714,242,89,0,2,0,0,300.0,-29.459375321515836,-21.686200028144967,-84.6437499584863,-54.0,54,0,242,0,e3db086946e9fb625013588cd1f967be4a4dfdf922403475760a3d068ea716b5
210,dqn,127,random,left_heavy,37.62785388127854,112.0,27.471666666666668,68,128,-171.2128252724258,219,91,19,23,0,0,300.0,-25.754687739768997,-20.258137489978967,-71.20000004267786,-54.0,54,0,238,19,64074d339fa9975167c4aa42744ac2164638804e325f69571e0f8376ddeaa629
211,dqn,217,random,heavy,34.34963768115942,156.5,31.601666666666667,68,176,-191.89932542195172,276,100,0,2,0,0,300.0,-29.626562926801853,-20.788387472565223,-86.48437502258457,-55.0,55,1,276,0,ef77270ba31ebdc2fd2e16f8603233975b84a3fed569188187a0c24f7c1d9633
212,dqn,162,random,left_heavy,39.85897435897436,145.0,31.093333333333334,60,137,-180.45401263864412,234,97,0,5,0,0,300.0,-29.150000254856423,-23.269637458596133,-76.03437492519151,-52.0,52,0,234,0,c386d88f10736dfea8583ec879dac340a33edf87aa13849215872051e3a70cdd
213,dqn,344,random,ns_heavy,36.572390572390574,125.0,36.20666666666666,72,162,-193.96753765563835,297,135,0,3,0,0,300.0,-33.94375017366838,-28.401912458617154,-75.62187502335291,-56.0,56,0,297,0,a2bd168242605747b22fe5ee06cf71c94a7e31639b4072effb9ec28b84ec71a5
214,dqn,710,random,ew_heavy,22.613839285714285,85.5,16.885,40,153,-130.12016243739782,224,71,0,2,0,0,300.0,-15.82968762028031,-9.759224997212007,-55.5312498199055,-49.0,49,0,224,0,fed5a0f707d810ea30eec60bc4d9ba8951a789b47f972f906f572adb3414363f
215,dqn,432,random,heavy,28.120320855614974,97.5,17.528333333333332,42,132,-137.44576274756042,187,55,0,2,0,0,300.0,-16.432812768383883,-8.606700004205782,-59.406249974970706,-53.0,53,0,187,0,6fcec0592340d3a15c95ecc4fef2dd653cd1ce584fe407794f67f0c6ba56ebd0
216,dqn,140,random,left_heavy,36.18181818181818,111.0,27.866666666666667,62,146,-176.55358777053826,231,85,21,25,0,0,300.0,-26.125000284635462,-21.762962518475984,-73.665624967427,-55.0,55,0,252,21,a828061f091f1640a077b31cdd7c46c867deaff786d78e2f94d31d0fa0f60041
217,dqn,457,random,ns_heavy,33.93814432989691,89.5,21.946666666666665,48,127,-147.9857460467909,194,67,0,2,0,0,300.0,-20.575000203331,-14.071162501845539,-58.33958334161434,-55.0,55,0,194,0,ab2dfecb4efe52c69f34cc6aab3ec385c998550696e107b1a206be7548127c7f
218,dqn,571,random,low,25.147058823529413,60.5,17.1,55,151,-116.44753787031875,204,53,0,2,0,0,300.0,-16.031250322586857,-6.360037502539491,-38.05625004519243,-56.0,56,0,204,0,e0542ac0898f128937ff393e88f79352dc0cd44c6d9aabad0f54a8577c43ccc7
219,dqn,102,random,ew_heavy,30.189075630252102,83.0,23.951666666666668,68,161,-141.46252102358625,238,77,0,2,0,0,300.0,-22.454687800840475,-12.927624993262727,-52.080208229483105,-54.0,54,0,238,0,0a94fd57d5e955edbd6ab03c5bc9359f090c1468f83f0d4207b47755743da6bc
220,dqn,363,random,balanced,29.504032258064516,108.0,24.39,51,165,-151.0475001672391,248,83,0,2,0,0,300.0,-22.86562522407621,-14.181875009170463,-64.99999993399251,-49.0,49,0,248,0,3424e6e045eeac004b83aab826b99ed358a68f25aa0497ce0ea300271416ac57
221,dqn,843,random,low,18.894736842105264,79.5,5.983333333333333,14,84,-104.49996675314247,95,11,0,0,0,0,300.0,-5.609375105123036,-2.102049995640846,-45.788541652378626,-51.0,51,2,95,0,72ac29430eafd1ca7fa1b4968e2db08a8089d67120ed3c051e1a21a625462e5c
222,dqn,577,random,ew_heavy,36.74496644295302,99.5,18.25,38,104,-140.5658458236408,149,45,0,1,0,0,300.0,-17.10937511222437,-11.326262470012441,-61.130208241404034,-51.0,51,0,149,0,bf503f8cbd8d84614a208caf3f9cd4b5b35429741a576577c06d1cc1131c79aa
223,dqn,894,random,ew_heavy,27.623430962343097,91.5,22.006666666666668,50,153,-155.91047524896484,239,86,0,2,0,0,300.0,-20.631250353064388,-13.776099997018893,-68.50312489888165,-53.0,53,1,239,0,ea4080d54d0b2007c5908d0cc9a071c307d8b2de0d15c0101d2d7b51bca71341
224,dqn,644,random,left_heavy,42.1905737704918,126.0,34.31666666666667,75,146,-183.1249169567199,244,98,15,19,0,0,300.0,-32.17187528021168,-21.49575001463017,-73.45729166187812,-56.0,56,0,259,15,39e6523d0e586ce27988166a4cdb8ee700344fac847e5cc60220dc3a1a8b2d06
225,dqn,610,random,ew_heavy,19.0,73.0,6.523333333333333,18,93,-93.15060008628932,103,10,0,1,0,0,300.0,-6.115625141654164,-2.1943500005610996,-35.84062494407408,-49.0,49,0,103,0,6a2102d9ca988596d7fd8391e5bb86062705bbd6b6c3cf833262cbf095738e21
226,dqn,301,random,ns_heavy,26.805309734513273,82.5,20.19333333333333,49,179,-130.8269252027073,226,47,0,1,0,0,300.0,-18.93125027185306,-9.117549999935,-54.77812493091915,-48.0,48,2,226,0,9dbc89037759de63558948d1e18f226df49b2439b1cd0b0d4351f53d80e347f7
227,dqn,424,random,ns_heavy,20.819905213270143,120.5,14.643333333333333,44,162,-133.3804960537695,211,49,0,3,0,0,300.0,-13.728125234600157,-7.109662502700671,-62.542708316468634,-50.0,50,1,211,0,19f2d2b6b7ef2d4215aa6d76aca703cd05e60910ace1c9df9725ab9c234affd4
228,dqn,301,random,ns_heavy,27.88053097345133,91.5,21.003333333333334,54,154,-142.54287499104754,226,72,0,1,0,0,300.0,-19.69062516838312,-10.65850001244471,-59.19374981021974,-53.0,53,1,226,0,9dbc89037759de63558948d1e18f226df49b2439b1cd0b0d4351f53d80e347f7
229,dqn,657,random,ns_heavy,40.57665505226481,130.5,38.818333333333335,75,174,-189.68717133122465,287,113,0,1,0,0,300.0,-36.392187884659506,-24.130400039572123,-72.16458340699319,-57.0,57,0,287,0,73a6ef24cc3fe187e460186d9e2815836177a8c4bcbcdd1310379f0923040612
230,dqn,188,random,ew_heavy,35.73639455782313,115.0,35.02166666666667,75,165,-175.9204170283883,294,129,0,3,0,0,300.0,-32.83281282696407,-22.067812520454016,-65.01979168097023,-56.0,56,0,294,0,cd5e1cf1aa4de7cd5fc938361d98febf02194717de52bf1b2d090f8d7577d587
231,dqn,809,random,ew_heavy,28.66044776119403,108.0,12.801666666666666,40,96,-122.13156686445437,134,38,0,1,0,0,300.0,-12.001562654739246,-7.463337528535338,-56.66666668117978,-46.0,46,1,134,0,37f48cce4f717ccf1b801d4d0679c677345a880b80c10546a0689ba2102469dc
232,dqn,959,random,ns_heavy,31.484375,105.0,30.225,69,180,-161.60264188057852,288,108,0,2,0,0,300.0,-28.335937727242708,-15.912537536999299,-65.35416661633644,-52.0,52,2,288,0,e86a526b3b04f54e585acefc9df10dd628637343249122a882796ed8cf8c0d39
233,dqn,270,random,left_heavy,27.587912087912088,87.0,16.736666666666668,38,128,-130.52632114242954,182,54,11,19,0,0,300.0,-15.690625197603367,-9.26173751007955,-58.5739584347466,-47.0,47,0,193,11,bbbc3af943cbcd65d0a6648c14110c33d2597fb24c3cdf3aadb5f5d9ea28298e
234,dqn,442,random,left_heavy,32.507075471698116,133.0,22.98,48,140,-162.67586699093007,212,72,13,17,0,0,300.0,-21.54375023499597,-15.12482499691905,-72.00729175901506,-54.0,54,0,225,13,3c815877c75ac3792b00c20d8e0ba86c81c6674cee8b56b16f338d25af9a65c9
235,dqn,747,random,balanced,41.0,151.5,36.49,77,160,-193.50917529803206,267,107,0,2,0,0,300.0,-34.20937528985087,-25.352925029578188,-82.94687497860286,-51.0,51,1,267,0,74804a03a548692a8ddd1973242a28705a0ba63383f6ecc59deb8eab0d2f0c21
236,dqn,65,random,ns_heavy,32.97260273972603,112.5,24.07,49,157,-161.25626260707574,219,62,0,2,0,0,300.0,-22.56562524056062,-14.831262505631452,-73.85937486088369,-50.0,50,0,219,0,2f6620695537c5d4c628d16d3a167bd4d2b13ca118834fdc9137e318f517efd1
237,dqn,843,random,low,20.294736842105262,84.5,6.426666666666667,17,81,-101.60330428145896,95,14,0,0,0,0,300.0,-6.025000144727528,-2.317887502001395,-46.26041663473006,-47.0,47,2,95,0,72ac29430eafd1ca7fa1b4968e2db08a8089d67120ed3c051e1a21a625462e5c
238,dqn,495,random,balanced,28.768115942028984,81.5,26.466666666666665,71,183,-145.7904170517162,276,93,0,2,0,0,300.0,-24.812500348780304,-14.46437499598178,-56.51354170695413,-50.0,50,1,276,0,18fc813500b7b88232832ddc200e22591481bd579faa6bf65b73cb724a09f9b1
239,dqn,343,random,balanced,14.616504854368932,74.0,5.0183333333333335,12,95,-94.50971671777592,103,8,0,1,0,0,300.0,-4.704687613644637,-1.8414875017646406,-40.963541602366604,-47.0,47,3,103,0,1b593db1dd080d638178dd85fa7f584adb57dba05c9a93f8075bf791fbe37b64
240,dqn,651,random,low,40.21062271062271,113.5,36.59166666666667,74,162,-186.54409577835827,273,111,0,2,0,0,300.0,-34.30468757811468,-25.387324974858338,-73.85208322538529,-53.0,53,0,273,0,8c50855487b777d8a74ec1694ec6c4517767c9b33941b1adfa4ff5022570e939
241,dqn,648,random,balanced,30.81198347107438,121.5,24.855,60,169,-166.26368768295572,242,73,0,2,0,0,300.0,-23.30156269739382,-15.646500008449218,-74.31562497711275,-53.0,53,0,242,0,a32a98b8d39e36e4e305e11c30525ee1c4159324b739e566d4b67a3b860b4a78
242,dqn,891,random,heavy,21.439393939393938,109.0,16.508333333333333,37,186,-137.79291281395277,231,45,0,3,0,0,300.0,-15.476562740746886,-8.95072500733804,-65.36562506586779,-48.0,48,1,231,0,ddda5081c43c10e2f2cf92b3587480639dfa64bc1f4b9cda7ae75fa053e3703a
243,dqn,201,random,ns_heavy,36.37549407114624,134.5,30.676666666666666,75,153,-176.24394199619644,253,100,0,1,0,0,300.0,-28.759375221678056,-19.330400000508963,-77.15416677400935,-51.0,51,2,253,0,9acbc1a5e96c89711f386c6aba97838974e137960f15e42c74a6dda9ed0ed9e5
244,dqn,326,random,ns_heavy,34.40535714285714,82.5,32.111666666666665,69,165,-164.15886698964533,280,115,0,2,0,0,300.0,-30.10468784684781,-19.912512469091606,-61.14166667370591,-53.0,53,1,280,0,e87bcb8923368989a35162a3ec8aaa232e911d5b0a2b623a606e5f543670b822
245,dqn,999,random,heavy,31.746478873239436,101.0,22.54,47,145,-151.35957514288827,213,68,0,3,0,0,300.0,-21.131250276230276,-13.090825010710255,-63.13749985594768,-54.0,54,0,213,0,9b1373578232abf7038b7421cdf74ba225d19a88f8091da68014255f39c45f4b
246,dqn,787,random,heavy,33.03086419753087,119.0,26.755,64,171,-168.50284606598353,243,72,0,2,0,0,300.0,-25.082812834065408,-17.5398250165912,-75.880208215327,-50.0,50,1,243,0,9f9fa368eff6808cd434e9a744e0f28ceb0716deda49b6c1ae9bc78d43ae8c25
247,dqn,356,random,balanced,36.64,105.5,21.373333333333335,45,129,-149.05671698183514,175,46,0,1,0,0,300.0,-20.03750027611386,-11.655674993784494,-69.3635417119367,-48.0,48,4,175,0,4e1e450d65bafd15a22d816917888b68e39a0008f8f8974151cbc660118185d0
248,dqn,670,random,ns_heavy,34.29335793357934,125.5,30.97833333333333,65,171,-179.8265420454692,271,100,0,1,0,0,300.0,-29.04218786151614,-19.758312524775828,-76.02604165917728,-55.0,55,0,271,0,4f665980d2331f9c5db4c6ecb30b4e93dd17fad03c5569f31b5741447069ec95
249,dqn,528,random,balanced,30.856164383561644,129.5,22.525,57,155,-161.16350878691674,219,64,0,2,0,0,300.0,-21.117187805008143,-13.403612489559606,-77.6427084923489,-49.0,49,1,219,0,a003bd08af6f7d5da229367724204451196b57275ca89263b077eaad1149ee9e
250,dqn,929,random,ns_heavy,32.60612244897959,131.0,26.628333333333334,69,167,-180.00073366954808,245,78,0,1,0,0,300.0,-24.96406284661498,-16.73146249370547,-82.30520832922775,-56.0,56,1,245,0,d48f50c6fa3bb045ccec665368436929f18911df8bf3875923baf3765bb1fb0b
251,dqn,15,random,low,28.675257731958762,99.5,18.543333333333333,38,145,-141.64380867996002,194,49,0,2,0,0,300.0,-17.384375303052366,-9.866725003069584,-65.3927083738381,-49.0,49,3,194,0,cabf4192916bc2404dd1bb5fe3e23be13423c7bb57f8c58240deccb4a48ae5d2
252,dqn,335,random,balanced,28.425531914893618,153.5,22.266666666666666,47,166,-166.63545445761338,235,69,0,2,0,0,300.0,-20.875000276835635,-13.02816247987721,-83.73229170090053,-49.0,49,0,235,0,1b96f8a71b7c38ae8deb9ccecf7d793f1c0cbbdf1913cfcb0fd99cc6082d5f1a
253,dqn,439,random,ew_heavy,33.86346863468635,130.0,30.593333333333334,69,158,-169.8975085787336,271,113,0,7,0,0,300.0,-28.681250252877362,-20.70792500454481,-71.50833332131151,-49.0,49,3,271,0,e32d6b50a70e0ba21a956f60082ae869ee6761b578bf1cdfa0a617256e64296a
254,dqn,203,random,ns_heavy,19.677685950413224,87.5,7.9366666666666665,20,108,-106.78113339672339,121,13,0,1,0,0,300.0,-7.440625130315311,-3.010299997809489,-47.33020826859865,-49.0,49,1,121,0,de2b586f7a33898c22f2d8e2a23f3d0ad4e3154d85a8b586de1d61e68fb65cab
255,dqn,249,random,heavy,38.51307189542484,155.0,39.285,77,165,-207.6425917523163,306,141,0,2,0,0,300.0,-36.82968760165386,-30.493112492230285,-87.31979165843222,-53.0,53,1,306,0,25504fe6e5a06f93b238ee0d8549347d22ed482e31c141351c4387fb924ffaf5
256,dqn,12,random,left_heavy,27.66566265060241,90.5,15.316666666666666,32,123,-133.47167122583417,166,43,0,5,0,0,300.0,-14.359375298954546,-8.341462502936343,-57.77083342394326,-53.0,53,1,166,0,b8d2e9ca3c4b726f93b9df1de33b18813e46fc44c42e0299929d927fcae2f264
257,dqn,908,random,heavy,33.56782945736434,114.0,28.868333333333332,72,156,-180.43087927502137,258,102,0,2,0,0,300.0,-27.064062729594298,-19.103275028811918,-80.26354151661508,-54.0,54,0,258,0,dc130703ad34097ef9e5a605adaca0e298e21d633ec6d1c3f9c4fd5538ee7b9f
258,dqn,552,random,balanced,25.182572614107883,100.0,20.23,40,172,-146.02857534742873,241,69,0,2,0,0,300.0,-18.96562531264499,-9.453575026751063,-67.60937500803266,-50.0,50,3,241,0,7516b7068c82f1ee1f401a3b4f978cbe14bb213c55206e3859f1d1953eb52977
259,dqn,399,random,low,26.699612403100776,109.0,22.961666666666666,52,165,-154.76994598293032,258,93,0,2,0,0,300.0,-21.52656283543911,-12.200675001454513,-66.0427081460366,-55.0,55,0,258,0,29991776368f820f57f188855e057eeea4c16fabcf7f6de076687eede13b0041
260,dqn,597,random,heavy,23.686666666666667,64.0,11.843333333333334,34,120,-110.18655847711199,150,30,0,1,0,0,300.0,-11.103125218185596,-4.450099995706115,-42.633333263220266,-52.0,52,1,150,0,e468f75eaf327266caa37edef66a7b1f3ff8d8b49546dcb804e4a3793316c13f
261,dqn,375,random,ns_heavy,30.544776119402986,105.0,27.286666666666665,67,155,-164.70423359431805,268,113,0,3,0,0,300.0,-25.581250232062303,-16.477149998382814,-72.64583336387295,-50.0,50,2,268,0,4177d0d2747b66881571ee22ce1319b1698431305703d0bb7ce03adbd528ac78
262,dqn,395,random,ew_heavy,35.371929824561406,105.5,33.60333333333333,76,179,-171.82614201828326,285,106,0,2,0,0,300.0,-31.50312542321626,-20.29384997705419,-68.02916661801282,-52.0,52,2,285,0,38588a83b63e79fef804ca0e2cffce111180c1c4756753b4eeb0a5f2da342694
263,dqn,419,random,heavy,23.26086956521739,78.5,16.05,39,157,-127.79615851077618,207,50,0,2,0,0,300.0,-15.046875196509063,-8.278449986063789,-55.4708333282033,-49.0,49,2,207,0,d72e9cb29f2a56bbe97ee8fc0ac27ec97e8178c207908a023a235102c04db75b
264,dqn,892,random,left_heavy,38.70049504950495,151.5,26.061666666666667,52,126,-186.3574667562592,202,76,18,21,0,0,300.0,-24.43281258828938,-22.28923744872226,-88.63541671924759,-51.0,51,1,220,18,458ee46421dce99d0fd95fa0887853ec04c3beb3d94cc193ebce0878abbf08be
265,dqn,873,random,ns_heavy,27.066539923954373,131.0,23.72833333333333,61,157,-158.12028774013606,263,106,0,3,0,0,300.0,-22.245312717510387,-14.531224982345892,-66.3437500402797,-55.0,55,0,263,0,a0d47d3714c5c3db78ae35a53643d02a2255f354a3ee3b17c5d450909e5e2023
266,dqn,243,random,low,34.571865443425075,108.5,37.685,88,173,-183.3075210168273,327,154,0,3,0,0,300.0,-35.329687809804454,-24.39762498685303,-70.58020822016988,-53.0,53,1,327,0,53c132128a73a63731a804fff55d1d930685c44ef4546fd3030237b4e593c852
267,dqn,76,random,left_heavy,37.20779220779221,115.5,28.65,57,143,-173.86205022267964,231,88,16,21,0,0,300.0,-26.85937535506673,-20.708925005029595,-73.29374986258335,-53.0,53,0,247,16,16181ce00daa20604577eef8317c2822a957b7db97eac87aceaade5d802c1143
268,dqn,809,random,ew_heavy,20.279850746268657,83.0,9.058333333333334,25,109,-101.07670010291989,134,25,0,1,0,0,300.0,-8.492187698138878,-3.5845125017549453,-41.99999990302604,-47.0,47,0,134,0,37f48cce4f717ccf1b801d4d0679c677345a880b80c10546a0689ba2102469dc
269,dqn,141,random,ew_heavy,28.38826815642458,80.5,16.938333333333333,43,115,-132.30038340865798,179,64,0,2,0,0,300.0,-15.87968769390136,-9.443612494493573,-55.97708322026301,-51.0,51,1,179,0,21b35628916d78935ef143220b7cfcbcbb846d302c84e82b31e089b3a8c93265
270,dqn,913,random,ns_heavy,20.794285714285714,91.5,12.13,30,146,-114.67329611186877,175,29,0,3,0,0,300.0,-11.371875235112384,-4.8212124926503765,-50.480208384105936,-48.0,48,0,175,0,5792f899b6108202efd649742458ff84a92fae38378ca65d99344d8fb7ff3a28
271,dqn,79,random,balanced,27.861486486486488,82.5,13.745,40,103,-122.67155006992907,148,45,0,2,0,0,300.0,-12.885937585961074,-8.254362483385918,-55.53125000058208,-46.0,46,2,148,0,2ef4f61d5439a2806fbe666163d05f3218986253589c3de67b561c155d934d21
272,dqn,439,random,ew_heavy,28.514760147601475,95.5,25.758333333333333,63,160,-153.47752951004662,271,111,0,2,0,0,300.0,-24.14843790640589,-13.509300007025015,-62.81979159661569,-53.0,53,0,271,0,e32d6b50a70e0ba21a956f60082ae869ee6761b578bf1cdfa0a617256e64296a
273,dqn,596,random,heavy,34.18669527896996,95.5,26.551666666666666,63,152,-151.22706688489572,233,81,0,2,0,0,300.0,-24.89218777185306,-14.668212519057855,-57.6666665939847,-54.0,54,0,233,0,55f75d5e2d1b7a3b09bff4a787b5b4f1d2431ef17ca62bcfe2e4c5fe1e6b7152
274,dqn,42,random,balanced,30.292035398230087,108.0,22.82,51,161,-143.94307104434847,226,65,0,1,0,0,300.0,-21.393750251038,-11.74411252880964,-59.805208264500834,-51.0,51,2,226,0,c59b4cda74a9ff082421aa4a6602efc18f2acf4344a7f7ee1201dbd18b21addf
275,dqn,38,random,ns_heavy,32.92145593869732,115.0,28.641666666666666,63,173,-174.92252105307057,261,88,0,2,0,0,300.0,-26.851562709198333,-16.453250001140262,-77.61770834273193,-54.0,54,1,261,0,2388acc5c3432b3e5970c4b63cc06b9859f8aceda0c1de37131005f630083129
276,dqn,577,random,ew_heavy,31.359060402684563,123.0,15.575,33,114,-150.400779326159,149,35,0,1,0,0,300.0,-14.601562732714228,-9.654425010263369,-76.14479158318136,-50.0,50,1,149,0,bf503f8cbd8d84614a208caf3f9cd4b5b35429741a576577c06d1cc1131c79aa
277,dqn,479,random,heavy,34.114754098360656,121.5,27.746666666666666,57,155,-177.46125831532922,244,89,0,2,0,0,300.0,-26.012500084820203,-17.637299995950162,-80.81145823455881,-53.0,53,0,244,0,055f04cce56e893f7eedf0e5fc4fa4548f7ec1a1b42659217222e9eaa90b09f3
278,dqn,653,random,ns_heavy,37.69653179190752,135.5,21.738333333333333,47,121,-161.39590428560984,173,52,0,2,0,0,300.0,-20.379687676322646,-14.77767502051792,-77.2385415887693,-49.0,49,3,173,0,c0f25505544653358d94466601465eb138bdfd3449d3fc2f4ab8bdb5fba59b40
279,dqn,399,random,low,33.14728682170543,99.0,28.506666666666668,66,150,-162.24763376405969,258,108,0,2,0,0,300.0,-26.725000320351683,-18.089300013618043,-64.43333343008999,-53.0,53,2,258,0,29991776368f820f57f188855e057eeea4c16fabcf7f6de076687eede13b0041
280,dqn,950,random,low,25.40730337078652,96.5,15.075,33,149,-129.60112113758885,178,29,0,1,0,0,300.0,-14.132812784635462,-6.48810000202575,-61.98020835092757,-47.0,47,2,178,0,8efd5bbce89cd20756eabd05eeb4ee985be06fe871441aac976c24e1c8d84e8a
281,dqn,210,random,ns_heavy,38.45628415300546,156.0,23.458333333333332,53,119,-183.03272945934367,183,64,0,1,0,0,300.0,-21.99218774063047,-18.21137498447133,-89.82916673424188,-53.0,53,0,183,0,0745651311d54f9417f080fe4a0ae41aca0148d2fa86206345f58035dae267ce
282,dqn,873,random,ns_heavy,28.182509505703422,120.5,24.71,60,162,-153.06185012496496,263,101,0,4,0,0,300.0,-23.165625193389133,-15.33684999693142,-67.55937493464444,-47.0,47,3,263,0,a0d47d3714c5c3db78ae35a53643d02a2255f354a3ee3b17c5d450909e5e2023
283,dqn,442,random,left_heavy,29.441860465116278,95.0,21.10333333333333,48,145,-149.04066278759058,215,70,10,16,0,0,300.0,-19.784375322400592,-13.481287523839999,-64.77499994134996,-51.0,51,1,225,10,3c815877c75ac3792b00c20d8e0ba86c81c6674cee8b56b16f338d25af9a65c9
284,dqn,452,random,left_heavy,41.4708904109589,110.0,40.37,81,150,-198.42560872754038,292,142,15,18,0,0,300.0,-37.8468752829358,-30.92040006610987,-74.65833337849472,-55.0,55,0,307,15,e31c2f8bbdec4b5d262bb13dfba5fa0e0af0ba5ce6b0a3eed8249a875eda34aa
285,dqn,342,random,heavy,22.4375,87.0,10.77,32,120,-110.6120919903165,144,24,0,1,0,0,300.0,-10.096875252667814,-4.451675002475533,-51.0635417351732,-45.0,45,2,144,0,a8b413df3274accd97bded972664f6060ad6abcce287132692bbd373448fbe63
286,dqn,674,random,heavy,21.88738738738739,91.5,16.196666666666665,45,159,-121.8178503553798,222,63,0,1,0,0,300.0,-15.18437530065421,-7.236600009812537,-49.39687504491303,-50.0,50,1,222,0,4c23ae76a065fcf0bf936614d6710c1d1aef5ed93d892d7c9239ab316de91cf8
287,dqn,182,random,heavy,24.912060301507537,102.5,16.525,45,154,-124.18219182411195,199,45,0,1,0,0,300.0,-15.49218770232983,-7.1702124883093346,-56.51979163347278,-45.0,45,3,199,0,986d11ffd694e2d94cf06e48fd0d6972873813b15fa6b2c1f9a5e39a5bda2a40
288,dqn,205,random,left_heavy,39.27872340425532,120.0,30.775,55,146,-174.47974201845568,235,89,19,23,0,0,300.0,-28.851562800933607,-20.25213751587653,-76.37604170164559,-49.0,49,2,254,19,89af6512ac5f388c5f51946375b1edc3904205886e6b5fc65b8893d1fc3de4ac
289,dqn,849,random,low,29.743016759776538,94.0,17.746666666666666,38,138,-137.9467793422031,179,41,0,1,0,0,300.0,-16.637500181910582,-8.308237510800973,-62.001041649491526,-51.0,51,1,179,0,e3b3f6f7262bdb42cf1563d012b38205c72140f9c1ff0b9589bc8f60ecc24cb6
290,dqn,656,random,balanced,31.25874125874126,107.5,29.8,81,175,-174.76381695983667,286,111,0,3,0,0,300.0,-27.937500155880116,-18.165900013090152,-78.6604167908663,-50.0,50,2,286,0,9b194753479a72f895b66521387ec901f19dba31ab1e51a6b4ce9254117bf0b5
291,dqn,560,random,heavy,20.602803738317757,81.0,7.348333333333334,19,95,-96.89360014608609,107,12,0,1,0,0,300.0,-6.88906264945399,-2.6514124994027957,-46.353124997229315,-41.0,41,5,107,0,edbb3fb0c1ec30cddb6233894620def9e56539d00bf858a81e31c37a03f5c171
292,dqn,784,random,low,23.68285714285714,106.0,13.815,30,137,-141.8849335628233,175,38,0,3,0,0,300.0,-12.951562820002437,-6.706287504397183,-71.2270832384238,-51.0,51,2,175,0,2412343e38240f1d9a072a7b95b0fa2accd949acd36c0a97405822e0106b755d
293,dqn,230,random,left_heavy,39.45263157894737,139.5,37.483333333333334,82,154,-194.11260045519512,285,131,6,11,0,0,300.0,-35.14062532002572,-27.150100003829728,-76.82187513133977,-55.0,55,1,291,6,dc2bebfe2ef611720134728504970cb2192ff0df2c267a905684710682285f5f
294,dqn,526,random,left_heavy,36.49622641509434,146.0,32.24166666666667,75,155,-184.30721676733455,265,110,12,19,0,0,300.0,-30.226562618277967,-23.023362507574355,-80.05729164148215,-51.0,51,2,277,12,e928675ea63ae8514607b0a544e279c9e046eb1e1eefb031cc7e2248a4caed0c
295,dqn,820,random,left_heavy,40.52549019607843,130.5,34.455,61,141,-199.88491688331771,255,114,4,10,0,0,300.0,-32.30156256456394,-27.82606258581582,-92.75729173293803,-47.0,47,3,259,4,58729fb25cb5dbec7e672c7aa8124a38cee0b67ec6018e9763b9894cbe1a67f1
296,dqn,339,random,balanced,40.954828660436135,140.5,43.821666666666665,94,158,-212.03715840796139,321,163,0,2,0,0,300.0,-41.08281275210902,-31.308512483366215,-86.64583317248616,-53.0,53,1,321,0,1ab825ab2115f843b642b7b44f7907d842e1ff14368fe03e57aa282564120324
297,dqn,257,random,heavy,46.200542005420054,150.5,56.82666666666667,101,168,-228.2183459338526,369,201,0,2,0,0,300.0,-53.27500012284145,-42.313137517452475,-80.6302082935581,-52.0,52,1,369,0,a3e887b14dadf2dfea389dcd5dbfcb42653ea044ebf5504501aa9ff2303f02cf
298,dqn,38,random,ns_heavy,35.227969348659,118.5,30.648333333333333,60,177,-178.12950445812538,261,84,0,2,0,0,300.0,-28.73281275399495,-19.06752498525529,-81.32916671887506,-49.0,49,3,261,0,2388acc5c3432b3e5970c4b63cc06b9859f8aceda0c1de37131005f630083129
299,dqn,869,random,left_heavy,32.91256830601093,114.5,20.078333333333333,39,109,-158.18462540725668,183,74,18,22,0,0,300.0,-18.82343779085204,-13.05181249922098,-79.30937511718366,-47.0,47,3,201,18,669dde01be600da2425b46495eb40602bb99322cb610fc14830cbdf8a0934380
300,dqn,443,random,ns_heavy,40.73412698412698,154.0,34.21666666666667,61,168,-200.24512112949654,252,84,0,2,0,0,300.0,-32.07812524365727,-25.85866246785662,-90.3083334179828,-52.0,52,2,252,0,c8955f5755f69e186fb434f293e477ad1d828e56827deecf501aa36b834ad1e1
301,dqn,139,random,ew_heavy,26.63095238095238,96.5,14.913333333333334,35,119,-134.36405863590622,168,49,0,1,0,0,300.0,-13.98125022673048,-7.455725011309548,-64.92708339786623,-48.0,48,3,168,0,cf2892173b4cc151b61325d1d5b06852b862fa746401066264d22457ced5f726
302,dqn,324,random,ew_heavy,34.391959798994975,98.0,22.813333333333333,46,143,-152.58691274288074,199,56,0,1,0,0,300.0,-21.387500276323408,-12.058787490189575,-68.14062497636769,-51.0,51,3,199,0,284cd4d299aaa70ea4c8bd5e8634732439118424dfeb963a80c5c7dc90ec09b9
303,dqn,62,random,ew_heavy,34.26315789473684,103.0,28.21,58,164,-163.1994127403261,247,83,0,2,0,0,300.0,-26.44687522435561,-15.993162518741162,-68.75937499722932,-52.0,52,2,247,0,0ef21fd0c5cce26e0980f2078b34877e4c4d0f030a8f750fff7277e39d20faad
304,dqn,905,random,left_heavy,28.468926553672315,108.5,16.796666666666667,34,132,-136.11954605010027,177,45,10,15,0,0,300.0,-15.746875265496783,-10.5580874917905,-63.81458329281304,-46.0,46,3,187,10,0f5d4bdd08deab02733df099d05802f86cba5267b6ada5cb7d94fc7455310686
305,dqn,747,random,balanced,42.00561797752809,162.0,37.385,88,159,-203.4274460792854,267,108,0,2,0,0,300.0,-35.04843780992087,-27.02692500858904,-91.35208326077554,-50.0,50,2,267,0,74804a03a548692a8ddd1973242a28705a0ba63383f6ecc59deb8eab0d2f0c21
306,dqn,198,random,ew_heavy,34.26018099547511,91.0,25.238333333333333,61,149,-158.01496265562383,221,72,0,2,0,0,300.0,-23.66093761799857,-14.535275003888092,-67.81875003373716,-52.0,52,2,221,0,58d676b18b5622d8ed6238888c4e1923cd8e708dd2bf250214a6cf88921a7a3e
307,dqn,950,random,low,27.05056179775281,93.5,16.05,34,137,-138.45350427200967,178,41,0,1,0,0,300.0,-15.04687525855843,-7.899337509618635,-62.507291503832676,-53.0,53,1,178,0,8efd5bbce89cd20756eabd05eeb4ee985be06fe871441aac976c24e1c8d84e8a
308,dqn,20,random,low,25.353125,98.5,13.521666666666667,29,129,-132.71652094280148,160,31,0,2,0,0,300.0,-12.676562693784945,-6.640999999416818,-63.39895824959967,-50.0,50,2,160,0,8d3b6ddf3c071813d242712b96e39f0c1e4031a9aa8f7893e5b53f17313f46aa
309,dqn,680,random,low,26.753968253968253,140.0,16.855,35,151,-153.66396282326963,189,38,0,1,0,0,300.0,-15.801562754320912,-8.706149995723534,-81.15625007322524,-48.0,48,2,189,0,657f77ce38a3debf797ccbb404ae23820a2fb872190e7b314376aea10d0d2adf
310,dqn,300,random,balanced,35.701716738197426,121.0,27.72833333333333,61,159,-170.35658365919448,233,74,0,2,0,0,300.0,-25.995312782004476,-16.690437477088565,-78.6708334001014,-49.0,49,4,233,0,fdaab5e29aa531c9014ba3c319748171b2dcb96e48497de301d95e570c40fd4b
311,dqn,665,random,low,22.580291970802918,77.5,10.311666666666667,22,120,-104.70242097269,137,17,0,1,0,0,300.0,-9.667187663493678,-3.7737749941246874,-46.26145831507165,-45.0,45,3,137,0,f8a15899a20d75b523db4416c44308e3bcfeb11cf89ce76f2d4fcefe99ca9f68
312,dqn,460,random,ns_heavy,40.67562724014337,119.5,37.82833333333333,79,165,-186.73980010155864,279,114,0,2,0,0,300.0,-35.46406271867454,-24.64448750560915,-74.63124987727497,-52.0,52,0,279,0,193042abca6c4ac65f7cd67cd4f8404afef5a8c7e3cf64485d2ff78581240b2b
313,dqn,962,random,ns_heavy,30.766375545851528,100.0,23.485,47,167,-156.94912521283038,229,62,0,2,0,0,300.0,-22.017187748104334,-13.43193748183912,-72.49999998288695,-49.0,49,3,229,0,084304cd4b537e3be3f565fc77f2e3f34b41187f9e43d8537947438ad258317f
314,dqn,268,random,heavy,35.8108552631579,117.5,36.288333333333334,76,180,-170.5544250838698,304,124,0,2,0,0,300.0,-34.02031274244655,-22.90911248053962,-60.62499986088369,-53.0,53,1,304,0,dafd59a73d6b138808b258f89a1c3c515ebd5447b7480a188af6f43809c45ebd
315,dqn,740,random,ns_heavy,41.53007518796993,130.0,36.825,70,146,-192.35422509192645,266,120,0,2,0,0,300.0,-34.52343767101411,-26.718287474300457,-78.11249994661193,-53.0,53,1,266,0,c82443eb8126937a9367e3677f313989fe4e4f90bd14a4cc52d948e7e373cd10
316,dqn,732,random,balanced,41.31025641025641,108.0,26.85333333333333,47,116,-167.91074989377083,195,79,0,2,0,0,300.0,-25.175000068265945,-19.82325002867292,-73.91249979683198,-49.0,49,2,195,0,870002afedfe01785bba24bf53e8ec1c1e8793ca7c50c1e6295716efade2d3b4
317,dqn,218,random,left_heavy,34.06088560885609,156.0,30.773333333333333,73,152,-175.75198337664548,271,119,11,20,0,0,300.0,-28.850000033387914,-20.615525025485123,-81.28645831777249,-45.0,45,2,282,11,b70dcca95b497f9fe78bdc166fbb1422602666c89c66af6d550332f47763bbea
318,dqn,326,random,ns_heavy,37.13035714285714,117.0,34.655,73,167,-177.14089178027714,280,113,0,2,0,0,300.0,-32.48906266328413,-20.753912436209067,-72.89791668078396,-51.0,51,0,280,0,e87bcb8923368989a35162a3ec8aaa232e911d5b0a2b623a606e5f543670b822
319,dqn,751,random,low,28.796178343949045,78.0,15.07,38,126,-119.1805959343772,157,31,0,1,0,0,300.0,-14.128125211689621,-5.797262499909991,-50.25520822277758,-49.0,49,2,157,0,7e286f9e2eaae60a2f33671fe09a55d143de77142360fd1454b9728c78eb6246
320,dqn,188,random,ew_heavy,36.49829931972789,158.0,35.76833333333333,87,171,-189.0624421611449,294,123,0,3,0,0,300.0,-33.532812913530506,-21.36921253404798,-84.16041671356652,-50.0,50,2,294,0,cd5e1cf1aa4de7cd5fc938361d98febf02194717de52bf1b2d090f8d7577d587
321,dqn,236,random,left_heavy,43.62302839116719,129.0,46.10166666666667,96,165,-207.16984611129516,317,152,14,20,0,0,300.0,-43.220312808291055,-34.984950011681214,-79.96458329132292,-49.0,49,2,331,14,ab1aab22b4ed6b318dca00230a5c2e9db3f1c33ba46a968d3113c4e276bc7bed
322,dqn,194,random,low,35.444954128440365,111.5,25.756666666666668,54,148,-159.86461272856462,218,70,0,2,0,0,300.0,-24.146875329432078,-15.992737518132344,-70.72499988100026,-49.0,49,0,218,0,a180e7f579d2a4443db5809f3931ff5ec3573a8019df47c03ab5945fb2d00ba5
323,dqn,41,random,left_heavy,38.308118081180815,157.0,34.611666666666665,80,159,-195.66379215309496,271,112,15,19,0,0,300.0,-32.44843778060749,-25.04556257472941,-89.16979179775808,-49.0,49,2,286,15,3ff86ecc65355b3fd986c570ea66b9dbf6bdcdbc1240e12a29baeeb3742ad7fb
324,dqn,815,random,low,43.56797583081571,110.5,48.07,100,167,-208.4191418928728,331,164,0,2,0,0,300.0,-45.0656253042398,-32.67747499427569,-76.67604159435723,-54.0,54,1,331,0,6f974eb5b68496665b90463eed9cd2e0b246a9c83e4a6c5a12cd120f14cc5a51
325,dqn,648,random,balanced,28.225206611570247,102.5,22.768333333333334,44,177,-146.14235031610076,242,65,0,2,0,0,300.0,-21.345312868012115,-12.259537485132022,-63.537499962956645,-49.0,49,3,242,0,a32a98b8d39e36e4e305e11c30525ee1c4159324b739e566d4b67a3b860b4a78
326,dqn,121,random,ns_heavy,35.45378151260504,138.5,28.126666666666665,58,171,-173.3548711673073,238,67,0,2,0,0,300.0,-26.368750379537232,-15.330912503152653,-81.6552082846174,-50.0,50,2,238,0,f26fa7cfb1c42991097d38025df60a345066782c83fdd5131c0158a8cea4c60e
327,dqn,18,random,low,37.450450450450454,120.5,27.715,56,127,-174.6988710523459,222,95,0,2,0,0,300.0,-25.982812670292333,-20.873350030380973,-75.84270835167263,-52.0,52,0,222,0,315cacc99785eb771aa3614df21b696f38eb706b497a3acae6a15bad25b9cf34
328,dqn,623,random,heavy,37.0,140.0,34.41,67,159,-206.7388084295365,279,120,0,1,0,0,300.0,-32.25937510863878,-26.074225021379252,-96.40520829951856,-52.0,52,2,279,0,7bfde1340a024efbb0f158de5007d437b3cdf0777f1b816dab693659b601ef19
329,dqn,671,random,ns_heavy,38.05145118733509,133.0,48.07333333333333,94,175,-208.8625086970548,379,204,1,8,0,0,300.0,-45.06875038717408,-32.67917507406455,-76.1145832358161,-55.0,55,0,380,1,706760fa2a1a3430f5af21515449a679c7fee18faac867d400ea146afa62a83a
330,dqn,504,random,low,36.099567099567096,100.5,27.796666666666667,58,145,-163.89158777749319,231,86,0,2,0,0,300.0,-26.059375355252996,-16.641587478655133,-71.19062494358514,-50.0,50,2,231,0,841ead57d2fd8680e6608855215f58601ae4809db6008e3900aaf5f4f0b013cb
331,dqn,211,random,balanced,24.240506329113924,130.0,12.768333333333333,25,137,-135.51530023155868,158,21,0,1,0,0,300.0,-11.97031275019981,-5.77623750517742,-71.76874997618143,-46.0,46,5,158,0,889655864cad64164cc118accb734b9841271c34c291130750687fd1004da0ac
332,dqn,297,random,ns_heavy,24.366666666666667,62.0,10.965,28,122,-98.32382511747053,135,13,0,1,0,0,300.0,-10.279687712318264,-3.531637502172817,-43.51249990297947,-41.0,41,5,135,0,57381bd6087324c23596565dab3d41bd4db9f6a89432ab63c08f3a30be44465c
333,dqn,630,random,ew_heavy,17.013513513513512,66.0,10.491666666666667,27,161,-99.81727939619812,185,24,0,2,0,0,300.0,-9.83593769511208,-3.7146750059597236,-43.26666669512633,-43.0,43,5,185,0,ffd2b90972be11c63be1d744827f213f7c622deee401f3eff1b557237ff07980
334,dqn,832,random,heavy,44.05508474576271,138.0,34.65833333333333,72,138,-197.32862924954827,236,98,3,6,0,0,300.0,-32.49218767415732,-28.31039994601597,-86.52604162937496,-50.0,50,2,239,3,41b382d10cd33046b7276d363a90541ca7311fcac9cdcfafc915eae5b8e4b0a6
335,dqn,673,random,low,23.53095238095238,67.5,16.471666666666668,44,162,-111.72690437168427,210,48,0,2,0,0,300.0,-15.442187753738835,-5.789924999746289,-45.49479161819909,-45.0,45,3,210,0,eef8d318c687b8b56ed2f7a24273306fea342f6393aed40644a9028a1a005c37
336,dqn,670,random,ns_heavy,34.2970479704797,113.0,30.981666666666666,72,173,-168.60886696439337,271,98,0,1,0,0,300.0,-29.045312803122215,-17.378137497623545,-71.18541666364763,-51.0,51,2,271,0,4f665980d2331f9c5db4c6ecb30b4e93dd17fad03c5569f31b5741447069ec95
337,dqn,932,random,ns_heavy,29.829646017699115,110.0,22.471666666666668,48,168,-143.92995024433543,226,58,0,1,0,0,300.0,-21.067187685635872,-11.453387495905188,-62.409375062794425,-49.0,49,3,226,0,f0656e04c11bde5e78ef8fed9d64556e11cb70395092fc1ec3d0c7e874edbbfe
338,dqn,831,random,ns_heavy,21.594155844155843,62.5,11.085,27,131,-102.0440084594804,154,23,0,1,0,0,300.0,-10.392187649384141,-3.880987506293604,-43.77083330380265,-44.0,44,3,154,0,ab366162b1f82aec54ac7b254dac8a481899b21eb739ec667be82a6efb759fb4
339,dqn,269,random,low,33.276162790697676,121.5,19.078333333333333,41,134,-154.43408355405776,172,38,0,2,0,0,300.0,-17.885937709826976,-11.514812499263645,-75.0333333449671,-50.0,50,2,172,0,a92f759cf8df5ce533e44ba49037c99e566e08ef975e9d6d7fcb859912a7c5ec
340,dqn,316,random,balanced,33.204878048780486,124.5,22.69,50,135,-162.85131277489788,205,70,0,2,0,0,300.0,-21.27187522186432,-13.173187490984132,-79.40625006204937,-49.0,49,1,205,0,030155cd5e5f36be8c5ed20b1b9ec8cec81b4b0c98c0d021f324e62adf3b4ad8
341,dqn,615,random,low,21.128048780487806,85.5,11.55,22,141,-108.82619590611642,164,23,0,1,0,0,300.0,-10.828125140164047,-3.8178624958636638,-48.18020827008877,-46.0,46,3,164,0,f0713c2b1049bc9496e07063e8e00e5a634b1964fc687d83aed7b9fc694551e1
342,dqn,746,random,left_heavy,25.42016806722689,93.5,20.166666666666668,41,165,-125.63162093458162,238,73,0,3,0,0,300.0,-18.906250167638063,-9.673287492011879,-51.05208327493165,-46.0,46,5,238,0,e5bd9d95d3e7469e395e7d2fc9feb2bc27d7ac0d145e7ac1eb90be4f6cf6aee8
343,dqn,452,random,left_heavy,38.47138047138047,106.5,38.086666666666666,69,169,-185.97489194158493,297,128,10,13,0,0,300.0,-35.706250274088234,-26.2488499772131,-73.01979169028345,-51.0,51,1,307,10,e31c2f8bbdec4b5d262bb13dfba5fa0e0af0ba5ce6b0a3eed8249a875eda34aa
344,dqn,519,random,heavy,21.273006134969325,73.5,11.558333333333334,31,137,-101.10679591570296,163,26,0,1,0,0,300.0,-10.835937633761205,-3.9250249984419505,-43.345833283499815,-43.0,43,3,163,0,a3eec615fe21f5fae221d56ba665d013b9f28739b9a80ef6c92a81282dc6b9e5
345,dqn,625,random,ew_heavy,30.720238095238095,138.5,25.805,70,155,-160.39037934921882,252,97,0,2,0,0,300.0,-24.192187803564593,-13.134649989294848,-72.06354155635927,-51.0,51,1,252,0,80a38b5911c6d0a6bf280c6d478f40cdde452ac504b09960dfd8a66143adcf61
346,dqn,729,random,balanced,36.67006802721088,130.0,35.93666666666667,81,152,-194.52803345490767,294,142,0,2,0,0,300.0,-33.69062499527354,-24.41345003643583,-86.4239584231982,-50.0,50,2,294,0,da8550020074e6762e0fddc3a4f5cdd0a85f1e5f3c8998cc429f961f722d6e51
347,dqn,75,random,left_heavy,37.29245283018868,150.0,39.53333333333333,83,182,-209.23362533248658,318,136,10,14,0,0,300.0,-37.0625003373716,-31.127375004591173,-89.04374999052379,-52.0,52,0,328,10,ccc520ebfde8f3f27ae285467bc833cc37cb7e52dab327cf602d4b95c07acba6
348,dqn,770,random,low,34.305882352941175,158.5,29.16,56,181,-191.58749614499328,255,74,0,2,0,0,300.0,-27.33750029501971,-23.4604125295933,-92.78958332038019,-48.0,48,2,255,0,2c9d1e591ce39f5287e0d81c3c2528500659c5fcbcd20b53a5ce28933e07174e
349,dqn,243,random,low,29.84250764525994,90.0,32.528333333333336,74,179,-160.58147526887333,327,148,0,2,0,0,300.0,-30.4953128072666,-19.49553750833584,-56.59062495327089,-54.0,54,1,327,0,53c132128a73a63731a804fff55d1d930685c44ef4546fd3030237b4e593c852
350,dqn,357,random,left_heavy,32.21,117.0,21.475,49,130,-156.71095011974904,200,70,4,8,0,0,300.0,-20.13281260896474,-13.925012484870244,-72.65312502591405,-50.0,50,3,204,4,d0cafe34eae2f38f6ae9c214d60a95598cb77f40d428c28ad83a9cafc40f7813
351,dqn,119,random,ew_heavy,39.8734693877551,131.5,32.56333333333333,67,158,-180.43225857450108,245,87,0,2,0,0,300.0,-30.528125226148404,-20.386425051814143,-80.51770829653833,-49.0,49,2,245,0,f0f1d292f9eedc42ef198b708aad62507e19d07235462f841afcafbfb2b35f95
352,dqn,603,random,balanced,24.56201550387597,80.5,10.561666666666667,25,110,-110.07415852716221,129,19,0,1,0,0,300.0,-9.901562732411548,-4.151762497467284,-50.02083329728339,-46.0,46,2,129,0,091434f15f1d1302827824ef2c26f7c413507c353a297e5bca82add149ffa956
353,dqn,579,random,low,27.091145833333332,113.0,17.338333333333335,46,134,-144.30945025328757,192,58,0,1,0,0,300.0,-16.254687701701187,-9.232887513378952,-67.82187503820751,-51.0,51,2,192,0,5ebe6f4f7b3264f8eb379ab29028c02f52c58725adbdd7b6e724ed04c9185ff4
354,dqn,853,random,balanced,17.161654135338345,105.5,7.608333333333333,23,123,-93.34432509668333,133,10,0,1,0,0,300.0,-7.132812661235221,-2.3271375015487132,-47.88437493389938,-36.0,36,6,133,0,312df65e0593a2a4d5e9a53d43fed692d50c8c032db4e3f34a0ba395734f2cd8
355,dqn,41,random,left_heavy,40.556390977443606,128.5,35.96666666666667,76,152,-198.2336586710786,266,114,20,22,0,0,300.0,-33.71875026356429,-28.212824970532527,-85.30208343698177,-51.0,51,1,286,20,3ff86ecc65355b3fd986c570ea66b9dbf6bdcdbc1240e12a29baeeb3742ad7fb
356,dqn,100,random,heavy,20.761467889908257,89.0,15.086666666666666,36,162,-115.89018774420916,218,56,0,2,0,0,300.0,-14.143750232760794,-5.321437508258535,-49.42500000318978,-47.0,47,3,218,0,f42715a1f9c1f4532e86dcbcf2d6f67dc428b5bd3fe0bf0faa03ecde5cb39f64
357,dqn,638,random,low,28.571428571428573,96.5,22.666666666666668,45,166,-146.47849197660761,238,72,0,1,0,0,300.0,-21.250000340514816,-10.918074979895758,-62.31041665619705,-52.0,52,2,238,0,28a0a8056b29f521d29f748e7a4b5c827235820e108200200f8fd02caa338b2f
358,dqn,914,random,low,28.8,146.0,17.76,39,148,-158.44980879626016,185,37,0,2,0,0,300.0,-16.650000354624353,-8.40397502048654,-82.39583342114929,-51.0,51,1,185,0,7a5b95b2cf876b330c7e03d5f8f71c015958fc76d78c474072ba186babca6a3f
359,dqn,762,random,ew_heavy,22.248618784530386,83.0,13.423333333333334,36,151,-110.21586692861828,181,30,0,2,0,0,300.0,-12.58437528309878,-5.117950004223536,-45.51354164129589,-47.0,47,2,181,0,d2c486090fb6139f92af8623c33f36410ba043d3a3eb9b0f0f3e876e3b6d60d4
360,dqn,282,random,heavy,25.0,76.5,16.166666666666668,40,145,-119.73575850682752,194,49,0,1,0,0,300.0,-15.156250274623744,-7.1211750057009295,-51.45833322650287,-46.0,46,2,194,0,05dac1079462d05a2135183386810ab94b73ab9665b18d6f52f769d79163ee8e
361,dqn,943,random,left_heavy,36.6875,139.5,30.328333333333333,56,153,-172.64249206615855,248,95,0,2,0,0,300.0,-28.43281277269125,-19.674262507257673,-72.53541678620968,-52.0,52,1,248,0,98eefc3993a016b9fdb6fd910f3b9bb39f576319e2ffe2407a5ff1e9a07ab8bf
362,dqn,753,random,ns_heavy,25.127329192546583,69.0,13.485,34,129,-111.95871257185291,161,32,0,1,0,0,300.0,-12.6421876817476,-5.891525002399433,-46.42499988770578,-47.0,47,2,161,0,b7070ebcb0457fdd464e9dd40fe2fd57ca170fdf88e687a081559392cde9d8a8
363,dqn,839,random,heavy,22.748344370860927,94.5,11.45,25,129,-103.17450434449492,151,22,0,1,0,0,300.0,-10.734375239349902,-4.267212504082271,-44.17291660106275,-44.0,44,3,151,0,1c3011e96b4e9a35f254df33adb27574a666b1e9c9f3afae1fce317b66455751
364,dqn,184,random,ew_heavy,34.092948717948715,108.5,35.45666666666666,76,182,-168.4047458214583,312,130,0,2,0,0,300.0,-33.240625210804865,-21.95578747542022,-62.20833313523326,-51.0,51,1,312,0,739a8c2c86624d6fa1953f2e4f6d735297399b37f404605934aec59ccffa7402
365,dqn,825,random,ew_heavy,28.042735042735043,96.5,21.873333333333335,54,169,-145.1270252570721,234,65,0,3,0,0,300.0,-20.50625043909531,-12.09889997981736,-66.52187483815942,-46.0,46,3,234,0,c62968ea81fdd00e4835c0f5d840523798f9c457b39644cc0d6ec68401d7573d
366,dqn,982,random,left_heavy,31.961111111111112,115.0,28.766666666666666,68,162,-166.06681695322845,270,108,0,2,0,0,300.0,-26.96875016426202,-17.181400011511155,-73.91666677745525,-48.0,48,3,270,0,0600f734891fcd12257e7f2a96632317f78b548f1ae608b7d9f82325d53f1cb1
367,dqn,899,random,left_heavy,37.37977099236641,133.0,32.64666666666667,67,156,-193.87094201768568,262,106,20,23,0,0,300.0,-30.60625033802353,-20.607399959390037,-91.65729172027204,-51.0,51,2,282,20,1d22a47a4dbede514fbc7855d5f8223502a0ba38e3c58239a237d4bc878ff4e0
368,dqn,554,random,left_heavy,32.26315789473684,96.0,28.615,61,140,-157.59042968619974,266,126,9,15,0,0,300.0,-26.826563069364056,-20.522199991931117,-61.24166662490461,-49.0,49,2,275,9,1357acea26deba285d711896a9b91cedb2815e1276744ee5a2d0c94f1f8b40af
369,dqn,900,random,left_heavy,35.663851351351354,106.5,35.19166666666667,75,141,-174.19077908135438,296,155,2,5,0,0,300.0,-32.9921875965083,-26.35067495102485,-64.84791653382126,-50.0,50,1,298,2,16257c77551bae33ad06edc3822197a6de547bdafb56215ef583705cbab81701
370,dqn,50,random,heavy,40.34241245136187,112.5,34.56,79,153,-178.4605254188477,257,104,0,3,0,0,300.0,-32.40000025439076,-24.96677500089354,-69.09375016356353,-52.0,52,1,257,0,a97da7d4b8b56d8f0c7849f6dbbc2eb6f5db4aa6c780b640fe05eddd9c48f298
371,dqn,32,random,low,34.94230769230769,103.0,24.226666666666667,58,140,-159.70748346516197,208,68,0,2,0,0,300.0,-22.712500238558277,-16.03977498221939,-73.95520824438427,-47.0,47,3,208,0,761daac37bf13f4ba486534ad3de5d4d4a919b78cea23fa6ffb8d048d2b95e3f
372,dqn,399,random,low,27.74418604651163,128.0,23.86,59,167,-167.02560874913985,258,91,0,2,0,0,300.0,-22.368750314577483,-13.451649994600304,-79.205208439962,-52.0,52,1,258,0,29991776368f820f57f188855e057eeea4c16fabcf7f6de076687eede13b0041
373,dqn,675,random,left_heavy,37.64143426294821,96.0,31.495,78,150,-161.89637538897298,251,101,7,13,0,0,300.0,-29.526562797953375,-19.594812530460334,-61.77500006055925,-51.0,51,2,258,7,a999d18fc567f149eacf9e8a3eea389dab6fcb3fe1077856f88928690c1e5089
374,dqn,637,random,balanced,26.844827586206897,107.0,12.975,30,115,-131.78125863577952,145,30,0,1,0,0,300.0,-12.164062770665623,-6.061987491648322,-69.55520837346558,-44.0,44,2,145,0,611928666c8211358cc60cc1eb99449e8918bf1c8a9dd97f2485a71856b526e6
375,dqn,248,random,left_heavy,33.50205761316872,117.0,27.141666666666666,62,153,-159.27699166489543,243,90,30,34,0,0,300.0,-25.44531255448237,-17.11813749780195,-68.71354161261115,-48.0,48,2,273,30,dd141f976319bd4b73fdf4247f113202e4aed763f9f0bacc7eea9039af219c68
376,dqn,688,random,balanced,31.625615763546797,108.0,21.4,56,141,-133.74235866244928,203,62,0,1,0,0,300.0,-20.062500254949555,-9.102774997386588,-53.57708341011312,-51.0,51,2,203,0,85ae0ec7c80ed8590223509ab24d9914156d007ba7c04cae8211240b5a5e6b77
377,dqn,449,random,low,36.03883495145631,105.0,24.746666666666666,54,123,-149.18256680025223,206,83,0,1,0,0,300.0,-23.199999974109232,-15.134650015718933,-62.84791681042407,-48.0,48,3,206,0,4b8cb4795c248d46a0e6b7a5a6b05e2ea3de1a6debaa07f6a3c35c0619cc657b
378,dqn,336,random,ew_heavy,27.459016393442624,90.0,16.75,44,130,-120.97612934281564,183,53,0,2,0,0,300.0,-15.703125225380063,-9.393837510039889,-56.879166607395746,-39.0,39,5,183,0,51ec75921cc8c2e796542075e50c03c39467b8e9ac72a4316b41eaa6e3823fd3
379,dqn,430,random,balanced,34.64673913043478,129.5,31.875,66,151,-173.85796285483886,276,125,0,2,0,0,300.0,-29.882812937139533,-19.275150001681315,-74.69999991601799,-50.0,50,2,276,0,4eb5dde2aa37490fe197326854941b580f997feda81622c6997cc3e8fe1aff00
380,dqn,951,random,heavy,28.5381679389313,82.0,24.923333333333332,63,172,-134.38188763575016,262,90,0,2,0,0,300.0,-23.36562519427389,-13.688137513537367,-52.328124927938916,-45.0,45,3,262,0,dbd893b9af81a28c575bfda99f46c14d61c1274ceae8e10d4bd3c34f7b023257
381,dqn,360,random,low,38.15953947368421,128.5,38.66833333333334,76,177,-195.0511877816759,304,127,0,2,0,0,300.0,-36.25156283425167,-25.512124991918252,-83.28749995550606,-50.0,50,0,304,0,3ac84310f4670bdb914221cb8d2acef68e94ff1262e4805fd8d9ea613f2081e5
382,dqn,416,random,left_heavy,32.583333333333336,103.5,21.505,50,131,-147.77675451068293,198,67,0,5,0,0,300.0,-20.16093783301767,-11.871024993342159,-73.74479168432299,-42.0,42,3,198,0,05eb738634fb18cd6d445e1ee1563b42d90c4cb8de1596522fc512792662513e
383,dqn,254,random,ns_heavy,27.27659574468085,74.5,21.366666666666667,56,167,-124.75129190547887,235,68,0,2,0,0,300.0,-20.03125038021244,-10.20649999945454,-48.51354152581189,-46.0,46,3,235,0,9bf7758a6dcf0ff542cbe9677c323d374bf5017417f94938bcfddaa1ac7d0ed6
384,dqn,186,random,balanced,36.326530612244895,127.5,35.6,82,174,-176.96060023793623,294,120,0,2,0,0,300.0,-33.375000186031684,-20.22935002785308,-73.3562500240514,-50.0,50,1,294,0,537bc70cf66b225a15295c0ae796f794c2df44804e3cdb5fec58c920b55b125b
385,dqn,636,random,ns_heavy,23.904411764705884,79.5,10.836666666666666,27,110,-104.09300852532981,136,26,0,2,0,0,300.0,-10.159375239862129,-4.625299997870023,-49.308333287597634,-40.0,40,2,136,0,6c1fc46be2c7716d3de6fda3682d7a131b9405d19de6fce6c7b0aab1795c5d14
386,dqn,807,random,left_heavy,41.77566539923954,133.0,36.626666666666665,78,144,-192.16033778559435,263,119,9,12,0,0,300.0,-34.33750030770898,-26.263462537652977,-82.55937494023237,-49.0,49,2,272,9,18495bc49f47321300562cf1e93c23d6c1c0765b885c2d3d96d2bd2089e318ca
387,dqn,617,random,left_heavy,38.92140468227425,145.5,38.795,80,150,-206.06958787333056,299,149,10,13,0,0,300.0,-36.37031288596336,-26.671149950277336,-91.02812503708992,-52.0,52,1,309,10,08ba322e254c34962e79df05e986fa89c7f93514bb6336163781fa98c23012c2
388,dqn,936,random,heavy,34.58171206225681,117.0,29.625,63,166,-168.88059183364905,257,91,0,1,0,0,300.0,-27.77343767299317,-17.040487505762588,-74.0666666548932,-50.0,50,2,257,0,edacc4545fa970a97c2ca37ead33660d2dee923af26469c1dd4769f22faaa98c
389,dqn,117,random,balanced,28.22972972972973,75.5,17.408333333333335,41,148,-115.45305855416736,185,37,0,1,0,0,300.0,-16.32031279068906,-6.983787495252182,-46.148958268226124,-46.0,46,2,185,0,7503aa03aec769da842fa75d86a1ea6aacf34d7e48f03362ca321bd432d5fa2f
390,dqn,721,random,left_heavy,47.504285714285714,145.5,55.42666666666667,97,166,-232.2956126773728,350,184,9,15,0,0,300.0,-51.96250023052562,-45.14873748985035,-84.18437495699618,-51.0,51,1,359,9,cc3ad764ddbdb9880659e92504901bb49d126eb571502690c8927b572619fc2e
391,dqn,506,random,left_heavy,31.956692913385826,109.5,27.06,61,164,-150.57666697876334,254,90,16,26,0,0,300.0,-25.36875026416965,-14.919374996556863,-67.28854171803687,-43.0,43,4,270,16,5850549723d34e5e210f162f4f47e5c6aac5b788736e6f1a189debdc4b3b8979
392,dqn,233,random,balanced,36.221518987341774,97.0,19.076666666666668,39,115,-140.7015504198491,158,43,0,2,0,0,300.0,-17.88437525636982,-10.457800023198796,-65.35937514028046,-47.0,47,2,158,0,4af62996debdab1aa3ea222acd0bc880dd16c7deba05674f73c7f8a8db56db77
393,dqn,114,random,balanced,31.0375,81.0,20.691666666666666,47,156,-131.97072101591255,200,44,0,1,0,0,300.0,-19.398437737603672,-9.010825004867366,-56.56145827344153,-47.0,47,2,200,0,b590d370ce18877d6fbf4b2b3338f3ec117d833b14bf99e6ffae0eac7a90489f
394,dqn,308,random,left_heavy,34.72064777327935,125.0,28.588333333333335,56,166,-172.09515041062778,247,81,0,2,0,0,300.0,-26.80156271730084,-20.037337506852783,-80.25625018647406,-45.0,45,4,247,0,c84dc8f4f73a6dfff7e1721e7e9f92b3d31e3ab5aaf425b65088deea5a67f8ce
395,dqn,221,random,ew_heavy,36.678714859437754,108.5,30.44333333333333,62,158,-165.00515020324153,249,91,0,2,0,0,300.0,-28.540625292574987,-20.170774957395768,-69.29374995327089,-47.0,47,2,249,0,fc7fade8c82ced36b4951b9fb9b1e3b20d8294b108ef47c2a1df0eb2165530f4
396,dqn,743,random,left_heavy,30.38,89.0,20.258333333333333,39,133,-140.82545443837438,200,67,4,7,0,0,300.0,-18.99218782503158,-13.26972502345597,-63.56354158988688,-45.0,45,2,204,4,af3d3491f39fc948a42a6ef068548e2ef1a73df8abd6847e1c8f6477381d70b5
397,dqn,660,random,ew_heavy,30.021072796934867,78.0,26.12,52,168,-147.55844175099114,261,93,0,2,0,0,300.0,-24.487500207615085,-15.0761499698805,-60.994791573495604,-47.0,47,2,261,0,2ed79e64f524e5b7b8ab5f02f5934bd2a3de309d398f331ac9f1771fc1cdf4be
398,dqn,34,random,balanced,30.27027027027027,124.5,26.133333333333333,57,172,-147.56508357446367,259,87,0,2,0,0,300.0,-24.500000245519914,-13.091125010239924,-61.97395831870381,-48.0,48,3,259,0,f73a663e2568ed240bf11c9ed11b57ff90ac2b8da4d5ab4fbd9aafab6d5a041d
399,dqn,8,random,heavy,42.2289156626506,145.5,46.74166666666667,102,171,-213.1140461370328,332,161,6,12,0,0,300.0,-43.81718760309741,-32.43227512675584,-84.86458340717945,-52.0,52,1,338,6,7a60d19897b4203e62b38884cb3877f32c58f148fbbf3e5ef01cbf3bffa2af01
400,dqn,285,random,heavy,27.157754010695186,85.5,16.928333333333335,46,138,-123.27044592102247,187,49,0,3,0,0,300.0,-15.870312710641883,-8.14805000138658,-58.25208320899401,-41.0,41,5,187,0,f23c44c094b9f895f65717990a36be03fdb11e74dc9a69cc97dcd0531af545b5
401,dqn,708,random,ew_heavy,23.063025210084035,90.5,18.296666666666667,42,187,-122.98885442025997,238,51,0,2,0,0,300.0,-17.15312521508895,-6.969062480614956,-53.866666724556126,-45.0,45,3,238,0,466c5e932e25a716eba5189fe3f43c609cf8a659579ea01b68acc615d0f319cb
402,dqn,497,random,ns_heavy,39.16898954703833,143.5,37.471666666666664,72,175,-191.83672517509763,287,112,0,1,0,0,300.0,-35.12968780670781,-24.432037490369833,-81.27499987802003,-51.0,51,1,287,0,4dda8697133c89fbc4b8691f908a5599c6b3579f40490bc26c3c17c0853299b8
403,dqn,207,random,balanced,29.67058823529412,123.5,25.22,63,183,-158.2794253443026,255,72,0,2,0,0,300.0,-23.643750274321064,-12.635674996756283,-73.00000007322524,-49.0,49,2,255,0,8c03eeb155ed8fdf51b877ffe15244f207568615abf085b01bdcdb59c48db48d
404,dqn,161,random,low,27.504878048780487,128.0,18.795,45,154,-141.67330026452112,205,51,0,2,0,0,300.0,-17.620312767336145,-8.45298749511276,-67.60000000207219,-48.0,48,3,205,0,e7ddaa838673721e1cb01a08649d5299a2cdfd9fff826655f2e35102c00ce18f
405,dqn,976,random,ns_heavy,26.0025,88.5,17.335,37,158,-125.03402099455056,200,42,0,2,0,0,300.0,-16.251562720630318,-7.446000001968789,-56.336458271951415,-45.0,45,3,200,0,3ab555dd0a6952a67b71d0247cc7301af9df3bb6ddbc1a4cf2a170a4d759aabc
406,dqn,858,random,balanced,28.578629032258064,113.5,23.625,68,168,-143.30203785424612,248,80,0,3,0,0,300.0,-22.148437803261913,-10.956725027677756,-61.19687502330635,-49.0,49,2,248,0,f19cf88596ebefd71b3fa3ca381468cead43ba81f08bc25a5deb61e75d99071a
407,dqn,650,random,low,36.739669421487605,144.5,29.636666666666667,61,160,-180.5868294426363,242,82,0,2,0,0,300.0,-27.784375316346996,-19.620162496914414,-83.18229162937496,-50.0,50,1,242,0,e3db086946e9fb625013588cd1f967be4a4dfdf922403475760a3d068ea716b5
408,dqn,816,random,ns_heavy,24.141592920353983,115.0,18.186666666666667,47,189,-126.94374188251311,226,37,0,2,0,0,300.0,-17.050000258954242,-6.867700016535672,-56.02604160702322,-47.0,47,3,226,0,9fe063bac8a2dc7692c71fcd56aa9bb383e05d9aed360c7b1e5c5052348d5080
409,dqn,729,random,balanced,32.074829931972786,144.0,31.433333333333334,72,168,-182.97970431148346,294,126,0,2,0,0,300.0,-29.46875018789433,-20.856787487415566,-82.65416663617361,-50.0,50,2,294,0,da8550020074e6762e0fddc3a4f5cdd0a85f1e5f3c8998cc429f961f722d6e51
410,dqn,734,random,ns_heavy,26.9478672985782,129.5,18.953333333333333,38,164,-158.70730038292598,211,47,0,2,0,0,300.0,-17.76875027641654,-9.582299996660007,-83.3562501098495,-48.0,48,3,211,0,2e6b796466229044a6e58dd5d0dabd0d6030e417ff0924a5020e250098080618
411,dqn,476,random,heavy,30.63215859030837,101.5,23.178333333333335,54,155,-141.6765461278766,227,72,0,2,0,0,300.0,-21.729687753366306,-11.341649986329871,-61.60520838818047,-47.0,47,3,227,0,01df4fe4bef3728d7ac117fbc10f1662b9535b83f6da49c8ca1aeb5fa2736674
412,dqn,333,random,ns_heavy,36.96907216494845,117.5,35.86,80,181,-181.10313756450708,291,110,0,3,0,0,300.0,-33.61875012132805,-24.040637532376437,-73.44374991080258,-50.0,50,3,291,0,0180d743a81999f28379761a2626ea1e176d39e21570aabbfd38ee4294e4be79
413,dqn,909,random,balanced,32.13819095477387,90.5,21.31833333333333,42,152,-136.15912114980594,199,47,0,2,0,0,300.0,-19.985937843332067,-9.736725010680669,-58.43645829579327,-48.0,48,3,199,0,caed48faee592b6587c11a396611f88ce90a17e4d2714c565003d0db941a9e99
414,dqn,870,random,low,24.541044776119403,115.0,10.963333333333333,26,116,-118.71395862642169,134,18,0,1,0,0,300.0,-10.278125223820098,-4.377500003710884,-61.05833339889068,-43.0,43,4,134,0,85325f5f55a952933135b8fd0c6fdffd8ebc715b0c00c3050f2ecda054d46c6e
415,dqn,279,random,left_heavy,18.22992700729927,94.5,8.325,17,122,-101.32435837488882,137,15,0,2,0,0,300.0,-7.804687639931217,-2.611337500235822,-53.908333234721795,-37.0,37,7,137,0,9b081ad746759664a3bbfdab9e8316059c50f303a76e993bc95f0bd981d4a49a
416,dqn,782,random,balanced,31.217672413793103,121.5,24.141666666666666,49,149,-154.94945416468693,232,83,0,2,0,0,300.0,-22.632812693947926,-13.58747499037563,-71.72916648036335,-47.0,47,2,232,0,2f70f7d3e93bcbbf7d209f50c74cbb24789ab97696e462fdf2711e75ca027f3e
417,dqn,436,random,heavy,31.06177606177606,187.0,26.816666666666666,64,164,-188.6527253262706,259,95,0,2,0,0,300.0,-25.14062523294706,-18.883975015627932,-95.62812507769559,-49.0,49,2,259,0,20c205bdaee82bb23666523351fcb84dfd2e8ddb303e4580ed75b0b7beefb53d
418,dqn,499,random,heavy,18.948818897637796,70.5,8.021666666666667,19,114,-87.43140839542102,127,13,0,1,0,0,300.0,-7.520312604145147,-2.4371374967864545,-39.47395829448942,-38.0,38,5,127,0,cd1e7bbcc53fe9e3f603ec53fb8eb51ebd71e311233ca9a526d86014ed6d8393
419,dqn,283,random,balanced,25.961038961038962,136.5,13.326666666666666,28,128,-131.60342096543684,154,26,0,2,0,0,300.0,-12.493750153458677,-7.3794625020287645,-70.73020830994938,-41.0,41,5,154,0,61f5ab7cb234700a4cb9cf9939af3180316274c3566b352906800623549545e4
420,dqn,201,random,ns_heavy,31.270750988142293,121.5,26.371666666666666,60,166,-156.35047940470977,253,87,0,1,0,0,300.0,-24.723437701701187,-14.066625010839198,-68.56041669216938,-49.0,49,3,253,0,9acbc1a5e96c89711f386c6aba97838974e137960f15e42c74a6dda9ed0ed9e5
421,dqn,139,random,ew_heavy,25.898809523809526,103.5,14.503333333333334,34,124,-131.69245862707683,168,44,0,1,0,0,300.0,-13.596875275950879,-6.759125000943458,-65.33645835018251,-46.0,46,2,168,0,cf2892173b4cc151b61325d1d5b06852b862fa746401066264d22457ced5f726
422,dqn,64,random,left_heavy,31.59318181818182,101.5,23.171666666666667,52,129,-152.9539584804173,220,91,6,12,0,0,300.0,-21.72343778226059,-15.056562502201267,-66.17395819595549,-50.0,50,2,226,6,78170b0325ca5012e7ea383af3843a7742d5b7cd7e4b297199269f706fa27aea
423,dqn,50,random,heavy,37.143968871595334,133.5,31.82,60,159,-178.68924590160103,257,98,0,3,0,0,300.0,-29.831250198883936,-21.99653747137127,-74.86145823134575,-52.0,52,2,257,0,a97da7d4b8b56d8f0c7849f6dbbc2eb6f5db4aa6c780b640fe05eddd9c48f298
424,dqn,576,random,balanced,28.00772200772201,146.0,24.18,56,181,-161.98127533958984,259,78,0,3,0,0,300.0,-22.668750432669185,-12.109399992020192,-80.2031249149004,-47.0,47,4,259,0,98f0a1aa598913d7c08fea0eac23359114d68b055d1434c34dc6d09ee1ed8c6d
425,dqn,624,random,ns_heavy,24.335329341317365,76.5,13.546666666666667,29,138,-111.6867168454839,167,29,0,2,0,0,300.0,-12.700000236043707,-5.138800002044441,-49.847916607395746,-44.0,44,5,167,0,94a11bf2d7252ac722ef0bfd76ed5bb2828e729d18e7d06f83d17250af5832c9
426,dqn,65,random,ns_heavy,27.71689497716895,100.0,20.233333333333334,43,164,-135.4577461178539,219,55,0,2,0,0,300.0,-18.9687503578607,-9.774412509648393,-58.71458325034473,-48.0,48,4,219,0,2f6620695537c5d4c628d16d3a167bd4d2b13ca118834fdc9137e318f517efd1
427,dqn,788,random,left_heavy,28.086283185840706,116.0,21.158333333333335,47,161,-151.68782939561717,226,65,0,3,0,0,300.0,-19.83593777869828,-11.466474983818634,-71.38541663310025,-49.0,49,2,226,0,44705813f6f7e5a7055446763803e7be36835fec1ae096d7c7d1add03bf0a272
428,dqn,573,random,heavy,25.454128440366972,125.5,18.496666666666666,41,165,-160.94332520859678,218,53,0,2,0,0,300.0,-17.34062528645154,-8.746449994951405,-86.85624992719386,-48.0,48,4,218,0,31ff004eff4deaa213bbd0fa65f23610e4b8b75288a03d389fa1a3d17530162e
429,dqn,587,random,low,32.33541666666667,170.5,25.868333333333332,55,160,-179.98431286161798,240,80,0,2,0,0,300.0,-24.251562788849697,-17.660875004758417,-92.07187506800983,-46.0,46,3,240,0,d1f7065b1bfbf0e8bec30c1566e402ed7431a4a9686a28b5fd5e706b16615225
430,dqn,21,random,ns_heavy,28.854771784232366,190.0,23.18,59,165,-172.39428368945303,241,76,0,2,0,0,300.0,-21.73125028121285,-13.79844999919806,-88.8645834090421,-48.0,48,3,241,0,3660173dc164fa1364ff5e75c68a5eaa7401d80a3012b56f10f7425f8b254d13
431,dqn,475,random,ew_heavy,30.736051502145923,102.0,23.871666666666666,48,154,-141.49884167656563,233,79,0,2,0,0,300.0,-22.37968766898848,-13.902487470589406,-57.21666653698776,-48.0,48,1,233,0,38ce66eace428105135a40013f31aa6b3c558aa30156671ef8af512644f11c44
432,dqn,773,random,low,27.322834645669293,84.5,23.133333333333333,56,173,-130.3599751972863,254,81,0,2,0,0,300.0,-21.68750011769589,-11.744350016050886,-51.92812506353948,-45.0,45,4,254,0,df7200a9dac373bbcfc06f0594a303f5a021428f1ee15ca33c0395fea6150f43
433,dqn,327,random,ew_heavy,28.65988372093023,126.5,16.43166666666667,42,133,-137.45597927100965,172,39,0,2,0,0,300.0,-15.404687639093027,-8.862749994299516,-72.18854163761716,-41.0,41,4,172,0,3467bc0f21b9c701fe63a1cfd1e002335ad031bd7302bdcfb6b0257fc1d88879
434,dqn,878,random,low,27.403225806451612,86.0,16.991666666666667,37,142,-128.3150752878858,186,44,0,1,0,0,300.0,-15.929687794996426,-7.851012499012726,-54.534374993876554,-50.0,50,2,186,0,951cdc69d092f84fa4a17b5426485286bd1a9875f45ad7a180a7f27a41c6cccc
435,dqn,652,random,left_heavy,41.104395604395606,160.0,37.406666666666666,69,163,-198.50710038772303,273,110,6,11,0,0,300.0,-35.06875030824449,-30.228975084856927,-87.20937499462161,-46.0,46,4,279,6,86c09604b7ab65b8cba1f44353c895b3e94156022cba51a43e414416ccc59735
436,dqn,848,random,balanced,20.397727272727273,78.0,5.983333333333333,14,83,-81.1090500501341,88,5,0,1,0,0,300.0,-5.609375092550181,-1.852800001379364,-38.646874956204556,-35.0,35,7,88,0,91ee3e01d94e54d057b608ed39661e72666243487c6e91ee96dc051a8fad0f0c
437,dqn,406,random,heavy,33.44765342960289,106.0,30.888333333333332,76,153,-174.58579163526366,277,124,0,7,0,0,300.0,-28.94375014526304,-24.187874944817292,-73.4541665451834,-48.0,48,2,277,0,a83a8ea8bbdb6b35a0d6847b65aef215fcc730f7d56bad2b7a801531da04e3c1
438,dqn,849,random,low,27.262569832402235,96.0,16.266666666666666,35,144,-122.26932519252661,179,35,0,1,0,0,300.0,-15.250000199419446,-6.928700017484518,-55.09062497562263,-45.0,45,1,179,0,e3b3f6f7262bdb42cf1563d012b38205c72140f9c1ff0b9589bc8f60ecc24cb6
439,dqn,948,random,left_heavy,23.368263473053894,73.5,13.008333333333333,31,131,-104.94782101437522,167,36,0,2,0,0,300.0,-12.195312684867531,-5.025424997020309,-46.72708333248738,-41.0,41,6,167,0,6bddc68af6004c6f92bd2e67d06c542a52ee9edbe74da0d705266555a008a56f
440,dqn,679,random,left_heavy,22.36,93.5,11.183333333333334,25,118,-104.35814172848983,150,32,0,2,0,0,300.0,-10.484375164844096,-4.303975002071089,-54.569791561574675,-35.0,35,8,150,0,8da9a28253ea8377ab7e3782a50f72ccf79362b65bbec2973e612616dfdf68ae
441,dqn,402,random,heavy,37.71,182.5,31.425,61,154,-199.51535838008203,250,96,0,2,0,0,300.0,-29.460937531432137,-23.183587521936715,-93.87083332671318,-53.0,53,1,250,0,b4d3738f6a03ae53104a3ed6b4190a7681bbaf9751c2281a04491b807446e099
442,dqn,828,random,ns_heavy,19.758373205741627,57.5,13.765,40,155,-102.45145435099043,209,54,0,2,0,0,300.0,-12.90468774177134,-4.8144749991224645,-35.73229161009658,-49.0,49,2,209,0,9c411d8d6c7369ab12b03a91e4c70571dec27596539d2b3d54a883f1da397be9
443,dqn,184,random,ew_heavy,35.43589743589744,129.5,36.85333333333333,76,182,-186.96462537009953,312,130,0,2,0,0,300.0,-34.55000034207478,-22.795875036383226,-76.61874999164138,-53.0,53,0,312,0,739a8c2c86624d6fa1953f2e4f6d735297399b37f404605934aec59ccffa7402
444,dqn,221,random,ew_heavy,36.71285140562249,157.0,30.471666666666668,58,159,-187.3471628618026,249,90,0,2,0,0,300.0,-28.56718786433339,-19.664349986083828,-86.11562501138542,-53.0,53,1,249,0,fc7fade8c82ced36b4951b9fb9b1e3b20d8294b108ef47c2a1df0eb2165530f4
445,dqn,948,random,left_heavy,24.089820359281436,70.0,13.411666666666667,31,120,-117.48077108500074,167,47,0,2,0,0,300.0,-12.573437737999484,-5.6646249968187465,-53.24270835018251,-46.0,46,4,167,0,6bddc68af6004c6f92bd2e67d06c542a52ee9edbe74da0d705266555a008a56f
446,dqn,731,random,left_heavy,40.195286195286194,132.5,39.795,78,163,-197.15366271610455,297,134,13,17,0,0,300.0,-37.307812768849544,-28.183349984298523,-77.66249996295664,-54.0,54,1,310,13,7b1a9269dd8edfe3c1d1e48bc34a353b80f56befe9e2f839621f204538f17b09
447,dqn,20,random,low,27.65,81.5,14.746666666666666,28,126,-128.31387932310386,160,34,0,2,0,0,300.0,-13.8250002481509,-6.425337497173309,-57.06354157777969,-51.0,51,2,160,0,8d3b6ddf3c071813d242712b96e39f0c1e4031a9aa8f7893e5b53f17313f46aa
448,dqn,713,random,ew_heavy,31.71590909090909,120.0,23.258333333333333,49,148,-147.5472917502098,220,72,0,2,0,0,300.0,-21.804687625728548,-13.810312502556915,-64.93229162192438,-47.0,47,2,220,0,cf06810f86bbfbf5d1fa75f3976f9dd809fd849b3398207e31c95efd63b068f0
449,dqn,667,random,left_heavy,40.37024221453287,113.0,38.89666666666667,86,159,-193.26341702051215,289,130,22,24,0,0,300.0,-36.4656251873821,-25.50612499513881,-78.29166683799122,-53.0,53,1,311,22,32c980a7205d1805667f2496501c38f85d741aff936f84f2113c9ea4d565cab1
450,dqn,546,random,ns_heavy,22.80909090909091,110.0,16.726666666666667,40,172,-141.41833773269752,220,48,0,1,0,0,300.0,-15.681250258116052,-6.624587508644621,-63.11249996593688,-56.0,56,0,220,0,3d67ec0cd17ba769454cdafa6a62d5b6bd58256b6f7748f96903e4ef50a4750b
451,dqn,130,random,heavy,34.19430051813472,118.0,21.998333333333335,54,138,-141.55347961383453,193,55,0,1,0,0,300.0,-20.6234379184898,-11.597749991091401,-57.332291704253294,-52.0,52,2,193,0,51b1e36fbfc2726b213e586673a5fe48716b975b8cacc99f3a3b6e9d70bcd7e8
452,dqn,470,random,low,26.415178571428573,93.0,9.861666666666666,24,93,-117.70570432687606,112,19,0,2,0,0,300.0,-9.245312693645246,-4.587475004042064,-55.872916629188694,-48.0,48,1,112,0,9eddc8a3400f077067ff2f698d67eaa8a3c2f16cbddc069f7d41f7e7b556de4f
453,dqn,572,random,left_heavy,38.577399380804955,146.5,41.54,82,167,-201.46707536359168,323,156,10,15,0,0,300.0,-38.94375036051497,-32.923324959095034,-76.60000004398171,-53.0,53,1,333,10,95aefbf8f6ade8b1ea2067f6459e407444e5d3b89299d105014b8645f7eedf14
454,dqn,704,random,left_heavy,44.270967741935486,132.0,45.751666666666665,86,158,-212.5333044157254,310,152,11,19,0,0,300.0,-42.89218770246953,-34.30570003247195,-81.33541668078396,-54.0,54,1,321,11,78ede428d382315c0dc057923d3e72030513cb5d6e92421e7309fff9c4e779e9
455,dqn,813,random,ew_heavy,36.1751269035533,120.0,23.755,47,130,-166.81558763397055,197,67,0,1,0,0,300.0,-22.270312732900493,-14.814024966774747,-79.73124993429519,-50.0,50,2,197,0,36c3c81ae1812a4a716c3fbff8df6a722e2933869db1de60b49c57c05c5dfea4
456,dqn,8,random,heavy,36.295180722891565,188.5,40.17,83,173,-218.53783354135012,332,159,6,13,0,0,300.0,-37.65937518654391,-30.67324995395974,-96.20520840084646,-54.0,54,2,338,6,7a60d19897b4203e62b38884cb3877f32c58f148fbbf3e5ef01cbf3bffa2af01
457,dqn,438,random,low,36.074367088607595,157.5,37.998333333333335,77,182,-207.6296752777787,316,134,0,4,0,0,300.0,-35.6234378204681,-25.35311247051213,-93.6531249867985,-53.0,53,0,316,0,77b18cdec4a1ceb582c0f00d3afcbf8b4cfa9d99a904da6975f98f611255d07e
458,dqn,191,random,balanced,25.15721649484536,100.5,16.268333333333334,37,149,-138.33401269530083,194,45,0,1,0,0,300.0,-15.251562766032293,-8.026199985124553,-65.05624994414393,-50.0,50,2,194,0,4d0957c9651ff85b55a9c15aa51319839b175dd0c513bf4017ab2d2aa6034de8
459,dqn,511,random,heavy,31.201219512195124,124.0,25.585,56,165,-157.3491043859415,246,81,0,1,0,0,300.0,-23.98593772132881,-13.015250005062981,-65.34791665954981,-55.0,55,1,246,0,470e97e6cfabb991fc50f9ee285e8e3a0481bb8d02b0d8e768f82303e865125e
460,dqn,352,random,ns_heavy,43.1637323943662,116.0,40.861666666666665,90,156,-192.4135377718173,284,128,0,2,0,0,300.0,-38.30781289108563,-26.91822508317782,-70.18749979755376,-57.0,57,1,284,0,550e14806aaf5da01382f132de42344e06650276809c1d55f9ec04e1003f749d
461,dqn,327,random,ew_heavy,26.1453488372093,101.5,14.99,38,124,-119.3441834508558,172,48,0,2,0,0,300.0,-14.053125208243728,-7.129599990381393,-47.16145825223066,-51.0,51,2,172,0,3467bc0f21b9c701fe63a1cfd1e002335ad031bd7302bdcfb6b0257fc1d88879
462,dqn,896,random,left_heavy,42.23116438356164,132.0,41.10666666666667,81,159,-206.04211691499444,292,133,5,10,0,0,300.0,-38.53750028333161,-31.762950053789975,-82.74166657787282,-53.0,53,2,297,5,7f4c4c5662e7293d786a0f1992f6a7b171c963ab4b60886e9738179fb962b533
463,dqn,243,random,low,32.27453987730061,83.5,35.07666666666667,94,172,-163.83132533648313,326,154,1,8,0,0,300.0,-32.88437525858171,-20.596950014361934,-57.35000006353948,-53.0,53,3,327,1,53c132128a73a63731a804fff55d1d930685c44ef4546fd3030237b4e593c852
464,dqn,517,random,left_heavy,36.161702127659574,112.5,28.331666666666667,57,128,-166.1342918838323,235,107,8,17,0,0,300.0,-26.560937822796404,-21.54106248605022,-70.03229157498572,-48.0,48,3,243,8,08afa3683e4385608022cb7e3b9497ecd327424c9624aa19a59326727d9d4912
465,dqn,382,random,balanced,37.250936329588015,100.0,33.153333333333336,73,158,-168.3047875562981,267,109,0,3,0,0,300.0,-31.081250181538053,-18.15166250419061,-66.07187487056945,-53.0,53,2,267,0,ac4e266923b80c6a97cba4387090b49111df7b78f19acb31b8a3aee4fd62d53a
466,dqn,360,random,low,33.51151315789474,114.0,33.958333333333336,78,176,-178.81875042918105,304,128,0,2,0,0,300.0,-31.83593776379712,-20.93593756549963,-74.04687509988435,-52.0,52,2,304,0,3ac84310f4670bdb914221cb8d2acef68e94ff1262e4805fd8d9ea613f2081e5
467,dqn,447,random,ew_heavy,38.07115384615385,135.0,32.995,78,158,-183.11070863144565,260,102,0,2,0,0,300.0,-30.93281283043325,-19.278937495533317,-77.89895830547903,-55.0,55,2,260,0,454d144e27bc693fbec17011190ac0eeb328e1147ca57f151f5f7a4ad9dc8962
468,dqn,339,random,balanced,41.373831775700936,156.0,44.27,86,155,-199.9467252409937,321,166,0,2,0,0,300.0,-41.50312526104972,-30.9967250013411,-76.44687497860286,-51.0,51,3,321,0,1ab825ab2115f843b642b7b44f7907d842e1ff14368fe03e57aa282564120324
469,dqn,305,random,ns_heavy,32.64141414141414,102.5,21.543333333333333,50,144,-146.46509625047767,198,54,0,2,0,0,300.0,-20.196875317487866,-11.503637506811357,-65.76458342617843,-49.0,49,2,198,0,a5cfeab54eabbe4f2eb28a0126b21117f5f9dda276c76187262f940ef7dd3057
470,dqn,356,random,balanced,28.634285714285713,128.5,16.703333333333333,35,143,-143.28438763934167,175,32,0,1,0,0,300.0,-15.65937516989652,-7.865637515056732,-69.75937495438848,-50.0,50,2,175,0,4e1e450d65bafd15a22d816917888b68e39a0008f8f8974151cbc660118185d0
471,dqn,957,random,left_heavy,31.19736842105263,116.5,27.661666666666665,71,161,-155.14658347038628,266,105,0,3,0,0,300.0,-25.932812715764157,-16.217937489376347,-64.99583326524589,-48.0,48,2,266,0,a769ffae74c0615d5c54de66947062c2abd1179efe4c8ee1854eb6b01241a98f
472,dqn,932,random,ns_heavy,32.51548672566372,97.5,24.495,54,156,-147.25852523155558,226,70,0,1,0,0,300.0,-22.964062809129246,-12.79758747451051,-61.496874947915785,-50.0,50,2,226,0,f0656e04c11bde5e78ef8fed9d64556e11cb70395092fc1ec3d0c7e874edbbfe
473,dqn,373,random,left_heavy,35.11406844106464,152.0,30.786666666666665,68,151,-192.74658357502346,263,112,8,11,0,0,300.0,-28.862500234274194,-22.15700005017133,-92.72708329057787,-49.0,49,2,271,8,b25ae643c885ad1fde8e3f2bd994bec487e3cdf5f908e9da9c35f3fbc142e448
474,dqn,49,random,balanced,39.35770750988142,120.5,33.19166666666667,69,152,-181.2857167903035,253,101,0,2,0,0,300.0,-31.11718765180558,-19.283112524024183,-74.8854166144738,-56.0,56,1,253,0,ce40379bc1b88af8d6013096b2d7539eb8838ebf4276b3eb87f97281156cf0d0
475,dqn,366,random,balanced,36.514084507042256,105.5,25.925,45,131,-157.5124959959176,213,82,0,1,0,0,300.0,-24.30468763934914,-16.143225023708514,-66.06458333285991,-51.0,51,2,213,0,78551331bd3510eddba1cf38bf24bea2943cdb4eefc800d52ad77e2130f849f8
476,dqn,399,random,low,26.025193798449614,105.0,22.381666666666668,54,165,-149.46100026476415,258,93,0,2,0,0,300.0,-20.98281292489264,-11.321937486438403,-64.15624985343311,-53.0,53,2,258,0,29991776368f820f57f188855e057eeea4c16fabcf7f6de076687eede13b0041
477,dqn,318,random,balanced,33.38142292490119,144.5,28.151666666666667,61,151,-175.2647210034083,253,102,0,2,0,0,300.0,-26.392187648336403,-18.064199989243203,-85.80833336582873,-45.0,45,4,253,0,bad8acf6ae8bf1d2e297303d4d97064ec72a24903ba76ed52b74cf34cd8221e0
478,dqn,865,random,balanced,37.16596638655462,116.0,29.485,64,158,-164.82476265584197,238,80,0,1,0,0,300.0,-27.64218773448374,-16.588824999007198,-69.59374992235098,-51.0,51,3,238,0,4f36b8198aa83306e6e95cd8a3578d2885a75d34d68fb14d973810d563ba8cdf
479,dqn,838,random,ns_heavy,29.58520179372197,87.0,21.991666666666667,51,151,-130.18590861225752,223,72,0,2,0,0,300.0,-20.6171877537854,-12.21351249636864,-49.35520836210344,-48.0,48,2,223,0,ed962a61ca7e1a97d88e219db4252b78d920926829988e6376d3d3744e09b5d9
480,dqn,878,random,low,28.704301075268816,87.0,17.796666666666667,35,127,-127.96520016710058,186,59,0,1,0,0,300.0,-16.6843752511777,-8.468324991709235,-51.812499924213625,-51.0,51,2,186,0,951cdc69d092f84fa4a17b5426485286bd1a9875f45ad7a180a7f27a41c6cccc
481,dqn,977,random,heavy,30.954873646209386,111.0,28.581666666666667,69,194,-160.50139608471883,277,83,0,2,0,0,300.0,-26.79531278356444,-13.97587498363792,-66.73020831751637,-53.0,53,1,277,0,8c44976afab54d46686c7a0aeed299fbd08e91ce668dd0bebe01c0c15979d12d
482,dqn,40,random,left_heavy,32.015810276679844,141.0,27.0,61,164,-177.71615433280027,253,89,0,2,0,0,300.0,-25.312500179861672,-15.686987540047998,-86.71666661289055,-50.0,50,2,253,0,9fff2a1f8b5b9875558d6298c602dcd3de1e02f0d957361cd82f1335e91aab6b
483,dqn,825,random,ew_heavy,21.92948717948718,92.0,17.105,50,172,-118.72949185860406,234,62,0,2,0,0,300.0,-16.035937721841037,-7.411262502172751,-49.282291634590365,-46.0,46,2,234,0,c62968ea81fdd00e4835c0f5d840523798f9c457b39644cc0d6ec68401d7573d
484,dqn,326,random,ns_heavy,35.214285714285715,107.5,32.86666666666667,66,164,-172.27103768046868,280,116,0,2,0,0,300.0,-30.812500317464583,-18.9554125013754,-71.50312486162875,-51.0,51,2,280,0,e87bcb8923368989a35162a3ec8aaa232e911d5b0a2b623a606e5f543670b822
485,dqn,684,random,balanced,35.04,104.0,26.28,58,144,-164.34845454875978,225,81,0,2,0,0,300.0,-24.637500250013545,-16.24116251514424,-71.46979178360198,-52.0,52,2,225,0,d7c44b148cbb1a2bfbb98c0e4fcc9853f4cddbf2ff8822998a1c342e4fc3e6a0
486,dqn,43,random,left_heavy,39.85269709543569,99.0,32.01833333333333,72,141,-161.8472586372961,241,100,0,5,0,0,300.0,-30.017187815974467,-20.256112528136136,-64.57395829318557,-47.0,47,1,241,0,a88a78010f1855cb196fb49c2f38ef4a64f9ada54d39be44382ee5baa87686db
487,dqn,971,random,ns_heavy,33.56458333333333,116.5,26.851666666666667,56,156,-164.0549919683289,240,84,0,2,0,0,300.0,-25.17343790247105,-15.789887495342551,-68.09166657051537,-55.0,55,2,240,0,5927a1b8d7c3ea545e0337c496efa177bfef11f6f34431a87dee4ae13c2159a4
488,dqn,317,random,ns_heavy,24.115044247787612,83.0,18.166666666666668,43,156,-125.29358777617597,226,70,0,3,0,0,300.0,-17.0312503001187,-8.415462502669836,-55.84687497338746,-44.0,44,1,226,0,cbe217d339231af89af1a775b5fe05fcbe921f7e17f5c2e09fdc68c8e22ee96f
489,dqn,42,random,balanced,34.93362831858407,137.5,26.316666666666666,67,152,-177.5071168329523,226,74,0,1,0,0,300.0,-24.671875180210918,-17.965449982388233,-83.86979167035315,-51.0,51,2,226,0,c59b4cda74a9ff082421aa4a6602efc18f2acf4344a7f7ee1201dbd18b21addf
490,dqn,355,random,ew_heavy,21.164383561643834,79.5,15.45,35,185,-114.90659182310408,219,34,0,2,0,0,300.0,-14.484375199885108,-5.164925000991935,-51.25729162222706,-44.0,44,5,219,0,5293f30bc2385bd8d7d52ab1786ecc37a67840a2fa644a1a9defb7a36a9e19a3
491,dqn,934,random,left_heavy,39.35964912280702,143.5,29.913333333333334,55,144,-176.99442514876355,228,84,0,1,0,0,300.0,-28.04375014989637,-20.297549982266364,-77.65312501660082,-51.0,51,4,228,0,91d672bfcece7cb5254962a5667d6dac82c4360b7c8d1558019dcd0328f86672
492,dqn,179,random,low,34.87762237762238,101.0,33.25,86,161,-161.32742950978945,286,125,0,2,0,0,300.0,-31.171875394065864,-18.44513752434651,-63.710416591377,-48.0,48,3,286,0,dd005d4ddddd10f98a84b3fba362bf43ac73f439c1a802364a3e50716a075303
493,dqn,299,random,heavy,21.492105263157896,75.0,13.611666666666666,36,166,-112.61186693160644,190,24,0,1,0,0,300.0,-12.76093773834873,-5.2811374938472015,-49.569791699410416,-45.0,45,4,190,0,675fba78ba3e9d88fed99dbfe39e6bfc1a27751e425c58dc3905fcfdfa774678
494,dqn,976,random,ns_heavy,28.085,77.5,18.723333333333333,48,142,-131.22714184457075,200,58,0,2,0,0,300.0,-17.553125331993215,-9.235474980432624,-57.43854153214488,-47.0,47,3,200,0,3ab555dd0a6952a67b71d0247cc7301af9df3bb6ddbc1a4cf2a170a4d759aabc
495,dqn,504,random,low,30.850649350649352,100.0,23.755,51,160,-153.35418360490223,231,71,0,2,0,0,300.0,-22.27031271799933,-13.759912498722409,-67.32395838818047,-50.0,50,1,231,0,841ead57d2fd8680e6608855215f58601ae4809db6008e3900aaf5f4f0b013cb
496,dqn,23,random,balanced,24.334355828220858,61.0,13.221666666666666,34,124,-105.98683776589525,163,39,0,2,0,0,300.0,-12.395312803797424,-5.304024995415964,-42.287499966681935,-46.0,46,2,163,0,1608d8f38f55535d34068019ac898235e284684453ca4ae0e3780ced5f2056c0
497,dqn,506,random,left_heavy,34.38729508196721,96.5,27.976666666666667,58,151,-152.99412532891068,244,93,26,30,0,0,300.0,-26.22812541970052,-16.094124984996597,-63.671874924213625,-47.0,47,3,270,26,5850549723d34e5e210f162f4f47e5c6aac5b788736e6f1a189debdc4b3b8979
498,dqn,233,random,balanced,25.2626582278481,100.0,13.305,31,126,-112.53641273711621,158,32,0,2,0,0,300.0,-12.473437734297477,-5.031725001305312,-49.0312500015134,-46.0,46,4,158,0,4af62996debdab1aa3ea222acd0bc880dd16c7deba05674f73c7f8a8db56db77
499,dqn,732,random,balanced,36.95128205128205,124.0,24.018333333333334,45,128,-156.9002001645925,195,67,0,2,0,0,300.0,-22.517187719466165,-14.989262505266382,-70.39374993985984,-49.0,49,1,195,0,870002afedfe01785bba24bf53e8ec1c1e8793ca7c50c1e6295716efade2d3b4
500,dqn,654,random,ns_heavy,37.476377952755904,128.5,31.73,69,158,-177.06740033500918,254,96,0,1,0,0,300.0,-29.746875177137554,-19.179899998964554,-76.14062515890691,-52.0,52,3,254,0,766ff4111426a40427dbd142d1061bfbab5c451dad7ee5ad1a14ce8847c36e0a
501,dqn,694,random,low,30.026086956521738,103.5,23.02,60,160,-148.7587501573995,230,70,0,2,0,0,300.0,-21.581250199466012,-11.240000011368101,-61.93749994656537,-54.0,54,1,230,0,37f6f13a3f50f5e60891bb84ced1f9707127e025e64c05f3b8b857c18870e800
502,dqn,502,random,ns_heavy,29.67283950617284,81.5,24.035,63,145,-146.64432122924336,243,98,0,2,0,0,300.0,-22.532812861725688,-13.537550001688938,-61.57395836582873,-49.0,49,3,243,0,587b6a738beee818c4ee8a05897de2582a50bdb2970cb67fcf263c1164006f3b
503,dqn,701,random,balanced,45.47605633802817,159.5,53.81333333333333,126,170,-219.68818353594094,355,185,0,2,0,0,300.0,-50.450000197044574,-38.239224989085756,-78.99895834980998,-52.0,52,2,355,0,46776f71aa7b179c0527bf0e8b87e8ee9e2fa52a8363adeea2edb0efe737b78d
504,dqn,595,random,low,38.702786377708975,122.0,41.67166666666667,77,160,-192.00688772712385,323,163,0,2,0,0,300.0,-39.06718772032764,-30.136575025213087,-73.8031249815831,-49.0,49,2,323,0,176365a0d053e45756d5ac52d18e237a4e8129ec1805e3ce86f335a362671275
505,dqn,721,random,left_heavy,47.2,147.5,54.281666666666666,98,165,-238.06420014208823,345,180,14,18,0,0,300.0,-50.88906265993137,-45.01888745735986,-90.15625002479646,-52.0,52,1,359,14,cc3ad764ddbdb9880659e92504901bb49d126eb571502690c8927b572619fc2e
506,dqn,21,random,ns_heavy,35.26348547717842,111.5,28.328333333333333,59,151,-165.66160048503153,241,90,0,2,0,0,300.0,-26.557812856161036,-17.153787500510955,-68.95000012835953,-53.0,53,3,241,0,3660173dc164fa1364ff5e75c68a5eaa7401d80a3012b56f10f7425f8b254d13
507,dqn,129,random,left_heavy,38.72869318181818,122.5,45.44833333333333,89,168,-200.64585452353495,352,184,7,13,0,0,300.0,-42.60781288438011,-33.974499969057774,-75.06354167009704,-49.0,49,3,359,7,4073a805572b0b716bbf6c1b4450a7fa0f76d1fbf10053b5b89a7708e052f884
508,dqn,356,random,balanced,33.38,110.5,19.471666666666668,43,141,-137.30908764275588,175,34,0,1,0,0,300.0,-18.25468771706801,-8.9668999992391,-62.0874999264488,-48.0,48,3,175,0,4e1e450d65bafd15a22d816917888b68e39a0008f8f8974151cbc660118185d0
509,dqn,123,random,balanced,27.46846846846847,77.0,10.163333333333334,26,98,-105.21517512337674,111,13,0,1,0,0,300.0,-9.52812517923303,-4.080799999720331,-52.606249944423325,-39.0,39,4,111,0,74a76abc2d6a01ae3d3b512783dfefc6cb6aacccd51deade644c6b990ea6c72c
510,dqn,514,random,low,32.926829268292686,127.5,27.0,56,148,-167.84331288676253,246,98,0,2,0,0,300.0,-25.31250029511284,-17.212062516934388,-72.31875007471535,-53.0,53,2,246,0,56d85f0c99e06724eb0f5e9ed76be1b08103135292fceb8102044b7cd2b46cc7
511,dqn,944,random,ns_heavy,38.957142857142856,124.0,40.905,81,195,-195.75520026779478,315,120,0,2,0,0,300.0,-38.34843782673124,-25.366137477361928,-83.0406249637017,-49.0,49,1,315,0,b34eaf78be38f6565163dd7d336bfcd8cc07003d3f67293b6234e3be9aaddc04
512,dqn,78,random,heavy,37.960344827586205,123.0,36.695,81,159,-184.32861710143257,290,131,0,3,0,0,300.0,-34.40156289294828,-24.32601257240385,-71.60104163608048,-54.0,54,1,290,0,3bcef3853123bf2b709c182b0f9c1accfbe4be9874d083ba04317cea7cbd9cb8
513,dqn,915,random,low,32.5575,135.5,21.705,43,146,-151.0136879284205,200,54,0,1,0,0,300.0,-20.348437849781476,-12.81837498045424,-66.84687509818468,-51.0,51,3,200,0,db06061a6a6a3432d05d68f771f72ec7959656ff74bd78012c28635048386852
514,dqn,319,random,low,30.595982142857142,121.0,22.845,53,161,-144.728258425057,224,63,0,1,0,0,300.0,-21.41718771471642,-11.902737497621274,-60.4083332127193,-51.0,51,1,224,0,1b2d7499227e83629cd0efb27348fade0a15e6d9e7c602180079203a0c3a7d68
515,dqn,375,random,ns_heavy,26.85634328358209,126.5,23.993333333333332,56,158,-156.3598834604905,268,110,0,7,0,0,300.0,-22.49375023751054,-15.039049979340776,-65.82708324363921,-53.0,53,2,268,0,4177d0d2747b66881571ee22ce1319b1698431305703d0bb7ce03adbd528ac78
516,dqn,530,random,ns_heavy,38.728070175438596,100.0,29.433333333333334,66,133,-159.93071651054856,228,95,0,2,0,0,300.0,-27.59375007194467,-18.410924922477726,-65.92604151612613,-48.0,48,3,228,0,b4e97d1f42d1bfca3570171a665f9d877251593ee06cb0701d65e30d07eb070d
517,dqn,582,random,heavy,34.157575757575756,91.0,18.786666666666665,42,125,-138.050271039566,165,40,0,2,0,0,300.0,-17.612500259419903,-10.551312498136395,-63.8864582820097,-46.0,46,3,165,0,6b3f6beeecf8005e52319f182d95721be07a749dbf0f0a5b685e0e21867d9849
518,dqn,457,random,ns_heavy,24.471649484536083,128.5,15.825,38,153,-131.17902939327834,194,41,0,2,0,0,300.0,-14.835937765077688,-7.588925017079602,-61.754166611121036,-47.0,47,3,194,0,ab2dfecb4efe52c69f34cc6aab3ec385c998550696e107b1a206be7548127c7f
519,dqn,532,random,heavy,18.86021505376344,83.5,11.693333333333333,44,160,-117.07933768974833,186,26,0,2,0,0,300.0,-10.962500214693137,-3.935587500177645,-52.18124997487757,-50.0,50,3,186,0,2ce481a1553a1a1f21860e92aac187d5e48ed020eb25035556fd7685e589ee83
520,dqn,537,random,ns_heavy,33.018672199170126,131.0,26.525,54,159,-159.21261711122276,241,82,0,1,0,0,300.0,-24.86718789045699,-15.03501250496411,-65.3104167158017,-54.0,54,2,241,0,614c1262c62b992a1638349d5b9e1fb1108940c57714d81172bb150f1694ea7e
521,dqn,369,random,heavy,27.729813664596275,109.0,14.881666666666666,31,134,-136.01417511403926,161,27,0,1,0,0,300.0,-13.95156264049001,-6.225112504259594,-69.83749996928964,-46.0,46,5,161,0,67eeecdae59adbe12f4e9de7e3fac91ea4c1f6e9cd0b93d317efbd7baf1d2122
522,dqn,160,random,balanced,24.927966101694917,103.0,19.61,44,181,-137.79362529806463,236,55,0,2,0,0,300.0,-18.384375250316225,-9.577999996129808,-63.831250051618554,-46.0,46,2,236,0,51e3bd85434342ab1179601518c8b42cc512ff84b9ca7df5668244de04e5dc70
523,dqn,829,random,heavy,29.142857142857142,97.0,17.68,38,131,-136.42958345378938,182,51,0,1,0,0,300.0,-16.57500018866267,-9.233749992430239,-60.62083327269647,-50.0,50,1,182,0,9e046489f6908c896e19442aea230335002a8cd15c8b20c6e1b397ecff66f608
524,dqn,565,random,heavy,29.156934306569344,167.0,26.63,54,167,-172.22366270062696,274,107,0,3,0,0,300.0,-24.965625210665166,-14.82991249720289,-78.42812499275897,-54.0,54,1,274,0,b3ab423e34ef4ee5ee422f75c38ca75860b42455f94d75d0dc22bcd33272d225
525,dqn,142,random,balanced,22.29375,94.0,17.835,37,197,-127.15164181377479,240,43,0,1,0,0,300.0,-16.72031270386651,-8.074037502139982,-57.357291607768275,-45.0,45,5,240,0,681688fae9f3a326d2da3e32821f04c201ccf5711d55c0c2b9de444965c04eda
526,dqn,832,random,heavy,39.35774058577406,134.5,31.358333333333334,62,135,-187.77459176634218,239,104,0,5,0,0,300.0,-29.398437622003257,-25.868862456104406,-81.50729168823455,-51.0,51,2,239,0,41b382d10cd33046b7276d363a90541ca7311fcac9cdcfafc915eae5b8e4b0a6
527,dqn,497,random,ns_heavy,40.87630662020906,160.5,39.105,83,170,-202.1485086338529,287,117,0,1,0,0,300.0,-36.66093781788368,-25.982362477707653,-88.50520833826158,-51.0,51,3,287,0,4dda8697133c89fbc4b8691f908a5599c6b3579f40490bc26c3c17c0853299b8
528,dqn,216,random,low,30.14075630252101,118.5,23.911666666666665,57,153,-153.32642104278438,238,85,0,2,0,0,300.0,-22.417187833576463,-12.472774965335713,-67.43645824387204,-51.0,51,3,238,0,5fedd7b79f7d369520e7ad335de9eaf9ccaaba94ed809313756cc6c05354fe12
529,dqn,283,random,balanced,27.944805194805195,94.5,14.345,34,119,-127.49973768336505,154,35,0,2,0,0,300.0,-13.448437728919089,-7.245050009370609,-58.80624994507525,-48.0,48,2,154,0,61f5ab7cb234700a4cb9cf9939af3180316274c3566b352906800623549545e4
530,dqn,476,random,heavy,31.162995594713657,123.5,23.58,56,143,-156.2264335738996,227,84,0,2,0,0,300.0,-22.106250289594755,-13.083724972120395,-67.03645831218455,-54.0,54,2,227,0,01df4fe4bef3728d7ac117fbc10f1662b9535b83f6da49c8ca1aeb5fa2736674
531,dqn,122,random,low,26.245192307692307,102.0,18.196666666666665,44,156,-129.91806293664345,208,52,0,2,0,0,300.0,-17.059375372482464,-9.761812495778573,-56.09687506838236,-47.0,47,4,208,0,2461fb49df5f6d65d9c65c8c207e72d42796930288b8df5e7e71104fa41d9c47
532,dqn,311,random,ew_heavy,37.15843621399177,126.5,30.098333333333333,66,157,-168.62851672025204,243,86,0,2,0,0,300.0,-28.217187711852603,-18.50403746694137,-71.90729154145811,-50.0,50,1,243,0,b0e9cc1145cc7d08d35bfa62e18ea8210a1fee990d2d22c1201b8b240d0269b5
533,dqn,895,random,left_heavy,34.23255813953488,101.5,29.441666666666666,80,151,-150.76017961053367,258,107,0,4,0,0,300.0,-27.601562911528163,-17.33882503684799,-61.81979166215751,-44.0,44,3,258,0,7c62d920ff8d88710b3138d1e6e26f4e3a7ed85309547d1fc56f0d87ecfaa114
534,dqn,199,random,ew_heavy,18.963414634146343,63.0,10.368333333333334,25,136,-100.42837936809016,164,28,0,1,0,0,300.0,-9.720312736113556,-3.0726499951510045,-38.63541663682554,-49.0,49,2,164,0,98a58f09c6027321d14224f2df488058fe7c6afd1319358dd798446bdfff4a8e
535,dqn,54,random,ns_heavy,33.646103896103895,106.0,17.27166666666667,38,110,-132.84597939868613,154,44,0,1,0,0,300.0,-16.192187724867836,-8.993375001230019,-54.660416672588326,-53.0,53,1,154,0,9395a48f1d17c76df63bff72f793ebbae98bc7b314ce08ea33290a06dc26d9a7
536,dqn,944,random,ns_heavy,39.49682539682539,129.0,41.471666666666664,78,178,-198.37404190388256,315,137,0,2,0,0,300.0,-38.879687867709436,-26.380812480931485,-80.11354155524168,-53.0,53,1,315,0,b34eaf78be38f6565163dd7d336bfcd8cc07003d3f67293b6234e3be9aaddc04
537,dqn,965,random,left_heavy,31.470464135021096,106.0,24.866666666666667,46,148,-164.6819043969757,237,89,6,11,0,0,300.0,-23.3125002727611,-16.12148749921689,-72.24791662499774,-53.0,53,2,243,6,05943ccfb6a289b4935b0aa324a5949e21e3949b4c32463cf16383159d5c7c44
538,dqn,404,random,low,31.042929292929294,77.0,20.488333333333333,47,146,-137.8149295872537,198,52,0,2,0,0,300.0,-19.20781283453107,-10.75920001214763,-52.847916740574874,-55.0,55,1,198,0,a15773ee65a7070349d5ffffd03e96ad455e4dade19b01f5547cd93a9a77e597
539,dqn,481,random,left_heavy,38.20227272727273,116.5,28.015,57,141,-170.82176694169831,220,79,17,20,0,0,300.0,-26.264062848407775,-17.828537499072993,-72.72916659421753,-54.0,54,1,237,17,7531f6db3ddff49f695303af627f0cb41c358defa3e28d8ca807529551841c5a
540,dqn,11,random,balanced,18.598837209302324,107.0,10.663333333333334,28,155,-107.89657932862028,172,17,0,1,0,0,300.0,-9.996875203796662,-3.9705374999190095,-52.92916662490461,-41.0,41,6,172,0,8b81aa5e93979d6487bff9e786dc2e11878edd86bf19b0e15e1de5063e5b17e3
541,dqn,330,random,left_heavy,37.73675496688742,192.5,37.99333333333333,79,176,-215.41350866433714,302,126,26,31,0,0,300.0,-35.61875026777852,-29.93017505829703,-96.86458333826158,-53.0,53,3,328,26,6957e43172dda788521429215769e45b2de9e989bb5e0f3843b7b1ed6cffa4bd
542,dqn,248,random,left_heavy,36.170833333333334,157.5,28.938333333333333,57,141,-186.31833363177793,240,99,33,37,0,0,300.0,-27.129687835345976,-21.38031249020787,-85.80833330622409,-52.0,52,2,273,33,dd141f976319bd4b73fdf4247f113202e4aed763f9f0bacc7eea9039af219c68
543,dqn,743,random,left_heavy,26.949748743718594,148.0,17.878333333333334,37,131,-157.7161502417191,199,68,5,8,0,0,300.0,-16.7609377335757,-10.908337531775755,-80.04687497636769,-50.0,50,1,204,5,af3d3491f39fc948a42a6ef068548e2ef1a73df8abd6847e1c8f6477381d70b5
544,dqn,137,random,ew_heavy,23.348717948717947,75.5,15.176666666666666,36,163,-116.37696276457642,195,32,0,1,0,0,300.0,-14.22812525415793,-4.955087499033104,-45.19375001138542,-52.0,52,2,195,0,700e203f244737cef7e4e1da13c1e0d345111c8466269382f22836cadf5cfd94
545,dqn,754,random,ew_heavy,33.38461538461539,144.5,26.04,48,160,-172.7051836223807,234,74,0,2,0,0,300.0,-24.412500233738683,-16.73435003247578,-80.55833335616626,-51.0,51,3,234,0,9a9a76e832211e8fc14169b8e8c6e16345458021e6e2394a91dcbf4762692fc1
546,dqn,170,random,heavy,36.075250836120404,139.0,35.955,78,165,-193.8381753464688,299,134,0,1,0,0,300.0,-33.707812766428106,-24.102237555989266,-83.0281250240514,-53.0,53,1,299,0,c511de3119b99e2c3c114ff4aa080fc9b8ff3486932f5da0192928afe3e5d566
547,dqn,404,random,low,29.57070707070707,90.5,19.516666666666666,44,147,-144.8476169365101,198,51,0,2,0,0,300.0,-18.29687531851232,-10.649700003524044,-63.9010416144738,-52.0,52,4,198,0,a15773ee65a7070349d5ffffd03e96ad455e4dade19b01f5547cd93a9a77e597
548,dqn,431,random,heavy,29.613445378151262,134.0,23.493333333333332,48,152,-159.24300030300574,238,86,0,2,0,0,300.0,-22.025000285357237,-13.72737500067523,-71.49062501697335,-52.0,52,3,238,0,98f181d827df4fb47be935db0bd3d0e8b73b61bda068872086183bd95418d3a2
549,dqn,156,random,low,24.690721649484537,89.0,7.983333333333333,18,85,-110.5200584514918,97,12,0,1,0,0,300.0,-7.484375223168172,-3.252349998840507,-56.783333229483105,-43.0,43,5,97,0,a1ea2666482f410151a782cbc5b6cdecfa70b47b5b90ba8b3fe9cd1fead0935c
550,dqn,384,random,ns_heavy,39.488571428571426,151.0,46.07,99,164,-230.63065859461864,350,186,0,2,0,0,300.0,-43.19062523718458,-34.050449968508474,-97.38958338892553,-56.0,56,1,350,0,8d8a8b4fb03485d382b31964406299c024cd21309c23a73d23b1d23133c57d20
551,dqn,943,random,left_heavy,36.98588709677419,136.0,30.578333333333333,63,147,-180.90696269671105,248,101,0,4,0,0,300.0,-28.667187633691356,-19.946024994264736,-77.29375006875489,-55.0,55,1,248,0,98eefc3993a016b9fdb6fd910f3b9bb39f576319e2ffe2407a5ff1e9a07ab8bf
552,dqn,634,random,ew_heavy,33.477551020408164,160.5,27.34,60,161,-184.41678354482937,245,84,0,2,0,0,300.0,-25.63125022489112,-17.40532495559964,-88.38020836433861,-53.0,53,4,245,0,d06c9aa2627c238ec71553e90c221d91b9053ad0bec728c9cff51b888973e398
553,dqn,854,random,balanced,32.12765957446808,126.5,25.166666666666668,61,155,-159.425125392458,235,80,0,2,0,0,300.0,-23.593750408967026,-13.528250006913733,-69.30312497657724,-53.0,53,1,235,0,85b912cf8ed8f0224859edeb60241bba335d001015ede9388a555d17aef28ffd
554,dqn,731,random,left_heavy,40.901006711409394,118.5,40.635,82,162,-203.9780003808869,298,136,12,15,0,0,300.0,-38.09531278058421,-29.404562564889055,-83.47812503541354,-53.0,53,2,310,12,7b1a9269dd8edfe3c1d1e48bc34a353b80f56befe9e2f839621f204538f17b09
555,dqn,889,random,ew_heavy,36.63551401869159,128.5,26.133333333333333,50,133,-170.74774180744936,214,81,0,1,0,0,300.0,-24.50000020558946,-17.77794998589598,-74.46979161596391,-54.0,54,3,214,0,a1a98b052f294ac14f609d5fb34acf9f62abebf383e8b679640fc015cd5f5e05
556,dqn,272,random,balanced,29.01101321585903,92.5,21.951666666666668,50,153,-143.82612110885157,227,74,0,1,0,0,300.0,-20.579687735647894,-9.35685002711907,-60.88958334608469,-53.0,53,1,227,0,1b45d8637e2e1a7335d3f328128db2d7ec559749a135c5972ad33e9407abe5f2
557,dqn,521,random,balanced,29.19289340101523,111.5,19.17,44,138,-147.58936687382882,197,59,0,2,0,0,300.0,-17.971875245682895,-10.20707499281052,-67.41041663533542,-52.0,52,2,197,0,1ef62ee3ff97f5f91b656237ca49088016e08e37e93c157108bbf3d50042a566
558,dqn,191,random,balanced,24.951030927835053,115.5,16.135,38,154,-137.6691502149981,194,40,0,1,0,0,300.0,-15.126562811085023,-7.120712495531917,-64.42187490838114,-51.0,51,1,194,0,4d0957c9651ff85b55a9c15aa51319839b175dd0c513bf4017ab2d2aa6034de8
559,dqn,335,random,balanced,26.72340425531915,105.5,20.933333333333334,41,154,-146.4173544435682,235,81,0,2,0,0,300.0,-19.625000321655534,-11.438187499988274,-62.35416662192438,-53.0,53,1,235,0,1b96f8a71b7c38ae8deb9ccecf7d793f1c0cbbdf1913cfcb0fd99cc6082d5f1a
560,dqn,283,random,balanced,29.724025974025974,98.0,15.258333333333333,36,116,-128.70961693581924,154,38,0,2,0,0,300.0,-14.304687812225893,-7.197637505021706,-56.20729161857162,-51.0,51,1,154,0,61f5ab7cb234700a4cb9cf9939af3180316274c3566b352906800623549545e4
561,dqn,812,random,heavy,33.44736842105263,100.5,21.183333333333334,43,140,-147.74091267776683,190,50,0,1,0,0,300.0,-19.859375239699148,-10.30653751494829,-63.57499992311932,-54.0,54,2,190,0,087b88182c0947e5bba4054f675043e77d9e6f2afb1db7e32c53b4518c1177c1
562,dqn,369,random,heavy,24.211180124223603,73.5,12.993333333333334,31,135,-117.78739605890952,161,26,0,1,0,0,300.0,-12.181250226916745,-4.597812506024637,-50.008333325968124,-51.0,51,3,161,0,67eeecdae59adbe12f4e9de7e3fac91ea4c1f6e9cd0b93d317efbd7baf1d2122
563,dqn,340,random,balanced,35.262903225806454,122.0,36.43833333333333,85,190,-186.77240867106676,310,120,0,2,0,0,300.0,-34.160937776672654,-22.003137524560593,-75.60833336983342,-55.0,55,1,310,0,17f78fdc0f18b48fc2ad64e0f6f3db1ee51523cb0086bec6caddbea13d72e9af
564,dqn,261,random,ew_heavy,34.18452380952381,123.0,28.715,63,153,-170.8987253389212,252,99,0,2,0,0,300.0,-26.92031277960632,-19.80966256506581,-70.16874999424908,-54.0,54,1,252,0,c6bb8a955762a95391032403369559124e4db719b07ce9ff3966f8726e77b160
565,dqn,606,random,heavy,28.20552147239264,81.0,15.325,39,116,-126.98674195961291,163,47,0,1,0,0,300.0,-14.36718776426278,-6.734137497057235,-52.88541669829283,-53.0,53,2,163,0,d59b3830b094bd6e4a56c4984bcebfb7a69acc08fb4fc642feff5363592428e1
566,dqn,274,random,left_heavy,35.390728476821195,117.5,35.62833333333333,73,171,-181.09172949855707,302,131,4,10,0,0,300.0,-33.40156280156225,-24.854749976164026,-68.83541672083084,-54.0,54,1,306,4,464caeeb404ff5c07cb3f0b2eaea358d5af0fe0fefdda5d3dc1380375edae7cd
567,dqn,694,random,low,31.86304347826087,102.0,24.428333333333335,62,154,-148.7212876997109,230,76,0,2,0,0,300.0,-22.90156280354131,-12.394725006601215,-58.424999889568426,-55.0,55,1,230,0,37f6f13a3f50f5e60891bb84ced1f9707127e025e64c05f3b8b857c18870e800
568,dqn,931,random,heavy,33.21608040201005,104.5,22.033333333333335,50,138,-153.5089002714164,199,61,0,1,0,0,300.0,-20.656250245985575,-11.162024981146528,-66.69062504428439,-55.0,55,1,199,0,00d0c25b4a0640b2e15c85a1025c6f770a8405455215fe2a98ac33a7cfb116ec
569,dqn,404,random,low,25.843434343434343,90.0,17.05666666666667,41,154,-125.83790441077723,198,44,0,2,0,0,300.0,-15.990625308942981,-8.233737499910056,-49.613541601924226,-52.0,52,3,198,0,a15773ee65a7070349d5ffffd03e96ad455e4dade19b01f5547cd93a9a77e597
570,dqn,93,random,low,28.77354260089686,114.5,21.388333333333332,47,157,-150.17373768557223,223,66,0,1,0,0,300.0,-20.051562710897997,-10.631550007992336,-69.49062496668193,-50.0,50,4,223,0,152d984021e1f7a679e1f66cf6f9b93abbb37cbd083936665e22d314a126b479
571,dqn,576,random,balanced,28.934362934362934,92.5,24.98,56,174,-138.74339178996382,259,85,0,3,0,0,300.0,-23.418750254320912,-11.95172499865512,-52.37291653698776,-51.0,51,1,259,0,98f0a1aa598913d7c08fea0eac23359114d68b055d1434c34dc6d09ee1ed8c6d
572,dqn,803,random,low,29.53409090909091,152.0,21.658333333333335,57,152,-156.31624613717514,220,68,0,2,0,0,300.0,-20.304687808151357,-9.171975001844846,-75.83958332717884,-51.0,51,2,220,0,e1fdabb92f5978647a9b43b726f84003aca81e21a1947469dac88f7f7953d5bd
573,dqn,920,random,left_heavy,33.31587837837838,128.0,32.87833333333333,81,159,-173.77841271674396,296,137,20,22,0,0,300.0,-30.82343779760413,-20.50497502919897,-72.44999988994095,-50.0,50,2,316,20,8394135b73f29564e93098ceca2b25f5797af08840c94cad56ac93a8066495b7
574,dqn,455,random,heavy,31.12,133.5,31.121666666666666,63,164,-191.0142171631239,300,136,0,8,0,0,300.0,-29.17656291264575,-21.314737506364324,-87.5229167441139,-53.0,53,1,300,0,721668a27877f1223355b00d728bd161772e3e146134e7959fe1a672ea0bacb9
575,dqn,103,random,left_heavy,39.223404255319146,154.0,36.87166666666667,73,149,-201.67647104990826,282,133,11,14,0,0,300.0,-34.56718772999011,-29.09157498612695,-84.01770833379123,-54.0,54,1,293,11,18edb8d4168b60e66455d7b72d2ff4c754e225f7bb52ebfce3813ecc6d5cfdbd
576,dqn,575,random,low,39.04929577464789,135.0,36.96666666666667,77,160,-183.79780845091807,284,124,0,1,0,0,300.0,-34.65625011839438,-23.30822499705609,-71.83333333546761,-54.0,54,1,284,0,b0a88752af54cdd8ccb985b0a7aec74809045021b3b65a1b4351a3d98bf88ef8
577,dqn,97,random,balanced,35.64069264069264,88.0,27.44333333333333,63,151,-154.99876704424457,231,80,0,2,0,0,300.0,-25.728125304798596,-16.207100007998083,-60.06354173144791,-53.0,53,1,231,0,dac497eac3c931836afde4d5f93f5f82013ea692585b6ccb568f3995bebaa681
578,dqn,812,random,heavy,31.289473684210527,87.5,19.816666666666666,45,142,-134.06752122938124,190,48,0,1,0,0,300.0,-18.578125353669748,-9.474812495167862,-53.01458338054363,-53.0,53,1,190,0,087b88182c0947e5bba4054f675043e77d9e6f2afb1db7e32c53b4518c1177c1
579,dqn,54,random,ns_heavy,42.357142857142854,96.5,21.743333333333332,47,100,-150.86193775149803,154,54,0,1,0,0,300.0,-20.38437525019981,-13.599437524185483,-67.87812497711275,-49.0,49,2,154,0,9395a48f1d17c76df63bff72f793ebbae98bc7b314ce08ea33290a06dc26d9a7
580,dqn,451,random,heavy,35.8448275862069,136.0,31.185,73,155,-187.25967096534367,261,106,0,3,0,0,300.0,-29.23593767604325,-21.315400029269973,-84.70833326003049,-52.0,52,2,261,0,27ca77e3e90cc2c533c09df0a26e05e8742ffc4190504310f752b3c73cf28e55
581,dqn,885,random,ns_heavy,29.29144385026738,103.5,18.258333333333333,35,148,-147.61380848918995,187,39,0,1,0,0,300.0,-17.11718767415732,-8.157037506247429,-70.33958330878522,-52.0,52,2,187,0,51ed19d21565410feebfac32eeb3a3b62c834675ad8999f607341a3e9e617f64
582,dqn,856,random,ew_heavy,36.56086956521739,127.0,28.03,70,140,-171.50398362541304,230,90,0,1,0,0,300.0,-26.278125353856012,-17.27689997685811,-80.94895829469897,-47.0,47,3,230,0,99abb64332df91843ef6542d2437b4676f52bc387d1c4cc5767060e30099c22e
583,dqn,881,random,ew_heavy,43.56206896551724,136.0,42.11,82,155,-204.69540031457805,290,135,0,2,0,0,300.0,-39.47812516416889,-28.26414997660103,-81.95312517380808,-55.0,55,2,290,0,2b3902fd23543fccd85de2bbc1dc8d80a9e22335bf21f81482ab5a3da9da54a9
584,dqn,273,random,balanced,40.647492625368734,122.0,45.931666666666665,97,164,-211.1203292950239,339,175,0,3,0,0,300.0,-43.060937850154005,-32.57085001442538,-79.48854143044446,-56.0,56,0,339,0,df3a6483493d411abea23c4b88ce3746670573c795cc44de897fb90e356c2eec
585,dqn,683,random,low,43.82195845697329,117.5,49.22666666666667,100,175,-211.87100026591094,337,162,0,3,0,0,300.0,-46.150000259047374,-36.54912500069328,-74.17187500617001,-55.0,55,0,337,0,b43f2bc30e09cc3cfaa1cbc85e5215cc26d36572619857bd43923a91622aaf16
586,dqn,659,random,low,32.403614457831324,116.0,26.895,57,162,-170.02345014278316,249,87,0,2,0,0,300.0,-25.21406275127083,-16.15001249868437,-75.65937489282805,-53.0,53,1,249,0,c90522d4a7d2c6f89c67489e38c17062eecc6660c66e5770812fad65a59e80d5
587,dqn,384,random,ns_heavy,36.95857142857143,112.5,43.123333333333335,86,170,-193.15917124566397,350,180,0,6,0,0,300.0,-40.42812531278469,-31.59771254590961,-68.13333338696975,-53.0,53,2,350,0,8d8a8b4fb03485d382b31964406299c024cd21309c23a73d23b1d23133c57d20
588,dqn,55,random,low,33.236363636363635,130.0,24.373333333333335,59,144,-152.25490430422724,220,76,0,2,0,0,300.0,-22.85000016260892,-13.747612469775047,-67.65729167184327,-48.0,48,2,220,0,0723c88980d3191aef6ebeb946599b70cd3ed4610b86fee7c46d1423d6df8a19
589,dqn,747,random,balanced,38.80898876404494,128.0,34.54,73,155,-176.81018355683267,267,112,0,2,0,0,300.0,-32.38125023327302,-22.58622500168931,-68.8427083218703,-53.0,53,2,267,0,74804a03a548692a8ddd1973242a28705a0ba63383f6ecc59deb8eab0d2f0c21
590,dqn,435,random,left_heavy,23.739766081871345,84.0,13.531666666666666,40,121,-107.3234542402825,171,50,0,2,0,0,300.0,-12.685937647358514,-6.139600000056819,-42.497916592867114,-46.0,46,1,171,0,d173a13888e259843d14dd1f13d1d37de5ea09550aecc7ed3568f53545678d6a
591,dqn,98,random,ew_heavy,16.739583333333332,75.5,8.035,19,125,-91.22670855379694,144,19,0,2,0,0,300.0,-7.532812688150443,-2.604312497373029,-37.08958336827345,-44.0,44,1,144,0,adc36b7b50e07eaf1a6370e65cb3e3bb1267bb0a29b8102015001a38b533320f
592,dqn,202,random,ns_heavy,34.46694214876033,98.0,27.803333333333335,68,148,-158.36293368539552,242,94,0,2,0,0,300.0,-26.065625316929072,-15.907725007829862,-64.3895833606366,-52.0,52,2,242,0,b1b92b0e169ef1042273d871ab06fb3dcd7d23a90e2b9fb1dc88e969babbfae4
593,dqn,11,random,balanced,18.319767441860463,65.5,10.503333333333334,25,152,-100.0273000720845,172,20,0,1,0,0,300.0,-9.846875121584162,-3.3491749994645947,-43.831249951035716,-43.0,43,3,172,0,8b81aa5e93979d6487bff9e786dc2e11878edd86bf19b0e15e1de5063e5b17e3
594,dqn,779,random,heavy,36.923228346456696,122.0,31.261666666666667,61,154,-183.28523734247656,254,100,0,1,0,0,300.0,-29.307812510989606,-19.49929998932275,-83.4781248421641,-51.0,51,2,254,0,e010864651df7ae38e15ff2883f3fce19930afd969c026375cd08e8f413b0a46
595,dqn,252,random,low,34.75982532751092,102.0,26.533333333333335,57,153,-164.53703780405846,229,76,0,2,0,0,300.0,-24.87500029266812,-15.237037474672976,-68.42500003671739,-56.0,56,1,229,0,94df5b4fc460b705fe437a07af4710a8f8e54c0aa03ce370f2fb70aa497ed0f8
596,dqn,814,random,ns_heavy,15.703846153846154,54.0,6.805,18,124,-78.23388764569607,130,6,0,1,0,0,300.0,-6.379687667009421,-1.6323249997112734,-31.221874978975393,-39.0,39,1,130,0,44fe3665691d26bacecaf1df9c2652941cad724b72f9b5c85a56d78a82db142e
597,dqn,160,random,balanced,23.489406779661017,139.0,18.47833333333333,49,175,-148.1839461456497,236,61,0,2,0,0,300.0,-17.323437778512016,-9.067800007828193,-71.79270835930947,-50.0,50,1,236,0,51e3bd85434342ab1179601518c8b42cc512ff84b9ca7df5668244de04e5dc70
598,dqn,865,random,balanced,31.508403361344538,102.0,24.998333333333335,57,167,-152.0491836402572,238,71,0,1,0,0,300.0,-23.43593775795307,-13.233037491888535,-68.38020839041565,-47.0,47,3,238,0,4f36b8198aa83306e6e95cd8a3578d2885a75d34d68fb14d973810d563ba8cdf
599,dqn,814,random,ns_heavy,15.36923076923077,54.5,6.66,20,119,-77.67593345859567,130,11,0,1,0,0,300.0,-6.243750139488839,-1.6050999990991839,-31.82708332000766,-38.0,38,1,130,0,44fe3665691d26bacecaf1df9c2652941cad724b72f9b5c85a56d78a82db142e
600,dqn,527,random,low,21.9975,87.5,14.665,36,164,-133.9356751713662,200,36,0,2,0,0,300.0,-13.748437707778066,-5.524737501562779,-64.66249996202532,-50.0,50,2,200,0,849462797b3d041d53d03b5ddbc4d547f5c763347a26e013cb25a2cc94a015a4
601,dqn,82,random,heavy,38.752808988764045,135.5,34.49,71,144,-200.4839711215294,267,123,0,2,0,0,300.0,-32.33437527541537,-26.31313754901712,-88.83645829709712,-53.0,53,2,267,0,9e9d6a62a14fb39d95eda5ef31855973b349186e1baa48b575a989ff4f556812
602,dqn,407,random,ns_heavy,27.1625,89.5,18.108333333333334,45,145,-133.9843335869918,200,55,0,1,0,0,300.0,-16.976562721421942,-8.380687501045035,-57.62708336452488,-51.0,51,1,200,0,23741c2f533c30f2ab6b17c1003fd362b1bc97373460361f860bfe81db8daf7a
603,dqn,427,random,low,31.977049180327867,138.5,32.51,71,178,-191.08465020930805,305,127,0,2,0,0,300.0,-30.47812527185306,-20.775275016221705,-86.8312499212334,-53.0,53,1,305,0,65285e2993720af76d31a51992bfd4979a5d54dedaabf5b2a5d6200b3b7d24f9
604,dqn,454,random,ew_heavy,13.176470588235293,65.5,5.973333333333334,16,131,-73.49200434586527,136,5,0,1,0,0,300.0,-5.600000134203583,-1.3784625017971854,-30.513541709864512,-36.0,36,3,136,0,74cdfe1838081f107205170958ddc5096c9d450a1d4cdacea05845016a6e5287
605,dqn,912,random,left_heavy,32.68975903614458,97.5,18.09,41,105,-137.53925855193458,166,61,8,11,0,0,300.0,-16.95937517855782,-11.293424994136881,-61.286458379239775,-48.0,48,1,174,8,04fd2d4685c3d6d20efad9e3587391c6a07ad85941e8d1df362d19b56ba34bda
606,dqn,653,random,ns_heavy,32.24277456647399,127.0,18.593333333333334,42,125,-155.43083359575618,173,48,0,2,0,0,300.0,-17.43125021760352,-10.844374997143317,-78.15520838100929,-49.0,49,3,173,0,c0f25505544653358d94466601465eb138bdfd3449d3fc2f4ab8bdb5fba59b40
607,dqn,732,random,balanced,38.41025641025641,103.5,24.966666666666665,52,119,-157.5212708395041,195,76,0,2,0,0,300.0,-23.406250097672455,-16.778562469880132,-66.33645827195141,-51.0,51,2,195,0,870002afedfe01785bba24bf53e8ec1c1e8793ca7c50c1e6295716efade2d3b4
608,dqn,852,random,ns_heavy,37.569164265129686,162.0,43.45666666666666,90,183,-220.8405586196642,347,164,7,13,0,0,300.0,-40.74062530382071,-35.91347498652247,-92.18645832932089,-52.0,52,1,354,7,b715e90854fa60c064da66d6bbad42ef7493a7965e21cdc987e6eb760ed6e792
609,dqn,960,random,ew_heavy,14.295,60.0,9.53,30,181,-81.77502103428267,200,19,0,2,0,0,300.0,-8.934375214856118,-2.4510624975562667,-33.389583321870305,-37.0,37,4,200,0,52978ccf146960f47420cdf655465656975e05da60510a373e8ebdac68bc22a0
610,dqn,315,random,left_heavy,35.02238805970149,136.5,31.291666666666668,70,151,-180.31718364964559,268,117,38,40,0,0,300.0,-29.335937845520675,-22.75728752267386,-77.2239582814509,-51.0,51,2,306,38,df55f184347ce5cf41c31c106d67c9bfc4f8d6bf11a2427649c16469c284653f
611,dqn,293,random,balanced,20.99353448275862,93.0,16.235,37,173,-117.35362942621946,232,59,0,2,0,0,300.0,-15.220312813296914,-6.660400003664108,-48.47291660925839,-47.0,47,1,232,0,3fe793f3c4d14e54ec4a366477322f692c6164bb900a707308554e26065eb495
612,dqn,974,random,left_heavy,35.1382252559727,112.0,34.321666666666665,75,167,-176.37076698941598,293,126,21,26,0,0,300.0,-32.176562940352596,-22.318162535544978,-71.87604151351843,-50.0,50,2,314,21,abaacb35f2a8ad89c6a8919e3632f72b0f76f64753dfdb3bc716f36d8368ef5f
613,dqn,108,random,balanced,20.33139534883721,106.0,11.656666666666666,26,149,-112.67209191165382,172,23,0,1,0,0,300.0,-10.928125214064494,-4.614799997061346,-52.129166700528,-45.0,45,2,172,0,d48eee2da03c83692acaa5634d1638552c409350aaa30fee8ce63f224f1e7882
614,dqn,479,random,heavy,32.82786885245902,142.0,26.7,61,148,-175.62340006674998,244,96,0,2,0,0,300.0,-25.031250136788003,-17.34839998488678,-81.24374994507525,-52.0,52,2,244,0,055f04cce56e893f7eedf0e5fc4fa4548f7ec1a1b42659217222e9eaa90b09f3
615,dqn,538,random,balanced,12.995652173913044,69.0,9.963333333333333,26,209,-100.21327514250449,230,21,0,2,0,0,300.0,-9.340625161654316,-2.8976500024102254,-45.97499997843988,-42.0,42,3,230,0,d02d3b3c0a8650f1791b65dbd14f015a3cee0fdb8abfe9630cbe0c838e9f1cb7
616,dqn,595,random,low,38.87461300309597,124.0,41.855,87,171,-195.63425456665934,323,152,0,2,0,0,300.0,-39.23906273895409,-27.86602500759545,-74.52916682010982,-54.0,54,1,323,0,176365a0d053e45756d5ac52d18e237a4e8129ec1805e3ce86f335a362671275
617,dqn,44,random,heavy,25.62135922330097,86.0,17.593333333333334,36,157,-122.20039195368444,206,49,0,2,0,0,300.0,-16.49375029967632,-7.521225003282598,-51.18541665072553,-47.0,47,1,206,0,be5356b26df6e1f543a3b33ea3a5ffe69caabefb3edd0045bae4de463cf2a196
618,dqn,26,random,low,19.03211009174312,70.0,13.83,40,160,-117.65280015146772,218,58,0,2,0,0,300.0,-12.96562521357555,-5.465300015145475,-51.22187492274679,-48.0,48,2,218,0,465ddbb95a36545c0936f7dfeae809c800295fd9d226a47c9708ce4fa9e5f480
619,dqn,762,random,ew_heavy,20.74585635359116,77.0,12.516666666666667,28,146,-114.58254599876308,181,35,0,2,0,0,300.0,-11.734375221538357,-4.361712495587564,-46.48645828163717,-52.0,52,3,181,0,d2c486090fb6139f92af8623c33f36410ba043d3a3eb9b0f0f3e876e3b6d60d4
620,dqn,224,random,heavy,24.65846994535519,121.5,15.041666666666666,35,148,-148.8368544607022,183,35,0,1,0,0,300.0,-14.101562738767825,-7.568625003152556,-77.16666671878193,-50.0,50,2,183,0,9b040871f9af2d06f96264f2d947276f00db4f17f1bc49b0778b55f992a1b132
621,dqn,282,random,heavy,19.621134020618555,85.0,12.688333333333333,34,155,-107.70480015720746,194,39,0,1,0,0,300.0,-11.895312739768997,-4.403237496950168,-45.406249920488335,-46.0,46,2,194,0,05dac1079462d05a2135183386810ab94b73ab9665b18d6f52f769d79163ee8e
622,dqn,608,random,ew_heavy,30.420454545454547,143.0,26.77,55,176,-167.88286689285954,264,88,0,2,0,0,300.0,-25.09687520971056,-16.39744997479793,-76.38854170835111,-50.0,50,2,264,0,928b1135c5956601902d0fbd9854528f3e563a12ac44cb113f11503328323a6a
623,dqn,252,random,low,28.70524017467249,120.5,21.911666666666665,46,166,-157.9415251894265,229,63,0,2,0,0,300.0,-20.542187742656097,-10.986837476363146,-74.41249997040723,-52.0,52,3,229,0,94df5b4fc460b705fe437a07af4710a8f8e54c0aa03ce370f2fb70aa497ed0f8
624,dqn,772,random,balanced,25.397727272727273,145.5,18.625,44,164,-165.76148365558694,220,56,0,1,0,0,300.0,-17.460937735042535,-11.198462506100622,-90.10208341444377,-47.0,47,3,220,0,9cd712ab07f30a75a07166f5ce69084fb96cb827400a8d804407af148ac02bef
625,dqn,844,random,ew_heavy,25.546082949308754,126.0,18.47833333333333,40,152,-164.09824192703311,217,65,0,1,0,0,300.0,-17.323437721584924,-10.142512486479973,-81.63229171896819,-55.0,55,1,217,0,747b89d9d0cb1ab18ed566d5909aa9620a2da301c1e25775ce2eb4ce4398447a
626,dqn,309,random,left_heavy,30.535587188612098,154.5,28.605,61,163,-173.73952099439703,281,118,16,21,0,0,300.0,-26.817187653155997,-17.642125011920147,-81.28020832932089,-48.0,48,4,297,16,88339736b9ea1f5fa3f386b80ee16586d4a1c8c64218327abb682118630a3a28
627,dqn,406,random,heavy,30.37725631768953,91.5,28.048333333333332,65,159,-154.43989193862217,277,118,0,3,0,0,300.0,-26.29531274852343,-17.956037520467365,-59.18854166963138,-51.0,51,2,277,0,a83a8ea8bbdb6b35a0d6847b65aef215fcc730f7d56bad2b7a801531da04e3c1
628,dqn,566,random,left_heavy,31.480861244019138,104.5,21.93166666666667,52,133,-143.46979190614877,209,76,3,6,0,0,300.0,-20.560937671805732,-13.829687486131302,-58.07916674821172,-51.0,51,1,212,3,98caf007411bf315a5073ef51e3fd29f044aa1f1bf04f59d2113b6f179de05bf
629,dqn,537,random,ns_heavy,30.475103734439834,122.0,24.481666666666666,56,171,-158.3229544127177,241,70,0,1,0,0,300.0,-22.95156282070093,-13.757849975307899,-67.61354161670897,-54.0,54,1,241,0,614c1262c62b992a1638349d5b9e1fb1108940c57714d81172bb150f1694ea7e
630,dqn,187,random,left_heavy,26.328185328185327,95.0,22.733333333333334,54,167,-129.59405852200504,259,92,9,18,0,0,300.0,-21.312500270316377,-10.288850002089017,-49.99270824959967,-48.0,48,4,268,9,4b86820ecf3a38973c0f72c83b8566703c3639d5201166426c99c7df9d8b098b
631,dqn,598,random,balanced,18.635057471264368,94.5,10.808333333333334,36,144,-102.8695459391056,174,30,0,2,0,0,300.0,-10.132812637835741,-4.040899995790825,-47.69583330547903,-41.0,41,2,174,0,230d80ee7308c74e184f699d69981693c74c88ca6ad6d9d3399f5efcc17a2be9
632,dqn,99,random,low,29.344488188976378,107.5,24.845,53,178,-145.66932116689938,254,76,0,2,0,0,300.0,-23.292187809827738,-11.753174992360437,-58.62395836471114,-52.0,52,1,254,0,4fb2282668c21a874e555847e3569a83d62d90bebe853d66d5ccf7453cc18271
633,dqn,874,random,left_heavy,22.25,66.5,14.243333333333334,33,133,-107.03660858522117,192,59,3,8,0,0,300.0,-13.353125303750858,-5.903275004303573,-42.78020827716682,-45.0,45,1,195,3,8a034b87719a465968a2661379ec51200d8ced9038ed0f2cbc840263386384d9
634,dqn,632,random,ew_heavy,24.727272727272727,73.0,15.413333333333334,37,151,-117.07645854677905,187,36,0,1,0,0,300.0,-14.450000259443186,-6.224375005326147,-49.4020832820097,-47.0,47,5,187,0,c3496f4c81a099e629a6681ef543ec7f56bab4de23f1c2aca7c8564d32e80f4d
635,dqn,398,random,low,34.757075471698116,114.5,24.561666666666667,51,150,-166.57200039716773,212,62,0,1,0,0,300.0,-23.0265628779307,-14.701687464638232,-75.84375005459879,-53.0,53,3,212,0,879b1043e1005d62790cf5c13fd790223c510ce6b24450e11d51fc63651de7f0
636,dqn,566,random,left_heavy,32.17391304347826,123.0,22.201666666666668,46,131,-156.68634610898658,207,76,5,7,0,0,300.0,-20.81406272284221,-14.64519998939577,-69.22708339674864,-52.0,52,1,212,5,98caf007411bf315a5073ef51e3fd29f044aa1f1bf04f59d2113b6f179de05bf
637,dqn,752,random,ew_heavy,37.40652173913043,163.5,28.678333333333335,63,145,-178.6123335245393,230,85,0,1,0,0,300.0,-26.885937707615085,-19.511812510700103,-82.21458330622409,-50.0,50,1,230,0,0492930af127c87ad9af066e70d2973d4535549ce810171f2b314a35c103ea44
638,dqn,609,random,low,38.309322033898304,123.0,30.138333333333332,62,147,-185.3614960779616,236,89,0,1,0,0,300.0,-28.254687780863605,-21.135975008010423,-82.97083328908775,-53.0,53,1,236,0,ba74f1747b8941db543083c6775eff9c4ea9bb6ee7c75f935966a63180e8e919
639,dqn,987,random,balanced,15.5,76.5,10.591666666666667,26,178,-92.51909600240324,205,27,0,1,0,0,300.0,-9.929687713854946,-3.2466999936863434,-36.34270829486195,-43.0,43,2,205,0,f334b2bf86f849827a07f242d1be8ba5ce46ba6c098d9d3c64e03b2faaa67c94
640,dqn,109,random,left_heavy,30.938524590163933,123.0,25.163333333333334,56,161,-179.0068546177885,244,83,8,12,0,0,300.0,-23.59062540892046,-17.433937490272363,-85.98229171859566,-52.0,52,0,252,8,4df1f8a3e283c6a13ea1cedfc4321b47328ade54db2354d5a5f21868dece9695
641,dqn,238,random,left_heavy,37.48125,166.5,39.99,80,173,-206.23701699848826,320,147,11,15,0,0,300.0,-37.49062539462466,-29.94222500689867,-84.80416659696493,-54.0,54,1,331,11,f748d5f0bc5ea8004afb8c602b0504e79f0ec40fbfda428ed9c7783d9663c935
642,dqn,409,random,balanced,24.184971098265898,103.0,13.946666666666667,36,128,-122.15859198991167,173,45,0,1,0,0,300.0,-13.075000334647484,-6.160674994596771,-53.9229166606674,-49.0,49,4,173,0,5d91aaaf4c9bed09c07d22d4b70c9430a140fa2f0d4e3d9726389a1943ae0cc4
643,dqn,327,random,ew_heavy,26.127906976744185,108.0,14.98,35,127,-136.09505420413979,172,45,0,2,0,0,300.0,-14.043750154785812,-8.009637488896987,-68.04166656045709,-46.0,46,3,172,0,3467bc0f21b9c701fe63a1cfd1e002335ad031bd7302bdcfb6b0257fc1d88879
644,dqn,609,random,low,34.17161016949152,125.0,26.881666666666668,59,156,-172.09329625286122,236,80,0,1,0,0,300.0,-25.20156292768661,-17.44590001224497,-77.44583331292961,-52.0,52,2,236,0,ba74f1747b8941db543083c6775eff9c4ea9bb6ee7c75f935966a63180e8e919
645,dqn,776,random,heavy,30.379421221864952,135.5,31.495,71,170,-183.24335434273016,311,141,0,2,0,0,300.0,-29.526562684448436,-20.425125068953648,-78.29166658932809,-55.0,55,1,311,0,997b285c128fbdc57ecf24d671ca979018d8d652cd366c8bbf03762acef403c2
646,dqn,910,random,low,21.956521739130434,79.0,11.783333333333333,26,134,-107.04900029033094,161,27,0,1,0,0,300.0,-11.046875323285349,-4.348999998873478,-46.65312496817205,-45.0,45,1,161,0,96b3db5e2f8dabfa385af9ce481b8cc9e97ba79c6b712d3666f7d949baf4b42f
647,dqn,892,random,left_heavy,34.63145539906103,107.0,24.591666666666665,49,131,-161.05929584296243,213,82,7,10,0,0,300.0,-23.054687652853318,-16.48065002444491,-71.52395816566423,-50.0,50,0,220,7,458ee46421dce99d0fd95fa0887853ec04c3beb3d94cc193ebce0878abbf08be
648,dqn,187,random,left_heavy,29.802788844621514,98.0,24.941666666666666,54,160,-144.010017013824,251,91,17,23,0,0,300.0,-23.382812837837264,-13.423037478066544,-58.2041666979203,-49.0,49,2,268,17,4b86820ecf3a38973c0f72c83b8566703c3639d5201166426c99c7df9d8b098b
649,dqn,302,random,heavy,26.274193548387096,104.5,24.445,50,169,-158.61221692019745,279,110,7,18,0,0,300.0,-22.91718782274984,-14.143987477013429,-68.55104162043426,-53.0,53,1,286,7,eec14e17fbbb1505206471291bfa0319e0b1832dae3cc63d76c5209d79589ed5
650,dqn,833,random,balanced,12.858108108108109,76.0,6.343333333333334,15,140,-84.78419597269887,148,8,0,1,0,0,300.0,-5.946875125635415,-1.5758625017238965,-37.26145834533963,-40.0,40,2,148,0,0bb0cf82165322551744f0778fb6fd79a0b1386a9bb9937c8980594715e6733d
651,dqn,969,random,ns_heavy,18.180790960451976,69.0,10.726666666666667,29,154,-103.47074184667953,177,23,0,1,0,0,300.0,-10.05625022703316,-3.1728250087115155,-40.24166661093477,-50.0,50,1,177,0,655003299a3c4c39f42d16c9122192517844012e61e415fd9ebc82eec81d9e74
652,dqn,792,random,heavy,22.953125,80.5,17.138333333333332,44,165,-127.23387113163918,224,59,0,1,0,0,300.0,-16.067187729873694,-7.50522500389925,-55.66145839786623,-48.0,48,1,224,0,54500242c62b7769ae6349def75d9b5db7519d2a8dd36fe10a201447a687fcde
653,dqn,871,random,balanced,30.030575539568346,185.0,27.835,57,152,-181.42470866997232,278,126,0,9,0,0,300.0,-26.095312814344652,-18.34918748141717,-82.98020837421063,-54.0,54,2,278,0,a35a77512524efb380958e80a608831c48422649bee491464e4c6bf338251185
654,dqn,65,random,ns_heavy,27.99771689497717,91.5,20.438333333333333,52,155,-145.3401418876085,219,64,0,2,0,0,300.0,-19.160937753040344,-10.237537495507429,-61.94166663906071,-54.0,54,2,219,0,2f6620695537c5d4c628d16d3a167bd4d2b13ca118834fdc9137e318f517efd1
655,dqn,18,random,low,33.346846846846844,98.5,24.676666666666666,54,133,-147.42167929529595,222,89,0,2,0,0,300.0,-23.134375168941915,-14.939387479842837,-58.347916646511294,-51.0,51,1,222,0,315cacc99785eb771aa3614df21b696f38eb706b497a3acae6a15bad25b9cf34
656,dqn,700,random,ns_heavy,33.65425531914894,102.5,31.635,73,161,-165.50307497503456,282,121,0,2,0,0,300.0,-29.65781257278286,-20.342137465651465,-65.50312493660022,-50.0,50,3,282,0,f02480fb6796fb9a15a58968bdb1e4b9b032e885824f58b3c521bad874b23b26
657,dqn,314,random,ew_heavy,33.564,145.5,27.97,63,163,-171.37802941133043,250,87,0,2,0,0,300.0,-26.22187530400697,-16.211362511289916,-76.94479159603361,-52.0,52,1,250,0,74324db8fd4748d1c5272a4fc921124c572f7606d87c78ea2fe75be23b2c6ece
658,dqn,923,random,heavy,33.34432234432234,118.5,30.343333333333334,63,163,-174.6020669951241,273,110,0,2,0,0,300.0,-28.4468753261026,-20.17914999289423,-70.97604167612735,-55.0,55,1,273,0,4da4d59cbaa37e027cee3dd471560c0f2778c583db1a4f675e4a44a164b71166
659,dqn,117,random,balanced,25.086486486486486,87.0,15.47,34,153,-117.2645293827787,185,32,0,1,0,0,300.0,-14.503125241491944,-5.385362501108465,-44.3760416401783,-53.0,53,1,185,0,7503aa03aec769da842fa75d86a1ea6aacf34d7e48f03362ca321bd432d5fa2f
660,dqn,579,random,low,20.5546875,53.5,13.155,35,156,-96.12622943734972,192,36,0,1,0,0,300.0,-12.332812714739703,-4.161125001313485,-33.6322917212965,-46.0,46,4,192,0,5ebe6f4f7b3264f8eb379ab29028c02f52c58725adbdd7b6e724ed04c9185ff4
661,dqn,945,random,heavy,19.65483870967742,76.5,10.155,22,136,-102.95602095812863,155,19,0,1,0,0,300.0,-9.520312682492658,-3.3242499986554317,-42.11145827698056,-48.0,48,1,155,0,606d141bf0543a08ade33eddf46543c422db0ee504e984233d4ad7d5c4e41238
662,dqn,437,random,left_heavy,28.465217391304346,92.5,21.825,43,146,-144.29271689258096,230,84,3,6,0,0,300.0,-20.460937777650543,-12.018237498966482,-61.81354161596391,-50.0,50,1,233,3,1903fc03bbd55c90fbf33e4d191d36eabd68c4b936cefe4faa5497c70225c7ea
663,dqn,830,random,ns_heavy,14.699324324324325,80.5,7.251666666666667,17,137,-86.02028765030553,148,11,0,1,0,0,300.0,-6.798437655437738,-1.793724997801474,-37.428124997066334,-40.0,40,2,148,0,3e9bbd08bf9d7bc18bd45618241c6e77e5df526a007f286867a156380418c8db
664,dqn,688,random,balanced,27.608374384236452,136.5,18.68166666666667,45,148,-162.94724616362143,203,55,0,1,0,0,300.0,-17.51406277809292,-9.721725011131637,-85.7114583743969,-50.0,50,2,203,0,85ae0ec7c80ed8590223509ab24d9914156d007ba7c04cae8211240b5a5e6b77
665,dqn,553,random,left_heavy,36.88834951456311,110.0,25.335,46,131,-161.72710442122258,206,75,7,11,0,0,300.0,-23.751562788151205,-16.946375045792223,-72.02916658727918,-49.0,49,1,213,7,c2e0f7214d1adbaa066701cb57a84cadf50b608d672db3fd6c024fd6bf95dd23
666,dqn,439,random,ew_heavy,32.2029520295203,109.0,29.09,70,155,-161.94621260477936,271,116,0,2,0,0,300.0,-27.271875182981603,-15.7118375065249,-65.96249991527293,-53.0,53,1,271,0,e32d6b50a70e0ba21a956f60082ae869ee6761b578bf1cdfa0a617256e64296a
