episode,controller,seed,traffic_scenario,realized_scenario,avg_waiting_time,max_waiting_time,avg_queue,max_queue,throughput,episode_reward,departed,unfinished,pending,max_pending,collisions,teleports,duration,reward_queue,reward_waiting,reward_max_waiting,reward_switching,phase_changes,forced_changes,scheduled,not_inserted,route_sha256
1,dqn,134,random,heavy,33.127155172413794,105.0,25.618333333333332,59,170,-99.984246849671,232,62,0,2,0,0,300.0,-75.94375103339553,-4.503204147431098,-13.537291668844405,-6.000000000000003,30,7,232,0,b0682668f42f500aab9e14c92a5db24bf41a07dc64f61bdc53742cf5bc9665e3
2,dqn,129,random,left_heavy,56.76401179941003,181.0,64.14666666666666,133,186,-180.20145851573199,339,153,20,23,0,0,300.0,-137.95000018924475,-16.71895833166126,-18.732499994826515,-6.800000000000003,34,7,359,20,4073a805572b0b716bbf6c1b4450a7fa0f76d1fbf10053b5b89a7708e052f884
3,dqn,798,random,ew_heavy,23.17484662576687,81.5,12.591666666666667,36,157,-60.04252966291608,163,6,0,1,0,0,300.0,-43.4125004960224,-1.4508624984962797,-9.37916666839738,-5.8000000000000025,29,9,163,0,29c7427026772cee900c4a8db273955ffad288a3575959829cf4b9ff2db78d9b
4,dqn,500,random,left_heavy,39.80616740088106,155.0,30.12,59,165,-116.24155152562231,227,62,0,1,0,0,300.0,-88.0250014923513,-6.151966685789376,-15.664583347481662,-6.400000000000003,32,6,227,0,960b4f8a37cb30f594872518b915d2fb88deaa3f72f1f908eb3f62285d674c15
5,dqn,591,random,balanced,45.02105263157895,115.0,28.513333333333332,73,141,-95.34095859657172,190,49,0,2,0,0,300.0,-66.85000024875626,-6.782833328998095,-15.908125018817374,-5.8000000000000025,29,8,190,0,e84ee16807ff7b35ab28cb371015d08f8d4773b76a2d47e92baa58b30e7852b0
6,dqn,602,random,ns_heavy,49.422348484848484,142.5,43.49166666666667,102,165,-121.84761761685301,264,99,0,2,0,0,300.0,-87.15000093216076,-11.180116669600093,-16.71750001509208,-6.800000000000003,34,9,264,0,c0f401ab8b142d995def02c7ea1d8fa2f258092bf9f89c64bb00a105dd2a6fce
7,dqn,713,random,ew_heavy,30.163636363636364,110.5,22.12,55,169,-84.0368884735486,220,51,0,2,0,0,300.0,-62.40625097323209,-3.7070958347503615,-11.923541665566157,-6.000000000000003,30,6,220,0,cf06810f86bbfbf5d1fa75f3976f9dd809fd849b3398207e31c95efd63b068f0
8,dqn,29,random,low,25.5,116.5,15.215,39,163,-76.33671650871547,179,16,0,1,0,0,300.0,-54.462499839719385,-2.45796667215327,-13.216249996842828,-6.200000000000003,31,7,179,0,99f2846174037385b882a4c714e8234606c6ee9e277f5812400eb4ce8dda25be
9,dqn,486,random,ew_heavy,26.410984848484848,145.5,23.241666666666667,52,212,-99.80217590694886,264,52,0,2,0,0,300.0,-73.89375090319663,-4.209258337664503,-16.099166666087683,-5.600000000000002,28,4,264,0,c48174d291d4179fa2478861367ed6d97846c57069e05b161ba92a842ac12403
10,dqn,148,random,balanced,35.01260504201681,100.5,27.776666666666667,55,199,-111.32554175172336,238,39,0,1,0,0,300.0,-85.63125005131587,-4.791166671606333,-14.30312502880116,-6.600000000000003,33,6,238,0,c7c282b923a371314d119956770922f3bf09aeabf5f788ce7b2f6677b27ee084
11,dqn,402,random,heavy,37.348,129.0,31.123333333333335,61,191,-119.68770910505914,250,59,0,2,0,0,300.0,-92.50000076275319,-5.852291684339436,-15.535416657966572,-5.8000000000000025,29,6,250,0,b4d3738f6a03ae53104a3ed6b4190a7681bbaf9751c2281a04491b807446e099
12,dqn,929,random,ns_heavy,44.210204081632654,147.0,36.105,89,163,-113.55343444388063,245,82,0,1,0,0,300.0,-83.78750112093985,-8.663850000045926,-15.302083322894749,-5.8000000000000025,29,8,245,0,d48f50c6fa3bb045ccec665368436929f18911df8bf3875923baf3765bb1fb0b
13,dqn,548,random,ew_heavy,29.004,107.5,24.17,68,198,-94.44983429957651,250,52,0,2,0,0,300.0,-70.90000095032156,-4.358583340770565,-12.991250008484348,-6.200000000000003,31,7,250,0,646ac64f80e222ddf12fcb6ab91e240994180b91884f1d6cfea08cfe1560475a
14,dqn,71,random,low,33.13502109704641,123.0,26.176666666666666,61,196,-109.38854222066803,237,41,0,2,0,0,300.0,-83.4437505477108,-4.949583336800425,-14.995208336156796,-6.000000000000003,30,6,237,0,45e0571bb397399fef20c12c794c542cfa4cbd2a2584c89c5ef23b9a49245c1f
15,dqn,543,random,heavy,25.28936170212766,81.5,19.81,48,206,-88.98129283301171,235,29,0,2,0,0,300.0,-69.65625116135925,-2.525041664457967,-11.00000000719447,-5.8000000000000025,29,9,235,0,c3cd059b242498ca61648937ede582f3b51e75a788a2239a9d29b628b8ed7181
16,dqn,130,random,heavy,46.59326424870466,151.0,29.975,75,146,-103.00867493855252,193,47,0,1,0,0,300.0,-71.86249992996454,-8.149716675858508,-16.996458332729514,-6.000000000000003,30,5,193,0,51b1e36fbfc2726b213e586673a5fe48716b975b8cacc99f3a3b6e9d70bcd7e8
17,dqn,755,random,ew_heavy,48.783687943262414,135.5,45.85666666666667,101,187,-144.50489242222025,282,95,0,1,0,0,300.0,-109.02500078314915,-11.423433320348702,-17.456458318722458,-6.600000000000003,33,6,282,0,f88efc6a728ad30457ebce74b3b137f6c823d28eb0bd9b2c06b5f5d2ab811e56
18,dqn,949,random,ew_heavy,23.297619047619047,119.0,13.046666666666667,27,155,-69.56789226673207,168,13,0,1,0,0,300.0,-48.637500599958,-1.7895583309153154,-12.340833335858763,-6.800000000000003,34,6,168,0,703ee376114a7c7abb2160b06a8f3610e50c4e634b04efdb1afbe22a2df83452
19,dqn,980,random,ns_heavy,39.52479338842975,115.5,31.883333333333333,69,174,-110.61071269019669,242,68,0,2,0,0,300.0,-81.60625017667189,-7.164045838719907,-15.640416674804877,-6.200000000000003,31,6,242,0,4c9d7e87285867d6a9a753d82b13571ed5d80ee70085b3d88a02794fa5926c2f
20,dqn,622,random,ew_heavy,25.912935323383085,148.5,17.361666666666668,39,164,-83.75810872332298,201,37,0,2,0,0,300.0,-59.10000040335581,-3.1370666706432537,-14.721041649323872,-6.800000000000003,34,5,201,0,f857ae1374219d6abf0d7e86b50ef163a7afebca8ea1020202c6825d749e6b7a
21,dqn,869,random,left_heavy,40.616402116402114,187.0,25.59,46,124,-101.45307150923033,189,65,12,20,0,0,300.0,-69.84375064773485,-7.1686958520425845,-18.440625009452933,-6.000000000000003,30,8,201,12,669dde01be600da2425b46495eb40602bb99322cb610fc14830cbdf8a0934380
22,dqn,369,random,heavy,42.82919254658385,134.0,22.985,56,115,-96.79143728807831,161,46,0,1,0,0,300.0,-67.13124978356063,-5.801437501639886,-17.058750002877787,-6.800000000000003,34,7,161,0,67eeecdae59adbe12f4e9de7e3fac91ea4c1f6e9cd0b93d317efbd7baf1d2122
23,dqn,146,random,low,25.017241379310345,121.0,19.346666666666668,43,203,-90.35994671691086,232,29,0,2,0,0,300.0,-68.84375091036782,-2.7401541632913005,-12.776041643251666,-6.000000000000003,30,4,232,0,ffaf29ca8651762fd31032234c7453e37d15f731ff060ae8251ffd308b6fc2bd
24,dqn,512,random,ew_heavy,23.77987421383648,85.5,12.603333333333333,29,141,-65.0643714772603,159,18,0,1,0,0,300.0,-45.500000656116754,-1.783120836673333,-11.9812499844702,-5.8000000000000025,29,9,159,0,c87a2bd55d730bda380661d0caad3f9440fc83abab40eb683676cdceea05e066
25,dqn,444,random,heavy,42.830677290836654,139.0,35.835,94,160,-109.67180127311806,251,91,0,2,0,0,300.0,-78.71250127255917,-8.472424996493647,-15.686875004065211,-6.800000000000003,34,9,251,0,ce33ce1144962693e1a066ec106f97caacb2d22b88aec8cddcb42b2b68d12425
26,dqn,663,random,low,31.963636363636365,167.0,17.58,38,142,-89.22653437624615,165,23,0,1,0,0,300.0,-60.53750103339553,-3.535491662308778,-18.753541680541844,-6.400000000000003,32,8,165,0,3b5ee66c7f41b9833dc6deced150cab7482bfe1f5c66c422adf9764a1378d989
27,dqn,995,random,heavy,38.159609120521175,203.5,39.05,97,220,-148.96148842469415,307,87,0,2,0,0,300.0,-113.17500092927366,-9.729404177294052,-19.257083318126405,-6.800000000000003,34,7,307,0,e4e5d3ec01a2cc85e504a9a5cb38abf5ccc927c9b955358cfad846cbd1e1660c
28,dqn,276,random,left_heavy,40.13716814159292,122.0,30.238333333333333,65,152,-105.11908841321342,226,74,20,21,0,0,300.0,-76.112500928808,-7.919295819286345,-14.487291665119132,-6.600000000000003,33,6,246,20,b79a9852ce8f7681442923caf49deec4cce464cd351db464d562b99c28338fc2
29,dqn,856,random,ew_heavy,31.684782608695652,157.0,24.291666666666668,50,173,-117.13129651401391,230,57,0,1,0,0,300.0,-87.90000067837536,-4.93650415979064,-16.89479167584795,-7.400000000000004,37,7,230,0,99abb64332df91843ef6542d2437b4676f52bc387d1c4cc5767060e30099c22e
30,dqn,138,random,left_heavy,41.1637323943662,140.5,38.97,74,213,-151.56340498646247,284,71,15,18,0,0,300.0,-117.56250082468614,-9.272987509323134,-18.927916652453145,-5.8000000000000025,29,9,299,15,6ad1b02ff207613328c9aaf805a780899669394701afd47bf9ea255c00b3ed04
31,dqn,348,random,ns_heavy,29.677419354838708,109.0,24.533333333333335,50,200,-101.77772571718302,248,48,0,2,0,0,300.0,-75.3562507382594,-4.698141659158136,-14.123333319765516,-7.600000000000004,38,5,248,0,9cdf569300831fb0b864fbc86a5106a8196701740ad1c54da344573fa4019309
32,dqn,789,random,left_heavy,36.73314606741573,104.5,21.796666666666667,49,128,-93.60017977595054,178,50,17,24,0,0,300.0,-67.39375060563907,-4.994345830131352,-14.212083340180113,-7.0000000000000036,35,6,195,17,5296a343a29010c66e5e67446e63eaaa98fd13c130f2c888a8271ae188733afa
33,dqn,248,random,left_heavy,48.23662551440329,165.5,39.075,90,154,-136.77412992554673,243,89,30,31,0,0,300.0,-102.75000078044832,-9.980795827712425,-17.643333317385988,-6.400000000000003,32,6,273,30,dd141f976319bd4b73fdf4247f113202e4aed763f9f0bacc7eea9039af219c68
34,dqn,671,random,ns_heavy,48.662234042553195,137.0,60.99333333333333,152,211,-159.66980910107287,376,165,4,16,0,0,300.0,-121.33125081239268,-14.963974993483106,-16.774583295197203,-6.600000000000003,33,8,380,4,706760fa2a1a3430f5af21515449a679c7fee18faac867d400ea146afa62a83a
35,dqn,459,random,ew_heavy,24.860119047619047,120.0,13.921666666666667,37,145,-71.70813873224469,168,23,0,1,0,0,300.0,-51.15000123390928,-1.8508458340358638,-12.507291664299556,-6.200000000000003,31,6,168,0,161e122cd36b185b56f0146f7cdf92e4569f652ce1e043dc29fc6059bc396ed5
36,dqn,513,random,low,37.55194805194805,130.5,19.276666666666667,54,129,-85.68780901563802,154,25,0,1,0,0,300.0,-59.793750673066825,-4.140099993152397,-14.553958349418812,-7.200000000000004,36,7,154,0,263f5dd8ac9e55331685168619f5fd1242f50500941a0f59160f9dbdd7a0b138
37,dqn,942,random,low,32.39328063241107,148.5,27.31833333333333,61,189,-107.04012976334992,253,64,0,2,0,0,300.0,-77.98125060508028,-5.738462493448611,-16.520416664821067,-6.800000000000003,34,6,253,0,40e5f3b5b2da6bdbe673b51b6a8fadaecc4c3e4bde8404e96009198830cad1b0
38,dqn,817,random,heavy,35.27947598253275,124.5,26.93,70,181,-113.91601344534351,229,48,0,2,0,0,300.0,-86.41875096037984,-4.994970821483732,-15.902291663479996,-6.600000000000003,33,7,229,0,1e81a63a7ec4ff91033d324721fc6ecdc883aa158673ee3d508d88097636ed38
39,dqn,840,random,ns_heavy,37.65891472868217,110.5,32.38666666666666,76,179,-118.76002982434944,258,79,0,2,0,0,300.0,-93.10000067995861,-5.906487488622223,-13.35354165576865,-6.400000000000003,32,6,258,0,6b5270acb9debb55a651c9b7322a7719bee806ec6113f98c4d5d2be473117da1
40,dqn,550,random,low,37.796875,106.0,44.348333333333336,103,223,-134.10565025559416,352,129,0,3,0,0,300.0,-103.76250025909394,-9.999191665856777,-13.143958330643363,-7.200000000000004,36,4,352,0,f661b6c7bd5af3949de1e6128f2f7a19958ba666b968fd18b00094fa9d753041
41,dqn,983,random,ew_heavy,26.723958333333332,80.0,17.10333333333333,37,169,-80.16946712402509,192,23,0,1,0,0,300.0,-61.50000044191256,-2.129466670969122,-10.340000011143276,-6.200000000000003,31,4,192,0,9e5fe2c537204719497dc9ab75dbe21de53c4412e56aa0b0729522739bc96801
42,dqn,981,random,left_heavy,40.18103448275862,179.0,23.305,53,127,-96.68749630669264,174,47,17,19,0,0,300.0,-64.79375046584755,-7.68207917892505,-17.81166666192003,-6.400000000000003,32,8,191,17,6798af32a234420cbb9ebec20d1ada5ede8ec844dda82686185023b836b53de5
43,dqn,136,random,low,27.41358024691358,94.0,14.803333333333333,37,131,-68.04331283042123,162,31,0,1,0,0,300.0,-47.28750034561381,-2.432062502940244,-11.723749981867142,-6.600000000000003,33,6,162,0,cc4738d817001dfa102fdb5abbf4140f22640a43309ace22e0c91454a3b7006b
44,dqn,205,random,left_heavy,36.1827731092437,133.0,28.708333333333332,56,181,-127.50433863665754,238,57,16,26,0,0,300.0,-95.43125113239512,-7.218712497514937,-18.054375006747467,-6.800000000000003,34,5,254,16,89af6512ac5f388c5f51946375b1edc3904205886e6b5fc65b8893d1fc3de4ac
45,dqn,309,random,left_heavy,42.04197080291971,151.5,38.405,101,173,-135.60710925591258,274,101,23,24,0,0,300.0,-104.31250090803951,-8.782941679922804,-15.51166666795033,-7.0000000000000036,35,7,297,23,88339736b9ea1f5fa3f386b80ee16586d4a1c8c64218327abb682118630a3a28
46,dqn,554,random,left_heavy,55.868821292775664,163.0,48.98,101,152,-152.76834605073014,263,111,12,19,0,0,300.0,-113.51875021168962,-13.54459583735952,-18.70500000168105,-7.0000000000000036,35,7,275,12,1357acea26deba285d711896a9b91cedb2815e1276744ee5a2d0c94f1f8b40af
47,dqn,824,random,low,23.824817518248175,64.0,10.88,34,121,-54.68696307651117,137,16,0,1,0,0,300.0,-39.36250057350844,-1.2665458341070923,-7.657916668895633,-6.400000000000003,32,6,137,0,1e666f71c49f4fccb3c6f865600811d72623c1fb13fd0f714655ae4365d97dfe
48,dqn,484,random,low,36.537953795379536,161.0,36.906666666666666,98,203,-134.740917325615,303,100,3,4,0,0,300.0,-102.56250068172812,-8.5052916557659,-17.073124988120966,-6.600000000000003,33,7,306,3,66a06c324a08c2d91bd4e7d9150bcb3a6c8c0593a0d0672f70e79872c7f0df23
49,dqn,984,random,ns_heavy,24.565989847715738,73.5,16.131666666666668,43,176,-76.9215046662597,197,21,0,2,0,0,300.0,-57.94375050161034,-2.0327541675877008,-9.744999997061681,-7.200000000000004,36,4,197,0,aa30cee95ab1113825f528e4c46d3267c9ad7a4914cbece5481a597fe27290a1
50,dqn,354,random,heavy,28.94877049180328,92.5,23.545,71,173,-95.9873422337194,244,71,0,2,0,0,300.0,-73.93125058012083,-3.7860916654775774,-11.86999998812097,-6.400000000000003,32,9,244,0,b8276afebc9d656a9aa59d2fb010a09cbab1acd37d182a783ae154a5d078d94f
51,dqn,929,random,ns_heavy,35.10204081632653,110.0,28.666666666666668,63,176,-111.17969697283849,245,69,0,1,0,0,300.0,-84.55625111749396,-5.956779166318302,-13.46666668902617,-7.200000000000004,36,3,245,0,d48f50c6fa3bb045ccec665368436929f18911df8bf3875923baf3765bb1fb0b
52,dqn,592,random,ew_heavy,29.29581151832461,108.0,18.651666666666667,43,166,-85.94847141772841,191,25,0,1,0,0,300.0,-63.512500575743616,-2.917012498675467,-12.918958343309349,-6.600000000000003,33,5,191,0,fc5990c7c3974eef8c10891ffc49d85cc2a8a12c0570c07a57dc7a3a8fd8ca97
53,dqn,721,random,left_heavy,47.70365168539326,141.0,56.61,103,229,-193.8839589654387,356,127,3,11,0,0,300.0,-156.23125066095963,-14.284791668566324,-16.96791663591284,-6.400000000000003,32,6,359,3,cc3ad764ddbdb9880659e92504901bb49d126eb571502690c8927b572619fc2e
54,dqn,236,random,left_heavy,38.56739811912226,107.0,41.01,88,213,-144.67849672688675,319,106,12,20,0,0,300.0,-115.90000088373199,-8.614954167865653,-13.963541675289152,-6.200000000000003,31,6,331,12,ab1aab22b4ed6b318dca00230a5c2e9db3f1c33ba46a968d3113c4e276bc7bed
55,dqn,593,random,low,27.016778523489933,160.0,26.836666666666666,56,264,-123.83324672182133,298,34,0,3,0,0,300.0,-94.0375008918345,-5.277204169710603,-18.118541660276257,-6.400000000000003,32,9,298,0,5594f84589d71dac0c130c4b6919abc1a82f72418dbd05032751bd1a82c1b1d1
56,dqn,803,random,low,29.254545454545454,144.5,21.453333333333333,63,166,-94.07756335679808,220,54,0,2,0,0,300.0,-65.66250085970387,-4.476312505247915,-17.538749991846274,-6.400000000000003,32,8,220,0,e1fdabb92f5978647a9b43b726f84003aca81e21a1947469dac88f7f7953d5bd
57,dqn,887,random,low,17.861940298507463,92.5,7.9783333333333335,23,122,-49.066154807613216,134,12,0,1,0,0,300.0,-29.91875065304339,-1.0267791655547627,-11.120624989015045,-7.0000000000000036,35,8,134,0,9087c2372ee15534ced63c71443cb1f742e1470de67ee652784e2e8367b58c2d
58,dqn,868,random,ew_heavy,41.26543209876543,120.0,33.425,82,179,-107.6599056679806,243,64,0,2,0,0,300.0,-76.72500148275867,-8.413237500638207,-15.72166668458379,-6.800000000000003,34,6,243,0,356cce90109d948bb459a63296dc214759cde4e9e49cb41bd94a80c455c5f097
59,dqn,968,random,ew_heavy,25.955128205128204,102.0,20.245,55,200,-87.83960092643022,234,34,0,1,0,0,300.0,-65.8187509374693,-3.010016664911381,-12.410833324049605,-6.600000000000003,33,6,234,0,949a492d2d25197834713041ce2c0e9f66ccb4d0514bb39bb6dc94cbcbe5a88e
60,dqn,129,random,left_heavy,35.728932584269664,123.0,42.401666666666664,89,245,-153.54245852477834,356,111,3,12,0,0,300.0,-121.68750018673018,-9.776625004238301,-15.678333333809865,-6.400000000000003,32,6,359,3,4073a805572b0b716bbf6c1b4450a7fa0f76d1fbf10053b5b89a7708e052f884
61,dqn,779,random,heavy,32.16338582677165,151.5,27.231666666666666,56,189,-123.36368839830766,254,65,0,1,0,0,300.0,-93.28125091036782,-5.792020835486617,-17.690416652453152,-6.600000000000003,33,8,254,0,e010864651df7ae38e15ff2883f3fce19930afd969c026375cd08e8f413b0a46
62,dqn,468,random,balanced,30.61137440758294,182.0,21.53,39,176,-100.1892341342733,211,35,0,2,0,0,300.0,-67.51875078631565,-5.411733329363779,-20.058750018593884,-7.200000000000004,36,5,211,0,9c0f95dd614d5538632b989e79bc5ec7771e4bb0a661e877ce54e12fd5d54086
63,dqn,686,random,low,23.783216783216783,87.0,11.336666666666666,32,137,-59.35224624633771,143,6,0,1,0,0,300.0,-41.487500411923975,-1.561204169145641,-9.703541665268125,-6.600000000000003,33,7,143,0,722cede8ed78161b2108e950f8b41e8b1fe1c9c949e85301c4d9e3622da2b298
64,dqn,278,random,left_heavy,38.96682464454976,111.5,27.408333333333335,57,141,-100.9113179395579,211,70,7,19,0,0,300.0,-74.2625012579374,-6.103400002643319,-14.345416678977191,-6.200000000000003,31,8,218,7,0d9df87051d510fd201a55b836b7b5742bd34e671f50d1b252889259466bcfb0
65,dqn,15,random,low,41.381443298969074,144.0,26.76,50,144,-93.52594276931706,194,50,0,2,0,0,300.0,-63.78125110687688,-6.0217750067087765,-16.32291665573138,-7.400000000000004,37,5,194,0,cabf4192916bc2404dd1bb5fe3e23be13423c7bb57f8c58240deccb4a48ae5d2
66,dqn,84,random,left_heavy,35.30204778156997,141.0,34.47833333333333,65,212,-131.2464051510229,293,81,0,3,0,0,300.0,-99.46250098058954,-7.75119582906118,-17.43270834137222,-6.600000000000003,33,6,293,0,bb30c30c3d85602e55b3964bfc5189f88f1a0db34181038425309aadbf94f8ab
67,dqn,973,random,ns_heavy,35.28491620111732,138.0,21.053333333333335,59,129,-93.3029962684909,179,50,0,1,0,0,300.0,-66.43750042514876,-4.53778751051941,-15.127708332822651,-7.200000000000004,36,4,179,0,6b170c37addbd337fa90e669cedaad91e4a221756d921c59f102ca2b7d3912d7
68,dqn,896,random,left_heavy,38.68327402135231,206.0,36.235,73,210,-135.74964983215472,281,71,16,18,0,0,300.0,-97.88124982640147,-11.233400002880078,-20.035000002873158,-6.600000000000003,33,3,297,16,7f4c4c5662e7293d786a0f1992f6a7b171c963ab4b60886e9738179fb962b533
69,dqn,304,random,heavy,43.632075471698116,164.5,38.541666666666664,91,184,-141.0795674350992,265,81,0,2,0,0,300.0,-104.46250075148419,-10.044566673291406,-19.772500010323743,-6.800000000000003,34,6,265,0,c7e37714438630ea82d223a5efff6d5576298d80c5476e1fb6c5162b24295574
70,dqn,430,random,balanced,29.992753623188406,161.0,27.593333333333334,62,219,-110.40330869509421,276,57,0,2,0,0,300.0,-81.51250036014244,-5.5362250062455125,-16.154583328706202,-7.200000000000004,36,9,276,0,4eb5dde2aa37490fe197326854941b580f997feda81622c6997cc3e8fe1aff00
71,dqn,241,random,ew_heavy,24.574358974358976,85.0,15.973333333333333,37,163,-78.87752960345603,195,32,0,1,0,0,300.0,-58.75625044014305,-2.2281541678159558,-10.89312499549707,-7.0000000000000036,35,4,195,0,7d00af43e066c39c7b77407c6709160b84da65ea09c5731bcb6911c0b85aadaa
72,dqn,148,random,balanced,22.80252100840336,106.5,18.091666666666665,40,213,-87.07129196953312,238,25,0,1,0,0,300.0,-64.03125031897798,-2.5142083369690233,-13.725833313586188,-6.800000000000003,34,6,238,0,c7c282b923a371314d119956770922f3bf09aeabf5f788ce7b2f6677b27ee084
73,dqn,858,random,balanced,30.66532258064516,93.0,25.35,71,168,-100.80719221901016,248,80,0,3,0,0,300.0,-77.2000005892478,-4.156566657762595,-12.450624971999783,-7.0000000000000036,35,7,248,0,f19cf88596ebefd71b3fa3ca381468cead43ba81f08bc25a5deb61e75d99071a
74,dqn,674,random,heavy,31.8018018018018,98.0,23.535,62,180,-94.8214172373955,222,42,0,1,0,0,300.0,-70.43750060489401,-3.8976666662107156,-13.486249966290766,-7.0000000000000036,35,4,222,0,4c23ae76a065fcf0bf936614d6710c1d1aef5ed93d892d7c9239ab316de91cf8
75,dqn,77,random,balanced,31.808917197452228,93.0,16.64666666666667,44,135,-79.0373007012291,157,22,0,2,0,0,300.0,-58.43750071292743,-2.6447999963063906,-11.554999991995274,-6.400000000000003,32,6,157,0,66769b7d63048d7023c157e0e9dd6c3c726a13196b688d44967bb0ff52f5df1b
76,dqn,203,random,ns_heavy,16.330578512396695,67.5,6.586666666666667,15,112,-41.4264506659274,121,9,0,1,0,0,300.0,-24.700000669341534,-0.6970750002692514,-9.029374996316623,-7.0000000000000036,35,5,121,0,de2b586f7a33898c22f2d8e2a23f3d0ad4e3154d85a8b586de1d61e68fb65cab
77,dqn,564,random,balanced,20.036666666666665,92.5,10.018333333333333,21,136,-55.740350827167994,150,14,0,1,0,0,300.0,-37.56875084107742,-1.2355583344942727,-10.336041651596313,-6.600000000000003,33,6,150,0,06eade63226478225f88ab734704adbbe38cefa93b4da25ab48eef3d669e5629
78,dqn,902,random,heavy,38.16483516483517,119.5,34.73,99,183,-129.11995865935535,273,90,0,3,0,0,300.0,-99.81250034458935,-7.851624998427722,-14.455833316338245,-7.0000000000000036,35,4,273,0,d6063d8d48db635f9e3286ca11dc3118e63efcd3402768812edf6116692d88ed
79,dqn,996,random,heavy,17.491935483870968,73.5,7.23,19,108,-41.86719222595205,124,16,0,2,0,0,300.0,-27.043750567361712,-0.6851083333858698,-7.138333325204445,-7.0000000000000036,35,4,124,0,7921e447759d82336acc8bc60f86ecd3fff556377707fa09e1fd89f6153c6a3b
80,dqn,218,random,left_heavy,50.16274509803922,193.0,42.641666666666666,83,163,-136.56195551850467,255,92,27,30,0,0,300.0,-97.29375135945156,-13.168620832284068,-19.299583326769074,-6.800000000000003,34,7,282,27,b70dcca95b497f9fe78bdc166fbb1422602666c89c66af6d550332f47763bbea
81,dqn,612,random,heavy,24.54126213592233,100.0,16.851666666666667,35,171,-79.14779228485641,206,35,0,1,0,0,300.0,-59.343750616535544,-2.1342500025311892,-11.069791665789682,-6.600000000000003,33,4,206,0,e1913591c423689a644dc04aa0e493b241159eb256d9ff7e66338b3f81d74bbe
82,dqn,34,random,balanced,25.167953667953668,127.0,21.72833333333333,42,221,-102.54750449703344,259,38,0,2,0,0,300.0,-76.78750033909455,-3.226254160951794,-15.33374999698718,-7.200000000000004,36,3,259,0,f73a663e2568ed240bf11c9ed11b57ff90ac2b8da4d5ab4fbd9aafab6d5a041d
83,dqn,175,random,heavy,23.06578947368421,76.0,8.765,27,99,-49.59877119196465,114,15,0,1,0,0,300.0,-31.58125036628917,-1.1493958337872747,-9.668124991888195,-7.200000000000004,36,3,114,0,8b910dd9aaa89868477918101f722d7353587fbf6e11ca2a2739f75059e27c74
84,dqn,201,random,ns_heavy,29.719367588932805,145.5,25.063333333333333,64,187,-102.67074270271911,253,66,0,1,0,0,300.0,-74.71875103842467,-4.775324990346417,-14.976666673948046,-8.200000000000003,41,2,253,0,9acbc1a5e96c89711f386c6aba97838974e137960f15e42c74a6dda9ed0ed9e5
85,dqn,443,random,ns_heavy,32.70436507936508,90.5,27.471666666666668,64,190,-111.6106925040621,252,62,0,2,0,0,300.0,-86.77500083111227,-4.808191677685686,-12.427499995264217,-7.600000000000004,38,4,252,0,c8955f5755f69e186fb434f293e477ad1d828e56827deecf501aa36b834ad1e1
86,dqn,346,random,left_heavy,36.675862068965515,141.0,17.72833333333333,40,106,-74.94786813508473,145,39,23,25,0,0,300.0,-47.93750147568062,-4.869116667706836,-15.34124999169725,-6.800000000000003,34,4,168,23,d010d9068ba7675b06e78b1f8b0f6ea26ce5090ccf77b21d48e39e5e4baf3278
87,dqn,727,random,balanced,30.3025641025641,155.5,19.696666666666665,41,151,-90.03921773653198,195,44,0,2,0,0,300.0,-58.631251075770706,-5.760050000559569,-18.647916660201705,-7.0000000000000036,35,5,195,0,a1ca146bf4a66843d8c7fcfa7a463c9b68010a599153c25ad52c8095269ddba0
88,dqn,469,random,balanced,32.80478087649402,114.0,27.446666666666665,57,185,-112.02861753006006,251,66,0,3,0,0,300.0,-84.31875086156651,-4.710283332434482,-15.799583336058996,-7.200000000000004,36,6,251,0,26e7585b4bc1e77a17851f4eb31aafe400dd998867a330b5cdedd7e58afc74b8
89,dqn,340,random,balanced,24.73709677419355,151.0,25.561666666666667,58,259,-119.41745491351679,310,51,0,2,0,0,300.0,-91.2625007564202,-4.307870829247259,-17.047083327849382,-6.800000000000003,34,3,310,0,17f78fdc0f18b48fc2ad64e0f6f3db1ee51523cb0086bec6caddbea13d72e9af
90,dqn,907,random,ew_heavy,14.603960396039604,118.5,9.833333333333334,21,182,-55.82464234408908,202,20,0,2,0,0,300.0,-36.35000068647787,-1.1906833347537031,-11.883958322857502,-6.400000000000003,32,7,202,0,8de14533f704205927892ebd114557e133f2c4f3df4d1ea88a7beee6816926ae
91,dqn,626,random,heavy,27.37440758293839,81.5,19.253333333333334,50,164,-81.00351740507544,211,47,0,2,0,0,300.0,-60.48750076815486,-2.906433340363582,-10.609583296556968,-7.0000000000000036,35,5,211,0,4d9a8962b3f07156427c2eb26335926f2f64fc447a49b232d8cf0857583dfc59
92,dqn,698,random,heavy,28.305668016194332,127.5,23.305,65,195,-102.2195762898722,247,52,0,2,0,0,300.0,-77.55000128690153,-4.024366670539166,-13.84520833243149,-6.800000000000003,34,6,247,0,a4f585fc8b143a4a892a344bfae299896492848eeb76e9ac75eb0096e0f3012c
93,dqn,746,random,left_heavy,29.752100840336134,81.0,23.60333333333333,51,175,-99.44566307834826,238,63,0,3,0,0,300.0,-77.26250059017912,-4.004620835939567,-11.578541652229625,-6.600000000000003,33,4,238,0,e5bd9d95d3e7469e395e7d2fc9feb2bc27d7ac0d145e7ac1eb90be4f6cf6aee8
94,dqn,340,random,balanced,21.99516129032258,171.0,22.72833333333333,60,267,-108.75655522910829,310,43,0,2,0,0,300.0,-79.28750103991479,-4.150095827606855,-17.918958361586554,-7.400000000000004,37,5,310,0,17f78fdc0f18b48fc2ad64e0f6f3db1ee51523cb0086bec6caddbea13d72e9af
95,dqn,892,random,left_heavy,32.03846153846154,149.5,22.218333333333334,46,157,-93.93050524991334,208,51,12,17,0,0,300.0,-63.54375107167289,-6.051545830311809,-17.135208347928728,-7.200000000000004,36,5,220,12,458ee46421dce99d0fd95fa0887853ec04c3beb3d94cc193ebce0878abbf08be
96,dqn,17,random,heavy,17.60810810810811,92.0,8.688333333333333,24,139,-53.19677570112032,148,9,0,1,0,0,300.0,-32.518750709015876,-1.0051083333928548,-11.672916658711618,-8.000000000000004,40,1,148,0,2eff2af0c12cfb2480e3d6c0691b366ff4fdb48e75c2b144f5d01e7863a95103
97,dqn,307,random,low,29.04270462633452,141.0,27.203333333333333,61,232,-120.10040075296058,281,49,0,3,0,0,300.0,-90.02500074123964,-5.429775002961834,-17.445625008759055,-7.200000000000004,36,6,281,0,0a54e8692d4f2c8b5a14492a137ba29b7781ec15194fd66d370936631ed9ff26
98,dqn,160,random,balanced,14.90677966101695,91.5,11.726666666666667,34,202,-63.00348830545477,236,34,0,2,0,0,300.0,-43.97500080475584,-1.196612500061019,-10.231875000637952,-7.600000000000004,38,3,236,0,51e3bd85434342ab1179601518c8b42cc512ff84b9ca7df5668244de04e5dc70
99,dqn,5,random,heavy,13.892682926829268,99.5,9.493333333333334,23,196,-55.381296273398796,205,9,0,1,0,0,300.0,-35.581250444520265,-1.0985875020349334,-11.701458326843564,-7.0000000000000036,35,6,205,0,b2c9ae499438344992acf07f480e0c9688c1b91c7e9b81434eae4b69aa2b0e70
100,dqn,997,random,heavy,18.804780876494025,116.5,15.733333333333333,38,227,-82.86845890278418,251,24,0,2,0,0,300.0,-58.487500549294055,-2.1763750020596473,-14.004583351430487,-8.200000000000003,41,3,251,0,9a74709f70efeccb3b8b5b3a52741f1be3ffcf2b538df76a21a2a8664ff6fc0e
101,dqn,90,random,left_heavy,22.409448818897637,128.5,18.973333333333333,43,215,-89.4680757578441,254,39,0,2,0,0,300.0,-63.95000074664131,-3.157241671134399,-15.360833340068336,-7.0000000000000036,35,4,254,0,a7357987d92ad33e724353d910c64a0ced030052beb1af5e01c2cdc43e4e0cb2
102,dqn,460,random,ns_heavy,18.682795698924732,130.0,17.375,35,251,-88.68430496508152,279,28,0,2,0,0,300.0,-63.237500798888505,-2.9963874994347846,-15.65041666675824,-6.800000000000003,34,6,279,0,193042abca6c4ac65f7cd67cd4f8404afef5a8c7e3cf64485d2ff78581240b2b
103,dqn,820,random,left_heavy,30.21042471042471,102.5,26.081666666666667,69,195,-100.40511755579864,259,64,0,2,0,0,300.0,-75.9000008967705,-4.815949996907877,-12.889166662120257,-6.800000000000003,34,7,259,0,58729fb25cb5dbec7e672c7aa8124a38cee0b67ec6018e9763b9894cbe1a67f1
104,dqn,692,random,left_heavy,22.81858407079646,94.0,17.191666666666666,41,185,-77.57331726787308,226,41,15,24,0,0,300.0,-54.38750060694292,-3.398524996556081,-12.587291664374057,-7.200000000000004,36,5,241,15,e37c63fab631e088496002e258c7891c9491d004e710b06de2a1976dab80104b
105,dqn,857,random,low,12.458333333333334,94.0,8.97,23,207,-50.36808431261886,216,9,0,2,0,0,300.0,-33.612500980030745,-0.7791250012509413,-8.776458331337198,-7.200000000000004,36,5,216,0,6a2edb5df814ece24a2e2c271be596928aeb7e99e7547466c5fa893114fdf20f
106,dqn,55,random,low,17.911363636363635,98.0,13.135,31,186,-65.47792985291014,220,34,0,2,0,0,300.0,-45.8125007012859,-1.706470831490879,-10.758958320133395,-7.200000000000004,36,3,220,0,0723c88980d3191aef6ebeb946599b70cd3ed4610b86fee7c46d1423d6df8a19
107,dqn,498,random,ew_heavy,21.86756756756757,122.5,13.485,31,153,-70.12347200517031,185,32,0,1,0,0,300.0,-49.53750117495656,-1.7838875013585487,-13.40208332885523,-5.400000000000002,27,6,185,0,79136ab87b1bdd037372a28e094bfc2fd7b5d4d80c2029386fbad40cdcd7f32f
108,dqn,35,random,balanced,27.21969696969697,140.5,23.953333333333333,50,207,-105.58985916093441,264,57,0,2,0,0,300.0,-80.23750083195046,-3.980483332965377,-15.171874996018596,-6.200000000000003,31,7,264,0,c2a69d0e23f3672edef98435f069eddc1ea53385135fbd05b904f9ee8ddef9fe
109,dqn,192,random,heavy,20.01366120218579,90.0,12.208333333333334,34,155,-62.337396195650186,183,28,0,2,0,0,300.0,-44.37500036507845,-1.5759374976885738,-9.786458332883205,-6.600000000000003,33,6,183,0,5b8aaa9bfb59d24a509c5e250e86f7980d8fff57c472d3c2e7cc7fa7483f7e4a
110,dqn,846,random,ew_heavy,17.095435684647303,122.5,13.733333333333333,29,218,-72.40795511254836,241,23,0,2,0,0,300.0,-51.50000093318522,-1.675245830167841,-11.43270834919531,-7.800000000000004,39,3,241,0,de5efe7b7852357e61af0db426c0e1138cd01d3bf9557262a72a6b829df2f245
111,dqn,74,random,ns_heavy,16.109665427509295,138.5,14.445,33,248,-74.8684627889074,269,21,0,2,0,0,300.0,-52.54375028889626,-1.731587499694433,-13.393125000316655,-7.200000000000004,36,3,269,0,13245a4a5cb764bac20b41e67b49689868dc3ec8a485914c79c7a94b2e44941a
112,dqn,588,random,balanced,28.115523465703973,180.5,25.96,68,223,-108.62548024276404,277,54,0,2,0,0,300.0,-77.75000107148662,-6.2131875054132255,-17.262291665864165,-7.400000000000004,37,6,277,0,d057c0363e435dfa4098e38fddcaf1ffa0ea589e700f050de5781227fcafa676
113,dqn,21,random,ns_heavy,18.975103734439834,173.0,15.243333333333334,33,204,-82.75793822293706,241,37,0,2,0,0,300.0,-57.16250072279945,-2.03168750084078,-15.963749999296825,-7.600000000000004,38,5,241,0,3660173dc164fa1364ff5e75c68a5eaa7401d80a3012b56f10f7425f8b254d13
114,dqn,309,random,left_heavy,33.022491349480966,142.0,31.811666666666667,79,203,-115.12241776162338,289,86,8,12,0,0,300.0,-85.17500110529363,-6.043666655691772,-16.70375000063796,-7.200000000000004,36,7,297,8,88339736b9ea1f5fa3f386b80ee16586d4a1c8c64218327abb682118630a3a28
115,dqn,933,random,heavy,16.13061224489796,100.5,13.173333333333334,29,223,-69.90920083519158,245,22,0,1,0,0,300.0,-49.36250084079802,-1.69503333329776,-11.251666661095802,-7.600000000000004,38,4,245,0,3ee66c6171dc292133fb6e0d11328d6cd4530cd132db67cbac01f136fbb19544
116,dqn,318,random,balanced,19.40316205533597,77.5,16.363333333333333,51,217,-76.57770074607905,253,36,0,2,0,0,300.0,-57.662500764243305,-2.077908337857662,-9.637291643978111,-7.200000000000004,36,2,253,0,bad8acf6ae8bf1d2e297303d4d97064ec72a24903ba76ed52b74cf34cd8221e0
117,dqn,310,random,balanced,19.03252032520325,82.5,15.606666666666667,40,218,-76.04848864864834,246,28,0,2,0,0,300.0,-58.112501124851406,-1.6755708337695987,-9.060416690027347,-7.200000000000004,36,2,246,0,f803b4d8e2fbee5de013592bc65d2078d82f9417226b5b9881ac4b6622261454
118,dqn,90,random,left_heavy,20.931102362204726,102.5,17.721666666666668,43,214,-82.49589230929196,254,40,0,5,0,0,300.0,-58.67500068061054,-3.3417249993995948,-13.079166629281813,-7.400000000000004,37,5,254,0,a7357987d92ad33e724353d910c64a0ced030052beb1af5e01c2cdc43e4e0cb2
119,dqn,775,random,low,11.634328358208956,84.0,7.795,18,187,-46.312333919657235,201,14,0,1,0,0,300.0,-29.231250593904406,-0.7615000002690067,-8.71958332548384,-7.600000000000004,38,3,201,0,fda729e9d350a3e1cb91c3eb6c70494f06bd9f505a6e1bce176f9d607838d3d4
120,dqn,173,random,heavy,8.19182389937107,84.5,4.341666666666667,12,156,-30.11982953547048,159,3,0,1,0,0,300.0,-16.281250366941094,-0.2802458330617811,-6.358333335467615,-7.200000000000004,36,5,159,0,7dc3ffcd3a8d567717b3b6ab32734053f9883ba43aae2000adf1142813bad26f
121,dqn,499,random,heavy,7.161417322834645,61.0,3.0316666666666667,10,122,-23.43524187498771,127,5,0,1,0,0,300.0,-11.36875021411106,-0.22586666634815622,-5.240624994528481,-6.600000000000003,33,4,127,0,cd1e7bbcc53fe9e3f603ec53fb8eb51ebd71e311233ca9a526d86014ed6d8393
122,dqn,25,random,left_heavy,12.934482758620689,84.0,6.251666666666667,17,139,-39.62974221360781,145,6,0,1,0,0,300.0,-23.443750548176467,-0.6186999998419193,-9.167291665589437,-6.400000000000003,32,9,145,0,84dc4fa978fb8a57a33a4a357f4325abdabb70a377b1d153487e8df969b336f0
123,dqn,23,random,balanced,5.923312883435583,34.0,3.2183333333333333,11,160,-23.032233578519655,163,3,0,2,0,0,300.0,-12.068750240374357,-0.16160833304165864,-3.6018750051036457,-7.200000000000004,36,6,163,0,1608d8f38f55535d34068019ac898235e284684453ca4ae0e3780ced5f2056c0
124,dqn,840,random,ns_heavy,26.920542635658915,100.0,23.151666666666667,50,207,-96.08138868265448,258,51,0,2,0,0,300.0,-74.51250120112672,-3.256804171522526,-11.512083310005266,-6.800000000000003,34,3,258,0,6b5270acb9debb55a651c9b7322a7719bee806ec6113f98c4d5d2be473117da1
125,dqn,8,random,heavy,35.001479289940825,208.5,39.43666666666667,86,240,-129.01982991818082,338,98,0,3,0,0,300.0,-91.5437507564202,-10.254620824188164,-20.42145833757244,-6.800000000000003,34,7,338,0,7a60d19897b4203e62b38884cb3877f32c58f148fbbf3e5ef01cbf3bffa2af01
126,dqn,467,random,ns_heavy,24.160958904109588,100.0,23.516666666666666,65,232,-101.6366383551554,292,60,0,4,0,0,300.0,-77.88750087283552,-3.5612208299506167,-12.587916652369312,-7.600000000000004,38,5,292,0,ad5f44e4c629ee111562b372b616843bcc4d712b94d93fae8ab0dc377998f549
127,dqn,428,random,ns_heavy,15.97008547008547,104.0,12.456666666666667,37,200,-66.58709654901178,234,34,0,2,0,0,300.0,-46.25000071339309,-1.416470833076164,-10.520625002542516,-8.400000000000002,42,4,234,0,4e1aa7a9398388ce4346c2ea3aa1e918bfc2fc9ff04596a440d70f5572e095b5
128,dqn,128,random,heavy,12.127840909090908,58.5,7.115,25,171,-41.17793390700029,176,5,0,2,0,0,300.0,-26.68125056521967,-0.5291833330215012,-6.3675000087590865,-7.600000000000004,38,3,176,0,540677b01e0e4491cc42e9cf82f1a636feb5f11cbeb4cde73325df938d3348dc
129,dqn,645,random,balanced,15.150510204081632,57.5,9.898333333333333,27,170,-54.367646529786015,196,26,0,2,0,0,300.0,-37.118750689551234,-0.9268125007671187,-7.522083339467651,-8.8,44,2,196,0,d435db909a3c194e3acf2061fde2d954724331287d21becff06636ee5bf1a437
130,dqn,740,random,ns_heavy,29.075187969924812,109.5,25.78,57,228,-99.92056754154548,266,38,0,2,0,0,300.0,-74.63125085225329,-4.6778583451632585,-14.411458344128919,-6.200000000000003,31,4,266,0,c82443eb8126937a9367e3677f313989fe4e4f90bd14a4cc52d948e7e373cd10
131,dqn,986,random,left_heavy,24.91743119266055,92.0,18.111666666666668,41,169,-83.61885497484984,218,49,11,16,0,0,300.0,-60.231250821147114,-3.249687495885154,-12.73791665781755,-7.400000000000004,37,5,229,11,9bee9e8edc7785ff279494e906b82071767ae7cf07b8ed2cfd23f55bc6c5564f
132,dqn,196,random,ns_heavy,18.681818181818183,104.5,13.7,29,199,-71.6222717257951,220,21,0,2,0,0,300.0,-51.375000913627446,-1.5908124997782582,-11.656458312389429,-7.0000000000000036,35,3,220,0,d41271d20ccf3a4565f86cdede223ff61283fe46c047df61ab53cc5cf2b05f06
133,dqn,924,random,heavy,21.460975609756098,117.5,14.665,29,179,-76.61433410385872,205,26,0,2,0,0,300.0,-52.937500793952495,-2.2382916627429954,-14.238541647163222,-7.200000000000004,36,4,205,0,9b6eec27a26b21ccef0496efbd61cc72fe29078df874dd406cf43736a66bc0f7
134,dqn,62,random,ew_heavy,19.058704453441294,125.5,15.691666666666666,29,222,-81.00938020782628,247,25,0,2,0,0,300.0,-58.27500104624778,-2.2079208358525637,-13.526458325725983,-7.0000000000000036,35,3,247,0,0ef21fd0c5cce26e0980f2078b34877e4c4d0f030a8f750fff7277e39d20faad
135,dqn,142,random,balanced,13.710416666666667,86.5,10.97,28,218,-58.57863816808313,240,22,0,1,0,0,300.0,-40.743750671856105,-1.1838458347214322,-9.851041661505587,-6.800000000000003,34,6,240,0,681688fae9f3a326d2da3e32821f04c201ccf5711d55c0c2b9de444965c04eda
136,dqn,599,random,low,19.583333333333332,117.0,18.8,45,242,-89.92299252460873,288,46,0,2,0,0,300.0,-69.79375085840002,-2.1975749974946663,-10.33166666871403,-7.600000000000004,38,4,288,0,98db2c5f065a8c39fdb27fe79f003805a6ebf04c5ac4c93f7bbc4731d248004c
137,dqn,868,random,ew_heavy,21.80658436213992,128.0,17.663333333333334,36,215,-90.12328013876244,243,28,0,3,0,0,300.0,-64.65000097826123,-3.11827917155606,-14.954999988945193,-7.400000000000004,37,5,243,0,356cce90109d948bb459a63296dc214759cde4e9e49cb41bd94a80c455c5f097
138,dqn,896,random,left_heavy,31.246575342465754,140.0,30.415,58,227,-120.06605925480696,292,65,5,15,0,0,300.0,-87.0187508976087,-7.4214749988386775,-18.62583335835951,-7.0000000000000036,35,5,297,5,7f4c4c5662e7293d786a0f1992f6a7b171c963ab4b60886e9738179fb962b533
139,dqn,740,random,ns_heavy,30.795112781954888,133.5,27.305,58,223,-106.33820897096874,266,43,0,2,0,0,300.0,-80.90000063553452,-4.655500003072667,-13.782708332361649,-7.0000000000000036,35,4,266,0,c82443eb8126937a9367e3677f313989fe4e4f90bd14a4cc52d948e7e373cd10
140,dqn,27,random,balanced,9.226666666666667,52.5,4.613333333333333,12,150,-30.247183800939105,150,0,0,2,0,0,300.0,-17.30000047152862,-0.36968333249315066,-5.977499996917318,-6.600000000000003,33,5,150,0,a9a05237e06fb7cb66d68183c611db1ccf094499796dc643e9bc16acce24fdeb
141,dqn,418,random,left_heavy,24.645299145299145,108.0,19.225,45,198,-83.4874168054077,234,36,21,29,0,0,300.0,-59.43125015264377,-4.329499999863765,-13.926666652900167,-5.8000000000000025,29,5,255,21,4e09c798d6527f1d560e9828eb0d30c88179c1ad637cd6d038f651b13a88effb
142,dqn,806,random,ew_heavy,13.163978494623656,99.5,8.161666666666667,23,183,-48.4451714944378,186,3,0,1,0,0,300.0,-30.487500658724457,-0.7668375025554274,-9.39083333315793,-7.800000000000004,39,3,186,0,d2f13b4789d60de89a1c7f60fdadf839877afbf85dc12f81cf7290305d7f2b91
143,dqn,528,random,balanced,17.634703196347033,134.0,12.873333333333333,26,197,-73.73708814473288,219,22,0,2,0,0,300.0,-48.23125064559281,-1.8350041674908424,-16.270833331649182,-7.400000000000004,37,6,219,0,a003bd08af6f7d5da229367724204451196b57275ca89263b077eaad1149ee9e
144,dqn,191,random,balanced,8.711340206185566,73.5,5.633333333333334,14,192,-35.559629801387935,194,2,0,1,0,0,300.0,-21.12500063609332,-0.3729625006970308,-6.461666664597577,-7.600000000000004,38,6,194,0,4d0957c9651ff85b55a9c15aa51319839b175dd0c513bf4017ab2d2aa6034de8
145,dqn,681,random,heavy,14.647686832740213,131.5,13.72,29,256,-75.37717138520819,281,25,0,2,0,0,300.0,-50.70625056838617,-1.737587502518727,-15.533333314303317,-7.400000000000004,37,7,281,0,7073a83ca3e81583365212ad77efc76705c7542c5913d63b0e2b373df35c2e36
146,dqn,93,random,low,13.544843049327355,82.0,10.068333333333333,24,212,-55.4903883066443,223,11,0,1,0,0,300.0,-37.65625080559403,-1.0099708323548844,-9.02416666869541,-7.800000000000004,39,4,223,0,152d984021e1f7a679e1f66cf6f9b93abbb37cbd083936665e22d314a126b479
147,dqn,698,random,heavy,18.601214574898787,108.5,15.315,40,211,-75.81428428517032,247,36,0,1,0,0,300.0,-55.65625097695738,-2.0555333332049486,-10.302499975007954,-7.800000000000004,39,2,247,0,a4f585fc8b143a4a892a344bfae299896492848eeb76e9ac75eb0096e0f3012c
148,dqn,18,random,low,29.416666666666668,124.0,21.768333333333334,45,184,-102.60540840693648,222,38,0,2,0,0,300.0,-76.29375010496005,-4.271658339448186,-15.439999962528237,-6.600000000000003,33,6,222,0,315cacc99785eb771aa3614df21b696f38eb706b497a3acae6a15bad25b9cf34
149,dqn,361,random,heavy,9.467914438502675,70.0,5.901666666666666,13,182,-36.20692968671429,187,5,0,1,0,0,300.0,-22.131250532809645,-0.40734583290977744,-6.268333320994861,-7.400000000000004,37,2,187,0,d65373eeffc54ea15b0f372d7d24e77e208e3a7a255b8c099f01340f811064b7
150,dqn,293,random,balanced,14.724137931034482,114.0,11.386666666666667,26,206,-63.5215130218494,232,26,0,2,0,0,300.0,-42.2500005220063,-1.5029708336762273,-11.968541666166857,-7.800000000000004,39,2,232,0,3fe793f3c4d14e54ec4a366477322f692c6164bb900a707308554e26065eb495
151,dqn,940,random,left_heavy,25.497844827586206,138.0,19.718333333333334,44,186,-95.2391009337887,232,46,0,3,0,0,300.0,-69.72500096168369,-3.1595166680788647,-13.954583304026173,-8.400000000000002,42,5,232,0,356e2795385ec654d3d4d42251b47e2b1417ae61d03cf7b18e0f560ddf8969e7
152,dqn,728,random,heavy,14.671259842519685,112.5,12.421666666666667,26,233,-67.04208423189849,254,21,0,2,0,0,300.0,-46.08750089816749,-1.3308333347275036,-12.223749999003477,-7.400000000000004,37,3,254,0,43ea3f1b84773fcee4de73cff87914fcf5899870b85b9e76d2e739cca3aa2dbd
153,dqn,656,random,balanced,20.022727272727273,89.0,19.088333333333335,40,243,-78.57455144088665,286,43,0,3,0,0,300.0,-59.968751433771104,-2.269341666898253,-10.536458340217354,-5.8000000000000025,29,7,286,0,9b194753479a72f895b66521387ec901f19dba31ab1e51a6b4ce9254117bf0b5
154,dqn,494,random,left_heavy,27.83132530120482,147.5,23.101666666666667,46,195,-98.47140903927941,249,54,25,27,0,0,300.0,-66.40000069793314,-6.850574995168428,-18.220833346177844,-7.0000000000000036,35,4,274,25,d953443971e0b83c2ea4b3676022b1cc7b7c080cacf65c23e2cf759af2d29966
155,dqn,287,random,low,19.65610859728507,105.0,14.48,35,195,-71.61032959871447,221,26,0,2,0,0,300.0,-52.25000043120235,-1.7565791643595732,-11.403750003152542,-6.200000000000003,31,6,221,0,1e498703ed468e425a3fddc465a7c807aa95864943e952eb9cef5e7b2f38f21c
156,dqn,853,random,balanced,7.428571428571429,97.0,3.2933333333333334,10,131,-26.711646067920803,133,2,0,1,0,0,300.0,-12.350000239908695,-0.3022708334836353,-7.259374994528479,-6.800000000000003,34,6,133,0,312df65e0593a2a4d5e9a53d43fed692d50c8c032db4e3f34a0ba395734f2cd8
157,dqn,947,random,balanced,17.183520599250937,105.0,15.293333333333333,37,237,-78.16107166163343,267,30,0,2,0,0,300.0,-57.02500083157793,-1.7162791669667066,-11.819791663088838,-7.600000000000004,38,4,267,0,46f9ece1e808445f0e18151a4ceba80ce551c6d0750b851f9ba7d306adfaa295
158,dqn,218,random,left_heavy,37.85663082437276,154.5,35.208333333333336,92,184,-108.04609653467412,279,95,3,10,0,0,300.0,-78.86250070342794,-7.679429182034074,-15.704166649212125,-5.8000000000000025,29,8,282,3,b70dcca95b497f9fe78bdc166fbb1422602666c89c66af6d550332f47763bbea
159,dqn,245,random,low,6.51056338028169,25.5,3.0816666666666666,8,140,-22.080191954329358,142,2,0,1,0,0,300.0,-11.55625028628856,-0.13185833328097937,-2.7920833347598104,-7.600000000000004,38,4,142,0,120f6b96eacedd0e49f0f91f6aa6413a0c10d10fc97cdd0ffdee2b36a644ac4a
160,dqn,316,random,balanced,21.78048780487805,106.5,14.883333333333333,40,175,-71.83216344112515,205,30,0,2,0,0,300.0,-50.84375092573464,-2.102995836189803,-11.685416679200712,-7.200000000000004,36,5,205,0,030155cd5e5f36be8c5ed20b1b9ec8cec81b4b0c98c0d021f324e62adf3b4ad8
161,dqn,478,random,ns_heavy,11.620111731843576,89.5,6.933333333333334,16,176,-42.71836723580705,179,3,0,1,0,0,300.0,-26.000000569503754,-0.566283333722822,-8.552083332580516,-7.600000000000004,38,6,179,0,dfa7fa02fc82a2fe0de5e00deef8c87e7516c1273d00579ebfd98af746207585
162,dqn,259,random,ns_heavy,16.512396694214875,65.0,13.32,36,215,-65.82088003859026,242,27,0,2,0,0,300.0,-49.293750886805356,-1.2535874983725077,-7.8735416534123965,-7.400000000000004,37,2,242,0,ca712b2d44cdad24bc0eb22134c2c6c692974c2013c55815b530c2908f1b9a22
163,dqn,405,random,ew_heavy,18.89887640449438,119.5,16.82,36,228,-82.21642128672755,267,39,0,2,0,0,300.0,-58.85000047693029,-2.2689208333271376,-13.69749997647015,-7.400000000000004,37,4,267,0,acfd59da888e23b557ddb49451f693fc6e5a794ba47049daf4143e2c2e910d57
164,dqn,979,random,low,12.159420289855072,81.5,8.39,19,201,-48.05145034111268,207,6,0,2,0,0,300.0,-31.46250035567209,-0.7595750017433608,-8.629374983697193,-7.200000000000004,36,2,207,0,602e7c1cec9051e7be11c844781794916887ad52463311b80e61d2b68f1b0378
165,dqn,368,random,low,11.82403433476395,78.5,9.183333333333334,21,221,-53.281921436167615,233,12,0,2,0,0,300.0,-34.43750061141327,-0.8033791683104939,-10.241041656443853,-7.800000000000004,39,4,233,0,8b63f4cc417aa31d21f6150ad5edad2faad6f74e19572680a013d989f9580eac
166,dqn,942,random,low,21.938735177865613,125.5,18.501666666666665,45,213,-85.58314653357301,253,40,0,2,0,0,300.0,-61.656250696629286,-2.937104163684854,-14.189791673258883,-6.800000000000003,34,5,253,0,40e5f3b5b2da6bdbe673b51b6a8fadaecc4c3e4bde8404e96009198830cad1b0
167,dqn,504,random,low,21.266233766233768,101.0,16.375,31,198,-83.27707620406366,231,33,0,2,0,0,300.0,-61.20000119553879,-2.2224916656625284,-12.254583342862313,-7.600000000000004,38,3,231,0,841ead57d2fd8680e6608855215f58601ae4809db6008e3900aaf5f4f0b013cb
168,dqn,341,random,low,16.387323943661972,112.0,11.635,25,197,-64.39690915514943,213,16,0,1,0,0,300.0,-43.59375082096085,-1.47836666466901,-12.124791669519611,-7.200000000000004,36,4,213,0,b46203be370e6f3fcdb6840c6a110573e10331cf4037ff85924fa9e67ae35949
169,dqn,936,random,heavy,20.35019455252918,87.0,17.433333333333334,36,220,-83.70908825508309,257,37,0,1,0,0,300.0,-63.20000075129792,-2.084712499719897,-11.624375004065229,-6.800000000000003,34,5,257,0,edacc4545fa970a97c2ca37ead33660d2dee923af26469c1dd4769f22faaa98c
170,dqn,437,random,left_heavy,23.348017621145374,123.5,17.666666666666668,39,190,-72.60564695898283,227,37,6,7,0,0,300.0,-49.96250111237168,-3.361479160481395,-12.881666686129764,-6.400000000000003,32,3,233,6,1903fc03bbd55c90fbf33e4d191d36eabd68c4b936cefe4faa5497c70225c7ea
171,dqn,774,random,left_heavy,30.259541984732824,132.5,26.428333333333335,51,205,-101.12116292000505,262,57,9,19,0,0,300.0,-73.85625041695312,-5.687412495633906,-14.777500007417968,-6.800000000000003,34,5,271,9,4d932ddd0d7daa70f32d8a716fd9ad7d1cb03317207a0baa0f1685482b64ad0e
172,dqn,315,random,left_heavy,35.332089552238806,177.0,31.566666666666666,56,209,-118.76985935268534,268,59,38,41,0,0,300.0,-83.10000103432685,-10.063816664694611,-19.20604165366388,-6.400000000000003,32,7,306,38,df55f184347ce5cf41c31c106d67c9bfc4f8d6bf11a2427649c16469c284653f
173,dqn,1000,random,ns_heavy,10.941025641025641,59.0,7.111666666666666,24,189,-40.84997957124508,195,6,0,1,0,0,300.0,-26.362500412855297,-0.5537291666179955,-6.733749991771774,-7.200000000000004,36,2,195,0,88951c0d0fef6faabbb315922b74fac28fe21356c885d8337e944ab576213592
174,dqn,747,random,balanced,24.03370786516854,93.5,21.39,43,224,-99.15860889209652,267,43,0,2,0,0,300.0,-77.2812505834736,-3.0050666647752213,-11.472291643847704,-7.400000000000004,37,3,267,0,74804a03a548692a8ddd1973242a28705a0ba63383f6ecc59deb8eab0d2f0c21
175,dqn,878,random,low,12.586021505376344,94.5,7.803333333333334,22,173,-46.09958400772954,186,13,0,1,0,0,300.0,-29.26250067912042,-0.779791665799712,-9.057291662809437,-7.0000000000000036,35,5,186,0,951cdc69d092f84fa4a17b5426485286bd1a9875f45ad7a180a7f27a41c6cccc
176,dqn,41,random,left_heavy,29.93198529411765,137.5,27.14,51,227,-109.79413457084374,272,45,14,20,0,0,300.0,-78.85000125411898,-7.1695499876739675,-17.174583329050805,-6.600000000000003,33,7,286,14,3ff86ecc65355b3fd986c570ea66b9dbf6bdcdbc1240e12a29baeeb3742ad7fb
177,dqn,108,random,balanced,9.223837209302326,70.5,5.288333333333333,14,170,-34.353587956314016,172,2,0,1,0,0,300.0,-19.83125046407804,-0.36379583397138054,-6.158541658264586,-8.000000000000004,40,1,172,0,d48eee2da03c83692acaa5634d1638552c409350aaa30fee8ce63f224f1e7882
178,dqn,68,random,ew_heavy,26.301242236024844,105.5,28.23,67,261,-116.73773037723367,322,61,0,2,0,0,300.0,-94.3625012235716,-3.861062504300936,-11.51416664936115,-7.0000000000000036,35,3,322,0,983c67d6219671bc2be21c849a1a434e76217e9755f8a71a421690e4c9f2613f
179,dqn,532,random,heavy,8.338709677419354,130.0,5.17,13,183,-39.41020866764592,186,3,0,2,0,0,300.0,-19.38750033918768,-0.7424999990209472,-12.480208329437295,-6.800000000000003,34,8,186,0,2ce481a1553a1a1f21860e92aac187d5e48ed020eb25035556fd7685e589ee83
180,dqn,405,random,ew_heavy,15.49812734082397,157.0,13.793333333333333,35,247,-75.82295077127645,267,20,0,2,0,0,300.0,-50.27500077383593,-1.950033337518107,-16.397916659922323,-7.200000000000004,36,4,267,0,acfd59da888e23b557ddb49451f693fc6e5a794ba47049daf4143e2c2e910d57
181,dqn,980,random,ns_heavy,26.927685950413224,81.5,21.721666666666668,55,186,-86.38435922126449,242,56,0,2,0,0,300.0,-65.50625089555979,-3.3262333345475783,-10.951874991157107,-6.600000000000003,33,5,242,0,4c9d7e87285867d6a9a753d82b13571ed5d80ee70085b3d88a02794fa5926c2f
182,dqn,246,random,heavy,15.559183673469388,94.5,12.706666666666667,37,233,-67.89984224706495,245,12,0,2,0,0,300.0,-47.62500061793253,-1.3871333301074642,-11.887708299024958,-7.0000000000000036,35,3,245,0,0edb39eaecba8a3e968a497d4aca48e27ccb27ad027625120ab91064aab9c11a
183,dqn,169,random,low,11.347727272727273,74.5,8.323333333333334,21,207,-48.232596507626326,220,13,0,2,0,0,300.0,-31.212500676512718,-0.8811375023840814,-8.73895832872951,-7.400000000000004,37,4,220,0,d0120c29dc130ed69463a778245f8dddd3a164056a7a47a6af881fd0c6015204
184,dqn,846,random,ew_heavy,13.657676348547717,81.0,10.973333333333333,31,224,-57.995283835297585,241,17,0,2,0,0,300.0,-41.15000050095841,-0.964866665038426,-8.68041666930076,-7.200000000000004,36,2,241,0,de5efe7b7852357e61af0db426c0e1138cd01d3bf9557262a72a6b829df2f245
185,dqn,303,random,ew_heavy,19.509727626459146,131.0,16.713333333333335,42,220,-83.29445069848659,257,37,0,3,0,0,300.0,-59.006250706035644,-2.185283336645079,-14.902916655805893,-7.200000000000004,36,5,257,0,3f41e4efd3ac0e3a16caad8cffbb7249ef1f9cacc1ea846f14b2918f6b486cc8
186,dqn,742,random,ew_heavy,17.055555555555557,76.5,14.838333333333333,32,233,-69.85035890977085,261,28,0,2,0,0,300.0,-52.62500057090074,-1.768066665909282,-9.457291672960862,-6.000000000000003,30,5,261,0,dc1973aeb5b3466721b831c86161b6e3ecf2e13f29e06416338401c22efb7abc
187,dqn,290,random,ns_heavy,7.124183006535947,50.5,3.6333333333333333,10,145,-26.348208691430056,153,8,0,3,0,0,300.0,-13.625000354833901,-0.22841666666208754,-4.694791669934057,-7.800000000000004,39,5,153,0,4d67d5c5bee4554007fffd3cfd40273452e352b5fe7b61c46278e71639dc2644
188,dqn,546,random,ns_heavy,9.431818181818182,99.0,6.916666666666667,19,214,-46.267346456764805,220,6,0,1,0,0,300.0,-25.937500635161996,-0.7085958320662031,-11.221249989536599,-8.400000000000002,42,5,220,0,3d67ec0cd17ba769454cdafa6a62d5b6bd58256b6f7748f96903e4ef50a4750b
189,dqn,82,random,heavy,23.689138576779026,112.5,21.083333333333332,41,224,-97.82566794390223,267,43,0,2,0,0,300.0,-74.48750131065026,-3.3681666671102,-14.369999966141762,-5.600000000000002,28,3,267,0,9e9d6a62a14fb39d95eda5ef31855973b349186e1baa48b575a989ff4f556812
190,dqn,662,random,ew_heavy,12.654054054054054,127.0,7.803333333333334,20,182,-50.66457981235802,185,3,0,1,0,0,300.0,-29.26250063115731,-0.8316624996157764,-12.970416681584895,-7.600000000000004,38,4,185,0,20d27d2d394a1656e81171e26e81613738a8e83f13b973f3ee244f9b5ac91a17
191,dqn,916,random,heavy,24.607142857142858,107.5,26.411666666666665,61,250,-110.20765513505974,322,72,0,2,0,0,300.0,-85.23750097164884,-4.028487504699298,-13.541666658711613,-7.400000000000004,37,3,322,0,7a4cd91e9bef916f0e0c850d00c06b926aba1575395b45331d8e240d0df87c34
192,dqn,693,random,heavy,18.190697674418605,86.5,13.036666666666667,29,194,-67.5023382038875,215,21,0,2,0,0,300.0,-48.50625071534887,-1.3937958337664895,-10.202291654772129,-7.400000000000004,37,2,215,0,33b98272e1ac1b8d3769a606e592b12777cf35e0537f326e6aff8bc234ac86bc
193,dqn,879,random,ns_heavy,22.607142857142858,112.5,21.1,57,221,-91.95031353376905,280,59,0,4,0,0,300.0,-68.56250103469938,-3.537812507521448,-13.049999991548248,-6.800000000000003,34,5,280,0,d9cb4b363eda9d452fde08e51c6f016f2c03be577505eb70a06b22cc2cf37da0
194,dqn,782,random,balanced,23.91810344827586,107.0,18.496666666666666,38,200,-87.96732580985261,232,32,0,2,0,0,300.0,-65.3562508141622,-2.642741670411487,-13.568333325278958,-6.400000000000003,32,6,232,0,2f70f7d3e93bcbbf7d209f50c74cbb24789ab97696e462fdf2711e75ca027f3e
195,dqn,567,random,ns_heavy,14.655502392344498,90.5,10.21,30,189,-56.63362580446847,209,20,0,2,0,0,300.0,-38.07500080903992,-1.221958334672672,-9.736666660755875,-7.600000000000004,38,6,209,0,9f6e80a62d52a27d583f5c8d8cb912e4ef0acdfbe41f516aab6fd0fb70ce2383
196,dqn,928,random,balanced,8.04225352112676,82.5,5.71,15,208,-36.075317010524294,213,5,0,2,0,0,300.0,-21.412500331178308,-0.4571916670851352,-7.2056250122608665,-7.0000000000000036,35,6,213,0,e371d07746a4fb9794d37e4ec1dede610eb54e0d2a1c2b07b07ba116767d7a4d
197,dqn,480,random,heavy,16.636,100.5,13.863333333333333,34,226,-71.55425520118081,250,24,0,2,0,0,300.0,-51.12500104820356,-1.8257125009338782,-11.603541652043342,-7.0000000000000036,35,3,250,0,607001744f58565ca621b3cc0e30242ecb8254de1206709d6c5cb73462df74d7
198,dqn,150,random,left_heavy,18.08108108108108,142.5,17.84,43,242,-86.17283845320854,296,54,0,5,0,0,300.0,-60.11875096568838,-3.4153374997717045,-15.038749987748435,-7.600000000000004,38,2,296,0,9d17157e71213d5a818479d06a5453c56f8a15cbe0740ae7797064c166564464
199,dqn,556,random,ew_heavy,9.702380952380953,77.5,5.433333333333334,13,165,-36.9365338229538,168,3,0,2,0,0,300.0,-20.37500050337985,-0.5144499997339149,-9.047083319840022,-7.0000000000000036,35,4,168,0,d2e0babe22c2fe9a7444df9afb30c9dc3b62dbd8afaa0a05bdb6d03369b837ac
200,dqn,627,random,low,18.31648936170213,72.0,11.478333333333333,24,169,-60.360475750697546,188,19,0,2,0,0,300.0,-42.975000757258385,-1.1327666679739201,-8.852708325465212,-7.400000000000004,37,1,188,0,d9c906d4a1598efbc39ed818b8a54f56e98e89e1eaec94b28a19ed80499aa79c
201,dqn,177,random,heavy,19.139344262295083,140.0,15.566666666666666,30,223,-81.1001263821156,244,21,0,1,0,0,300.0,-57.63125136401504,-2.167416664015765,-14.101458354084755,-7.200000000000004,36,3,244,0,fd1f8b801acb56448491eb5437a58b2518f17c14e219d263cd0d8a42000c378f
202,dqn,144,random,ns_heavy,5.8238095238095235,47.5,2.0383333333333336,7,104,-17.852633504099515,105,1,0,1,0,0,300.0,-7.643750164657831,-0.11596666681143686,-3.2929166726302364,-6.800000000000003,34,5,105,0,57907eaa162bbb511688c8ee3d4cf617ee3c1b5f6fb7a893f50806d4d3aec66c
203,dqn,664,random,left_heavy,27.178571428571427,90.5,21.561666666666667,45,185,-90.90394249341263,238,53,0,6,0,0,300.0,-69.33750080130994,-3.6695666633015183,-11.296875028801157,-6.600000000000003,33,5,238,0,6f63f329edaea415599792c5f8c1a4164a8d03c95523e70e1517e2d7bbf68580
204,dqn,444,random,heavy,19.183266932270918,108.5,16.05,45,211,-76.05344239337646,251,40,0,2,0,0,300.0,-55.231250748969615,-2.0023999975695923,-11.21979164683726,-7.600000000000004,38,6,251,0,ce33ce1144962693e1a066ec106f97caacb2d22b88aec8cddcb42b2b68d12425
205,dqn,482,random,balanced,19.08937198067633,123.0,13.171666666666667,34,186,-69.52397156376831,207,21,0,2,0,0,300.0,-46.65625073714182,-1.7956375031310015,-13.872083323495461,-7.200000000000004,36,5,207,0,02ac9ba8fe3725747dc71c6cc248c1020e0b883e9a06707574f4e649558ff718
206,dqn,787,random,heavy,13.002057613168724,124.0,10.531666666666666,26,227,-59.857913305520945,243,16,0,2,0,0,300.0,-39.49375080037862,-1.1027041636210928,-11.46145834152121,-7.800000000000004,39,5,243,0,9f9fa368eff6808cd434e9a744e0f28ceb0716deda49b6c1ae9bc78d43ae8c25
207,dqn,686,random,low,5.961538461538462,37.0,2.841666666666667,9,141,-20.978283607821503,143,2,0,1,0,0,300.0,-10.656250273343176,-0.15349166635569417,-3.1685416681226344,-7.0000000000000036,35,5,143,0,722cede8ed78161b2108e950f8b41e8b1fe1c9c949e85301c4d9e3622da2b298
208,dqn,895,random,left_heavy,23.124513618677042,118.5,19.81,49,194,-86.06867203441438,257,63,1,7,0,0,300.0,-61.65625119255856,-3.064295838554244,-14.148125003301537,-7.200000000000004,36,6,258,1,7c62d920ff8d88710b3138d1e6e26f4e3a7ed85309547d1fc56f0d87ecfaa114
209,dqn,168,random,ew_heavy,28.432692307692307,137.5,24.641666666666666,61,195,-94.3700880013224,260,65,0,3,0,0,300.0,-67.80000049900264,-5.108420832320552,-14.661666669999233,-6.800000000000003,34,5,260,0,b54dbeae393602ef7aea3511579c7c540d00c1345745eea60d649c6120680a13
210,dqn,760,random,ns_heavy,14.23056994818653,50.0,9.155,23,179,-49.06860881427929,193,14,0,1,0,0,300.0,-34.33125048875809,-0.7192333342616617,-6.418124991259539,-7.600000000000004,38,2,193,0,6deb35029bd63cc158b0129b1b72be9a438b99b810520ddf3b3ae13c846d20b0
211,dqn,541,random,ew_heavy,11.512244897959183,113.5,9.401666666666667,24,221,-52.97183409346473,245,24,0,2,0,0,300.0,-35.24375076079741,-0.8441250006828338,-9.683958331984474,-7.200000000000004,36,4,245,0,3fb761cd18e2b2f561ca94cfa808a1756dd8a012d551b9c780cf9e73ac758a97
212,dqn,36,random,ew_heavy,19.223140495867767,133.5,15.506666666666666,35,221,-79.34309240767247,242,21,0,2,0,0,300.0,-56.78750074701384,-2.0266333360130364,-13.128958324645644,-7.400000000000004,37,3,242,0,1619d9b22effddfbc3c1ae09751a6e675225252272b7f536ac907a39a05396bb
213,dqn,71,random,low,16.556962025316455,95.5,13.08,27,218,-67.86670909577957,237,19,0,2,0,0,300.0,-49.03125077299774,-1.394208333319693,-10.441249989462097,-7.0000000000000036,35,4,237,0,45e0571bb397399fef20c12c794c542cfa4cbd2a2584c89c5ef23b9a49245c1f
214,dqn,360,random,low,18.751644736842106,126.5,19.001666666666665,39,270,-92.73200876986375,304,34,0,2,0,0,300.0,-70.47500042337924,-2.595133333082776,-13.261875013401736,-6.400000000000003,32,3,304,0,3ac84310f4670bdb914221cb8d2acef68e94ff1262e4805fd8d9ea613f2081e5
215,dqn,640,random,low,12.341346153846153,60.5,8.556666666666667,23,190,-46.732600351245516,208,18,0,3,0,0,300.0,-31.856250358745456,-0.6846833330200754,-6.991666659479969,-7.200000000000004,36,3,208,0,3e98d561c769ff6ce0db505ec9f04e93ded17de457907f0752d8467ffed31328
216,dqn,164,random,left_heavy,16.331550802139038,67.5,10.18,23,161,-52.078300833312845,187,26,0,2,0,0,300.0,-35.975000847596675,-1.2199666680367955,-8.083333317679358,-6.800000000000003,34,8,187,0,568a03fa642ac7e48a79bca2bcb937142f4ccabda61d65484c83d4da4f4bdd68
217,dqn,545,random,ew_heavy,33.293948126801155,114.0,38.51,107,251,-133.8262002040566,347,96,0,2,0,0,300.0,-107.29375021206215,-6.903075000893298,-13.229374991101215,-6.400000000000003,32,8,347,0,f90bd8c6db0b763a055c7f04374d964a8727b10718f7d5e0639e6a5b58903f93
218,dqn,999,random,heavy,15.244131455399062,69.0,10.823333333333334,24,193,-57.395959041448755,213,20,0,3,0,0,300.0,-40.58750071097165,-1.062624998548563,-8.345833331928594,-7.400000000000004,37,1,213,0,9b1373578232abf7038b7421cdf74ba225d19a88f8091da68014255f39c45f4b
219,dqn,143,random,low,22.16181818181818,107.0,20.315,38,244,-95.28014227432793,275,31,0,2,0,0,300.0,-74.00625060498714,-2.604516667957794,-11.669375001383024,-7.0000000000000036,35,3,275,0,099e0d5643aa76fbe46e370d581f1422378617bfc90e6a29fa4f22a263b58de5
220,dqn,145,random,left_heavy,33.73639455782313,201.0,33.06333333333333,70,223,-125.44937227559637,294,71,15,23,0,0,300.0,-89.87500142678618,-9.839995840870689,-19.534375007939545,-6.200000000000003,31,7,309,15,80624511d23829673732f6c586c2d660574044671831d618cb0411ec2ad546a3
221,dqn,967,random,ns_heavy,11.160919540229886,69.0,6.473333333333334,18,166,-38.152833799627096,174,8,0,1,0,0,300.0,-24.275000469293445,-0.5101249997089327,-6.367708330624738,-7.0000000000000036,35,5,174,0,ee94f4cca8089896ba8422e17dc4d8ce5a7fb3556a5a92e866dfd5a8b73000b0
222,dqn,245,random,low,8.588028169014084,45.0,4.065,13,137,-27.375800280449788,142,5,0,1,0,0,300.0,-15.243750283494592,-0.2514250000611354,-4.280624996894042,-7.600000000000004,38,4,142,0,120f6b96eacedd0e49f0f91f6aa6413a0c10d10fc97cdd0ffdee2b36a644ac4a
223,dqn,875,random,low,18.06928838951311,119.5,16.083333333333332,33,235,-82.38652187242992,267,32,0,2,0,0,300.0,-59.493751043919474,-2.411937500321072,-13.880833328189336,-6.600000000000003,33,3,267,0,9e587b885186a0e1ba17361adbcced7245832bf47bbbebb7930289fe9aa3ba2a
224,dqn,358,random,heavy,9.130208333333334,71.0,5.843333333333334,16,187,-37.65571301694507,192,5,0,1,0,0,300.0,-21.912500526756048,-0.49217083236217146,-7.8510416578268645,-7.400000000000004,37,5,192,0,072f37cc59012d78d1b16b521b1787d55d0c1001abab15e944ac5143aab3a221
225,dqn,757,random,low,10.633879781420765,87.5,6.486666666666666,16,178,-41.89283400647038,183,5,0,2,0,0,300.0,-24.32500068936497,-0.6747083331567406,-10.093124983948654,-6.800000000000003,34,7,183,0,8cd1f25f13e1fc6d3a3ce025176d9c847deb04b728ae1b2a12268ac440fa1b02
226,dqn,61,random,ew_heavy,15.748134328358208,120.0,14.068333333333333,30,245,-73.82350900779636,268,23,0,2,0,0,300.0,-49.50625067483634,-2.102466664264648,-14.814791668695406,-7.400000000000004,37,5,268,0,6a388d1c5460a7dea110c7852817b55367058b04ad73f82c7650cbb78022e94a
227,dqn,633,random,left_heavy,23.582417582417584,121.5,14.306666666666667,36,148,-72.29444702008988,182,34,0,2,0,0,300.0,-50.73750120587647,-2.0534041631013684,-12.903541651112034,-6.600000000000003,33,7,182,0,2dbe92cfc4a8f65af29ec82a9b64686f1224a0b980353ff7973c3772f0e07d66
228,dqn,871,random,balanced,24.528776978417266,90.0,22.731666666666666,53,227,-81.29841751643467,278,51,0,2,0,0,300.0,-60.062500855885446,-3.7690416715435258,-11.46687498900574,-6.000000000000003,30,7,278,0,a35a77512524efb380958e80a608831c48422649bee491464e4c6bf338251185
229,dqn,339,random,balanced,27.258566978193148,135.0,29.166666666666668,67,244,-120.89779671882052,321,77,0,2,0,0,300.0,-95.625000895001,-4.563629172623768,-14.309166651195833,-6.400000000000003,32,4,321,0,1ab825ab2115f843b642b7b44f7907d842e1ff14368fe03e57aa282564120324
230,dqn,637,random,balanced,7.931034482758621,63.0,3.8333333333333335,9,138,-28.12917530012928,145,7,0,1,0,0,300.0,-14.37500030733645,-0.27813333377853267,-6.276041659014301,-7.200000000000004,36,4,145,0,611928666c8211358cc60cc1eb99449e8918bf1c8a9dd97f2485a71856b526e6
231,dqn,215,random,low,23.094758064516128,121.5,19.091666666666665,42,204,-92.43478007462832,248,44,0,2,0,0,300.0,-66.4625009172596,-3.15019582996174,-16.222083327407027,-6.600000000000003,33,5,248,0,bf678b3241ca3fd07761d204298757116fc98dd81caac2e7a77f32d5f38d4254
232,dqn,160,random,balanced,11.184322033898304,92.0,8.798333333333334,19,226,-51.05423385837273,236,10,0,2,0,0,300.0,-32.993750538211316,-0.8340249981607483,-10.026458322000684,-7.200000000000004,36,4,236,0,51e3bd85434342ab1179601518c8b42cc512ff84b9ca7df5668244de04e5dc70
233,dqn,1,random,ew_heavy,28.93822393822394,124.0,24.983333333333334,49,201,-104.98088409539996,259,58,0,3,0,0,300.0,-79.16250078147277,-4.224425002655335,-15.793958311271853,-5.8000000000000025,29,10,259,0,c76ef13454cae27d63b887f3e6fb2cfc8084b18ef81ac0567e04c63c3f0b38f1
234,dqn,499,random,heavy,7.24015748031496,41.0,3.065,10,122,-22.43086692484794,127,5,0,1,0,0,300.0,-11.49375025741756,-0.18795000001555312,-4.14916666741483,-6.600000000000003,33,3,127,0,cd1e7bbcc53fe9e3f603ec53fb8eb51ebd71e311233ca9a526d86014ed6d8393
235,dqn,522,random,ew_heavy,29.792079207920793,136.5,30.09,76,226,-125.28700049102692,303,77,0,5,0,0,300.0,-96.03750049136579,-6.201791655457781,-16.64770834420342,-6.400000000000003,32,7,303,0,482fe256c319c800f922cbcf21787918770bcf26a84838e1345eb17e0d449857
236,dqn,79,random,balanced,12.800675675675675,67.0,6.315,14,144,-38.36422963678124,148,4,0,2,0,0,300.0,-23.681250490248203,-0.5988124985502513,-7.284166647982787,-6.800000000000003,34,5,148,0,2ef4f61d5439a2806fbe666163d05f3218986253589c3de67b561c155d934d21
237,dqn,228,random,left_heavy,32.708984375,210.0,27.911666666666665,48,210,-107.20827985485161,256,46,22,23,0,0,300.0,-72.01250069169328,-9.012654167251455,-18.98312499590685,-7.200000000000004,36,3,278,22,51cb0111652460bddb6585cb2d1c1d70bb53250acca58465c027400bd03fcdff
238,dqn,611,random,low,16.991935483870968,76.5,10.535,28,176,-54.86219238622288,186,10,0,1,0,0,300.0,-38.256250731647015,-1.1786499993613684,-8.427291655214503,-7.0000000000000036,35,5,186,0,fdb49defc6d42cbc8abb2042b77d7b83fe97ed6d9e65eb434a1ea97235cccb5d
239,dqn,365,random,balanced,13.157142857142857,102.0,12.28,31,257,-66.23132158994484,280,23,0,1,0,0,300.0,-44.85625075176358,-1.3242375029418336,-12.65083333523944,-7.400000000000004,37,7,280,0,59a13a434ad644aecef169adaa9ee39d08cd6d9e6a887da1bc456fd640cd8bfb
240,dqn,232,random,left_heavy,19.83127572016461,109.0,16.065,33,200,-80.55300069987351,243,43,0,6,0,0,300.0,-55.58125070715323,-2.891125002066111,-15.28062499065419,-6.800000000000003,34,5,243,0,1be23ffd793b219c96665ccf92aefe6c1dcd616c56c3e32137413e48cb1c43f0
241,dqn,7,random,low,9.850710900473933,79.5,6.928333333333334,20,199,-41.71786305007191,211,12,0,2,0,0,300.0,-25.98125056689605,-0.5097375003075284,-7.426874982868324,-7.800000000000004,39,4,211,0,25de475f52afd35ce0bc8e2e398be14794f613c69fe72fd92dbb22c1f837e94e
242,dqn,39,random,low,13.394594594594595,54.5,8.26,21,165,-45.466834052497155,185,20,0,2,0,0,300.0,-30.812500718515366,-0.6818333340888785,-6.572499999892901,-7.400000000000004,37,1,185,0,2c1e289bb2049af78d397c7cc434eec6e152400fa5221cfe77c5f803664d0870
243,dqn,638,random,low,16.817226890756302,131.0,13.341666666666667,34,217,-73.2884422895287,238,21,0,1,0,0,300.0,-49.95625063357875,-1.9715666678290291,-13.360624988120987,-8.000000000000004,40,3,238,0,28a0a8056b29f521d29f748e7a4b5c827235820e108200200f8fd02caa338b2f
244,dqn,116,random,ns_heavy,24.61890243902439,96.0,26.916666666666668,56,276,-107.20886756808251,328,52,0,4,0,0,300.0,-84.41250090766698,-4.33261667173574,-12.663749988679774,-5.8000000000000025,29,2,328,0,7352158da50ddf53ef4e95c99305cb0431109b74c93404251de544589b1daed4
245,dqn,846,random,ew_heavy,18.390041493775932,121.5,14.773333333333333,34,214,-73.75678012301071,241,27,0,1,0,0,300.0,-53.162500967271626,-1.831154165531916,-11.563124990207152,-7.200000000000004,36,5,241,0,de5efe7b7852357e61af0db426c0e1138cd01d3bf9557262a72a6b829df2f245
246,dqn,556,random,ew_heavy,11.050595238095237,81.0,6.1883333333333335,16,163,-37.713292319216286,168,5,0,2,0,0,300.0,-23.206250653602183,-0.52995833247478,-7.377083333139308,-6.600000000000003,33,6,168,0,d2e0babe22c2fe9a7444df9afb30c9dc3b62dbd8afaa0a05bdb6d03369b837ac
247,dqn,252,random,low,15.179039301310043,106.0,11.586666666666666,26,213,-64.62870083777598,229,16,0,2,0,0,300.0,-43.45000082300976,-1.2626583355282497,-12.116041679237972,-7.800000000000004,39,3,229,0,94df5b4fc460b705fe437a07af4710a8f8e54c0aa03ce370f2fb70aa497ed0f8
248,dqn,637,random,balanced,6.258620689655173,57.0,3.025,8,142,-23.763654415270143,145,3,0,1,0,0,300.0,-11.34375024959445,-0.18323750021663734,-4.6366666654590505,-7.600000000000004,38,4,145,0,611928666c8211358cc60cc1eb99449e8918bf1c8a9dd97f2485a71856b526e6
249,dqn,162,random,left_heavy,28.213675213675213,114.0,22.008333333333333,50,192,-92.56615099216653,234,42,0,6,0,0,300.0,-66.00625099008903,-5.019275002892391,-14.740624999185096,-6.800000000000003,34,5,234,0,c386d88f10736dfea8583ec879dac340a33edf87aa13849215872051e3a70cdd
250,dqn,325,random,balanced,9.225247524752476,58.5,6.211666666666667,17,194,-36.489063004809545,202,8,0,2,0,0,300.0,-23.29375050123781,-0.46822916675373577,-6.127083336818032,-6.600000000000003,33,4,202,0,3d026660992de65171ac6d94c3ac8e65fec5dcf25bfcb3e3f65aed919292afa6
251,dqn,497,random,ns_heavy,22.5609756097561,85.0,21.583333333333332,45,238,-97.31921728276137,287,49,0,1,0,0,300.0,-74.60000062966719,-3.385883332970116,-11.733333320124084,-7.600000000000004,38,2,287,0,4dda8697133c89fbc4b8691f908a5599c6b3579f40490bc26c3c17c0853299b8
252,dqn,644,random,left_heavy,22.47104247104247,109.0,19.403333333333332,41,212,-88.44672179291592,259,47,0,9,0,0,300.0,-64.6937509602867,-3.5510958304825166,-12.6018750021467,-7.600000000000004,38,5,259,0,39e6523d0e586ce27988166a4cdb8ee700344fac847e5cc60220dc3a1a8b2d06
253,dqn,138,random,left_heavy,28.213793103448275,120.0,27.275,45,225,-116.13739630272244,290,65,9,19,0,0,300.0,-87.24375046277419,-6.619687506063931,-15.87395833388436,-6.400000000000003,32,6,299,9,6ad1b02ff207613328c9aaf805a780899669394701afd47bf9ea255c00b3ed04
254,dqn,353,random,balanced,24.246031746031747,124.5,20.366666666666667,44,203,-85.39383028512452,252,49,0,2,0,0,300.0,-63.031251130625606,-3.1152874963088815,-12.24729165819008,-7.0000000000000036,35,7,252,0,7fd7b8d36d121cebcbd8940c983bf5279888aaf66af132acd68e5a11607507ce
255,dqn,92,random,ew_heavy,6.651260504201681,40.5,2.638333333333333,8,118,-20.578387766470403,119,1,0,1,0,0,300.0,-9.89375026198104,-0.13380416654908922,-3.3508333379402773,-7.200000000000004,36,4,119,0,4b616086212e9574b0dee52c7ab288d8a33328e28e20497570e0a1afa408d206
256,dqn,131,random,ew_heavy,7.147651006711409,37.0,3.5516666666666667,13,148,-24.71087524960313,149,1,0,1,0,0,300.0,-13.318750257138163,-0.21941666658531175,-4.572708325879652,-6.600000000000003,33,7,149,0,a5afbc3f39e55c14793ee63d433883e9c617d165ce6abf0b7f800e67e9259e4d
257,dqn,224,random,heavy,10.989071038251366,67.5,6.703333333333333,15,177,-41.39540449326598,183,6,0,1,0,0,300.0,-25.13750032009557,-0.5504041660504294,-7.707500007119956,-8.000000000000004,40,1,183,0,9b040871f9af2d06f96264f2d947276f00db4f17f1bc49b0778b55f992a1b132
258,dqn,316,random,balanced,20.082926829268292,109.0,13.723333333333333,30,179,-71.47930497399281,205,26,0,2,0,0,300.0,-51.21250078082085,-1.7676375008210015,-12.299166692351003,-6.200000000000003,31,3,205,0,030155cd5e5f36be8c5ed20b1b9ec8cec81b4b0c98c0d021f324e62adf3b4ad8
259,dqn,909,random,balanced,12.236180904522612,64.5,8.116666666666667,21,191,-44.85512563791271,199,8,0,2,0,0,300.0,-30.437500641215593,-0.698458332546579,-6.919166664150547,-6.800000000000003,34,2,199,0,caed48faee592b6587c11a396611f88ce90a17e4d2714c565003d0db941a9e99
260,dqn,396,random,left_heavy,20.547916666666666,132.0,16.44333333333333,32,196,-83.83488809457417,240,44,4,13,0,0,300.0,-57.20625057769939,-2.9080125098851566,-16.520625006989558,-7.200000000000004,36,4,244,4,8ce20e280bf03c66ef6bbd133a141f21acabde6f4f8df3628feaceebd45676b3
261,dqn,110,random,left_heavy,22.50392156862745,95.0,19.128333333333334,42,210,-83.1530672045824,255,45,0,6,0,0,300.0,-61.04375054175034,-3.0353583351876314,-12.073958327644492,-7.0000000000000036,35,4,255,0,06ee0a480abb39954b5017714a06c894634c0f4344e508f5d24f48129df5bc52
262,dqn,913,random,ns_heavy,9.582857142857144,104.0,5.59,17,171,-38.12166302318289,175,4,0,3,0,0,300.0,-20.962500523310155,-0.5681208319969302,-8.991041667875828,-7.600000000000004,38,6,175,0,5792f899b6108202efd649742458ff84a92fae38378ca65d99344d8fb7ff3a28
263,dqn,570,random,ns_heavy,8.96875,61.0,2.87,8,94,-22.23731691251158,96,2,0,1,0,0,300.0,-10.762500247452408,-0.20252499974449167,-4.872291665314701,-6.400000000000003,32,6,96,0,0d4b7cbc5f5ae2e014e6a896c6c4cd6492fccc0faeef7a8b0a0bca9c9c21ff26
264,dqn,116,random,ns_heavy,27.91920731707317,106.0,30.525,73,271,-115.37852976608772,328,57,0,4,0,0,300.0,-90.45000059250742,-5.3366541714894975,-13.191875002090821,-6.400000000000003,32,5,328,0,7352158da50ddf53ef4e95c99305cb0431109b74c93404251de544589b1daed4
265,dqn,83,random,heavy,15.168711656441717,75.0,8.241666666666667,24,155,-46.28725053874878,163,8,0,1,0,0,300.0,-30.631250529550016,-0.7062083323449767,-7.549791676853787,-7.400000000000004,37,3,163,0,90978faffda23712babd520a4117ef2581ac6b734212ec81be226befb4bf5cab
266,dqn,87,random,left_heavy,30.420187793427232,185.0,21.601666666666667,45,175,-85.02900096955638,213,38,20,21,0,0,300.0,-53.7062509721145,-7.223583327442609,-17.299166669999245,-6.800000000000003,34,6,233,20,bddc4636a165c22ceb7a21dc68b0bb2dd94d211402f76915a5b4a6a3132aaad4
267,dqn,911,random,heavy,17.485576923076923,73.0,12.123333333333333,34,181,-60.17410916735317,208,27,0,2,0,0,300.0,-43.0750008164905,-1.4011916690542416,-8.297916681808422,-7.400000000000004,37,3,208,0,7ba0de31f540462bf19026bdcbb4897d2d5767d413c8a1ceb105611bacea1fb5
268,dqn,562,random,ns_heavy,14.072625698324023,76.5,8.398333333333333,29,166,-47.154900759695735,179,13,0,2,0,0,300.0,-31.487500769551843,-0.8126083349852702,-8.454791655158628,-6.400000000000003,32,3,179,0,ff971fe4f8d94fdac090b3a68677e8d28f1b07ddad739bf758916bb0b8e5ae79
269,dqn,681,random,heavy,16.651245551601424,90.5,15.596666666666666,46,247,-76.00080920790933,281,34,0,2,0,0,300.0,-55.81250086892396,-1.6983083330807869,-11.090000005904587,-7.400000000000004,37,4,281,0,7073a83ca3e81583365212ad77efc76705c7542c5913d63b0e2b373df35c2e36
270,dqn,964,random,ns_heavy,13.347701149425287,71.5,7.741666666666666,22,168,-43.920417153428545,174,6,0,2,0,0,300.0,-29.03125049499795,-0.6693749997190027,-7.419791658711622,-6.800000000000003,34,3,174,0,96fc2f49e00b3a78bf4462a075c3e9cc430c7c474573cc3da7eb2ec9bdc3768c
271,dqn,402,random,heavy,26.678,127.5,22.231666666666666,44,202,-99.30688427530846,250,48,0,2,0,0,300.0,-74.08750094054267,-3.7114666666151606,-15.107916668150562,-6.400000000000003,32,3,250,0,b4d3738f6a03ae53104a3ed6b4190a7681bbaf9751c2281a04491b807446e099
272,dqn,908,random,heavy,24.38953488372093,94.0,20.976666666666667,47,217,-84.27881335779013,258,41,0,2,0,0,300.0,-63.28750085039064,-3.329854168206657,-12.261458339192906,-5.400000000000002,27,7,258,0,dc130703ad34097ef9e5a605adaca0e298e21d633ec6d1c3f9c4fd5538ee7b9f
273,dqn,404,random,low,10.015151515151516,75.0,6.61,17,196,-39.455988071741736,198,2,0,2,0,0,300.0,-24.787500580772758,-0.5541124993462296,-7.714374991622755,-6.400000000000003,32,6,198,0,a15773ee65a7070349d5ffffd03e96ad455e4dade19b01f5547cd93a9a77e597
274,dqn,701,random,balanced,35.36901408450704,119.0,41.85333333333333,106,260,-148.81442559063584,355,95,0,2,0,0,300.0,-122.10000060871243,-7.182758309740168,-13.131666672183208,-6.400000000000003,32,6,355,0,46776f71aa7b179c0527bf0e8b87e8ee9e2fa52a8363adeea2edb0efe737b78d
275,dqn,827,random,balanced,10.3348623853211,86.5,7.51,18,211,-45.4952715847386,218,7,0,1,0,0,300.0,-28.162500757724047,-0.5773541680049674,-8.755416659009645,-8.000000000000004,40,2,218,0,04e17b88b36a33bdfe75378b8fda6b69c17a876ac58c410ac5eed5b97851af39
276,dqn,67,random,heavy,10.697142857142858,65.5,6.24,14,170,-39.11522974168402,175,5,0,1,0,0,300.0,-23.400000577792525,-0.5289791661220077,-7.586249997769485,-7.600000000000004,38,4,175,0,1f68dacc099006291099fe5bfa1e1dfc0e4418400e1b79180f3c0ca0922027b3
277,dqn,735,random,ns_heavy,23.57097791798107,134.5,24.906666666666666,50,266,-112.97598447230921,317,51,0,3,0,0,300.0,-85.91875114943832,-4.185774999827116,-16.271458323043767,-6.600000000000003,33,5,317,0,2f7c3679a9dc9728b4191f012205da3c595225c8d74a663e4431e420c24f0684
278,dqn,807,random,left_heavy,33.20643939393939,129.5,29.223333333333333,55,206,-113.20156338949015,264,58,8,14,0,0,300.0,-83.16250089649111,-6.743854161009948,-16.895208331989135,-6.400000000000003,32,4,272,8,18495bc49f47321300562cf1e93c23d6c1c0765b885c2d3d96d2bd2089e318ca
279,dqn,969,random,ns_heavy,10.889830508474576,69.0,6.426666666666667,21,171,-40.07600051076514,177,6,0,1,0,0,300.0,-24.10000052442774,-0.5941250006006159,-8.781874985736792,-6.600000000000003,33,4,177,0,655003299a3c4c39f42d16c9122192517844012e61e415fd9ebc82eec81d9e74
280,dqn,684,random,balanced,15.262222222222222,57.0,11.446666666666667,30,193,-57.641138203559976,225,32,0,2,0,0,300.0,-42.900000701192766,-0.9988458344494568,-6.542291667917747,-7.200000000000004,36,3,225,0,d7c44b148cbb1a2bfbb98c0e4fcc9853f4cddbf2ff8822998a1c342e4fc3e6a0
281,dqn,489,random,low,18.18243243243243,97.0,13.455,29,202,-70.91703824424548,222,20,0,2,0,0,300.0,-48.825000767130405,-2.173704170462589,-12.318333306652487,-7.600000000000004,38,4,222,0,57070a16f0b95c6b6af029b3dfb761ef144cdcf63f7815021988c59a92b57042
282,dqn,144,random,ns_heavy,7.057142857142857,59.5,2.47,6,103,-20.56561683680629,105,2,0,1,0,0,300.0,-9.262500172946602,-0.17082500037504356,-4.532291663484649,-6.600000000000003,33,6,105,0,57907eaa162bbb511688c8ee3d4cf617ee3c1b5f6fb7a893f50806d4d3aec66c
283,dqn,768,random,heavy,31.45967741935484,147.0,26.006666666666668,52,194,-96.05578452254336,248,54,0,3,0,0,300.0,-66.68125118874013,-6.058075008971353,-16.316458324831903,-7.0000000000000036,35,4,248,0,13e9da340406a21e64117d9080edd67d0df5e32428754b747570555eb1a90116
284,dqn,465,random,ns_heavy,11.687134502923977,58.5,6.661666666666667,15,166,-39.34108793407576,171,5,0,1,0,0,300.0,-24.981250440701842,-0.49879583339570677,-7.26104165997822,-6.600000000000003,33,4,171,0,071ce8d8b764837e42942758684fc4f62d7fec87702be585d690e0e77d49daea
285,dqn,807,random,left_heavy,30.825396825396826,156.0,25.898333333333333,51,205,-102.72842211328908,252,47,20,21,0,0,300.0,-73.62500127544627,-6.6407125057092316,-16.062708332133457,-6.400000000000003,32,7,272,20,18495bc49f47321300562cf1e93c23d6c1c0765b885c2d3d96d2bd2089e318ca
286,dqn,50,random,heavy,22.455252918287936,87.5,19.236666666666668,41,222,-82.81464738910363,257,35,0,3,0,0,300.0,-63.53125156648457,-2.458187494769665,-10.625208327849402,-6.200000000000003,31,5,257,0,a97da7d4b8b56d8f0c7849f6dbbc2eb6f5db4aa6c780b640fe05eddd9c48f298
287,dqn,347,random,heavy,19.267399267399266,94.5,17.533333333333335,50,228,-78.88415101092761,273,45,0,2,0,0,300.0,-57.92500101448968,-2.6147750028780146,-11.144374993559897,-7.200000000000004,36,5,273,0,73ec87c761e3e04e71dabb2ef86f53d3c657c856bd6d5b750c94695c9e5f1301
288,dqn,802,random,ew_heavy,6.883116883116883,48.5,3.535,10,151,-24.623412732876005,154,3,0,2,0,0,300.0,-13.256250229664147,-0.20820416689675764,-4.158958336315118,-7.0000000000000036,35,3,154,0,6004eb6d92522a5c63789a315d0b20a3a1605b9e3d4e901d0dfec7e8571f1b97
289,dqn,611,random,low,13.016129032258064,81.5,8.07,26,180,-45.980413003100686,186,6,0,1,0,0,300.0,-29.76875048596412,-0.7174958334282563,-8.294166683708323,-7.200000000000004,36,2,186,0,fdb49defc6d42cbc8abb2042b77d7b83fe97ed6d9e65eb434a1ea97235cccb5d
290,dqn,719,random,left_heavy,32.50868055555556,200.0,31.21,60,235,-118.42594702405395,288,53,12,14,0,0,300.0,-84.40625119768083,-8.906362488875315,-18.3133333374979,-6.800000000000003,34,6,300,12,3702bda132b8a1de72130a4b9c1ce5ea72d54dc9f866d67ebcb3c1b7f3efa32a
291,dqn,591,random,balanced,12.102631578947369,70.5,7.665,19,185,-44.636417337521614,190,5,0,2,0,0,300.0,-28.743750678375363,-0.7566250020317968,-7.5360416571144055,-7.600000000000004,38,5,190,0,e84ee16807ff7b35ab28cb371015d08f8d4773b76a2d47e92baa58b30e7852b0
292,dqn,805,random,ns_heavy,8.338983050847459,48.0,3.28,11,111,-24.06211277264373,118,7,0,1,0,0,300.0,-12.30000027641654,-0.20857083326409326,-4.553541662963111,-7.0000000000000036,35,5,118,0,7428892fe51292db1d2d4da7c24f51316373fa2e9eef35907d9e002fac91de7e
293,dqn,831,random,ns_heavy,9.980519480519481,58.0,5.123333333333333,16,146,-31.842958625063318,154,8,0,1,0,0,300.0,-19.212500302121043,-0.3577500008577772,-4.8727083220845095,-7.400000000000004,37,2,154,0,ab366162b1f82aec54ac7b254dac8a481899b21eb739ec667be82a6efb759fb4
294,dqn,761,random,heavy,11.703045685279188,69.0,7.685,18,194,-44.28269214196553,197,3,0,1,0,0,300.0,-28.81875049509108,-0.5776916666603942,-7.086249980214054,-7.800000000000004,39,5,197,0,d52af69b832aa5c2e6b8af7c2555d06a787ff8dc5e1d10aa98e0c39ae62697fb
295,dqn,663,random,low,12.809090909090909,71.5,7.045,18,158,-40.85950040838068,165,7,0,1,0,0,300.0,-26.41875042207539,-0.5340833337730149,-6.306666652532296,-7.600000000000004,38,2,165,0,3b5ee66c7f41b9833dc6deced150cab7482bfe1f5c66c422adf9764a1378d989
296,dqn,268,random,heavy,25.41611842105263,122.5,25.755,57,251,-107.63410899326699,304,53,0,2,0,0,300.0,-82.01250067586079,-4.558066663467616,-13.46354165393861,-7.600000000000004,38,4,304,0,dafd59a73d6b138808b258f89a1c3c515ebd5447b7480a188af6f43809c45ebd
297,dqn,76,random,left_heavy,28.19918699186992,97.5,23.128333333333334,53,191,-93.47956341577012,246,55,1,6,0,0,300.0,-71.51250092731789,-3.6649791648123924,-12.102083323639826,-6.200000000000003,31,6,247,1,16181ce00daa20604577eef8317c2822a957b7db97eac87aceaade5d802c1143
298,dqn,790,random,balanced,18.80131004366812,100.0,14.351666666666667,31,209,-70.26731744941638,229,20,0,2,0,0,300.0,-50.51875077141449,-1.742525001171452,-11.406041676830494,-6.600000000000003,33,5,229,0,66fb49dd741d6d624559d448eadd06ca9e9f162bfd9125da43b4ee79408ca8d3
299,dqn,352,random,ns_heavy,22.470070422535212,129.5,21.27166666666667,52,247,-95.93175484058956,284,37,0,2,0,0,300.0,-72.20000067586079,-3.567795835277501,-13.563958329451259,-6.600000000000003,33,3,284,0,550e14806aaf5da01382f132de42344e06650276809c1d55f9ec04e1003f749d
300,dqn,250,random,ew_heavy,8.289719626168225,61.5,2.9566666666666666,8,106,-22.912221059612783,107,1,0,1,0,0,300.0,-11.087500228080899,-0.19159583311047745,-5.033124998421411,-6.600000000000003,33,6,107,0,975b020ae433f11b570d03a691a7efe433a8c55f07f707b956607d7794c5b759
301,dqn,4,random,heavy,23.405511811023622,121.5,19.816666666666666,47,207,-83.49657187188278,254,47,0,2,0,0,300.0,-60.4125010240823,-3.600945839856284,-12.883125007944178,-6.600000000000003,33,6,254,0,4d4f2d5bf194663c89b614f4291d4a6f11113f0d6b7e52bdef134e87d740f04d
302,dqn,138,random,left_heavy,35.25714285714286,187.0,32.906666666666666,63,220,-127.88284208834595,280,60,19,25,0,0,300.0,-92.19375042198226,-10.492424997519265,-18.596666668844414,-6.600000000000003,33,8,299,19,6ad1b02ff207613328c9aaf805a780899669394701afd47bf9ea255c00b3ed04
303,dqn,36,random,ew_heavy,17.621900826446282,119.5,14.215,35,227,-72.46985065084522,242,15,0,2,0,0,300.0,-52.01250065211207,-1.6021416683877752,-12.25520833034535,-6.600000000000003,33,5,242,0,1619d9b22effddfbc3c1ae09751a6e675225252272b7f536ac907a39a05396bb
304,dqn,391,random,ns_heavy,19.521875,101.5,20.823333333333334,56,273,-95.55201363660969,320,47,0,3,0,0,300.0,-71.37500116275623,-3.145762501490389,-14.03124997236301,-7.0000000000000036,35,5,320,0,826aff74ebdfce7de42d4fe83465084d0ffc6f68cfd70af2a8a2dbfc334b78c4
305,dqn,297,random,ns_heavy,5.933333333333334,37.0,2.67,8,131,-21.025929364578783,135,4,0,1,0,0,300.0,-10.012500199023634,-0.13134583327264407,-3.4820833322824916,-7.400000000000004,37,3,135,0,57381bd6087324c23596565dab3d41bd4db9f6a89432ab63c08f3a30be44465c
306,dqn,498,random,ew_heavy,19.683783783783785,91.0,12.138333333333334,25,160,-64.4976089871976,185,25,0,1,0,0,300.0,-45.31250065471977,-1.4653166681549918,-11.319791664322844,-6.400000000000003,32,4,185,0,79136ab87b1bdd037372a28e094bfc2fd7b5d4d80c2029386fbad40cdcd7f32f
307,dqn,574,random,ns_heavy,10.09862385321101,77.0,7.338333333333333,17,201,-42.207233855790435,218,17,0,2,0,0,300.0,-27.518750531598926,-0.5445249999043881,-7.143958324287089,-7.0000000000000036,35,3,218,0,ff6b1d6b61d0d9e98efc66a3f79020bc45253919c051c462d3164fd9b8dfae3e
308,dqn,286,random,ns_heavy,21.6,81.0,14.4,33,170,-71.82576771698876,200,30,0,1,0,0,300.0,-53.63750105956569,-1.7734750028837885,-9.614791654539298,-6.800000000000003,34,2,200,0,d32832a318862fa47223e5e6fc6fc16b4ab10782b275e9905acbb06cefeac505
309,dqn,535,random,ns_heavy,9.964912280701755,63.5,5.68,12,164,-36.31745461913742,171,7,0,2,0,0,300.0,-21.300000463612378,-0.45224583359886317,-7.165208321926187,-7.400000000000004,37,2,171,0,a65060576d5a617d26d82522c628c763a1ded56cadbc1041b31584eb4f352f77
310,dqn,606,random,heavy,11.067484662576687,58.5,6.013333333333334,15,149,-35.55958391201784,163,14,0,1,0,0,300.0,-22.55000057304278,-0.4152083338667578,-5.794375005108308,-6.800000000000003,34,4,163,0,d59b3830b094bd6e4a56c4984bcebfb7a69acc08fb4fc642feff5363592428e1
311,dqn,673,random,low,9.114285714285714,50.5,6.38,19,202,-36.59072133480148,210,8,0,2,0,0,300.0,-23.9250005078502,-0.40822083305611184,-5.657499993895182,-6.600000000000003,33,3,210,0,eef8d318c687b8b56ed2f7a24273306fea342f6393aed40644a9028a1a005c37
312,dqn,603,random,balanced,9.476744186046512,50.0,4.075,12,124,-26.947612846379343,129,5,0,1,0,0,300.0,-15.28125034738332,-0.2624041669230793,-4.803958332072946,-6.600000000000003,33,6,129,0,091434f15f1d1302827824ef2c26f7c413507c353a297e5bca82add149ffa956
313,dqn,34,random,balanced,18.223938223938223,134.5,15.735,34,232,-82.3482761145242,259,27,0,2,0,0,300.0,-57.118751102127135,-2.153691666051599,-16.075833346345455,-7.0000000000000036,35,5,259,0,f73a663e2568ed240bf11c9ed11b57ff90ac2b8da4d5ab4fbd9aafab6d5a041d
314,dqn,240,random,low,9.598726114649681,53.0,5.023333333333333,14,146,-31.95715857168907,157,11,0,1,0,0,300.0,-18.837500237859786,-0.39570000050371157,-5.72395833332557,-7.0000000000000036,35,4,157,0,5a142e672b96be0024c98c79a627352c774e74d51946294007ca509e3168033b
315,dqn,795,random,heavy,12.852459016393443,60.5,7.841666666666667,34,161,-44.7468589932243,183,22,0,1,0,0,300.0,-29.40625066589564,-0.7097749983244287,-7.030833329004237,-7.600000000000004,38,3,183,0,201e0f3e93fe22f26ba8519814e1c4e61d754732577eb37c713d636bcc9d7e68
316,dqn,623,random,heavy,27.197132616487455,146.0,25.293333333333333,60,227,-107.84553404167974,279,52,0,1,0,0,300.0,-76.31250071199611,-6.412408326954754,-18.1206250027288,-7.0000000000000036,35,5,279,0,7bfde1340a024efbb0f158de5007d437b3cdf0777f1b816dab693659b601ef19
317,dqn,296,random,balanced,8.826797385620916,59.0,4.501666666666667,11,151,-29.752525459798914,153,2,0,1,0,0,300.0,-16.881250462960452,-0.28585833428514873,-5.385416662553326,-7.200000000000004,36,4,153,0,18ac3daa428889b51750b3716f1954a6eba603a86b1e1cf651f77288b01be37c
318,dqn,358,random,heavy,9.674479166666666,61.0,6.191666666666666,21,188,-37.50630462275369,192,4,0,1,0,0,300.0,-23.218750454951078,-0.4433875010909103,-6.244166666711684,-7.600000000000004,38,5,192,0,072f37cc59012d78d1b16b521b1787d55d0c1001abab15e944ac5143aab3a221
319,dqn,930,random,balanced,18.05243445692884,139.0,16.066666666666666,44,223,-77.47402167421163,267,44,0,2,0,0,300.0,-54.6000008340925,-2.578604172317864,-13.695416667801318,-6.600000000000003,33,4,267,0,620ec92bf581f7aa20322a2a829c624b28af954526b79df6a6b1268f06589325
320,dqn,735,random,ns_heavy,24.48895899053628,161.0,25.876666666666665,49,271,-116.17250465393222,317,46,0,3,0,0,300.0,-88.99375048745424,-4.593545833916141,-16.785208332561876,-5.8000000000000025,29,6,317,0,2f7c3679a9dc9728b4191f012205da3c595225c8d74a663e4431e420c24f0684
321,dqn,375,random,ns_heavy,21.60820895522388,103.5,19.303333333333335,56,225,-84.66780485059935,268,43,0,2,0,0,300.0,-63.14375070342794,-3.015929164116824,-11.908124983054586,-6.600000000000003,33,4,268,0,4177d0d2747b66881571ee22ce1319b1698431305703d0bb7ce03adbd528ac78
322,dqn,291,random,balanced,11.558510638297872,66.0,7.243333333333333,21,183,-41.441654845274755,188,5,0,2,0,0,300.0,-27.16250068601221,-0.619154167588567,-6.659999991673979,-7.0000000000000036,35,3,188,0,afa038bff57806ab8148b5a9a79d28e2f4f6456ac9bae8130d777752888502d8
323,dqn,130,random,heavy,11.062176165803109,60.0,7.116666666666666,19,189,-41.53878399382593,193,4,0,1,0,0,300.0,-26.687500670086592,-0.6050333334576863,-7.046249990281652,-7.200000000000004,36,4,193,0,51b1e36fbfc2726b213e586673a5fe48716b975b8cacc99f3a3b6e9d70bcd7e8
324,dqn,799,random,ew_heavy,21.590225563909776,100.5,19.143333333333334,48,223,-79.70762994622196,266,43,0,2,0,0,300.0,-56.187500797677785,-3.4911708270650714,-12.828958321479142,-7.200000000000004,36,3,266,0,3e8c7291d061e50dc5d386ce76937c79568c86c15ab0768cba4e606014344e6c
325,dqn,630,random,ew_heavy,11.956756756756757,73.5,7.373333333333333,27,171,-43.41082964119779,185,14,0,2,0,0,300.0,-27.518750491552055,-0.698537499520899,-8.39354165012483,-6.800000000000003,34,7,185,0,ffd2b90972be11c63be1d744827f213f7c622deee401f3eff1b557237ff07980
326,dqn,416,random,left_heavy,21.78787878787879,113.0,14.38,37,164,-66.70914641088673,198,34,0,3,0,0,300.0,-45.943750580307096,-2.0060208315808263,-11.759374998998844,-7.0000000000000036,35,5,198,0,05eb738634fb18cd6d445e1ee1563b42d90c4cb8de1596522fc512792662513e
327,dqn,693,random,heavy,17.867441860465117,83.0,12.805,33,192,-64.24919259884408,215,23,0,2,0,0,300.0,-46.26875093346462,-1.4800250013686314,-9.500416664010842,-7.0000000000000036,35,3,215,0,33b98272e1ac1b8d3769a606e592b12777cf35e0537f326e6aff8bc234ac86bc
328,dqn,554,random,left_heavy,31.255144032921812,229.0,25.31833333333333,47,207,-93.64185105477084,243,36,32,33,0,0,300.0,-56.83750105975196,-11.192058332577284,-19.61229166244159,-6.000000000000003,30,11,275,32,1357acea26deba285d711896a9b91cedb2815e1276744ee5a2d0c94f1f8b40af
329,dqn,533,random,left_heavy,23.851626016260163,115.0,19.56,44,204,-82.24329223619064,246,42,16,22,0,0,300.0,-58.35625057760626,-4.282458328527719,-12.804583330056639,-6.800000000000003,34,7,262,16,fdaa61ca2931fbc64cdc84eb6512f560b468cf9efca28d2804e1528223ab3d5b
330,dqn,674,random,heavy,10.006756756756756,69.0,7.405,17,218,-44.10860883490168,222,4,0,1,0,0,300.0,-27.768750498536974,-0.6761083340876208,-8.663750002277085,-7.0000000000000036,35,8,222,0,4c23ae76a065fcf0bf936614d6710c1d1aef5ed93d892d7c9239ab316de91cf8
331,dqn,766,random,low,20.927419354838708,108.5,17.301666666666666,36,215,-86.39083405651692,248,33,0,2,0,0,300.0,-62.43750073388219,-2.779791663774084,-14.773541658860639,-6.400000000000003,32,4,248,0,6c111e0866ea5f7769d29d8f5d14a78f26442cf78394c9cd4e89928df3a7421d
332,dqn,519,random,heavy,11.506134969325153,80.0,6.251666666666667,17,154,-37.537967169025066,163,9,0,1,0,0,300.0,-23.443750506732613,-0.46650833347448484,-6.627708328817973,-7.0000000000000036,35,5,163,0,a3eec615fe21f5fae221d56ba665d013b9f28739b9a80ef6c92a81282dc6b9e5
333,dqn,412,random,low,7.28125,75.5,3.495,10,142,-26.50570860449151,144,2,0,1,0,0,300.0,-13.106250268407166,-0.25404166697917374,-6.7454166691051825,-6.400000000000003,32,4,144,0,ac0b4c73c11de62f52b7d63184ae9b340a4c50d00ef93dbecadf83b6bb9e4a56
334,dqn,258,random,left_heavy,29.95394736842105,125.5,22.766666666666666,54,175,-91.24309249655559,228,53,7,11,0,0,300.0,-66.98750084405765,-4.9337166672827175,-12.521874985215257,-6.800000000000003,34,5,235,7,e6c17d1ef923d98607f6259e079a74fcaf1561133f33a70cd7ecd80567c906ca
335,dqn,303,random,ew_heavy,21.671206225680933,84.0,18.565,43,216,-76.47557549000125,257,41,0,3,0,0,300.0,-56.85000047972426,-2.462658336440654,-10.762916673836308,-6.400000000000003,32,4,257,0,3f41e4efd3ac0e3a16caad8cffbb7249ef1f9cacc1ea846f14b2918f6b486cc8
336,dqn,980,random,ns_heavy,22.179752066115704,70.5,17.891666666666666,50,193,-73.51603433431661,242,49,0,3,0,0,300.0,-55.5375010096468,-2.438533331407961,-9.139999993261885,-6.400000000000003,32,5,242,0,4c9d7e87285867d6a9a753d82b13571ed5d80ee70085b3d88a02794fa5926c2f
337,dqn,186,random,balanced,19.860544217687075,124.5,19.463333333333335,55,232,-91.72125927005908,294,62,0,2,0,0,300.0,-69.45000094454736,-2.5554249911430817,-12.715833334368648,-7.0000000000000036,35,4,294,0,537bc70cf66b225a15295c0ae796f794c2df44804e3cdb5fec58c920b55b125b
338,dqn,97,random,balanced,21.837662337662337,87.5,16.815,45,205,-77.60076772293104,231,26,0,2,0,0,300.0,-58.1187510676682,-2.197641669186125,-10.684374986076726,-6.600000000000003,33,7,231,0,dac497eac3c931836afde4d5f93f5f82013ea692585b6ccb568f3995bebaa681
339,dqn,617,random,left_heavy,32.25,211.5,30.96,66,232,-126.0639005932572,288,56,21,22,0,0,300.0,-91.06250061234459,-8.979733318028593,-19.62166666288397,-6.400000000000003,32,6,309,21,08ba322e254c34962e79df05e986fa89c7f93514bb6336163781fa98c23012c2
340,dqn,325,random,balanced,10.747524752475247,74.0,7.236666666666666,24,189,-42.243363200991766,202,13,0,2,0,0,300.0,-27.012500694021583,-0.6841958325378068,-7.74666667443235,-6.800000000000003,34,6,202,0,3d026660992de65171ac6d94c3ac8e65fec5dcf25bfcb3e3f65aed919292afa6
341,dqn,96,random,heavy,12.94,83.0,9.71,21,215,-53.129129901482486,225,10,0,2,0,0,300.0,-36.41250074561685,-0.8760041691137305,-8.640624986751932,-7.200000000000004,36,1,225,0,404558edb0ff371ae822f51017b9f7899456b6909e1cfe91c9a29d47befdfdbd
342,dqn,550,random,low,20.605113636363637,122.0,24.176666666666666,61,299,-110.11355497310215,352,53,0,3,0,0,300.0,-84.78750080568716,-3.7564708335492467,-14.569583333865731,-7.0000000000000036,35,8,352,0,f661b6c7bd5af3949de1e6128f2f7a19958ba666b968fd18b00094fa9d753041
343,dqn,750,random,left_heavy,28.926406926406926,96.5,22.278333333333332,55,169,-86.38191725599684,231,62,8,15,0,0,300.0,-64.54375058365986,-4.035249997345819,-11.802916674991138,-6.000000000000003,30,9,239,8,1b64a012e291a9b411b497fbb83478547303b51cccd498c331266008cbd14cfa
344,dqn,29,random,low,7.9972067039106145,71.0,4.7716666666666665,12,174,-33.263312851642674,179,5,0,1,0,0,300.0,-17.893750360701233,-0.38768750026865734,-7.181874990672805,-7.800000000000004,39,3,179,0,99f2846174037385b882a4c714e8234606c6ee9e277f5812400eb4ce8dda25be
345,dqn,488,random,low,17.02777777777778,81.0,12.26,25,194,-64.19136725541246,216,22,0,2,0,0,300.0,-45.66875058878213,-1.2796999987731394,-10.242916667857218,-7.0000000000000036,35,6,216,0,f4f3e7519ea4b6edb2071c47320adce1c10a4dbd6edf63f9a3cd58606a5b50e4
346,dqn,155,random,balanced,17.988636363636363,126.0,15.83,38,228,-78.38248402082901,264,36,0,4,0,0,300.0,-57.30000067548826,-2.1412333349238906,-12.94125001041685,-6.000000000000003,30,5,264,0,eb7c482c1c640ecb278d3dcbccb2dfbdc60a8542225bc0c9394fdbd81b4b2f5f
347,dqn,575,random,low,23.6056338028169,88.5,22.346666666666668,55,233,-98.14280548824979,284,51,0,1,0,0,300.0,-76.51250132918358,-3.2400958322970834,-11.390208326769072,-7.0000000000000036,35,1,284,0,b0a88752af54cdd8ccb985b0a7aec74809045021b3b65a1b4351a3d98bf88ef8
348,dqn,800,random,balanced,20.850609756097562,72.0,11.398333333333333,23,147,-58.212296173147486,164,17,0,2,0,0,300.0,-42.48125035362318,-1.2104208327444208,-8.320624986779876,-6.200000000000003,31,1,164,0,f59f90f59bb07671aa199b698c4c290892175cbeab46e03890c95d2443a0d601
349,dqn,804,random,ew_heavy,14.451965065502183,96.0,11.031666666666666,36,209,-58.44649249077845,229,20,0,3,0,0,300.0,-38.79375082813203,-1.5175333315281019,-11.335208331118329,-6.800000000000003,34,8,229,0,cd3eda958b5c9d33c5a74c4d8df60a02518efc8e132ac235acde8df555ea4d5e
350,dqn,784,random,low,12.948571428571428,101.5,7.553333333333334,19,154,-47.469271431654505,175,21,0,3,0,0,300.0,-28.325000603683293,-0.8161458333961491,-10.928124994575043,-7.400000000000004,37,2,175,0,2412343e38240f1d9a072a7b95b0fa2accd949acd36c0a97405822e0106b755d
351,dqn,295,random,ns_heavy,21.48,136.5,16.11,41,187,-71.24882535693254,225,38,0,2,0,0,300.0,-49.78750035492703,-2.4492416722096086,-13.21208332979586,-5.8000000000000025,29,7,225,0,9ef5d92f6b6f2baad30530c93a7e1aa558289089166e1bf24d74f5dc794af88b
352,dqn,637,random,balanced,8.9,52.5,4.301666666666667,12,141,-28.077750404718973,145,4,0,1,0,0,300.0,-16.131250409875065,-0.3062916663286159,-5.4402083285152925,-6.200000000000003,31,4,145,0,611928666c8211358cc60cc1eb99449e8918bf1c8a9dd97f2485a71856b526e6
353,dqn,650,random,low,23.954545454545453,90.5,19.323333333333334,40,208,-83.41716768263795,242,34,0,2,0,0,300.0,-62.425001023337245,-2.8627916666628153,-11.729374992637903,-6.400000000000003,32,3,242,0,e3db086946e9fb625013588cd1f967be4a4dfdf922403475760a3d068ea716b5
354,dqn,902,random,heavy,23.278388278388277,121.5,21.183333333333334,54,233,-95.70532983031802,273,40,0,3,0,0,300.0,-70.90000066207722,-3.8524125085234133,-14.35291665971744,-6.600000000000003,33,5,273,0,d6063d8d48db635f9e3286ca11dc3118e63efcd3402768812edf6116692d88ed
355,dqn,696,random,ew_heavy,7.350961538461538,38.0,2.55,9,99,-19.670325222052625,104,5,0,1,0,0,300.0,-9.56250022072345,-0.14178333352319902,-3.3660416678059852,-6.600000000000003,33,3,104,0,558b58c6fdbee800ac67096d493dbbc4d0490c9f0f4aba0efe3fe465c9e045d7
356,dqn,756,random,left_heavy,27.633333333333333,126.5,20.726666666666667,42,187,-84.2425255943017,225,38,5,8,0,0,300.0,-60.73125061765313,-4.082108333210634,-12.829166643437937,-6.600000000000003,33,6,230,5,4a60153406993c7cc8db253f22686c037cdb3081ef8a59eac1f3d624a19bdeb2
357,dqn,99,random,low,18.8248031496063,103.5,15.938333333333333,38,225,-82.3561132460505,254,29,0,2,0,0,300.0,-59.76875076815486,-2.2859041672571045,-13.301458310638564,-7.0000000000000036,35,4,254,0,4fb2282668c21a874e555847e3569a83d62d90bebe853d66d5ccf7453cc18271
358,dqn,299,random,heavy,12.368421052631579,84.5,7.833333333333333,16,183,-45.9653422547468,190,7,0,1,0,0,300.0,-29.37500058906153,-0.8155500005661455,-9.374791665119114,-6.400000000000003,32,7,190,0,675fba78ba3e9d88fed99dbfe39e6bfc1a27751e425c58dc3905fcfdfa774678
359,dqn,369,random,heavy,7.093167701863354,55.0,3.8066666666666666,12,157,-26.910079484400196,161,4,0,1,0,0,300.0,-14.275000320281833,-0.2579958334936237,-5.177083330624737,-7.200000000000004,36,4,161,0,67eeecdae59adbe12f4e9de7e3fac91ea4c1f6e9cd0b93d317efbd7baf1d2122
360,dqn,645,random,balanced,11.51530612244898,58.5,7.523333333333333,22,178,-42.71887142802517,196,18,0,2,0,0,300.0,-28.21250059083104,-0.6517874996170574,-6.254583337577059,-7.600000000000004,38,1,196,0,d435db909a3c194e3acf2061fde2d954724331287d21becff06636ee5bf1a437
361,dqn,870,random,low,11.361940298507463,68.5,5.075,13,127,-33.1308878801363,134,7,0,1,0,0,300.0,-19.03125039022416,-0.37776249971429954,-6.921874990197835,-6.800000000000003,34,7,134,0,85325f5f55a952933135b8fd0c6fdffd8ebc715b0c00c3050f2ecda054d46c6e
362,dqn,341,random,low,16.593896713615024,89.5,11.781666666666666,33,195,-62.61341757043192,213,18,0,1,0,0,300.0,-42.99375090794638,-1.4482083351576878,-11.371458327327863,-6.800000000000003,34,6,213,0,b46203be370e6f3fcdb6840c6a110573e10331cf4037ff85924fa9e67ae35949
363,dqn,498,random,ew_heavy,17.47027027027027,87.5,10.773333333333333,25,163,-57.413750927267365,185,22,0,1,0,0,300.0,-40.32500092871487,-1.0816666681326754,-9.807083330419854,-6.200000000000003,31,3,185,0,79136ab87b1bdd037372a28e094bfc2fd7b5d4d80c2029386fbad40cdcd7f32f
364,dqn,750,random,left_heavy,24.307531380753137,74.5,19.365,51,177,-72.64253381438537,239,62,0,10,0,0,300.0,-55.681250480469316,-2.4398250080783326,-8.12145832583775,-6.400000000000003,32,7,239,0,1b64a012e291a9b411b497fbb83478547303b51cccd498c331266008cbd14cfa
365,dqn,194,random,low,16.321100917431192,85.0,11.86,27,189,-60.70774245265857,218,29,0,2,0,0,300.0,-42.73125078016892,-1.4279500003576677,-9.548541672131979,-7.0000000000000036,35,4,218,0,a180e7f579d2a4443db5809f3931ff5ec3573a8019df47c03ab5945fb2d00ba5
366,dqn,385,random,low,26.744897959183675,121.5,26.21,54,237,-105.85985444395708,294,57,0,2,0,0,300.0,-78.55000029643998,-4.856937492083668,-16.652916655433362,-5.8000000000000025,29,7,294,0,0b8925119d2c6fccbc76f3474ec3d26d59ce5b4597b767803c16e29f97012a87
367,dqn,196,random,ns_heavy,18.279545454545456,76.0,13.405,31,196,-63.218650623143894,220,24,0,2,0,0,300.0,-46.49375062948093,-1.5915666659253473,-9.733333327737649,-5.400000000000002,27,5,220,0,d41271d20ccf3a4565f86cdede223ff61283fe46c047df61ab53cc5cf2b05f06
368,dqn,154,random,ns_heavy,12.71356783919598,59.5,8.433333333333334,22,188,-44.88123416208324,199,11,0,1,0,0,300.0,-30.443750822916627,-0.7891500009609445,-7.048333338205709,-6.600000000000003,33,7,199,0,ad04d7efaf4e1455183e65d11b015b6c06b3b397860fbe663be7446f2bc86501
369,dqn,693,random,heavy,20.553488372093025,84.0,14.73,32,192,-74.10079238035327,215,23,0,2,0,0,300.0,-54.01250071451068,-1.846416663099809,-11.641875002742756,-6.600000000000003,33,4,215,0,33b98272e1ac1b8d3769a606e592b12777cf35e0537f326e6aff8bc234ac86bc
370,dqn,877,random,low,13.702020202020202,70.0,9.043333333333333,26,173,-49.66850082607559,198,25,0,1,0,0,300.0,-33.912500822450966,-0.895999999261403,-7.460000004363251,-7.400000000000004,37,2,198,0,13c870acec0d0530dd0a91c0ea76eef66f95682445312150287c01e9ab3b8fd9
371,dqn,150,random,left_heavy,24.76689189189189,151.5,24.436666666666667,57,232,-103.97250038092677,296,64,0,2,0,0,300.0,-78.093750404194,-4.063124994125245,-14.215624982607531,-7.600000000000004,38,6,296,0,9d17157e71213d5a818479d06a5453c56f8a15cbe0740ae7797064c166564464
372,dqn,691,random,ns_heavy,18.872222222222224,69.0,11.323333333333334,31,166,-58.090896526704434,180,14,0,1,0,0,300.0,-41.5812506894581,-1.2942291664461654,-9.215416670800183,-6.000000000000003,30,5,180,0,6e2e953eedaf9c14cf4c26ab73e223c0553ee3541cc291720aa2b4cd5c8e337e
373,dqn,695,random,balanced,19.116788321167885,99.5,17.46,41,234,-78.65032157780809,274,40,0,2,0,0,300.0,-56.968750750180334,-2.6761541638450588,-12.405416663782663,-6.600000000000003,33,6,274,0,94ca6bda60dde2e09ad14b2ddac97f5f443cc9a34eeca695a2c59311bf52ee38
374,dqn,745,random,heavy,22.412037037037038,106.0,24.205,54,272,-99.20625079222164,324,52,0,3,0,0,300.0,-77.39375078631565,-3.2122916678119493,-12.200208338093946,-6.400000000000003,32,4,324,0,7791b71f2b418e7b93a1eb003b56873875330113366fc22ddfe3c13dad684cc7
375,dqn,703,random,low,12.879807692307692,78.0,8.93,19,198,-49.19391737342157,208,10,0,2,0,0,300.0,-33.4875007099472,-0.7151666676792959,-7.591249995795078,-7.400000000000004,37,2,208,0,7c9eff2e9a5b10e246e73a5cb1d5e8ac2547735b2aff343eebcf707a57577bcd
376,dqn,560,random,heavy,7.4672897196261685,39.5,2.6633333333333336,7,103,-20.842054371505945,107,4,0,1,0,0,300.0,-9.987500206101686,-0.15747083341047988,-4.097083331993782,-6.600000000000003,33,5,107,0,edbb3fb0c1ec30cddb6233894620def9e56539d00bf858a81e31c37a03f5c171
377,dqn,116,random,ns_heavy,40.792682926829265,146.0,44.6,112,216,-137.77456672976479,328,112,0,4,0,0,300.0,-102.59375006845221,-11.449149994181779,-17.531666667130786,-6.200000000000003,31,4,328,0,7352158da50ddf53ef4e95c99305cb0431109b74c93404251de544589b1daed4
378,dqn,783,random,low,13.506912442396313,102.0,9.77,23,207,-55.174142400759614,217,10,0,2,0,0,300.0,-36.637500753160566,-0.9633083310000068,-10.773333316599016,-6.800000000000003,34,3,217,0,2f59ea6e22f22c0e6a6995fb9306938062fd79f0a4cb8284ae374120fa08a22d
379,dqn,195,random,ns_heavy,20.583732057416267,101.5,14.34,43,193,-68.06584665123223,209,16,0,2,0,0,300.0,-49.62500080047175,-1.7664708359618089,-10.67437501479872,-6.000000000000003,30,5,209,0,ae7a75c665f3cc8987b636dbef4667aacbf444e1da8355f479e59dfb159e587d
380,dqn,448,random,heavy,9.85472972972973,63.5,4.861666666666666,17,146,-30.57173377887666,148,2,0,1,0,0,300.0,-18.23125045793131,-0.32319166690431333,-5.417291654041036,-6.600000000000003,33,5,148,0,56f480a26085001b1ea547e1417559daa5034f0d4961d9e47caaf7c27bc75008
381,dqn,954,random,low,26.86245353159851,118.0,24.086666666666666,55,213,-97.985671496328,269,56,0,2,0,0,300.0,-73.7062506582588,-4.086920826283315,-13.99250001178588,-6.200000000000003,31,4,269,0,bd9ee9d004b4bc02af1a346d40f3d8449d10899c80c346c71b04b3c8760eaba6
382,dqn,566,random,left_heavy,19.91745283018868,117.0,14.075,34,174,-72.69649281788516,212,38,0,2,0,0,300.0,-52.356251148507,-1.9958666670638199,-11.744375002314328,-6.600000000000003,33,3,212,0,98caf007411bf315a5073ef51e3fd29f044aa1f1bf04f59d2113b6f179de05bf
383,dqn,290,random,ns_heavy,7.362745098039215,60.0,3.755,10,147,-26.621346177075612,153,6,0,3,0,0,300.0,-14.081250343471766,-0.21072083318940713,-4.729375000414438,-7.600000000000004,38,5,153,0,4d67d5c5bee4554007fffd3cfd40273452e352b5fe7b61c46278e71639dc2644
384,dqn,63,random,ew_heavy,19.254504504504503,137.5,14.248333333333333,33,191,-75.92258003700263,222,31,0,1,0,0,300.0,-52.10625087283552,-2.484454174774874,-14.931874989392233,-6.400000000000003,32,7,222,0,cece21a0283b05d57c4c4902f4b814bd4d03ce5e84ccf53debbb7b05713fd77d
385,dqn,258,random,left_heavy,28.69144144144144,134.0,21.231666666666666,50,173,-87.2456838684469,222,49,13,15,0,0,300.0,-60.10000051604584,-5.35360001345034,-14.392083338950757,-7.400000000000004,37,4,235,13,e6c17d1ef923d98607f6259e079a74fcaf1561133f33a70cd7ecd80567c906ca
386,dqn,556,random,ew_heavy,13.458333333333334,82.5,7.536666666666667,20,163,-44.42231306780232,168,5,0,2,0,0,300.0,-28.262500568758696,-0.8525208343715351,-9.307291664672087,-6.000000000000003,30,8,168,0,d2e0babe22c2fe9a7444df9afb30c9dc3b62dbd8afaa0a05bdb6d03369b837ac
387,dqn,851,random,ns_heavy,16.213043478260868,119.0,12.43,25,210,-67.1312797481827,230,20,0,1,0,0,300.0,-46.5125005915761,-1.5060708345314198,-11.312708322075203,-7.800000000000004,39,4,230,0,8ea44c534d8e5da8132512910267e0a120380a731208129809b8a5ea154c40cc
388,dqn,815,random,low,28.270392749244714,104.5,31.191666666666666,62,279,-124.89551350182953,331,52,0,2,0,0,300.0,-98.68750100117177,-4.928220835091632,-15.079791665566148,-6.200000000000003,31,7,331,0,6f974eb5b68496665b90463eed9cd2e0b246a9c83e4a6c5a12cd120f14cc5a51
389,dqn,213,random,ns_heavy,7.122340425531915,62.0,4.463333333333333,17,185,-29.983800389144022,188,3,0,1,0,0,300.0,-16.737500391434878,-0.2898416671356245,-5.356458330573515,-7.600000000000004,38,4,188,0,42cfa3025fd16c2f82cb50d1fc3de6a579ef9a92eb6d19a20f9f8c596c08c3ca
390,dqn,706,random,heavy,24.09245283018868,88.0,21.281666666666666,48,207,-87.63842598590058,265,58,0,2,0,0,300.0,-67.32500098878518,-3.105091666490623,-10.408333330624739,-6.800000000000003,34,4,265,0,c0cb2146d7dba62dea0802235dbf32c046697ce6eb84830ca761c09dd202b611
391,dqn,650,random,low,22.694214876033058,90.0,18.30666666666667,37,210,-80.86035547427964,242,32,0,2,0,0,300.0,-61.26875130692497,-2.391187502086541,-11.200416665268138,-6.000000000000003,30,3,242,0,e3db086946e9fb625013588cd1f967be4a4dfdf922403475760a3d068ea716b5
392,dqn,804,random,ew_heavy,13.54585152838428,98.5,10.34,27,212,-56.45054650954772,229,17,0,3,0,0,300.0,-37.75000067567453,-1.1297125001750818,-10.770833333698105,-6.800000000000003,34,7,229,0,cd3eda958b5c9d33c5a74c4d8df60a02518efc8e132ac235acde8df555ea4d5e
393,dqn,498,random,ew_heavy,17.502702702702702,88.0,10.793333333333333,22,161,-58.31149255675338,185,24,0,1,0,0,300.0,-40.393750904127955,-1.054408331891318,-10.263333320734084,-6.600000000000003,33,2,185,0,79136ab87b1bdd037372a28e094bfc2fd7b5d4d80c2029386fbad40cdcd7f32f
394,dqn,497,random,ns_heavy,24.73170731707317,95.5,23.66,50,244,-101.49278034298986,287,43,0,1,0,0,300.0,-79.41875118063763,-3.3334041648435235,-12.340624997508705,-6.400000000000003,32,1,287,0,4dda8697133c89fbc4b8691f908a5599c6b3579f40490bc26c3c17c0853299b8
395,dqn,420,random,left_heavy,33.05,161.5,33.05166666666667,76,218,-112.08320465890205,300,82,34,39,0,0,300.0,-79.24375052377582,-9.261954160490859,-16.777499974635425,-6.800000000000003,34,8,334,34,b71803a1087882fcaf409081081a56bb7b6f61ed004799143c41e25c788d8a5b
396,dqn,882,random,ew_heavy,11.716145833333334,70.5,7.498333333333333,19,181,-43.91160491165935,192,11,0,1,0,0,300.0,-28.11875076033175,-0.7086874993168755,-8.284166652010759,-6.800000000000003,34,6,192,0,2fa0dada7a64fbbd8113859d00885fd7d877c1ad2ac7728af86bd304a689d148
397,dqn,525,random,heavy,10.422619047619047,72.5,2.9183333333333334,11,81,-23.390050224134036,84,3,0,1,0,0,300.0,-10.943750225007534,-0.24130000000659496,-5.804999999119905,-6.400000000000003,32,6,84,0,6a247e80ff87310f3338a132359f94ded99b17861b1ac743b50d92be308d3b26
398,dqn,109,random,left_heavy,27.43801652892562,144.0,22.136666666666667,54,192,-90.80543834533742,242,50,10,13,0,0,300.0,-61.85000083921477,-5.546687500078405,-16.40875000604428,-7.0000000000000036,35,4,252,10,4df1f8a3e283c6a13ea1cedfc4321b47328ade54db2354d5a5f21868dece9695
399,dqn,505,random,heavy,18.426160337552744,105.0,14.556666666666667,27,210,-72.52228833668852,237,27,0,2,0,0,300.0,-51.68750084005296,-1.8614541716546227,-11.973333324980944,-7.0000000000000036,35,4,237,0,06ccb621074e0eeb4a367963810c8a9dea30337a4521f0d76fe391fe999b8703
400,dqn,876,random,ew_heavy,10.286111111111111,52.5,6.171666666666667,18,170,-37.01939205544698,180,10,0,2,0,0,300.0,-23.143750398419797,-0.43001666689451656,-5.445624990132638,-8.000000000000004,40,2,180,0,234d8f69467c36db28b5692c40eb7dd45b5fd66ad80afea7b18326aad0b31efb
401,dqn,837,random,ew_heavy,12.727642276422765,92.5,10.436666666666667,30,230,-56.8407338893223,246,16,0,2,0,0,300.0,-39.13750056363642,-1.097608335404221,-10.20562499028165,-6.400000000000003,32,6,246,0,1c89ea06e90130116aad0f4ed67f79b753b52be265eece744718846d0fff1159
402,dqn,372,random,left_heavy,26.603896103896105,100.0,20.486666666666668,49,178,-83.66906299142359,231,53,6,7,0,0,300.0,-62.02500049909577,-3.299479171407438,-12.544583320920347,-5.8000000000000025,29,6,237,6,6b5831900879c4868efc5846ef037e7ec27ff6c22570a9de11effff528e972bd
403,dqn,882,random,ew_heavy,11.1796875,63.0,7.155,19,182,-42.33995870495565,192,10,0,1,0,0,300.0,-26.831250385846943,-0.6512083332927432,-8.257499985815956,-6.600000000000003,33,1,192,0,2fa0dada7a64fbbd8113859d00885fd7d877c1ad2ac7728af86bd304a689d148
404,dqn,91,random,heavy,32.04601226993865,111.0,34.82333333333333,79,253,-128.49234224641188,326,73,0,3,0,0,300.0,-102.50625060498714,-6.315049992100834,-13.271041649323887,-6.400000000000003,32,5,326,0,eca1b59dc542e09f4596b0d71d2e4a9d1bb4f9bdbede2ad24f34d8a11875c8ea
405,dqn,749,random,ns_heavy,12.232704402515724,59.5,6.483333333333333,14,155,-37.700921280463795,159,4,0,1,0,0,300.0,-24.3125004558824,-0.49196249969827494,-5.6964583248831335,-7.200000000000004,36,2,159,0,47a5bc88d92633c978a45789d4d7219d8d6e6ea482004432208da809ffeb1fc1
406,dqn,620,random,low,15.050970873786408,93.0,10.335,28,176,-54.64836731918259,206,30,0,1,0,0,300.0,-37.88125066459179,-1.1202416658365113,-8.44687498875428,-7.200000000000004,36,2,206,0,c6415d7ea579fa98fadba03b868c3464699b5145e721d6fc21046c085e44236a
407,dqn,9,random,ew_heavy,15.649805447470817,88.5,13.406666666666666,26,228,-69.8800340741887,257,29,0,2,0,0,300.0,-50.27500075707212,-1.484616672388802,-11.120416644727815,-7.0000000000000036,35,3,257,0,3b261f67d24bd2225cdaad04dd441765117e5caa5216074c9efa81b6d8eeb2dc
408,dqn,455,random,heavy,24.423333333333332,174.5,24.423333333333332,59,240,-97.38716299528383,300,60,0,3,0,0,300.0,-66.05625050142407,-5.993204171505205,-18.5377083223546,-6.800000000000003,34,6,300,0,721668a27877f1223355b00d728bd161772e3e146134e7959fe1a672ea0bacb9
409,dqn,381,random,heavy,27.163141993957705,217.0,29.97,61,251,-117.12520476733842,331,80,0,2,0,0,300.0,-83.55000056838617,-8.101454187771745,-18.673750011180534,-6.800000000000003,34,8,331,0,180f20b176edf6b4ed2f72eabcb3f9b632d7da73643ee40b1e0cdd03582d6801
410,dqn,429,random,balanced,10.33095238095238,94.0,7.2316666666666665,18,196,-43.56653808300398,210,14,0,2,0,0,300.0,-27.118750584311783,-0.5604958337593413,-8.487291664932853,-7.400000000000004,37,5,210,0,f32d80bf392bf4c0f9fa6fba6b13fd15c70af53d53c49a24a8be4d95f5c81441
411,dqn,259,random,ns_heavy,16.202479338842974,74.0,13.07,32,219,-65.97355095825044,242,23,0,2,0,0,300.0,-49.012500962242484,-1.3247999980754686,-9.036249997932464,-6.600000000000003,33,3,242,0,ca712b2d44cdad24bc0eb22134c2c6c692974c2013c55815b530c2908f1b9a22
412,dqn,853,random,balanced,7.522556390977444,42.0,3.335,15,130,-23.701237815427145,133,3,0,1,0,0,300.0,-12.506250315811485,-0.22019583337896614,-4.374791666236707,-6.600000000000003,33,4,133,0,312df65e0593a2a4d5e9a53d43fed692d50c8c032db4e3f34a0ba395734f2cd8
413,dqn,827,random,balanced,11.724770642201834,81.0,8.52,20,210,-49.3755631470289,218,8,0,1,0,0,300.0,-31.950000648852438,-0.8186874996805272,-9.20687499849592,-7.400000000000004,37,3,218,0,04e17b88b36a33bdfe75378b8fda6b69c17a876ac58c410ac5eed5b97851af39
414,dqn,138,random,left_heavy,31.00871080139373,142.5,29.666666666666668,72,224,-113.57567957518103,287,63,12,15,0,0,300.0,-85.02500039665028,-6.704220849526609,-15.046458329004226,-6.800000000000003,34,8,299,12,6ad1b02ff207613328c9aaf805a780899669394701afd47bf9ea255c00b3ed04
415,dqn,764,random,heavy,24.650442477876105,122.0,18.57,42,195,-78.21330444096169,226,31,0,2,0,0,300.0,-54.13125024409965,-3.90413750119551,-13.977916695666492,-6.200000000000003,31,3,226,0,447a74edd426724a2e5e47711a62145bc21c1d8b8573b8d02150115ef20a9bf8
416,dqn,617,random,left_heavy,29.170648464163822,152.5,28.493333333333332,55,223,-119.27966715187866,293,70,16,19,0,0,300.0,-88.76250050542876,-6.983625002434564,-16.333541644015344,-7.200000000000004,36,6,309,16,08ba322e254c34962e79df05e986fa89c7f93514bb6336163781fa98c23012c2
417,dqn,186,random,balanced,16.687074829931973,128.5,16.35333333333333,45,255,-82.4864510515719,294,39,0,2,0,0,300.0,-59.69375105854124,-2.2435333344634265,-13.749166658567265,-6.800000000000003,34,4,294,0,537bc70cf66b225a15295c0ae796f794c2df44804e3cdb5fec58c920b55b125b
418,dqn,414,random,low,18.416666666666668,102.5,14.733333333333333,33,219,-76.98424689082678,240,21,0,1,0,0,300.0,-55.250001047737896,-2.088620838427596,-12.645625004661266,-7.0000000000000036,35,3,240,0,0004349dbbe924529ae4ea98c0c0632dee99bb1865a5fac6a3d177602e3533a8
419,dqn,280,random,ew_heavy,21.01815181518152,134.5,21.22833333333333,44,278,-104.77522971147776,303,25,0,2,0,0,300.0,-78.05625056289136,-3.6221041633711133,-16.296874985215247,-6.800000000000003,34,2,303,0,58e7b916fab155bf592793d988e7a9a1f1f1220e2db97330d252a76e9e5b1a4a
420,dqn,529,random,ns_heavy,31.07312252964427,145.0,26.205,55,195,-103.94268014565095,253,58,0,1,0,0,300.0,-77.48750099167228,-5.272470846227227,-14.982708307751443,-6.200000000000003,31,9,253,0,1b8d0acac58f033716a3ed31d95c26e3109165d11dcd05767efc1434ba94112b
421,dqn,131,random,ew_heavy,5.610738255033557,57.0,2.7866666666666666,12,148,-21.703679348577847,149,1,0,1,0,0,300.0,-10.450000180862844,-0.1697208331926959,-4.483958334522324,-6.600000000000003,33,6,149,0,a5afbc3f39e55c14793ee63d433883e9c617d165ce6abf0b7f800e67e9259e4d
422,dqn,500,random,left_heavy,24.083700440528634,112.5,18.223333333333333,41,187,-81.00355911174191,227,40,0,4,0,0,300.0,-56.84375078929588,-3.7473083307115305,-13.612499991734513,-6.800000000000003,34,5,227,0,960b4f8a37cb30f594872518b915d2fb88deaa3f72f1f908eb3f62285d674c15
423,dqn,118,random,ew_heavy,18.698237885462554,93.0,14.148333333333333,28,203,-74.63657965484818,227,24,0,2,0,0,300.0,-52.03750047553331,-2.060745834855334,-12.938333344459513,-7.600000000000004,38,6,227,0,c4c81e093692d63ab4df0e55959781b1c97c98706fffe11d30fceebe98456f80
424,dqn,135,random,ew_heavy,25.99619771863118,131.0,22.79,75,192,-82.045692781479,263,71,0,3,0,0,300.0,-58.00625111442059,-4.576316674988628,-13.463124992069783,-6.000000000000003,30,4,263,0,fcfb0d2d72a7d395f0b22682f6855ee60d39199197e06414ab8c653a21a06081
425,dqn,851,random,ns_heavy,13.271739130434783,81.0,10.175,21,217,-55.20854666953018,230,13,0,1,0,0,300.0,-38.15625085029751,-0.9550041679343844,-8.6972916512983,-7.400000000000004,37,3,230,0,8ea44c534d8e5da8132512910267e0a120380a731208129809b8a5ea154c40cc
426,dqn,513,random,low,6.915584415584416,60.0,3.55,10,154,-25.394721148473053,154,0,0,1,0,0,300.0,-13.312500313390046,-0.222845833360043,-4.459375001722948,-7.400000000000004,37,4,154,0,263f5dd8ac9e55331685168619f5fd1242f50500941a0f59160f9dbdd7a0b138
427,dqn,289,random,left_heavy,24.80184331797235,172.5,17.94,39,182,-75.2633300620269,217,35,8,9,0,0,300.0,-46.87500088335946,-4.91041249492191,-16.877916683745546,-6.600000000000003,33,6,225,8,c9d06557ede6c876984102f230b7380b90aab3bb9081c79babf6fe8efc9438ec
428,dqn,863,random,left_heavy,17.112820512820512,107.0,11.125,30,157,-61.01846324001962,195,38,0,9,0,0,300.0,-39.331250729970634,-1.3867958354909204,-12.90041667455807,-7.400000000000004,37,7,195,0,ecf3331d60486987bcf466480b6c3be1daaecd2662f421c1f0331a84afe1626c
429,dqn,336,random,ew_heavy,10.639344262295081,85.5,6.49,16,177,-40.20222977757876,183,6,0,2,0,0,300.0,-24.337500623892993,-0.5876458319085938,-8.477083321777181,-6.800000000000003,34,5,183,0,51ec75921cc8c2e796542075e50c03c39467b8e9ac72a4316b41eaa6e3823fd3
430,dqn,172,random,ew_heavy,10.713414634146341,62.5,8.785,26,231,-48.960584041348916,246,15,0,3,0,0,300.0,-32.94375071162358,-0.8541250005720941,-8.162708329153253,-7.0000000000000036,35,2,246,0,8bf7d195b7e42601618af3ce78707109dc25c6b0220edba410d818213a5d0b80
431,dqn,900,random,left_heavy,34.033557046979865,136.5,33.806666666666665,78,196,-114.95988387472391,298,102,0,3,0,0,300.0,-83.3562505566515,-8.7848833362099,-15.418749981862483,-7.400000000000004,37,5,298,0,16257c77551bae33ad06edc3822197a6de547bdafb56215ef583705cbab81701
432,dqn,12,random,left_heavy,17.313253012048193,68.0,9.58,24,152,-50.616963044187294,166,14,0,2,0,0,300.0,-35.30000054417178,-1.0511291682778392,-7.865833331737671,-6.400000000000003,32,7,166,0,b8d2e9ca3c4b726f93b9df1de33b18813e46fc44c42e0299929d927fcae2f264
433,dqn,943,random,left_heavy,26.183467741935484,178.0,21.645,37,206,-104.84258428824333,248,42,0,2,0,0,300.0,-76.56875096540898,-3.9402916548839113,-17.533541667950345,-6.800000000000003,34,4,248,0,98eefc3993a016b9fdb6fd910f3b9bb39f576319e2ffe2407a5ff1e9a07ab8bf
434,dqn,68,random,ew_heavy,28.31055900621118,91.5,30.388333333333332,73,254,-117.20545140674663,322,68,0,2,0,0,300.0,-93.012501408346,-5.1189916591145455,-12.473958339286025,-6.600000000000003,33,3,322,0,983c67d6219671bc2be21c849a1a434e76217e9755f8a71a421690e4c9f2613f
435,dqn,807,random,left_heavy,34.415637860082306,198.5,27.878333333333334,53,196,-105.72358794150857,243,47,29,30,0,0,300.0,-71.11250043148175,-10.024629161800116,-18.386458348226743,-6.200000000000003,31,6,272,29,18495bc49f47321300562cf1e93c23d6c1c0765b885c2d3d96d2bd2089e318ca
436,dqn,460,random,ns_heavy,17.724014336917563,124.0,16.483333333333334,31,252,-84.67906737124653,279,27,0,2,0,0,300.0,-59.50625070882961,-2.8767750054561465,-15.49604165696074,-6.800000000000003,34,4,279,0,193042abca6c4ac65f7cd67cd4f8404afef5a8c7e3cf64485d2ff78581240b2b
437,dqn,126,random,ns_heavy,19.66355140186916,95.5,14.026666666666667,35,183,-64.81696358208356,214,31,0,2,0,0,300.0,-45.65000107930973,-1.9134208361552734,-11.053541666618546,-6.200000000000003,31,7,214,0,4948c918ca2df16c0093025b831822601923b7f096d8741961703b8254d95164
438,dqn,975,random,low,12.2579185520362,76.5,9.03,27,205,-48.942804685745074,221,16,0,2,0,0,300.0,-33.862500524148345,-0.8580124994485231,-7.422291662148203,-6.800000000000003,34,4,221,0,bcd30b0476a4709dd852e4025820417f9ca5684b7a7aeee47237e7117066a146
439,dqn,428,random,ns_heavy,17.438034188034187,66.5,13.601666666666667,36,210,-64.73092133520404,234,24,0,2,0,0,300.0,-48.71875050012022,-1.3959208327461967,-8.21625000233762,-6.400000000000003,32,3,234,0,4e1aa7a9398388ce4346c2ea3aa1e918bfc2fc9ff04596a440d70f5572e095b5
440,dqn,45,random,low,15.776119402985074,82.0,14.093333333333334,26,249,-69.73285062875286,268,19,0,2,0,0,300.0,-52.68750062678009,-1.3936833327745262,-9.251666669198315,-6.400000000000003,32,2,268,0,52d61a3051ffc8dfd9262c84912d30370521048ffd25585a3573fe9c2b676d0c
441,dqn,721,random,left_heavy,43.28879310344828,172.0,50.215,96,226,-171.8606383448384,348,122,11,12,0,0,300.0,-135.94375084945932,-12.233970839871462,-16.482916655507868,-7.200000000000004,36,8,359,11,cc3ad764ddbdb9880659e92504901bb49d126eb571502690c8927b572619fc2e
442,dqn,991,random,left_heavy,31.606287425149702,138.0,35.193333333333335,81,240,-130.31709643596764,334,94,18,21,0,0,300.0,-102.43750063376501,-7.694179161279316,-13.585416640923354,-6.600000000000003,33,5,352,18,38ff4f951ae98af7a875f7afaa856442f953c2c84d6b0b678b5667cf537601c2
443,dqn,156,random,low,7.515463917525773,42.0,2.43,7,96,-19.4222502070559,97,1,0,1,0,0,300.0,-9.11250020423904,-0.12600000010206708,-3.3837500027148053,-6.800000000000003,34,4,97,0,a1ea2666482f410151a782cbc5b6cdecfa70b47b5b90ba8b3fe9cd1fead0935c
444,dqn,537,random,ns_heavy,15.21161825726141,92.5,12.22,31,229,-62.93449239055408,241,12,0,1,0,0,300.0,-45.075000723358244,-1.3794916666323844,-10.480000000563455,-6.000000000000003,30,3,241,0,614c1262c62b992a1638349d5b9e1fb1108940c57714d81172bb150f1694ea7e
445,dqn,930,random,balanced,18.327715355805243,117.0,16.311666666666667,44,231,-77.64215099774228,267,36,0,2,0,0,300.0,-56.9875009926036,-2.057566667882929,-12.19708333725575,-6.400000000000003,32,5,267,0,620ec92bf581f7aa20322a2a829c624b28af954526b79df6a6b1268f06589325
446,dqn,121,random,ns_heavy,17.52310924369748,88.5,13.901666666666667,36,216,-71.0839924393986,238,22,0,2,0,0,300.0,-51.64375076582655,-1.6312833317155297,-10.808958341856489,-7.0000000000000036,35,2,238,0,f26fa7cfb1c42991097d38025df60a345066782c83fdd5131c0158a8cea4c60e
447,dqn,790,random,balanced,14.844978165938864,86.0,11.331666666666667,24,213,-59.08444275034782,229,16,0,2,0,0,300.0,-42.081251103430986,-1.2019416662464206,-9.801249980670399,-6.000000000000003,30,6,229,0,66fb49dd741d6d624559d448eadd06ca9e9f162bfd9125da43b4ee79408ca8d3
448,dqn,419,random,heavy,13.099033816425122,76.0,9.038333333333334,22,199,-49.29307983075631,207,8,0,2,0,0,300.0,-33.68750066263601,-0.7799541670166946,-8.22562500110362,-6.600000000000003,33,3,207,0,d72e9cb29f2a56bbe97ee8fc0ac27ec97e8178c207908a023a235102c04db75b
449,dqn,55,random,low,17.66590909090909,118.5,12.955,36,189,-68.16670896388311,220,31,0,2,0,0,300.0,-47.081250647548586,-1.8142083334103511,-12.471249982924206,-6.800000000000003,34,2,220,0,0723c88980d3191aef6ebeb946599b70cd3ed4610b86fee7c46d1423d6df8a19
450,dqn,208,random,low,28.523166023166024,101.5,24.625,47,205,-96.73016793514758,259,54,0,7,0,0,300.0,-71.5437512700446,-4.781208339228032,-14.205208325874988,-6.200000000000003,31,5,259,0,78b8bb9f38246d47790a68a21473ff5a9498a8d0225d5383a28368990860a06c
451,dqn,858,random,balanced,15.245967741935484,96.5,12.603333333333333,30,221,-62.78747150690541,248,27,0,3,0,0,300.0,-44.49375068023801,-1.4658041680675524,-10.227916658599865,-6.600000000000003,33,4,248,0,f19cf88596ebefd71b3fa3ca381468cead43ba81f08bc25a5deb61e75d99071a
452,dqn,715,random,ew_heavy,9.253205128205128,50.0,4.8116666666666665,13,146,-29.863475283743895,156,10,0,1,0,0,300.0,-18.043750286567956,-0.3218083335748816,-4.697916663601064,-6.800000000000003,34,6,156,0,6cbfe9321f730df749bbe09d8839912e78dae2198f487d1162355d0b79a8442d
453,dqn,886,random,low,7.474264705882353,38.0,3.388333333333333,10,133,-23.88008359886006,136,3,0,1,0,0,300.0,-12.706250266637653,-0.17987500006565832,-3.593958332156765,-7.400000000000004,37,3,136,0,7c49550219b6cb6f7c1e61bc59b3f470d15fb87c9e9612b00c197d5537a28cd8
454,dqn,542,random,low,14.275280898876405,70.5,8.47,21,164,-47.3769423491649,178,14,0,1,0,0,300.0,-31.750000695697963,-0.7304833322858026,-8.296458321181124,-6.600000000000003,33,2,178,0,bd727c710cc26a4ae953effcd8cb418e74b7dcd7fefabc828f38bd44992708b1
455,dqn,133,random,left_heavy,31.484782608695653,154.0,24.14,51,179,-95.89805913977176,230,51,13,14,0,0,300.0,-65.8500008257106,-6.810141655126068,-16.437916658935126,-6.800000000000003,34,4,243,13,43673fc64261f39d23d7c390ffa4b0fb2b4a4d333cc76561576199d7ec76fcfd
456,dqn,288,random,ns_heavy,27.3804780876494,102.0,22.908333333333335,48,192,-93.4731380263278,251,59,0,2,0,0,300.0,-70.5687505681999,-4.037720824748247,-11.466666633379635,-7.400000000000004,37,4,251,0,129baab82e557e04b017b3a74556b60f3002da89832247f318798aa850d76975
457,dqn,300,random,balanced,15.465665236051501,82.5,12.011666666666667,26,217,-61.91511320839272,233,16,0,2,0,0,300.0,-44.606250716373324,-1.1511541670384766,-9.557708324980924,-6.600000000000003,33,5,233,0,fdaab5e29aa531c9014ba3c319748171b2dcb96e48497de301d95e570c40fd4b
458,dqn,256,random,ew_heavy,15.896825396825397,90.0,13.353333333333333,32,226,-67.43321768221432,252,26,0,2,0,0,300.0,-48.362501016352326,-1.6063416652985325,-10.664375000563458,-6.800000000000003,34,6,252,0,449240a80e5ae77899b227294d3bfa2b902bc5fc36c7e8479497668f542eaedb
459,dqn,81,random,balanced,16.264705882352942,98.0,12.903333333333334,28,223,-68.02371733777616,238,15,0,2,0,0,300.0,-48.2250006897375,-1.5447583328925247,-11.85395831514615,-6.400000000000003,32,3,238,0,9c7788348bc19c45efc7de4fe2cbf847f09b511a756419df37b8e780112bf24d
460,dqn,867,random,left_heavy,25.105392156862745,111.0,17.071666666666665,41,166,-70.74565049816954,204,38,10,11,0,0,300.0,-48.56250051455572,-3.320024993546394,-11.463124990067444,-7.400000000000004,37,4,214,10,c4d6cd4df46d599ac84496afa0f1b452708e246f5d9f9b5bee7f02431165c973
461,dqn,94,random,balanced,13.777777777777779,161.5,10.333333333333334,20,213,-63.39247190778773,225,12,0,2,0,0,300.0,-38.750001065433025,-1.536845831583924,-16.905625010770727,-6.200000000000003,31,5,225,0,c9db06e389f6b7e210048ae9a452eba2282a4abab795ec80a5eb5a302040e544
462,dqn,767,random,ew_heavy,18.109477124183005,130.5,18.471666666666668,38,270,-93.59962995763131,306,36,0,2,0,0,300.0,-68.86250079749152,-2.773795839219384,-15.363333320920361,-6.600000000000003,33,6,306,0,4fd1e08fffd686292138087767907f1916daace6e27a4a56c8b64c470716b45e
463,dqn,716,random,ew_heavy,21.26306620209059,124.0,20.341666666666665,39,250,-98.59400053842036,287,37,0,1,0,0,300.0,-72.70000053243712,-3.2573333402680875,-15.836666665715168,-6.800000000000003,34,3,287,0,a55dc77ec8172c2030adcbb098647c80018cf24eaf9432eeae7064be30462fee
464,dqn,437,random,left_heavy,22.35333333333333,129.5,16.77,35,181,-78.29088421013519,225,44,8,12,0,0,300.0,-52.60000087460503,-3.7660916590488354,-15.124791676481246,-6.800000000000003,34,7,233,8,1903fc03bbd55c90fbf33e4d191d36eabd68c4b936cefe4faa5497c70225c7ea
465,dqn,626,random,heavy,15.748815165876778,90.5,11.076666666666666,26,181,-59.8887425273664,211,30,0,2,0,0,300.0,-41.175000874791294,-1.2906166663167824,-10.22312498625834,-7.200000000000004,36,2,211,0,4d9a8962b3f07156427c2eb26335926f2f64fc447a49b232d8cf0857583dfc59
466,dqn,406,random,heavy,27.333333333333332,149.5,25.148333333333333,65,209,-81.43202593941753,276,67,1,5,0,0,300.0,-49.61875092424452,-8.068900017329,-17.14437499784396,-6.600000000000003,33,7,277,1,a83a8ea8bbdb6b35a0d6847b65aef215fcc730f7d56bad2b7a801531da04e3c1
467,dqn,527,random,low,9.415,70.5,6.276666666666666,13,193,-38.26758807066869,200,7,0,2,0,0,300.0,-23.537500576581806,-0.46946250040127796,-7.2606249936856395,-7.0000000000000036,35,4,200,0,849462797b3d041d53d03b5ddbc4d547f5c763347a26e013cb25a2cc94a015a4
468,dqn,738,random,left_heavy,38.68478260869565,133.5,35.59,68,191,-128.92653819929774,276,85,3,13,0,0,300.0,-97.36250068480149,-8.203412508121254,-17.16062500637494,-6.200000000000003,31,8,279,3,76907cd7e7e2b0759999660518020597fa9ad954390d9d055b572315093f0859
469,dqn,460,random,ns_heavy,22.5,181.0,20.925,50,242,-99.21935483144702,279,37,0,2,0,0,300.0,-68.21250068349764,-5.268104156103073,-18.538749991846284,-7.200000000000004,36,7,279,0,193042abca6c4ac65f7cd67cd4f8404afef5a8c7e3cf64485d2ff78581240b2b
470,dqn,971,random,ns_heavy,14.2875,83.5,11.43,29,228,-60.03090923635683,240,12,0,2,0,0,300.0,-41.86250090878457,-1.1729916650794625,-9.79541666249279,-7.200000000000004,36,4,240,0,5927a1b8d7c3ea545e0337c496efa177bfef11f6f34431a87dee4ae13c2159a4
471,dqn,840,random,ns_heavy,21.99418604651163,98.5,18.915,40,211,-82.05285100626647,258,47,0,2,0,0,300.0,-63.16250098962337,-2.5166000062774394,-10.173750010365623,-6.200000000000003,31,4,258,0,6b5270acb9debb55a651c9b7322a7719bee806ec6113f98c4d5d2be473117da1
472,dqn,80,random,low,7.673913043478261,56.5,3.53,10,134,-26.109342061387714,138,4,0,1,0,0,300.0,-13.23750039190054,-0.26017499993031384,-6.211666669556872,-6.400000000000003,32,6,138,0,667521c2e45831f6f542352b57022793eb6df723eba919a1ebd8f0880bc9ea99
473,dqn,904,random,low,7.366666666666666,45.5,4.788333333333333,17,190,-30.4573086830329,195,5,0,1,0,0,300.0,-17.95625034859404,-0.2939750001540233,-4.807083334284838,-7.400000000000004,37,3,195,0,752de5406f1a60f4ea2458929e93c8aed50194eee4e2887eac005976f6e75371
474,dqn,160,random,balanced,10.817796610169491,68.0,8.511666666666667,28,219,-47.28762965595744,236,17,0,2,0,0,300.0,-31.91875050077215,-0.7067958332590935,-8.062083321926183,-6.600000000000003,33,2,236,0,51e3bd85434342ab1179601518c8b42cc512ff84b9ca7df5668244de04e5dc70
475,dqn,211,random,balanced,8.224683544303797,68.0,4.331666666666667,15,155,-27.939358729675593,158,3,0,1,0,0,300.0,-16.243750397115946,-0.27185833383555297,-5.223749998724086,-6.200000000000003,31,4,158,0,889655864cad64164cc118accb734b9841271c34c291130750687fd1004da0ac
476,dqn,363,random,balanced,19.401209677419356,107.0,16.038333333333334,37,218,-77.74718453090316,248,30,0,2,0,0,300.0,-56.78750117588788,-2.1659333351548415,-12.59375001986046,-6.200000000000003,31,4,248,0,3424e6e045eeac004b83aab826b99ed358a68f25aa0497ce0ea300271416ac57
477,dqn,817,random,heavy,14.419213973799126,85.5,11.008333333333333,32,213,-55.265975924292455,229,16,0,2,0,0,300.0,-39.35625092126429,-1.142850000006001,-8.366875003022141,-6.400000000000003,32,2,229,0,1e81a63a7ec4ff91033d324721fc6ecdc883aa158673ee3d508d88097636ed38
478,dqn,508,random,left_heavy,23.831818181818182,85.0,17.476666666666667,37,167,-68.54222117681567,220,53,0,3,0,0,300.0,-48.806250342633575,-2.833679172192205,-10.902291661989882,-6.000000000000003,30,8,220,0,f08dda704df6a56edf0b962e2f7716dbc2e80b83707d254e54a5360840b1944d
479,dqn,757,random,low,10.740437158469945,77.0,6.551666666666667,17,174,-40.376833833788986,183,9,0,2,0,0,300.0,-24.56875050952658,-0.7041250009904615,-8.503958323271947,-6.600000000000003,33,4,183,0,8cd1f25f13e1fc6d3a3ce025176d9c847deb04b728ae1b2a12268ac440fa1b02
480,dqn,72,random,low,6.258389261744966,42.0,3.1083333333333334,10,147,-23.665416920356808,149,2,0,1,0,0,300.0,-11.656250255648047,-0.18291666683217056,-4.626249997876585,-7.200000000000004,36,5,149,0,10854c7c8a17c02865d82b0cd83483ae3896be3c3591c30c10cfec6832127267
481,dqn,750,random,left_heavy,24.90929203539823,124.5,18.768333333333334,54,172,-76.31627606555703,226,54,13,18,0,0,300.0,-52.36250104382634,-4.142108333733631,-13.811666687997072,-6.000000000000003,30,5,239,13,1b64a012e291a9b411b497fbb83478547303b51cccd498c331266008cbd14cfa
482,dqn,54,random,ns_heavy,16.72077922077922,75.0,8.583333333333334,18,142,-47.85414637959986,154,12,0,1,0,0,300.0,-32.1875005364418,-0.8847708332068576,-7.981875009951183,-6.800000000000003,34,0,154,0,9395a48f1d17c76df63bff72f793ebbae98bc7b314ce08ea33290a06dc26d9a7
483,dqn,247,random,ns_heavy,13.752830188679246,82.0,12.148333333333333,29,246,-62.44535493120201,265,19,0,3,0,0,300.0,-45.556250769179314,-1.1122291655105072,-9.176874996512197,-6.600000000000003,33,2,265,0,75df0c7bce323381c22c0eb08f7e34c3bf86a6be1a1f8707454dbbb370ed9761
484,dqn,220,random,heavy,18.57261410788382,121.5,14.92,33,216,-73.27252183564921,241,25,0,2,0,0,300.0,-50.118751022499055,-2.186479164534104,-13.967291648616092,-7.0000000000000036,35,5,241,0,cf330d3355edc1217b54389faa613f0e8645c24178fbbb582448f329b37ea4c3
485,dqn,835,random,heavy,10.483240223463687,54.5,6.255,17,172,-36.951400599726895,179,7,0,1,0,0,300.0,-23.456250599585474,-0.4978583333831922,-6.197291666758248,-6.800000000000003,34,4,179,0,f44ab6f5c93995380facc61389d23c1c4118a1ea3c0f44bc2fef25fe60e1a07c
486,dqn,386,random,ew_heavy,24.263837638376383,92.5,21.918333333333333,49,217,-96.18435957615075,271,54,0,2,0,0,300.0,-75.40000125719234,-3.0133166707521,-11.171041648206312,-6.600000000000003,33,3,271,0,cd58dcad71193f1f51884e1ab373ea865323f83ec44a62f08b66ff0278cf0d97
487,dqn,771,random,left_heavy,9.622340425531915,43.0,6.03,15,173,-35.32192958442246,188,15,0,3,0,0,300.0,-22.612500426825136,-0.390470833286963,-4.918958324310375,-7.400000000000004,37,6,188,0,e00912487cd57d27215a1b34bfbe7cefbbc681a73edf02a490521a7446a0c3d6
488,dqn,740,random,ns_heavy,26.68796992481203,154.5,23.663333333333334,47,215,-105.59045524483302,266,51,0,2,0,0,300.0,-75.83750107418746,-4.946704171460442,-17.806249999185063,-7.0000000000000036,35,4,266,0,c82443eb8126937a9367e3677f313989fe4e4f90bd14a4cc52d948e7e373cd10
489,dqn,694,random,low,12.43695652173913,83.5,9.535,25,210,-51.709592169507964,230,20,0,2,0,0,300.0,-34.65000051027164,-1.086258333510341,-8.573333325725985,-7.400000000000004,37,2,230,0,37f6f13a3f50f5e60891bb84ced1f9707127e025e64c05f3b8b857c18870e800
490,dqn,610,random,ew_heavy,8.54368932038835,49.5,2.933333333333333,8,103,-21.170412812901493,103,0,0,1,0,0,300.0,-11.000000314321369,-0.17624583319557122,-3.7941666653845454,-6.200000000000003,31,2,103,0,6a2102d9ca988596d7fd8391e5bb86062705bbd6b6c3cf833262cbf095738e21
491,dqn,867,random,left_heavy,24.676190476190477,118.5,17.275,48,172,-76.02137182470686,210,38,4,5,0,0,300.0,-53.275000986177474,-3.2007458269763465,-13.545625011553044,-6.000000000000003,30,6,214,4,c4d6cd4df46d599ac84496afa0f1b452708e246f5d9f9b5bee7f02431165c973
492,dqn,30,random,balanced,10.840425531914894,58.0,6.793333333333333,18,179,-39.6889633797713,188,9,0,2,0,0,300.0,-25.47500088950619,-0.5510458343567729,-6.862916655908341,-6.800000000000003,34,1,188,0,20d3b9f4d3651c19ca1d6e273db5b161ea1eb951765588fb484dca6c0a017c5b
493,dqn,666,random,low,10.45933014354067,59.5,7.286666666666667,20,205,-42.51591722037333,209,4,0,1,0,0,300.0,-27.325000550132245,-0.5536250002791352,-7.237291669961998,-7.400000000000004,37,3,209,0,dbbf5c48217fcac99f5f5d20c3495a1b0bfbca5caae1bfd06c65bca9d71be423
494,dqn,46,random,left_heavy,33.26470588235294,193.0,28.276666666666667,53,205,-107.87928815823247,255,50,35,38,0,0,300.0,-72.08750068023801,-10.058037484360105,-19.13374999363442,-6.600000000000003,33,6,290,35,4c408e75356d0421411c730cec1a9914ee8cf2b789ed1a1d12a25760557920a0
495,dqn,628,random,balanced,9.08187134502924,81.0,5.176666666666667,15,167,-34.47639209027622,171,4,0,1,0,0,300.0,-19.412500427104533,-0.39055833474485563,-7.473333328426813,-7.200000000000004,36,2,171,0,0c9ca48dff7c8ede0455d8ef398e10bff93218dfa3fbaace879db09fd51859f7
496,dqn,453,random,heavy,15.651832460732985,73.5,9.965,20,172,-52.30418813431387,191,19,0,2,0,0,300.0,-37.15000063832849,-0.859187499622203,-7.894999996363188,-6.400000000000003,32,2,191,0,c855cd3d201eecc9803077867109bdedbbdae51aac557fe35d0d7254f6552155
497,dqn,973,random,ns_heavy,12.491620111731844,79.0,7.453333333333333,19,173,-43.4228589103783,179,6,0,2,0,0,300.0,-27.9500005627051,-0.6601499991018496,-8.212708348571322,-6.600000000000003,33,1,179,0,6b170c37addbd337fa90e669cedaad91e4a221756d921c59f102ca2b7d3912d7
498,dqn,875,random,low,19.827715355805243,154.5,17.64666666666667,38,236,-87.08859246823633,267,31,0,2,0,0,300.0,-60.40625080559403,-3.787133334122336,-16.095208328519927,-6.800000000000003,34,5,267,0,9e587b885186a0e1ba17361adbcced7245832bf47bbbebb7930289fe9aa3ba2a
499,dqn,59,random,heavy,15.98936170212766,101.5,10.02,24,178,-55.6811463658618,188,10,0,2,0,0,300.0,-37.22500054258853,-1.070729166796809,-10.585416656476449,-6.800000000000003,34,6,188,0,4f18337cf537db4f6deb49f8454a95b97a8cb58516d71684a2e883e8e707e3c3
500,dqn,915,random,low,13.9775,81.5,9.318333333333333,22,197,-51.85870473849791,200,3,0,1,0,0,300.0,-34.94375059241429,-0.9349541664516436,-9.779999979631981,-6.200000000000003,31,3,200,0,db06061a6a6a3432d05d68f771f72ec7959656ff74bd78012c28635048386852
