episode,controller,seed,traffic_scenario,realized_scenario,avg_waiting_time,max_waiting_time,avg_queue,max_queue,throughput,episode_reward,departed,unfinished,pending,max_pending,collisions,teleports,duration,reward_queue,reward_waiting,reward_max_waiting,reward_switching,phase_changes,forced_changes,scheduled,not_inserted,route_sha256
1,dqn,879,random,ns_heavy,39.43571428571428,122.5,36.806666666666665,108,146,-139.15022512154476,280,134,0,4,0,0,300.0,-34.50625019718427,-25.697100015047905,-67.54687490931246,-11.399999999999991,57,0,280,0,d9cb4b363eda9d452fde08e51c6f016f2c03be577505eb70a06b22cc2cf37da0
2,dqn,444,random,heavy,37.92231075697211,114.5,31.72833333333333,76,150,-128.0054001659075,251,101,0,2,0,0,300.0,-29.74531272565946,-21.800712484648834,-65.0593749555992,-11.399999999999991,57,0,251,0,ce33ce1144962693e1a066ec106f97caacb2d22b88aec8cddcb42b2b68d12425
3,dqn,381,random,heavy,44.987915407854985,120.5,49.63666666666666,131,152,-163.48619584565563,331,179,0,4,0,0,300.0,-45.63593750365544,-32.116925049186854,-74.53333329281304,-11.199999999999992,56,0,331,0,180f20b176edf6b4ed2f72eabcb3f9b632d7da73643ee40b1e0cdd03582d6801
4,dqn,569,random,ns_heavy,42.00570342205323,132.0,36.825,70,141,-166.01793341459776,263,122,0,3,0,0,300.0,-34.52343760547228,-32.1361624678837,-88.15833334124181,-11.199999999999992,56,0,263,0,d9ddf450c68fd7bcc1ae2ee7e1b73bf5751435549ce4079fd278f71a88afaae3
5,dqn,831,random,ns_heavy,37.243506493506494,111.5,19.118333333333332,53,103,-104.06708758407764,154,51,0,1,0,0,300.0,-17.92343762924429,-11.943649993902369,-62.79999996093102,-11.399999999999991,57,0,154,0,ab366162b1f82aec54ac7b254dac8a481899b21eb739ec667be82a6efb759fb4
6,dqn,909,random,balanced,30.175879396984925,100.0,20.016666666666666,42,158,-102.44897506722403,199,41,0,2,0,0,300.0,-18.765625214669853,-9.598974996140894,-62.68437485641334,-11.399999999999991,57,0,199,0,caed48faee592b6587c11a396611f88ce90a17e4d2714c565003d0db941a9e99
7,dqn,300,random,balanced,44.15665236051502,136.0,34.295,82,158,-144.99062520325904,233,75,0,2,0,0,300.0,-31.540625133668073,-24.556249990032672,-77.89375007955823,-10.999999999999993,55,1,233,0,fdaab5e29aa531c9014ba3c319748171b2dcb96e48497de301d95e570c40fd4b
8,dqn,255,random,ns_heavy,38.60129310344828,110.0,29.851666666666667,71,156,-126.63995856353945,232,76,0,1,0,0,300.0,-27.98593759466894,-18.348812484577508,-69.30520848429296,-10.999999999999993,55,0,232,0,d1ac092e55db3fd7cee70059fc6e4c0b9d263761b59fcde7cb1e754fe44ac4ca
9,dqn,531,random,left_heavy,39.62931034482759,168.0,30.648333333333333,62,148,-164.07087531873918,232,84,25,28,0,0,300.0,-28.732812769594602,-28.50368751000569,-95.63437503913883,-11.199999999999992,56,1,257,25,f6cdb3cdc26838ba2150ee64357a1965d7b89642e61be3bc70bc3027ec2ad0ed
10,dqn,589,random,ew_heavy,39.992063492063494,130.0,33.593333333333334,67,146,-152.27674597042648,252,106,0,3,0,0,300.0,-31.49375015986152,-25.759037474911015,-83.42395833565388,-11.59999999999999,58,0,252,0,62d65a166e907d971f6276982d01baf19375edb011e55a71b13b62e13ac09031
11,dqn,253,random,left_heavy,38.15449438202247,100.0,22.641666666666666,46,113,-117.02045854080572,178,65,8,11,0,0,300.0,-21.22656280535739,-14.232437499445963,-70.36145823600236,-11.199999999999992,56,0,186,8,3f3f35eac04a7eed607a0da3c1a926654efccba14366766d02899e11163e89fa
12,dqn,360,random,low,41.68092105263158,119.0,42.23833333333334,90,176,-148.00047940924776,304,128,0,2,0,0,300.0,-39.598437753971666,-27.10100002524923,-70.10104163002688,-11.199999999999992,56,0,304,0,3ac84310f4670bdb914221cb8d2acef68e94ff1262e4805fd8d9ea613f2081e5
13,dqn,928,random,balanced,32.89906103286385,91.0,23.358333333333334,83,139,-103.62364561274956,213,74,0,2,0,0,300.0,-21.323437436134554,-14.419999979169372,-56.68020819744561,-11.199999999999992,56,1,213,0,e371d07746a4fb9794d37e4ec1dede610eb54e0d2a1c2b07b07ba116767d7a4d
14,dqn,757,random,low,29.94535519125683,85.5,18.266666666666666,40,129,-93.99539207764977,183,54,0,2,0,0,300.0,-17.125000292784534,-8.650600004429727,-56.81979178043548,-11.399999999999991,57,1,183,0,8cd1f25f13e1fc6d3a3ce025176d9c847deb04b728ae1b2a12268ac440fa1b02
15,dqn,855,random,low,38.78938356164384,111.0,37.755,81,173,-147.40592918018734,292,119,0,1,0,0,300.0,-35.39531262614764,-24.672074984269422,-76.33854156977031,-10.999999999999993,55,1,292,0,1a83bafc74b7d8877a04d77ad70fc394799936ba190d468b8fa13e78da4a1a74
16,dqn,544,random,ns_heavy,24.283653846153847,154.5,16.836666666666666,39,144,-109.8428753022614,208,64,0,3,0,0,300.0,-15.78437525627669,-10.871000000117053,-72.18750004586764,-10.999999999999993,55,1,208,0,c797c45293170f28793d3e4c89d5238681875dd643237a5fefb1dc99b2ca1cb9
17,dqn,378,random,left_heavy,25.352713178294575,98.0,10.905,23,95,-91.03965032599302,129,34,19,23,0,0,300.0,-10.22343771951273,-8.491212500472464,-61.32500010600779,-10.999999999999993,55,0,148,19,11f26b6bb5460eb293f925aac53b935dbfacda00c95c2ca333cdfd4c66d5e470
18,dqn,203,random,ns_heavy,21.59504132231405,71.5,8.71,19,112,-71.60215429384624,121,9,0,1,0,0,300.0,-8.165625174995512,-3.219862499906595,-49.216666618944146,-10.999999999999993,55,1,121,0,de2b586f7a33898c22f2d8e2a23f3d0ad4e3154d85a8b586de1d61e68fb65cab
19,dqn,673,random,low,49.673809523809524,156.0,34.77166666666667,85,112,-162.1612127511188,210,98,0,2,0,0,300.0,-32.581250281771645,-32.62683743169838,-85.75312503764872,-11.199999999999992,56,1,210,0,eef8d318c687b8b56ed2f7a24273306fea342f6393aed40644a9028a1a005c37
20,dqn,517,random,left_heavy,38.69517543859649,123.0,29.413333333333334,52,124,-136.18542082422724,228,104,15,20,0,0,300.0,-27.575000084703788,-24.764587494207806,-72.84583324531559,-10.999999999999993,55,0,243,15,08afa3683e4385608022cb7e3b9497ecd327424c9624aa19a59326727d9d4912
21,dqn,416,random,left_heavy,35.61797752808989,127.0,21.136666666666667,41,120,-127.72917102404539,178,58,20,25,0,0,300.0,-19.815625170362182,-18.12083752017134,-78.59270833351184,-11.199999999999992,56,1,198,20,05eb738634fb18cd6d445e1ee1563b42d90c4cb8de1596522fc512792662513e
22,dqn,243,random,low,43.142201834862384,131.0,47.031666666666666,122,155,-170.40190850367824,327,172,0,4,0,0,300.0,-44.08750014915131,-37.490450005834255,-77.4239583486924,-11.399999999999991,57,1,327,0,53c132128a73a63731a804fff55d1d930685c44ef4546fd3030237b4e593c852
23,dqn,508,random,left_heavy,33.77669902912621,99.0,23.195,59,119,-118.58155822789485,206,87,14,19,0,0,300.0,-21.745312514831312,-19.28103744763139,-66.55520826543216,-10.999999999999993,55,0,220,14,f08dda704df6a56edf0b962e2f7716dbc2e80b83707d254e54a5360840b1944d
24,dqn,50,random,heavy,50.8579766536965,149.5,43.57,97,154,-188.55014602776436,257,103,0,3,0,0,300.0,-39.12656257569324,-42.31212509145768,-95.91145836061332,-11.199999999999992,56,1,257,0,a97da7d4b8b56d8f0c7849f6dbbc2eb6f5db4aa6c780b640fe05eddd9c48f298
25,dqn,57,random,balanced,33.44392523364486,103.5,23.858333333333334,56,147,-120.92335018149964,214,67,0,1,0,0,300.0,-22.367187595111318,-16.37803751986866,-71.37812506651971,-10.799999999999994,54,1,214,0,fcbfa42875180135cbfd0f3b722b05530d758a33c681959b70cf37fa6e9fc12a
26,dqn,113,random,ns_heavy,33.093548387096774,107.0,17.098333333333333,45,113,-93.86910001359139,155,42,0,1,0,0,300.0,-16.02968759846408,-10.192537493335113,-56.44687492179219,-11.199999999999992,56,1,155,0,bf4caa10621319b5a13ceb1fb946a751a7619841dc636677c5b9ad8917384e50
27,dqn,859,random,balanced,51.756140350877196,166.0,49.17,107,150,-173.52892547107658,285,135,0,2,0,0,300.0,-45.148437975440174,-38.05548749754522,-79.32499999809079,-10.999999999999993,55,0,285,0,ab3d7081a66f6ae15cff187b09fbe3eee3e1e018cc659850bfa2f8d0301b3fcd
28,dqn,343,random,balanced,22.28640776699029,99.5,7.651666666666666,23,86,-69.69485834420485,103,17,0,1,0,0,300.0,-7.173437608988024,-3.334962503801217,-48.1864582314156,-10.999999999999993,55,1,103,0,1b593db1dd080d638178dd85fa7f584adb57dba05c9a93f8075bf791fbe37b64
29,dqn,121,random,ns_heavy,34.924369747899156,95.0,27.706666666666667,63,161,-124.11544173591902,238,77,0,2,0,0,300.0,-25.975000183098018,-16.355024994552515,-70.78541655826848,-10.999999999999993,55,1,238,0,f26fa7cfb1c42991097d38025df60a345066782c83fdd5131c0158a8cea4c60e
30,dqn,16,random,left_heavy,30.823529411764707,102.0,19.215,38,128,-111.84502122152992,187,59,4,10,0,0,300.0,-18.014062841772102,-11.631999985616858,-70.59895839414094,-11.59999999999999,58,1,191,4,5a8ec888e3351b72032ef8e54a8be76ff9ff345db081c47bb65f15a4a3394e40
31,dqn,945,random,heavy,41.72258064516129,124.5,21.55666666666667,46,108,-128.25793353489206,155,47,0,1,0,0,300.0,-20.209375289618038,-16.09022495842146,-80.75833328685258,-11.199999999999992,56,1,155,0,606d141bf0543a08ade33eddf46543c422db0ee504e984233d4ad7d5c4e41238
32,dqn,773,random,low,33.818897637795274,105.5,28.633333333333333,62,162,-113.03227927026887,254,92,0,2,0,0,300.0,-26.84375014982652,-17.121862470741334,-57.866666649701074,-11.199999999999992,56,1,254,0,df7200a9dac373bbcfc06f0594a303f5a021428f1ee15ca33c0395fea6150f43
33,dqn,155,random,balanced,40.86742424242424,126.5,35.96333333333333,81,149,-145.34588331727642,264,115,0,4,0,0,300.0,-33.71562500344589,-25.80004998748992,-74.83020832634065,-10.999999999999993,55,0,264,0,eb7c482c1c640ecb278d3dcbccb2dfbdc60a8542225bc0c9394fdbd81b4b2f5f
34,dqn,804,random,ew_heavy,43.198689956331876,139.0,32.97833333333333,87,119,-157.8288960868777,229,110,0,6,0,0,300.0,-30.83750014170073,-29.129937577858076,-86.86145836731885,-10.999999999999993,55,0,229,0,cd3eda958b5c9d33c5a74c4d8df60a02518efc8e132ac235acde8df555ea4d5e
35,dqn,576,random,balanced,35.62934362934363,102.5,30.76,82,145,-118.67306270431945,259,114,0,3,0,0,300.0,-28.83750014367979,-20.923062503805706,-57.71250005683396,-11.199999999999992,56,1,259,0,98f0a1aa598913d7c08fea0eac23359114d68b055d1434c34dc6d09ee1ed8c6d
36,dqn,21,random,ns_heavy,31.695020746887966,107.5,25.461666666666666,59,164,-123.51786722038462,241,77,0,2,0,0,300.0,-23.870312972343527,-14.75276250644164,-73.49479174159933,-11.399999999999991,57,1,241,0,3660173dc164fa1364ff5e75c68a5eaa7401d80a3012b56f10f7425f8b254d13
37,dqn,126,random,ns_heavy,42.225352112676056,119.5,29.985,60,109,-143.19034147192215,213,104,1,9,0,0,300.0,-28.110937384539284,-26.028362485295663,-77.85104160208721,-11.199999999999992,56,0,214,1,4948c918ca2df16c0093025b831822601923b7f096d8741961703b8254d95164
38,dqn,527,random,low,33.55,143.5,22.366666666666667,58,150,-126.06899600706166,200,50,0,2,0,0,300.0,-20.96875016973354,-14.891912487890652,-79.20833334943745,-10.999999999999993,55,0,200,0,849462797b3d041d53d03b5ddbc4d547f5c763347a26e013cb25a2cc94a015a4
39,dqn,703,random,low,36.14663461538461,162.5,25.061666666666667,51,149,-138.9124961948947,208,59,0,2,0,0,300.0,-23.49531292822212,-15.743225024150886,-88.67395824252162,-10.999999999999993,55,1,208,0,7c9eff2e9a5b10e246e73a5cb1d5e8ac2547735b2aff343eebcf707a57577bcd
40,dqn,432,random,heavy,37.518716577540104,117.5,23.386666666666667,68,120,-122.73330854811427,187,67,0,1,0,0,300.0,-21.92500016465783,-15.071849981119886,-74.33645840233658,-11.399999999999991,57,2,187,0,6fcec0592340d3a15c95ecc4fef2dd653cd1ce584fe407794f67f0c6ba56ebd0
41,dqn,150,random,left_heavy,35.953125,131.5,34.51833333333333,88,165,-151.50075025086778,288,123,8,13,0,0,300.0,-32.36093773355242,-22.158562475009965,-85.58125004230533,-11.399999999999991,57,2,296,8,9d17157e71213d5a818479d06a5453c56f8a15cbe0740ae7797064c166564464
42,dqn,402,random,heavy,33.116,135.5,27.596666666666668,58,160,-136.0666168490535,250,90,0,2,0,0,300.0,-25.871875260258093,-16.862450020515098,-82.3322915682802,-10.999999999999993,55,0,250,0,b4d3738f6a03ae53104a3ed6b4190a7681bbaf9751c2281a04491b807446e099
43,dqn,857,random,low,26.3125,129.0,18.945,46,166,-102.25863366986229,216,50,0,2,0,0,300.0,-17.760937827522866,-9.223737506592443,-64.27395833574701,-10.999999999999993,55,1,216,0,6a2edb5df814ece24a2e2c271be596928aeb7e99e7547466c5fa893114fdf20f
44,dqn,72,random,low,23.476510067114095,85.0,11.66,31,120,-75.42353351113054,149,29,0,1,0,0,300.0,-10.931250205961987,-4.8620749940550025,-48.23020831111353,-11.399999999999991,57,0,149,0,10854c7c8a17c02865d82b0cd83483ae3896be3c3591c30c10cfec6832127267
45,dqn,641,random,heavy,43.379629629629626,145.5,39.041666666666664,69,142,-163.0849669463898,270,128,0,2,0,0,300.0,-36.53437527315691,-30.874549973077226,-84.27604170015547,-11.399999999999991,57,0,270,0,90094cde7db2a3714e78a6463d6778ef266c9f15dbb6e5fcadbe07dd529a4cf4
46,dqn,941,random,ns_heavy,36.40174672489083,78.0,27.786666666666665,78,142,-108.96184595137385,229,87,0,1,0,0,300.0,-26.050000189687125,-16.441012517674977,-55.07083324401174,-11.399999999999991,57,0,229,0,303b273411aa78898a359ba8fef23502c87b9e10b177aaf6dfbbe2268506d5ae
47,dqn,623,random,heavy,44.03584229390681,130.0,40.95333333333333,93,145,-167.38803762757877,279,134,0,1,0,0,300.0,-38.393750042654574,-35.09428752250243,-82.9000000624219,-10.999999999999993,55,0,279,0,7bfde1340a024efbb0f158de5007d437b3cdf0777f1b816dab693659b601ef19
48,dqn,297,random,ns_heavy,19.237037037037037,71.5,8.656666666666666,20,123,-60.958062619512894,135,12,0,1,0,0,300.0,-8.115625171572901,-2.6018124985806916,-38.640624949359335,-11.59999999999999,58,0,135,0,57381bd6087324c23596565dab3d41bd4db9f6a89432ab63c08f3a30be44465c
49,dqn,233,random,balanced,24.009493670886076,99.0,12.645,28,128,-86.52206692798572,158,30,0,2,0,0,300.0,-11.85468774207402,-5.51321249357934,-57.954166692332365,-11.199999999999992,56,1,158,0,4af62996debdab1aa3ea222acd0bc880dd16c7deba05674f73c7f8a8db56db77
50,dqn,933,random,heavy,39.92448979591837,103.0,32.605,77,148,-125.72575414821111,245,97,0,1,0,0,300.0,-30.56718766328413,-20.97314996656569,-63.18541651836131,-10.999999999999993,55,0,245,0,3ee66c6171dc292133fb6e0d11328d6cd4530cd132db67cbac01f136fbb19544
51,dqn,663,random,low,33.92121212121212,122.5,18.656666666666666,39,120,-123.09008330341385,165,45,0,1,0,0,300.0,-17.490624932223,-13.847374979378218,-80.55208339181263,-11.199999999999992,56,0,165,0,3b5ee66c7f41b9833dc6deced150cab7482bfe1f5c66c422adf9764a1378d989
52,dqn,404,random,low,39.785353535353536,105.0,26.258333333333333,60,132,-130.19759185838268,198,66,0,2,0,0,300.0,-24.617187717114575,-18.569987481811406,-75.81041665945668,-11.199999999999992,56,0,198,0,a15773ee65a7070349d5ffffd03e96ad455e4dade19b01f5547cd93a9a77e597
53,dqn,106,random,left_heavy,37.510288065843625,123.5,30.388333333333332,72,143,-147.40679598216016,243,100,18,23,0,0,300.0,-28.489062773180194,-25.01877502215137,-82.49895818682853,-11.399999999999991,57,0,261,18,dc620d35bff553b52dcc05711ac3b564c1f8978c6ff60092f35eb7cd673970e4
54,dqn,210,random,ns_heavy,33.221311475409834,121.5,20.266666666666666,38,135,-110.97788355955342,183,48,0,1,0,0,300.0,-19.000000290456228,-12.182050013537083,-68.59583325556014,-11.199999999999992,56,2,183,0,0745651311d54f9417f080fe4a0ae41aca0148d2fa86206345f58035dae267ce
55,dqn,455,random,heavy,39.4496644295302,140.0,39.18833333333333,92,154,-162.6423667225425,298,144,2,8,0,0,300.0,-36.584375021397136,-31.20695003749789,-83.45104166364763,-11.399999999999991,57,1,300,2,721668a27877f1223355b00d728bd161772e3e146134e7959fe1a672ea0bacb9
56,dqn,252,random,low,32.50218340611354,130.0,24.81,59,167,-126.87442943235581,229,62,0,2,0,0,300.0,-23.25937526440248,-14.85151249536502,-77.36354167258833,-11.399999999999991,57,1,229,0,94df5b4fc460b705fe437a07af4710a8f8e54c0aa03ce370f2fb70aa497ed0f8
57,dqn,257,random,heavy,45.50271002710027,137.0,55.968333333333334,105,193,-182.58408769193014,369,176,0,2,0,0,300.0,-52.21406272100285,-41.09190002603785,-78.27812494488899,-10.999999999999993,55,0,369,0,a3e887b14dadf2dfea389dcd5dbfcb42653ea044ebf5504501aa9ff2303f02cf
58,dqn,248,random,left_heavy,39.27637130801688,148.0,31.03,74,148,-140.68730019477445,237,89,36,38,0,0,300.0,-29.09062519960571,-20.956049967578295,-79.64062502759043,-10.999999999999993,55,0,273,36,dd141f976319bd4b73fdf4247f113202e4aed763f9f0bacc7eea9039af219c68
59,dqn,192,random,heavy,35.950819672131146,126.5,21.93,50,120,-124.22672092674193,183,63,0,2,0,0,300.0,-20.55937512847595,-14.221512500027897,-78.045833298238,-11.399999999999991,57,2,183,0,5b8aaa9bfb59d24a509c5e250e86f7980d8fff57c472d3c2e7cc7fa7483f7e4a
60,dqn,805,random,ns_heavy,14.173728813559322,56.5,5.575,15,107,-51.8372501455022,118,11,0,1,0,0,300.0,-5.226562634226866,-1.4263124983532172,-33.9843750129221,-11.199999999999992,56,0,118,0,7428892fe51292db1d2d4da7c24f51316373fa2e9eef35907d9e002fac91de7e
61,dqn,487,random,left_heavy,45.02764976958525,147.5,32.57666666666667,67,131,-166.18240418257125,217,86,35,41,0,0,300.0,-30.071875114692375,-33.778237406466374,-91.33229166141246,-10.999999999999993,55,1,252,35,1fb513a2492574e780bdfcee52484cc9139cd2e58c28ce715e2670244ddaaf98
62,dqn,830,random,ns_heavy,33.888513513513516,109.5,16.718333333333334,33,115,-100.8448752330725,148,33,0,1,0,0,300.0,-15.673437771154568,-9.196437478844743,-64.57499998307321,-11.399999999999991,57,1,148,0,3e9bbd08bf9d7bc18bd45618241c6e77e5df526a007f286867a156380418c8db
63,dqn,665,random,low,32.416058394160586,122.0,14.803333333333333,29,112,-92.77159612671893,137,25,0,1,0,0,300.0,-13.878125370363705,-6.903887499211851,-60.389583257143386,-11.59999999999999,58,1,137,0,f8a15899a20d75b523db4416c44308e3bcfeb11cf89ce76f2d4fcefe99ca9f68
64,dqn,809,random,ew_heavy,24.294776119402986,65.0,10.851666666666667,35,99,-66.2878749492309,134,35,0,1,0,0,300.0,-10.173437590477988,-5.136312511140566,-39.578124847612344,-11.399999999999991,57,0,134,0,37f48cce4f717ccf1b801d4d0679c677345a880b80c10546a0689ba2102469dc
65,dqn,665,random,low,19.37956204379562,60.5,8.85,19,125,-67.38623344452427,137,12,0,1,0,0,300.0,-8.296875152504072,-3.0279000021873808,-44.66145828983281,-11.399999999999991,57,1,137,0,f8a15899a20d75b523db4416c44308e3bcfeb11cf89ce76f2d4fcefe99ca9f68
66,dqn,267,random,left_heavy,41.12814070351759,160.0,27.285,60,120,-146.71759578549177,199,79,33,35,0,0,300.0,-25.560937573900446,-23.257699982387567,-86.49895822920371,-11.399999999999991,57,1,232,33,b11aa8f8af945c8fc3efd6877741e84d3cda64004dd0208daa9bac4163f7560a
67,dqn,281,random,left_heavy,35.156410256410254,109.0,22.858333333333334,44,124,-130.1650126506152,195,71,17,24,0,0,300.0,-21.429687721421942,-18.666575019508315,-78.868749909685,-11.199999999999992,56,1,212,17,8bd6c65a86de86842b30c33d09877b6eaaa011887dd182df5ec0c24cf5f61732
68,dqn,296,random,balanced,32.245098039215684,118.5,16.445,33,117,-118.76957927874253,153,36,0,1,0,0,300.0,-15.417187620070763,-10.72322499688672,-81.02916666178498,-11.59999999999999,58,0,153,0,18ac3daa428889b51750b3716f1954a6eba603a86b1e1cf651f77288b01be37c
69,dqn,214,random,balanced,28.443069306930692,103.0,19.151666666666667,44,143,-106.159800270039,202,59,0,2,0,0,300.0,-17.95468766032718,-10.8707375085236,-66.1343751011882,-11.199999999999992,56,0,202,0,ea84b8d4230180cc085458867f689ad098223fd699b396071e378272b68d77b8
70,dqn,538,random,balanced,45.15652173913043,110.5,34.62,102,111,-123.9701374132324,230,119,0,2,0,0,300.0,-31.906249958090484,-25.885762529531355,-54.57812492561061,-11.59999999999999,58,0,230,0,d02d3b3c0a8650f1791b65dbd14f015a3cee0fdb8abfe9630cbe0c838e9f1cb7
71,dqn,952,random,left_heavy,41.01168224299065,109.5,29.261666666666667,61,133,-135.56739599320653,214,81,16,22,0,0,300.0,-27.432812755811028,-22.485624988168283,-74.24895824922714,-11.399999999999991,57,1,230,16,5dc33c77602798114bcd6f9e1fb69bd3fb03f87e31bbeb6af2220b044a9a1f4c
72,dqn,712,random,balanced,36.974747474747474,124.0,24.403333333333332,61,120,-134.53740844211063,198,78,0,2,0,0,300.0,-22.87812510796357,-18.40095004906398,-81.85833328508306,-11.399999999999991,57,2,198,0,1abc6bf7d04fc5f83503de1ed7c0fd4ce6d34f36734b6322147d44c4d3ab81dc
73,dqn,795,random,heavy,25.472677595628415,112.5,15.538333333333334,49,136,-87.03793342311326,183,47,0,1,0,0,300.0,-14.567187664681114,-7.0811625006135746,-53.989583257818595,-11.399999999999991,57,3,183,0,201e0f3e93fe22f26ba8519814e1c4e61d754732577eb37c713d636bcc9d7e68
74,dqn,707,random,ns_heavy,28.483333333333334,107.5,17.09,43,136,-93.39650861363627,180,44,0,1,0,0,300.0,-16.02187527087517,-8.460049998143221,-57.31458334461786,-11.59999999999999,58,0,180,0,54b0c223084411f3dcb4e460f5d6523f059559c49a65a389efc2c5f9d3259c50
75,dqn,360,random,low,38.93092105263158,169.0,39.45,115,174,-160.4659628386645,304,130,0,2,0,0,300.0,-36.98437540163286,-26.27533747332999,-85.8062499637017,-11.399999999999991,57,3,304,0,3ac84310f4670bdb914221cb8d2acef68e94ff1262e4805fd8d9ea613f2081e5
76,dqn,843,random,low,13.173684210526316,52.0,4.171666666666667,13,88,-42.03355428628712,95,7,0,0,0,0,300.0,-3.9109376299893484,-1.024699999402219,-25.49791665689554,-11.59999999999999,58,1,95,0,72ac29430eafd1ca7fa1b4968e2db08a8089d67120ed3c051e1a21a625462e5c
77,dqn,270,random,left_heavy,32.40229885057471,130.0,18.8,44,120,-119.46480826109843,174,54,19,25,0,0,300.0,-17.62500013515819,-12.659600009705898,-77.98020811623428,-11.199999999999992,56,0,193,19,bbbc3af943cbcd65d0a6648c14110c33d2597fb24c3cdf3aadb5f5d9ea28298e
78,dqn,765,random,low,33.293436293436294,99.0,28.743333333333332,81,161,-110.95275425534854,259,98,0,2,0,0,300.0,-26.94687517301645,-15.529837519034476,-57.07604156329762,-11.399999999999991,57,0,259,0,289470c55722048a8d03584d7dc81c240083454999921505762960f14c61eceb
79,dqn,41,random,left_heavy,40.10961538461538,155.5,34.766666666666666,71,149,-172.30936260319368,260,111,26,28,0,0,300.0,-32.593750191503204,-29.75623752007305,-98.35937489161734,-11.59999999999999,58,1,286,26,3ff86ecc65355b3fd986c570ea66b9dbf6bdcdbc1240e12a29baeeb3742ad7fb
80,dqn,515,random,balanced,37.10861423220974,156.0,33.026666666666664,69,152,-147.5829086473437,267,115,0,2,0,0,300.0,-30.962500302819535,-22.480825023026416,-82.73958332149778,-11.399999999999991,57,0,267,0,705714917e1199776ba8faa67f8b7141c7f21d0b6c9a92901d9f911008bac674
81,dqn,665,random,low,20.412408759124087,96.0,9.321666666666667,23,120,-66.30557098812639,137,17,0,1,0,0,300.0,-8.73906270682346,-3.430049996732123,-43.136458284570836,-10.999999999999993,55,1,137,0,f8a15899a20d75b523db4416c44308e3bcfeb11cf89ce76f2d4fcefe99ca9f68
82,dqn,693,random,heavy,28.686046511627907,127.5,20.558333333333334,47,156,-109.93739194871091,215,59,0,2,0,0,300.0,-19.273437767871656,-11.25041248087,-68.01354169996921,-11.399999999999991,57,0,215,0,33b98272e1ac1b8d3769a606e592b12777cf35e0537f326e6aff8bc234ac86bc
83,dqn,103,random,left_heavy,41.9137323943662,149.0,39.68666666666667,85,151,-170.1343460820534,284,133,9,13,0,0,300.0,-37.20625023136381,-31.016637524861288,-90.31145832582843,-11.59999999999999,58,1,293,9,18edb8d4168b60e66455d7b72d2ff4c754e225f7bb52ebfce3813ecc6d5cfdbd
84,dqn,765,random,low,34.65057915057915,138.0,29.915,65,157,-135.32228359658546,259,102,0,2,0,0,300.0,-28.04531282791868,-18.181137483863132,-77.49583328480367,-11.59999999999999,58,1,259,0,289470c55722048a8d03584d7dc81c240083454999921505762960f14c61eceb
85,dqn,40,random,left_heavy,34.203629032258064,140.0,28.281666666666666,68,151,-144.89025425656078,248,97,5,10,0,0,300.0,-26.51406270568259,-18.834525024321195,-88.14166652655695,-11.399999999999991,57,2,253,5,9fff2a1f8b5b9875558d6298c602dcd3de1e02f0d957361cd82f1335e91aab6b
86,dqn,193,random,left_heavy,34.65196078431372,113.0,23.566666666666666,59,126,-113.54427939537636,204,78,19,24,0,0,300.0,-22.09375019290019,-17.296362503065758,-62.554166699410416,-11.59999999999999,58,0,223,19,23a6e56f6b35e98849363d4d5f5b452d4253eb6d467352feb685c582e2382a6c
87,dqn,72,random,low,27.86241610738255,77.5,13.838333333333333,39,112,-83.83949593486325,149,37,0,1,0,0,300.0,-12.973437674692832,-6.035849993923333,-53.430208266247064,-11.399999999999991,57,0,149,0,10854c7c8a17c02865d82b0cd83483ae3896be3c3591c30c10cfec6832127267
88,dqn,979,random,low,32.14251207729468,94.0,22.178333333333335,56,155,-100.42235843461526,207,52,0,2,0,0,300.0,-20.792187728220597,-10.91246251116099,-57.11770819523372,-11.59999999999999,58,1,207,0,602e7c1cec9051e7be11c844781794916887ad52463311b80e61d2b68f1b0378
89,dqn,505,random,heavy,40.07172995780591,127.5,31.656666666666666,72,142,-136.57793780289728,237,95,0,2,0,0,300.0,-29.67812512652017,-21.474812481660766,-73.82500019471627,-11.59999999999999,58,0,237,0,06ccb621074e0eeb4a367963810c8a9dea30337a4521f0d76fe391fe999b8703
90,dqn,539,random,ns_heavy,34.93927125506073,128.0,28.766666666666666,72,153,-131.43227935502725,247,94,0,2,0,0,300.0,-26.968750235275365,-19.196862522786976,-73.86666659696493,-11.399999999999991,57,1,247,0,728120cc01ea7d8517ede201f39b3a5f2ed1a8f6bdde01e117fc965068cb0233
91,dqn,466,random,left_heavy,34.818532818532816,132.5,30.063333333333333,57,153,-149.68703383469398,259,106,15,22,0,0,300.0,-28.184375373413786,-22.916199987418082,-87.38645847386215,-11.199999999999992,56,1,274,15,beecee49f95ee8638999c741c79f5cc23b0180608a66dfb5e2e48e6ed1c06d8a
92,dqn,636,random,ns_heavy,35.25367647058823,133.0,15.981666666666667,43,93,-111.80502942845989,136,43,0,2,0,0,300.0,-14.982812723028474,-10.571175023599789,-74.8510416818317,-11.399999999999991,57,3,136,0,6c1fc46be2c7716d3de6fda3682d7a131b9405d19de6fce6c7b0aab1795c5d14
93,dqn,214,random,balanced,38.32673267326733,169.5,25.80666666666667,64,120,-143.11491677306046,202,82,0,2,0,0,300.0,-24.193750031408854,-19.345125002007997,-88.17604173964355,-11.399999999999991,57,1,202,0,ea84b8d4230180cc085458867f689ad098223fd699b396071e378272b68d77b8
94,dqn,672,random,low,37.398340248962654,120.0,30.043333333333333,79,145,-131.7800335546803,241,96,0,2,0,0,300.0,-28.165625225170515,-19.02482499963007,-72.98958332987968,-11.59999999999999,58,0,241,0,a287fe145fe6972f4bf922a8aae0a64d7d1c4944aeefaad8cb62b799bf68e18f
95,dqn,423,random,left_heavy,44.86654804270463,144.0,42.026666666666664,104,162,-166.9013043446666,281,119,14,17,0,0,300.0,-38.821875178371556,-36.05963751643066,-80.61979164986406,-11.399999999999991,57,1,295,14,7ebde6556ac9d12daeaa662cd34947ec6f62dbde121f4341f4ad2716fd368f6f
96,dqn,709,random,heavy,36.83568075117371,154.0,26.153333333333332,59,143,-128.18588775464372,213,70,0,2,0,0,300.0,-24.5187502062181,-15.910887490846655,-76.35625005757902,-11.399999999999991,57,0,213,0,d175ab3820c4f9a4ea683f098ea0c3b51c71400227b08411ab250c8fd5b47be3
97,dqn,557,random,left_heavy,40.6575,145.5,27.105,57,127,-154.54995441560973,200,73,2,4,0,0,300.0,-25.410937750944868,-23.566099993194076,-93.77291667147074,-11.79999999999999,59,2,202,2,49e1b49a9a4f54d757d29874b8ce60c4f4e80e7186c7db0dc94eabb6d3148bd0
98,dqn,88,random,left_heavy,41.067622950819676,134.0,33.405,70,145,-155.0653127329613,244,99,22,28,0,0,300.0,-31.317187666427344,-27.06375003614958,-85.4843750303844,-11.199999999999992,56,1,266,22,b11ba89cca25825aa4072334a7b64271fb7adf6774b2f617145738bae3644642
99,dqn,452,random,left_heavy,40.755972696245735,130.5,39.81166666666667,84,159,-162.39977122687915,293,134,14,19,0,0,300.0,-37.32343784114346,-29.91174994391113,-83.56458344182465,-11.59999999999999,58,1,307,14,e31c2f8bbdec4b5d262bb13dfba5fa0e0af0ba5ce6b0a3eed8249a875eda34aa
100,dqn,77,random,balanced,39.34076433121019,116.5,20.588333333333335,53,119,-124.3311045225193,157,38,0,2,0,0,300.0,-19.301562675856985,-15.194125038845957,-78.23541680781636,-11.59999999999999,58,0,157,0,66769b7d63048d7023c157e0e9dd6c3c726a13196b688d44967bb0ff52f5df1b
101,dqn,728,random,heavy,36.07283464566929,80.0,30.541666666666668,70,156,-118.59342933278744,254,98,0,2,0,0,300.0,-28.632812755997293,-19.218949991373673,-59.34166658541653,-11.399999999999991,57,1,254,0,43ea3f1b84773fcee4de73cff87914fcf5899870b85b9e76d2e739cca3aa2dbd
102,dqn,300,random,balanced,34.21888412017167,89.5,26.576666666666668,56,160,-115.31321270831755,233,73,0,2,0,0,300.0,-24.91562514321413,-16.150712524660783,-62.84687504044268,-11.399999999999991,57,0,233,0,fdaab5e29aa531c9014ba3c319748171b2dcb96e48497de301d95e570c40fd4b
103,dqn,999,random,heavy,33.748826291079816,201.5,23.961666666666666,52,147,-155.802645947571,213,66,0,3,0,0,300.0,-22.46406253101304,-18.092750015711513,-103.84583340084646,-11.399999999999991,57,1,213,0,9b1373578232abf7038b7421cdf74ba225d19a88f8091da68014255f39c45f4b
104,dqn,133,random,left_heavy,43.890829694323145,145.5,33.50833333333333,76,135,-149.32506273574623,229,94,14,18,0,0,300.0,-31.414062847266905,-25.342249944288774,-81.1687499441905,-11.399999999999991,57,1,243,14,43673fc64261f39d23d7c390ffa4b0fb2b4a4d333cc76561576199d7ec76fcfd
105,dqn,552,random,balanced,34.66390041493776,91.5,27.851666666666667,62,143,-114.02644177816107,241,98,0,4,0,0,300.0,-26.11093766381964,-16.405087509902664,-60.1104166044388,-11.399999999999991,57,0,241,0,7516b7068c82f1ee1f401a3b4f978cbe14bb213c55206e3859f1d1953eb52977
106,dqn,747,random,balanced,36.91947565543071,125.0,32.858333333333334,70,164,-130.66850033750018,267,103,0,2,0,0,300.0,-30.804687781375833,-19.90131249034966,-68.56250006577466,-11.399999999999991,57,0,267,0,74804a03a548692a8ddd1973242a28705a0ba63383f6ecc59deb8eab0d2f0c21
107,dqn,480,random,heavy,35.72,198.5,29.766666666666666,65,159,-159.08110866959257,250,91,0,2,0,0,300.0,-27.906250368105248,-21.457149931560707,-98.31770836992655,-11.399999999999991,57,0,250,0,607001744f58565ca621b3cc0e30242ecb8254de1206709d6c5cb73462df74d7
108,dqn,473,random,ns_heavy,25.45625,72.5,13.576666666666666,35,130,-76.19059600951222,160,30,0,1,0,0,300.0,-12.728125179419294,-5.19788749713989,-46.66458333295304,-11.59999999999999,58,0,160,0,2246ffddde29ad3743e9d10824acfa5a038eb0ea18d0838e6338014d2b637e23
109,dqn,729,random,balanced,47.77891156462585,183.0,46.82333333333333,108,147,-191.13060840384827,294,147,0,2,0,0,300.0,-43.86718748079147,-38.35821252723904,-97.30520839581732,-11.59999999999999,58,1,294,0,da8550020074e6762e0fddc3a4f5cdd0a85f1e5f3c8998cc429f961f722d6e51
110,dqn,182,random,heavy,27.316582914572866,75.0,18.12,47,143,-85.56135855334509,199,56,0,1,0,0,300.0,-16.987500263843685,-8.274900010099373,-48.898958279401995,-11.399999999999991,57,1,199,0,986d11ffd694e2d94cf06e48fd0d6972873813b15fa6b2c1f9a5e39a5bda2a40
111,dqn,769,random,left_heavy,36.481818181818184,146.0,26.753333333333334,51,155,-142.0107628452897,220,65,26,29,0,0,300.0,-25.08125026873313,-21.79826258044485,-83.73124999611173,-11.399999999999991,57,0,246,26,1f426b43257a4e26cab91b666d84973f22ab1d0840bf5cf39ad9a07cd5db45f1
112,dqn,404,random,low,34.398989898989896,166.0,22.703333333333333,42,143,-138.02910866892702,198,55,0,2,0,0,300.0,-21.284375270595774,-15.773900005307947,-89.57083339302335,-11.399999999999991,57,1,198,0,a15773ee65a7070349d5ffffd03e96ad455e4dade19b01f5547cd93a9a77e597
113,dqn,41,random,left_heavy,42.67045454545455,207.5,37.55166666666667,77,145,-184.66088766257377,264,119,22,24,0,0,300.0,-35.2046877220273,-36.76557495430678,-101.49062498623971,-11.199999999999992,56,2,286,22,3ff86ecc65355b3fd986c570ea66b9dbf6bdcdbc1240e12a29baeeb3742ad7fb
114,dqn,197,random,low,27.76419213973799,85.5,21.19333333333333,68,167,-96.93500846755994,229,62,0,1,0,0,300.0,-19.868750228662975,-9.854799991532492,-55.8114582473645,-11.399999999999991,57,1,229,0,f485eeea53bee24114151e420dd84f955ddc36922f59531405b1c8e776352c29
115,dqn,458,random,ns_heavy,29.993827160493826,115.5,16.195,37,107,-119.54039590446259,162,55,0,1,0,0,300.0,-15.182812595390715,-12.824249967085048,-80.33333334198687,-11.199999999999992,56,0,162,0,e28e34093a41cfdf12a88829347bf4f08e1a67cf3c6b0f781bef3ebc433a2b11
116,dqn,749,random,ns_heavy,32.581761006289305,126.5,17.268333333333334,42,109,-100.8884337012998,159,50,0,1,0,0,300.0,-16.18906281213276,-11.569162506574502,-61.73020838259254,-11.399999999999991,57,1,159,0,47a5bc88d92633c978a45789d4d7219d8d6e6ea482004432208da809ffeb1fc1
117,dqn,710,random,ew_heavy,29.5625,91.0,22.073333333333334,54,130,-99.17326261516283,224,94,0,2,0,0,300.0,-20.693750152364373,-13.207637505290045,-53.67187495750841,-11.59999999999999,58,0,224,0,fed5a0f707d810ea30eec60bc4d9ba8951a789b47f972f906f572adb3414363f
118,dqn,401,random,ew_heavy,39.00836820083682,117.0,31.076666666666668,75,134,-143.5277999886494,239,105,0,2,0,0,300.0,-29.134375072899275,-28.56217497440011,-74.43124994134996,-11.399999999999991,57,3,239,0,6484a516f5fb9d85b9df0ec9b8c93bc6d465dc5b65be19b597c32b52f1f814c5
119,dqn,540,random,ns_heavy,32.0287610619469,111.0,24.128333333333334,53,144,-117.05068759394709,226,82,0,2,0,0,300.0,-22.620312588871457,-14.014749997042967,-69.01562500803266,-11.399999999999991,57,1,226,0,641bbeac33ced2d8835af27435682d6676b78b921aa2a2916ef47525eeeb2301
120,dqn,853,random,balanced,20.89097744360902,67.0,9.261666666666667,26,109,-63.54285027525252,133,24,0,1,0,0,300.0,-8.682812740211375,-3.694412502328485,-39.765625032712705,-11.399999999999991,57,1,133,0,312df65e0593a2a4d5e9a53d43fed692d50c8c032db4e3f34a0ba395734f2cd8
121,dqn,921,random,ns_heavy,33.712290502793294,142.0,20.115,39,116,-129.9834916092441,179,63,0,1,0,0,300.0,-18.85781245783437,-14.759012505643481,-84.76666664576624,-11.59999999999999,58,0,179,0,31ffab7d7ade79cd231b87ddd490382ae7c5d25e47fa150df0d2073d6239584d
122,dqn,710,random,ew_heavy,26.928571428571427,85.0,20.106666666666666,47,135,-89.64270853390407,224,89,0,2,0,0,300.0,-18.850000221980736,-11.87187497149644,-47.72083334042691,-11.199999999999992,56,0,224,0,fed5a0f707d810ea30eec60bc4d9ba8951a789b47f972f906f572adb3414363f
123,dqn,584,random,ns_heavy,27.527027027027028,122.5,20.37,50,169,-117.37761686513771,222,53,0,2,0,0,300.0,-19.09687528188806,-9.595324981441808,-77.28541660180781,-11.399999999999991,57,0,222,0,6447ff4f13ce69f234ff5ba742715fff353dc7a116d9ac071aefec3c27976de6
124,dqn,465,random,ns_heavy,33.333333333333336,104.5,19.0,36,129,-110.48373773976571,171,42,0,1,0,0,300.0,-17.81250021280721,-10.939987508122433,-70.131250018836,-11.59999999999999,58,1,171,0,071ce8d8b764837e42942758684fc4f62d7fec87702be585d690e0e77d49daea
125,dqn,517,random,left_heavy,40.91590909090909,155.0,30.011666666666667,63,120,-155.61771260726596,220,100,23,30,0,0,300.0,-28.135937661281787,-30.42552495839409,-85.45624998759013,-11.59999999999999,58,0,243,23,08afa3683e4385608022cb7e3b9497ecd327424c9624aa19a59326727d9d4912
126,dqn,575,random,low,37.809859154929576,136.0,35.79333333333334,87,169,-144.30632111355885,284,115,0,1,0,0,300.0,-33.55625024379697,-23.288612448426292,-75.86145842133556,-11.59999999999999,58,0,284,0,b0a88752af54cdd8ccb985b0a7aec74809045021b3b65a1b4351a3d98bf88ef8
127,dqn,925,random,ns_heavy,37.794117647058826,130.0,36.41,76,156,-142.91936665984332,289,133,0,2,0,0,300.0,-34.13437501050066,-25.85270002173711,-71.53229162760545,-11.399999999999991,57,0,289,0,1400ca180edf0a45a7ef775b2600615cfb1d13ce8f412e7c9817851ceb5a3358
128,dqn,999,random,heavy,31.1924882629108,116.0,22.14666666666667,47,144,-112.95946679866687,213,69,0,3,0,0,300.0,-20.76250011753291,-12.808424990850474,-67.98854169028345,-11.399999999999991,57,1,213,0,9b1373578232abf7038b7421cdf74ba225d19a88f8091da68014255f39c45f4b
129,dqn,887,random,low,17.832089552238806,63.5,7.965,21,115,-58.37171265496651,134,19,0,1,0,0,300.0,-7.467187679838389,-2.3482749980154036,-36.95624997711275,-11.59999999999999,58,0,134,0,9087c2372ee15534ced63c71443cb1f742e1470de67ee652784e2e8367b58c2d
130,dqn,721,random,left_heavy,46.25806451612903,157.5,52.586666666666666,88,176,-196.59537934948145,341,165,18,21,0,0,300.0,-49.30000019504223,-44.70996247961509,-91.1854166748235,-11.399999999999991,57,0,359,18,cc3ad764ddbdb9880659e92504901bb49d126eb571502690c8927b572619fc2e
131,dqn,25,random,left_heavy,22.603571428571428,86.5,10.551666666666666,23,102,-74.51335032314311,140,38,5,10,0,0,300.0,-9.892187761492096,-5.652412503233792,-47.56875005841721,-11.399999999999991,57,0,145,5,84dc4fa978fb8a57a33a4a357f4325abdabb70a377b1d153487e8df969b336f0
132,dqn,426,random,balanced,14.349264705882353,46.0,6.505,23,120,-42.034120948006596,136,16,0,2,0,0,300.0,-6.098437613458373,-1.3492250001982034,-23.586458334350027,-10.999999999999993,55,0,136,0,ccdd5923dd04d22642880b69de58248e8c73a4a3d15045c688e9205ce86a3ba3
133,dqn,765,random,low,41.77992277992278,108.0,36.07,84,145,-135.35623359283127,259,114,0,2,0,0,300.0,-33.81562534312252,-25.04789999414861,-64.89270825556014,-11.59999999999999,58,0,259,0,289470c55722048a8d03584d7dc81c240083454999921505762960f14c61eceb
134,dqn,395,random,ew_heavy,36.15438596491228,120.0,34.346666666666664,82,173,-131.06158766951484,285,112,0,2,0,0,300.0,-32.200000176322646,-20.214712489629896,-67.24687500356231,-11.399999999999991,57,0,285,0,38588a83b63e79fef804ca0e2cffce111180c1c4756753b4eeb0a5f2da342694
135,dqn,658,random,ew_heavy,38.243589743589745,154.0,29.83,72,141,-141.98447503775745,234,93,0,2,0,0,300.0,-27.96562510158401,-18.36572501494011,-84.2531249212334,-11.399999999999991,57,1,234,0,0ff30e07b66e194fa34a0174c3e7b944208de53793b23484d7a75621353e3357
136,dqn,852,random,ns_heavy,39.17897727272727,176.5,45.975,106,170,-181.19975854309814,352,182,2,12,0,0,300.0,-43.09687530656811,-34.291424915963574,-92.41145832056645,-11.399999999999991,57,1,354,2,b715e90854fa60c064da66d6bbad42ef7493a7965e21cdc987e6eb760ed6e792
137,dqn,478,random,ns_heavy,30.511173184357542,87.5,18.205,46,128,-91.26650857831774,179,51,0,1,0,0,300.0,-17.06718769564759,-9.734737502499044,-52.8645833801711,-11.59999999999999,58,0,179,0,dfa7fa02fc82a2fe0de5e00deef8c87e7516c1273d00579ebfd98af746207585
138,dqn,630,random,ew_heavy,29.175675675675677,124.5,17.991666666666667,39,136,-113.96131250714612,185,49,0,2,0,0,300.0,-16.867187634808943,-10.753500008100673,-74.74062486423645,-11.59999999999999,58,0,185,0,ffd2b90972be11c63be1d744827f213f7c622deee401f3eff1b557237ff07980
139,dqn,614,random,heavy,37.0921052631579,177.0,28.19,63,137,-151.53311288297044,228,91,0,2,0,0,300.0,-26.42812531348318,-20.014362519335567,-93.49062505015172,-11.59999999999999,58,1,228,0,5f6afc00399cb94289175238e2fc6f2c37f5dd6d1c12da6b8a12bd3c15c994dd
140,dqn,695,random,balanced,35.13503649635037,101.5,32.09,82,163,-123.16335443531932,274,111,0,2,0,0,300.0,-30.084375279257074,-19.15293748850309,-62.526041667559184,-11.399999999999991,57,1,274,0,94ca6bda60dde2e09ad14b2ddac97f5f443cc9a34eeca695a2c59311bf52ee38
141,dqn,274,random,left_heavy,41.415282392026576,124.0,41.555,86,154,-155.3440254374342,301,147,5,10,0,0,300.0,-38.95781290263403,-31.717462496173543,-73.0687500386266,-11.59999999999999,58,0,306,5,464caeeb404ff5c07cb3f0b2eaea358d5af0fe0fefdda5d3dc1380375edae7cd
142,dqn,161,random,low,28.290243902439023,77.5,19.331666666666667,40,150,-94.84552511258654,205,55,0,1,0,0,300.0,-18.123437688685954,-10.256462502667274,-55.06562492123339,-11.399999999999991,57,1,205,0,e7ddaa838673721e1cb01a08649d5299a2cdfd9fff826655f2e35102c00ce18f
143,dqn,264,random,balanced,32.845238095238095,145.0,18.393333333333334,49,120,-112.30458355243385,168,48,0,3,0,0,300.0,-17.24375017802231,-11.98062499740699,-71.4802083770046,-11.59999999999999,58,1,168,0,73f329d58f7a00b8f2ce80b4a30402bdce9261a445fee5bf30baf2bae844c535
144,dqn,444,random,heavy,26.687250996015937,73.0,22.328333333333333,46,163,-95.74429181706657,251,88,0,2,0,0,300.0,-20.932812762679532,-11.932312502661084,-51.47916655172594,-11.399999999999991,57,1,251,0,ce33ce1144962693e1a066ec106f97caacb2d22b88aec8cddcb42b2b68d12425
145,dqn,936,random,heavy,38.53112840466926,128.0,33.00833333333333,78,149,-146.3275378525416,257,108,0,1,0,0,300.0,-30.94531285308767,-23.429099987207167,-80.35312501224689,-11.59999999999999,58,0,257,0,edacc4545fa970a97c2ca37ead33660d2dee923af26469c1dd4769f22faaa98c
146,dqn,17,random,heavy,21.719594594594593,100.0,10.715,29,125,-85.08357525771939,148,23,0,1,0,0,300.0,-10.0453127596993,-4.403887502094586,-59.234374995925464,-11.399999999999991,57,0,148,0,2eff2af0c12cfb2480e3d6c0691b366ff4fdb48e75c2b144f5d01e7863a95103
147,dqn,727,random,balanced,30.276923076923076,160.5,19.68,49,123,-140.1567293359731,195,72,0,2,0,0,300.0,-18.450000216369517,-14.008812510345162,-96.09791660925839,-11.59999999999999,58,0,195,0,a1ca146bf4a66843d8c7fcfa7a463c9b68010a599153c25ad52c8095269ddba0
148,dqn,537,random,ns_heavy,36.93153526970954,102.5,29.668333333333333,61,156,-124.01401734489995,241,85,0,1,0,0,300.0,-27.81406299234368,-18.073912582551568,-66.52604177000467,-11.59999999999999,58,0,241,0,614c1262c62b992a1638349d5b9e1fb1108940c57714d81172bb150f1694ea7e
149,dqn,711,random,ew_heavy,41.3716814159292,142.0,31.166666666666668,52,151,-146.84049199377847,226,75,0,2,0,0,300.0,-29.218750262632966,-21.24257500938329,-85.17916672176216,-11.199999999999992,56,1,226,0,ecd8d68f35661f79bc1aa36ac5f2031e9bee8f9f925b4c4659e510798ffd416a
150,dqn,21,random,ns_heavy,33.56431535269709,148.5,26.963333333333335,68,153,-135.0489795351306,241,88,0,2,0,0,300.0,-25.27812532929238,-16.863562517789983,-81.30729168804828,-11.59999999999999,58,0,241,0,3660173dc164fa1364ff5e75c68a5eaa7401d80a3012b56f10f7425f8b254d13
151,dqn,52,random,low,34.016216216216215,102.5,20.976666666666667,43,126,-106.3746085114442,185,59,0,1,0,0,300.0,-19.665625153225847,-11.48502500933973,-63.62395834887866,-11.59999999999999,58,0,185,0,75e73a14d8c3db5e1847137b89cb5e961f772f8f00c7a9ba203bcecc5553251c
152,dqn,651,random,low,36.71062271062271,155.0,33.406666666666666,68,170,-143.64645861431268,273,103,0,2,0,0,300.0,-31.318750320118852,-21.441250015536937,-79.28645827865694,-11.59999999999999,58,1,273,0,8c50855487b777d8a74ec1694ec6c4517767c9b33941b1adfa4ff5022570e939
153,dqn,205,random,left_heavy,37.14102564102564,116.0,28.97,56,149,-144.08021680877934,234,85,20,26,0,0,300.0,-27.159375360701233,-22.657299929158036,-82.8635415189201,-11.399999999999991,57,1,254,20,89af6512ac5f388c5f51946375b1edc3904205886e6b5fc65b8893d1fc3de4ac
154,dqn,146,random,low,35.321120689655174,136.0,27.315,54,152,-132.5184960725135,232,80,0,2,0,0,300.0,-25.6078127581859,-17.01797498330707,-78.29270833102055,-11.59999999999999,58,0,232,0,ffaf29ca8651762fd31032234c7453e37d15f731ff060ae8251ffd308b6fc2bd
155,dqn,382,random,balanced,34.78089887640449,118.5,30.955,81,165,-133.30805422412453,267,102,0,3,0,0,300.0,-29.0203127063578,-17.8710750253893,-74.81666649237741,-11.59999999999999,58,0,267,0,ac4e266923b80c6a97cba4387090b49111df7b78f19acb31b8a3aee4fd62d53a
156,dqn,75,random,left_heavy,43.198113207547166,157.5,45.791666666666664,106,154,-179.0775920968818,318,164,10,15,0,0,300.0,-42.92968775751069,-35.42186249728181,-88.92604184208903,-11.79999999999999,59,0,328,10,ccc520ebfde8f3f27ae285467bc833cc37cb7e52dab327cf602d4b95c07acba6
157,dqn,634,random,ew_heavy,36.844897959183676,145.0,30.09,64,155,-140.37419609532878,245,90,0,2,0,0,300.0,-28.20937518880237,-19.109612501954683,-81.45520840457175,-11.59999999999999,58,0,245,0,d06c9aa2627c238ec71553e90c221d91b9053ad0bec728c9cff51b888973e398
158,dqn,165,random,left_heavy,48.6551724137931,187.0,47.03333333333333,104,158,-190.19091293949137,290,132,21,23,0,0,300.0,-44.09375032328535,-39.081537546659035,-95.81562506954651,-11.199999999999992,56,0,311,21,1c7ae3683120b7d3050b469acfbe6f13e5e620cd52d7ed0cb8d7c6ae4983f121
159,dqn,257,random,heavy,44.421409214092144,137.0,54.638333333333335,99,171,-181.2530586871912,369,198,0,2,0,0,300.0,-51.2234378894791,-41.636912493629566,-76.99270830408204,-11.399999999999991,57,0,369,0,a3e887b14dadf2dfea389dcd5dbfcb42653ea044ebf5504501aa9ff2303f02cf
160,dqn,418,random,left_heavy,35.244343891402714,114.5,25.968333333333334,52,148,-125.44505851148645,221,73,34,38,0,0,300.0,-24.34531273925677,-19.013287467123153,-70.6864583051065,-11.399999999999991,57,0,255,34,4e09c798d6527f1d560e9828eb0d30c88179c1ad637cd6d038f651b13a88effb
161,dqn,610,random,ew_heavy,18.66504854368932,68.0,6.408333333333333,17,93,-54.50645842098458,103,10,0,1,0,0,300.0,-6.007812630268745,-2.0403124986245533,-35.258333292091265,-11.199999999999992,56,0,103,0,6a2102d9ca988596d7fd8391e5bb86062705bbd6b6c3cf833262cbf095738e21
162,dqn,490,random,left_heavy,39.192796610169495,138.0,30.836666666666666,69,141,-144.57641705407954,236,95,16,21,0,0,300.0,-28.90937537397258,-21.866000027821432,-82.0010416522855,-11.79999999999999,59,1,252,16,56a8fc536c965e35de2f55975f1ef3d478f676bc619d966108c4b6c2852075e0
163,dqn,646,random,left_heavy,28.3843537414966,85.0,13.916666666666666,31,94,-87.5643710177406,147,53,8,12,0,0,300.0,-13.046875230618753,-8.00603750909358,-55.111458278028294,-11.399999999999991,57,0,155,8,b9cc9fb72717adfd257743e4536596ccd7e4b5edc363ac71236c5883961d72a8
164,dqn,252,random,low,33.543668122270745,122.0,25.605,54,160,-125.5835170886123,229,69,0,2,0,0,300.0,-24.004687879933044,-14.859037523424917,-75.11979168525431,-11.59999999999999,58,0,229,0,94df5b4fc460b705fe437a07af4710a8f8e54c0aa03ce370f2fb70aa497ed0f8
165,dqn,616,random,ew_heavy,32.758893280632414,111.0,27.626666666666665,70,158,-119.9623167678255,253,95,0,2,0,0,300.0,-25.90000026964117,-16.442524987739308,-66.41979151044507,-11.199999999999992,56,0,253,0,3a4a14d9a7d278ef3f4905d025b586ccb37f619cd3d025d04582ce9615d52e28
166,dqn,624,random,ns_heavy,21.62874251497006,65.0,12.04,36,129,-65.79084600829304,167,38,0,2,0,0,300.0,-11.287500169943087,-4.0793875073293755,-38.82395833102055,-11.59999999999999,58,0,167,0,94a11bf2d7252ac722ef0bfd76ed5bb2828e729d18e7d06f83d17250af5832c9
167,dqn,220,random,heavy,25.240663900414937,127.5,20.276666666666667,52,151,-116.6067834979578,241,90,0,2,0,0,300.0,-19.00937523576431,-12.885949966190669,-72.91145829600282,-11.79999999999999,59,0,241,0,cf330d3355edc1217b54389faa613f0e8645c24178fbbb582448f329b37ea4c3
168,dqn,608,random,ew_heavy,34.74242424242424,120.5,30.573333333333334,66,151,-130.62112514125255,264,113,0,2,0,0,300.0,-28.6625002885703,-19.93675000874864,-70.22187484393362,-11.79999999999999,59,0,264,0,928b1135c5956601902d0fbd9854528f3e563a12ac44cb113f11503328323a6a
169,dqn,287,random,low,36.3235294117647,108.5,26.758333333333333,61,125,-116.34133345179656,221,96,0,2,0,0,300.0,-25.08593769406434,-16.653312505897336,-63.00208325183485,-11.59999999999999,58,0,221,0,1e498703ed468e425a3fddc465a7c807aa95864943e952eb9cef5e7b2f38f21c
170,dqn,215,random,low,31.04032258064516,169.5,25.66,55,147,-146.84564173254776,248,101,0,2,0,0,300.0,-24.056249990593642,-19.5414750469441,-92.04791669500992,-11.199999999999992,56,0,248,0,bf678b3241ca3fd07761d204298757116fc98dd81caac2e7a77f32d5f38d4254
171,dqn,604,random,ns_heavy,27.003676470588236,93.0,12.241666666666667,29,85,-81.95622088169257,136,51,0,1,0,0,300.0,-11.476562595693395,-7.043200009949941,-52.236458276049234,-11.199999999999992,56,0,136,0,8dae6e9ada55413df9f9f2a5fe648dfecf231c8516928aa8a5c8e0feea02a882
172,dqn,383,random,ns_heavy,40.05902777777778,136.0,38.45666666666666,89,163,-153.29742521260266,288,125,0,2,0,0,300.0,-36.05312523455359,-26.00680001872461,-79.63749995932449,-11.59999999999999,58,0,288,0,32dfa3e108c7b2b1f347ddffd3e06e6af888b9a34712f4ec915ba6a3d987b169
173,dqn,554,random,left_heavy,36.26209677419355,145.5,29.97833333333333,73,135,-149.0202086284269,248,113,27,29,0,0,300.0,-28.104687821120024,-26.569687475005782,-82.74583333230112,-11.59999999999999,58,0,275,27,1357acea26deba285d711896a9b91cedb2815e1276744ee5a2d0c94f1f8b40af
174,dqn,932,random,ns_heavy,31.913716814159294,117.0,24.041666666666668,59,159,-120.79819211885406,226,67,0,1,0,0,300.0,-22.539062800235115,-15.329962535948294,-71.32916678267065,-11.59999999999999,58,0,226,0,f0656e04c11bde5e78ef8fed9d64556e11cb70395092fc1ec3d0c7e874edbbfe
175,dqn,922,random,low,23.339712918660286,92.0,16.26,38,136,-91.64446270577676,209,73,0,2,0,0,300.0,-15.243750218534842,-8.088212511712477,-56.9124999755295,-11.399999999999991,57,0,209,0,d21f4bcb7fe884a5b317792e90ee3eec015b623e383e3f1bad144bfc8d665446
176,dqn,495,random,balanced,37.09057971014493,89.0,34.123333333333335,86,153,-131.14626685992627,276,123,0,2,0,0,300.0,-31.990625277510844,-22.30459999793021,-65.45104158448521,-11.399999999999991,57,0,276,0,18fc813500b7b88232832ddc200e22591481bd579faa6bf65b73cb724a09f9b1
177,dqn,212,random,balanced,27.947852760736197,91.0,15.185,35,126,-80.94435036898138,163,37,0,1,0,0,300.0,-14.235937844961882,-6.980287503693397,-48.528125020326115,-11.199999999999992,56,0,163,0,c9fc0d8c4dc8bf92610f5cc8c4dca6b6072a52866b528ed588d79e755810ffd8
178,dqn,815,random,low,42.22809667673716,114.0,46.59166666666667,97,169,-166.03397930319258,331,162,0,2,0,0,300.0,-43.67968770337757,-32.87824995293122,-78.07604164688382,-11.399999999999991,57,1,331,0,6f974eb5b68496665b90463eed9cd2e0b246a9c83e4a6c5a12cd120f14cc5a51
179,dqn,318,random,balanced,34.373517786561266,98.0,28.988333333333333,70,138,-113.03289612737854,253,115,0,3,0,0,300.0,-27.176562879700214,-17.83549996061629,-56.42083328706212,-11.59999999999999,58,0,253,0,bad8acf6ae8bf1d2e297303d4d97064ec72a24903ba76ed52b74cf34cd8221e0
180,dqn,683,random,low,44.154302670623146,138.5,49.6,93,174,-185.9981458938201,337,163,0,3,0,0,300.0,-46.50000014202669,-41.74918746009787,-86.34895829169545,-11.399999999999991,57,1,337,0,b43f2bc30e09cc3cfaa1cbc85e5215cc26d36572619857bd43923a91622aaf16
181,dqn,115,random,left_heavy,36.263020833333336,95.5,23.213333333333335,49,113,-114.65229189402663,192,79,10,15,0,0,300.0,-21.76250024267938,-15.760624982391162,-65.72916666895617,-11.399999999999991,57,0,202,10,df78e1dd319f4974a6bd0d90c6c4ebb2128214f73e034753fef6ae06df39ec65
182,dqn,653,random,ns_heavy,34.6878612716763,96.0,20.003333333333334,46,117,-105.21416256382722,173,56,0,2,0,0,300.0,-18.753125183517113,-12.614162505829153,-62.646874874481,-11.199999999999992,56,0,173,0,c0f25505544653358d94466601465eb138bdfd3449d3fc2f4ab8bdb5fba59b40
183,dqn,463,random,heavy,26.91501976284585,110.5,22.698333333333334,56,174,-118.27933760627427,253,79,0,2,0,0,300.0,-21.279687662958167,-11.355900010161713,-74.44374993315432,-11.199999999999992,56,1,253,0,631e202584a83d427c8284f7678f0175dedb62c23821fdd45737ccaf3769d157
184,dqn,884,random,ew_heavy,41.66898954703833,144.5,39.86333333333334,84,169,-163.9214460850918,287,118,0,2,0,0,300.0,-37.371875239769,-28.794362528667975,-86.5552083166549,-11.199999999999992,56,0,287,0,0dab51862f3b4475719cdf8c0f7875cc7553adb15be8a640b2b9f22d1792a543
185,dqn,176,random,ns_heavy,32.55836575875487,125.5,27.891666666666666,67,160,-124.73953770744343,257,97,0,2,0,0,300.0,-26.148437764146365,-17.753599970654616,-69.4374999726424,-11.399999999999991,57,1,257,0,bdf88e828a2cbc961f159d573e616bd3cfbc6993bab18c0dd6d0902ee4ad2219
186,dqn,44,random,heavy,26.194174757281555,128.5,17.986666666666668,46,154,-111.03382499323713,206,52,0,2,0,0,300.0,-16.86250015674159,-9.061949974773599,-74.50937486172188,-10.599999999999994,53,0,206,0,be5356b26df6e1f543a3b33ea3a5ffe69caabefb3edd0045bae4de463cf2a196
187,dqn,488,random,low,30.07638888888889,92.5,21.656666666666666,44,139,-110.89257101329059,216,77,0,2,0,0,300.0,-20.30312526389025,-12.593612505761122,-66.79583324363921,-11.199999999999992,56,1,216,0,f4f3e7519ea4b6edb2071c47320adce1c10a4dbd6edf63f9a3cd58606a5b50e4
188,dqn,552,random,balanced,29.11410788381743,92.0,23.388333333333332,47,167,-105.09410853473894,241,74,0,2,0,0,300.0,-21.926562854554504,-11.806087481807488,-59.96145819837693,-11.399999999999991,57,1,241,0,7516b7068c82f1ee1f401a3b4f978cbe14bb213c55206e3859f1d1953eb52977
189,dqn,385,random,low,37.35204081632653,152.5,36.608333333333334,73,160,-158.23010856627286,294,134,0,2,0,0,300.0,-34.32031284458935,-25.701462472735873,-86.80833324894775,-11.399999999999991,57,0,294,0,0b8925119d2c6fccbc76f3474ec3d26d59ce5b4597b767803c16e29f97012a87
190,dqn,896,random,left_heavy,43.0979020979021,146.0,41.093333333333334,87,160,-170.55413354402032,286,126,11,15,0,0,300.0,-38.525000304565765,-33.42392489635023,-87.20520834310446,-11.399999999999991,57,0,297,11,7f4c4c5662e7293d786a0f1992f6a7b171c963ab4b60886e9738179fb962b533
191,dqn,790,random,balanced,31.231441048034934,105.5,23.84,52,142,-114.99606686242403,229,87,0,2,0,0,300.0,-22.35000026912894,-14.566900016074214,-66.4791665772209,-11.59999999999999,58,0,229,0,66fb49dd741d6d624559d448eadd06ca9e9f162bfd9125da43b4ee79408ca8d3
192,dqn,551,random,ns_heavy,25.013157894736842,78.5,15.841666666666667,37,138,-78.71997936584886,190,52,0,2,0,0,300.0,-14.85156274214387,-6.933000014958814,-45.73541660874616,-11.199999999999992,56,0,190,0,c82af9c3f3a0fc4c4e3cf99bbbf98c952d3923fcbd7f3d715a104b4d71d690ab
193,dqn,372,random,left_heavy,36.192129629629626,117.0,26.06,56,126,-123.4191584420936,216,90,21,23,0,0,300.0,-24.43125024798792,-19.101449999896438,-68.48645819420926,-11.399999999999991,57,0,237,21,6b5831900879c4868efc5846ef037e7ec27ff6c22570a9de11effff528e972bd
194,dqn,17,random,heavy,19.91216216216216,122.0,9.825,24,127,-88.2604959902994,148,21,0,1,0,0,300.0,-9.210937702679075,-4.144349995505763,-63.70520829211455,-11.199999999999992,56,0,148,0,2eff2af0c12cfb2480e3d6c0691b366ff4fdb48e75c2b144f5d01e7863a95103
195,dqn,123,random,balanced,14.54054054054054,79.0,5.38,17,104,-52.78706677662413,111,7,0,1,0,0,300.0,-5.04375012696255,-1.4703999990291778,-35.272916650632396,-10.999999999999993,55,0,111,0,74a76abc2d6a01ae3d3b512783dfefc6cb6aacccd51deade644c6b990ea6c72c
196,dqn,940,random,left_heavy,33.59090909090909,96.5,25.87,65,143,-116.8323085203613,231,88,1,5,0,0,300.0,-24.25312517362181,-16.370849976440514,-64.60833337029908,-11.59999999999999,58,0,232,1,356e2795385ec654d3d4d42251b47e2b1417ae61d03cf7b18e0f560ddf8969e7
197,dqn,723,random,heavy,27.70949720670391,75.5,16.533333333333335,43,132,-85.13746696821839,179,47,0,2,0,0,300.0,-15.500000280910172,-7.195800002426403,-50.641666684881784,-11.79999999999999,59,0,179,0,4abf4b44750d94c4486b109d33de84b328493aeccec99f5c6bf369cbbe4a7841
198,dqn,741,random,left_heavy,29.715469613259668,113.0,17.928333333333335,51,133,-95.96064608735757,181,48,8,10,0,0,300.0,-16.80781271890737,-9.613249995915977,-58.53958337253425,-10.999999999999993,55,0,189,8,142fdfa34f62d7c23ec2e881d528b789f632320690fb9af0464a881b73f4b87b
199,dqn,648,random,balanced,35.40289256198347,120.0,28.558333333333334,57,154,-128.7528168679368,242,88,0,2,0,0,300.0,-26.773437754483894,-17.528337514625314,-72.85104159882758,-11.59999999999999,58,0,242,0,a32a98b8d39e36e4e305e11c30525ee1c4159324b739e566d4b67a3b860b4a78
200,dqn,380,random,left_heavy,41.56417910447761,120.5,46.416666666666664,87,179,-168.10065033042702,335,156,29,34,0,0,300.0,-43.51562528312206,-34.86939997929512,-78.91562506800983,-10.799999999999994,54,0,364,29,78c787be44bd489724dc7339cdbb5f107feb0e2cf3b377cdc29afd2205df385e
201,dqn,788,random,left_heavy,31.31900452488688,128.5,23.071666666666665,59,152,-123.33179199624503,221,69,5,9,0,0,300.0,-21.62968777725473,-15.032312467239537,-75.26979175175074,-11.399999999999991,57,0,226,5,44705813f6f7e5a7055446763803e7be36835fec1ae096d7c7d1add03bf0a272
202,dqn,182,random,heavy,29.487437185929647,126.5,19.56,52,141,-107.669700145597,199,58,0,1,0,0,300.0,-18.337500188034028,-10.763450012953404,-67.36874994460959,-11.199999999999992,56,0,199,0,986d11ffd694e2d94cf06e48fd0d6972873813b15fa6b2c1f9a5e39a5bda2a40
203,dqn,814,random,ns_heavy,16.5,58.5,7.15,17,118,-50.12862514719234,130,12,0,1,0,0,300.0,-6.703125159488991,-1.7817500028606443,-30.443749984842725,-11.199999999999992,56,0,130,0,44fe3665691d26bacecaf1df9c2652941cad724b72f9b5c85a56d78a82db142e
204,dqn,22,random,heavy,28.0,96.5,16.706666666666667,42,142,-101.85837509960042,179,37,0,2,0,0,300.0,-15.662500165286474,-8.939624979925433,-66.05624995438848,-11.199999999999992,56,0,179,0,414d8d9a7520942d3e158b7941d414cc579f5f07b2ceae3d2c2f3ca8e6a86e02
205,dqn,123,random,balanced,14.486486486486486,54.5,5.36,17,102,-42.387845957386176,111,9,0,1,0,0,300.0,-5.025000100838952,-1.3670124997523088,-24.7958333567949,-11.199999999999992,56,0,111,0,74a76abc2d6a01ae3d3b512783dfefc6cb6aacccd51deade644c6b990ea6c72c
206,dqn,931,random,heavy,33.14321608040201,169.5,21.985,49,150,-132.258008442865,199,49,0,1,0,0,300.0,-20.610937608522363,-13.785612489934287,-86.26145834440831,-11.59999999999999,58,1,199,0,00d0c25b4a0640b2e15c85a1025c6f770a8405455215fe2a98ac33a7cfb116ec
207,dqn,738,random,left_heavy,43.37313432835821,147.0,38.74666666666667,69,134,-169.27825446890708,268,134,11,14,0,0,300.0,-36.32500017702114,-32.77096251871482,-88.58229177317116,-11.59999999999999,58,0,279,11,76907cd7e7e2b0759999660518020597fa9ad954390d9d055b572315093f0859
208,dqn,835,random,heavy,24.08100558659218,73.0,14.368333333333334,38,131,-77.3837460376737,179,48,0,1,0,0,300.0,-13.470312725519761,-6.736349999969389,-46.17708331218455,-10.999999999999993,55,1,179,0,f44ab6f5c93995380facc61389d23c1c4118a1ea3c0f44bc2fef25fe60e1a07c
209,dqn,650,random,low,41.77892561983471,144.5,33.70166666666667,77,139,-146.37862947027827,242,103,0,2,0,0,300.0,-31.595312790130265,-24.86977492150546,-78.51354175864253,-11.399999999999991,57,0,242,0,e3db086946e9fb625013588cd1f967be4a4dfdf922403475760a3d068ea716b5
210,dqn,127,random,left_heavy,38.04838709677419,110.5,27.523333333333333,56,121,-140.13503345552746,217,96,21,24,0,0,300.0,-25.803125256905332,-23.851699991490758,-79.08020820713136,-11.399999999999991,57,0,238,21,64074d339fa9975167c4aa42744ac2164638804e325f69571e0f8376ddeaa629
211,dqn,217,random,heavy,37.052536231884055,139.5,34.08833333333333,83,168,-137.62556268971608,276,108,0,2,0,0,300.0,-31.957812691573054,-21.177125014510967,-72.690624983632,-11.79999999999999,59,0,276,0,ef77270ba31ebdc2fd2e16f8603233975b84a3fed569188187a0c24f7c1d9633
212,dqn,162,random,left_heavy,40.708695652173915,135.0,31.213333333333335,61,137,-144.36014596069947,230,93,4,8,0,0,300.0,-29.26250018621795,-25.120562519666425,-78.57708325481508,-11.399999999999991,57,0,234,4,c386d88f10736dfea8583ec879dac340a33edf87aa13849215872051e3a70cdd
213,dqn,344,random,ns_heavy,43.48316498316498,126.5,43.04833333333333,86,151,-169.1681001421646,297,146,0,3,0,0,300.0,-40.35781275096815,-36.22591247357195,-80.78437491762452,-11.79999999999999,59,0,297,0,a2bd168242605747b22fe5ee06cf71c94a7e31639b4072effb9ec28b84ec71a5
214,dqn,710,random,ew_heavy,28.803571428571427,87.0,21.508333333333333,54,122,-101.47636293089379,224,102,0,2,0,0,300.0,-20.164062815601937,-15.012300010029138,-54.900000105262734,-11.399999999999991,57,0,224,0,fed5a0f707d810ea30eec60bc4d9ba8951a789b47f972f906f572adb3414363f
215,dqn,432,random,heavy,30.385026737967916,115.5,18.94,47,128,-101.99693776764391,187,59,0,1,0,0,300.0,-17.756250314530917,-9.440687488666295,-63.19999996444676,-11.59999999999999,58,0,187,0,6fcec0592340d3a15c95ecc4fef2dd653cd1ce584fe407794f67f0c6ba56ebd0
216,dqn,140,random,left_heavy,32.30921052631579,103.5,24.563333333333333,49,144,-123.18860021450173,228,84,24,29,0,0,300.0,-23.028125274344347,-18.907350050961384,-69.8531248891959,-11.399999999999991,57,0,252,24,a828061f091f1640a077b31cdd7c46c867deaff786d78e2f94d31d0fa0f60041
217,dqn,457,random,ns_heavy,32.57216494845361,107.0,21.063333333333333,46,125,-107.17089603452187,194,69,0,2,0,0,300.0,-19.746875250479206,-12.768812505222744,-63.05520827881992,-11.59999999999999,58,0,194,0,ab2dfecb4efe52c69f34cc6aab3ec385c998550696e107b1a206be7548127c7f
218,dqn,571,random,low,25.823529411764707,70.0,17.56,53,149,-73.34903767216963,204,55,0,2,0,0,300.0,-16.462500234134495,-6.899037503367432,-38.78749993466772,-11.199999999999992,56,0,204,0,e0542ac0898f128937ff393e88f79352dc0cd44c6d9aabad0f54a8577c43ccc7
219,dqn,102,random,ew_heavy,26.718487394957982,106.0,21.196666666666665,46,163,-101.18358369284324,238,75,0,2,0,0,300.0,-19.871875367243774,-11.028374998700016,-58.88333332689945,-11.399999999999991,57,0,238,0,0a94fd57d5e955edbd6ab03c5bc9359f090c1468f83f0d4207b47755743da6bc
220,dqn,363,random,balanced,34.15120967741935,131.0,28.231666666666666,62,149,-126.49804174310923,248,99,0,2,0,0,300.0,-26.46718763303943,-17.98293753992694,-70.84791657014284,-11.199999999999992,56,0,248,0,3424e6e045eeac004b83aab826b99ed358a68f25aa0497ce0ea300271416ac57
221,dqn,843,random,low,13.121052631578948,50.5,4.155,14,88,-41.08026261192575,95,7,0,0,0,0,300.0,-3.8953126026317477,-0.9349499998876122,-25.850000009406358,-10.399999999999995,52,0,95,0,72ac29430eafd1ca7fa1b4968e2db08a8089d67120ed3c051e1a21a625462e5c
222,dqn,577,random,ew_heavy,34.54362416107382,113.5,17.156666666666666,38,108,-103.69420432816041,149,41,0,1,0,0,300.0,-16.084375147591345,-10.046287512451089,-66.56354166811798,-10.999999999999993,55,0,149,0,bf503f8cbd8d84614a208caf3f9cd4b5b35429741a576577c06d1cc1131c79aa
223,dqn,894,random,ew_heavy,28.244769874476987,94.0,22.501666666666665,58,157,-103.94922934707648,239,82,0,2,0,0,300.0,-21.09531269199215,-12.709124982309735,-59.34479167277459,-10.799999999999994,54,1,239,0,ea4080d54d0b2007c5908d0cc9a071c307d8b2de0d15c0101d2d7b51bca71341
224,dqn,644,random,left_heavy,37.59795918367347,100.0,30.711666666666666,72,150,-130.53058347971017,245,95,14,19,0,0,300.0,-28.7921876081964,-20.570687551226737,-69.76770832028706,-11.399999999999991,57,0,259,14,39e6523d0e586ce27988166a4cdb8ee700344fac847e5cc60220dc3a1a8b2d06
225,dqn,610,random,ew_heavy,19.883495145631066,83.0,6.826666666666667,17,95,-63.9663834576677,103,8,0,1,0,0,300.0,-6.400000132154673,-2.5861749973097172,-43.5802083282033,-11.399999999999991,57,0,103,0,6a2102d9ca988596d7fd8391e5bb86062705bbd6b6c3cf833262cbf095738e21
226,dqn,301,random,ns_heavy,29.553097345132745,108.5,22.263333333333332,48,159,-106.80342940684992,226,67,0,1,0,0,300.0,-20.87187530193478,-11.999262519312467,-62.9322915856028,-10.999999999999993,55,0,226,0,9dbc89037759de63558948d1e18f226df49b2439b1cd0b0d4351f53d80e347f7
227,dqn,424,random,ns_heavy,23.81516587677725,91.5,16.75,42,147,-84.0342002345576,211,64,0,3,0,0,300.0,-15.703125224332325,-7.296699989899208,-49.434375020326115,-11.59999999999999,58,0,211,0,19f2d2b6b7ef2d4215aa6d76aca703cd05e60910ace1c9df9725ab9c234affd4
228,dqn,301,random,ns_heavy,31.09070796460177,106.5,23.421666666666667,68,154,-110.80745011564507,226,72,0,1,0,0,300.0,-21.957812693784945,-13.927762489171434,-63.52187493268866,-11.399999999999991,57,0,226,0,9dbc89037759de63558948d1e18f226df49b2439b1cd0b0d4351f53d80e347f7
229,dqn,657,random,ns_heavy,40.26655052264808,154.5,38.52166666666667,78,174,-155.36532942446854,287,113,0,1,0,0,300.0,-36.11406280903611,-24.900225020889046,-82.7510415945435,-11.59999999999999,58,0,287,0,73a6ef24cc3fe187e460186d9e2815836177a8c4bcbcdd1310379f0923040612
230,dqn,188,random,ew_heavy,37.255102040816325,122.0,36.51,90,160,-145.76385030896856,294,134,0,3,0,0,300.0,-34.228125355090015,-23.33572499446091,-76.79999995941762,-11.399999999999991,57,0,294,0,cd5e1cf1aa4de7cd5fc938361d98febf02194717de52bf1b2d090f8d7577d587
231,dqn,809,random,ew_heavy,20.05597014925373,58.0,8.958333333333334,26,98,-60.61007521533904,134,36,0,1,0,0,300.0,-8.39843769383151,-3.64601250320702,-37.16562501830049,-11.399999999999991,57,0,134,0,37f48cce4f717ccf1b801d4d0679c677345a880b80c10546a0689ba2102469dc
232,dqn,959,random,ns_heavy,34.404513888888886,99.5,33.028333333333336,81,172,-117.84516284543712,288,116,0,2,0,0,300.0,-30.964062864310108,-17.70922498985819,-58.17187499126885,-10.999999999999993,55,1,288,0,e86a526b3b04f54e585acefc9df10dd628637343249122a882796ed8cf8c0d39
233,dqn,270,random,left_heavy,25.96132596685083,84.5,15.675,36,127,-90.64995850205955,181,54,12,19,0,0,300.0,-14.695312766358256,-8.546312476229652,-56.60833325947169,-10.799999999999994,54,0,193,12,bbbc3af943cbcd65d0a6648c14110c33d2597fb24c3cdf3aadb5f5d9ea28298e
234,dqn,442,random,left_heavy,35.03755868544601,130.0,24.88,51,138,-126.25215449587921,213,75,12,16,0,0,300.0,-23.32500031928066,-17.819862508294317,-74.10729166830424,-10.999999999999993,55,0,225,12,3c815877c75ac3792b00c20d8e0ba86c81c6674cee8b56b16f338d25af9a65c9
235,dqn,747,random,balanced,41.19288389513109,106.5,36.66166666666667,76,142,-136.95313779536298,267,125,0,2,0,0,300.0,-34.370312791201286,-25.5703250340339,-65.61249997012783,-11.399999999999991,57,0,267,0,74804a03a548692a8ddd1973242a28705a0ba63383f6ecc59deb8eab0d2f0c21
236,dqn,65,random,ns_heavy,32.19634703196347,114.0,23.503333333333334,49,146,-118.41142114995237,219,73,0,2,0,0,300.0,-22.03437534114346,-13.859337477252847,-71.11770833155606,-11.399999999999991,57,0,219,0,2f6620695537c5d4c628d16d3a167bd4d2b13ca118834fdc9137e318f517efd1
237,dqn,843,random,low,19.021052631578947,71.5,6.023333333333333,17,87,-55.43362088226933,95,8,0,0,0,0,300.0,-5.646875129081309,-1.715912502982974,-37.47083325020503,-10.599999999999994,53,1,95,0,72ac29430eafd1ca7fa1b4968e2db08a8089d67120ed3c051e1a21a625462e5c
238,dqn,495,random,balanced,29.18659420289855,91.5,26.851666666666667,61,169,-115.44961287919936,276,107,0,2,0,0,300.0,-25.17343776288908,-14.251175002106905,-64.62500011420343,-11.399999999999991,57,0,276,0,18fc813500b7b88232832ddc200e22591481bd579faa6bf65b73cb724a09f9b1
239,dqn,343,random,balanced,9.800970873786408,41.5,3.365,9,101,-33.896354232434525,103,2,0,1,0,0,300.0,-3.1546875826315954,-0.6031249998224666,-20.33854164998047,-9.799999999999997,49,2,103,0,1b593db1dd080d638178dd85fa7f584adb57dba05c9a93f8075bf791fbe37b64
240,dqn,651,random,low,38.07142857142857,161.0,34.645,76,169,-157.83308769193036,273,104,0,2,0,0,300.0,-32.4796876515029,-24.669025019728725,-90.08437502069864,-10.599999999999994,53,0,273,0,8c50855487b777d8a74ec1694ec6c4517767c9b33941b1adfa4ff5022570e939
241,dqn,648,random,balanced,32.6301652892562,144.0,26.321666666666665,66,163,-139.77297115218897,242,79,0,2,0,0,300.0,-24.676562815206125,-17.400574942841924,-86.89583339414094,-10.799999999999994,54,1,242,0,a32a98b8d39e36e4e305e11c30525ee1c4159324b739e566d4b67a3b860b4a78
242,dqn,891,random,heavy,24.482683982683984,112.0,18.851666666666667,42,165,-111.22950829417458,231,66,0,3,0,0,300.0,-17.673437573132105,-10.45398750715904,-72.50208321388345,-10.599999999999994,53,1,231,0,ddda5081c43c10e2f2cf92b3587480639dfa64bc1f4b9cda7ae75fa053e3703a
243,dqn,201,random,ns_heavy,38.29249011857708,132.5,32.29333333333334,77,148,-128.8567377057604,253,105,0,1,0,0,300.0,-30.27500014042016,-19.781737520054598,-67.00000004528556,-11.79999999999999,59,1,253,0,9acbc1a5e96c89711f386c6aba97838974e137960f15e42c74a6dda9ed0ed9e5
244,dqn,326,random,ns_heavy,33.19642857142857,120.0,30.983333333333334,71,161,-136.42075022152633,280,119,0,2,0,0,300.0,-29.04687524458859,-18.330124992747024,-78.2437499841908,-10.799999999999994,54,1,280,0,e87bcb8923368989a35162a3ec8aaa232e911d5b0a2b623a606e5f543670b822
245,dqn,999,random,heavy,29.870892018779344,124.0,21.208333333333332,43,148,-116.99780448497256,213,65,0,3,0,0,300.0,-19.882812763098627,-12.645199988656527,-72.86979173321743,-11.59999999999999,58,0,213,0,9b1373578232abf7038b7421cdf74ba225d19a88f8091da68014255f39c45f4b
246,dqn,787,random,heavy,30.703703703703702,113.0,24.87,56,164,-111.43865023750479,243,79,0,2,0,0,300.0,-23.315625271527097,-12.382399997805624,-64.34062496817205,-11.399999999999991,57,0,243,0,9f9fa368eff6808cd434e9a744e0f28ceb0716deda49b6c1ae9bc78d43ae8c25
247,dqn,356,random,balanced,30.605714285714285,127.5,17.85333333333333,41,142,-111.85364606902799,175,33,0,1,0,0,300.0,-16.737500275834464,-10.360937495910186,-74.75520829728339,-9.999999999999996,50,2,175,0,4e1e450d65bafd15a22d816917888b68e39a0008f8f8974151cbc660118185d0
248,dqn,670,random,ns_heavy,37.16605166051661,152.0,33.57333333333333,73,162,-160.35809194921973,271,109,0,1,0,0,300.0,-31.475000256090425,-26.053924997444113,-91.42916669568513,-11.399999999999991,57,0,271,0,4f665980d2331f9c5db4c6ecb30b4e93dd17fad03c5569f31b5741447069ec95
249,dqn,528,random,balanced,32.62785388127854,103.0,23.81833333333333,49,141,-113.78410444883995,219,78,0,2,0,0,300.0,-22.3296878230758,-13.781500007704745,-66.67291661805939,-10.999999999999993,55,0,219,0,a003bd08af6f7d5da229367724204451196b57275ca89263b077eaad1149ee9e
250,dqn,929,random,ns_heavy,32.71224489795918,126.5,26.715,59,162,-130.03578365075302,245,83,0,1,0,0,300.0,-25.045312820351683,-15.866512512721966,-78.12395831767935,-10.999999999999993,55,0,245,0,d48f50c6fa3bb045ccec665368436929f18911df8bf3875923baf3765bb1fb0b
251,dqn,15,random,low,31.84536082474227,94.0,20.593333333333334,46,127,-104.94225466374986,194,67,0,2,0,0,300.0,-19.3062503663823,-12.497462494021594,-62.138541803346016,-10.999999999999993,55,0,194,0,cabf4192916bc2404dd1bb5fe3e23be13423c7bb57f8c58240deccb4a48ae5d2
252,dqn,335,random,balanced,26.07659574468085,136.0,20.426666666666666,52,160,-125.6298503142658,235,75,0,2,0,0,300.0,-19.150000310270116,-11.845474992982782,-83.43437501101289,-11.199999999999992,56,0,235,0,1b96f8a71b7c38ae8deb9ccecf7d793f1c0cbbdf1913cfcb0fd99cc6082d5f1a
253,dqn,439,random,ew_heavy,27.83579335793358,128.5,25.145,53,168,-114.06723369251779,271,103,0,2,0,0,300.0,-23.573437822517008,-12.116712513950912,-67.77708335604984,-10.599999999999994,53,2,271,0,e32d6b50a70e0ba21a956f60082ae869ee6761b578bf1cdfa0a617256e64296a
254,dqn,203,random,ns_heavy,17.00413223140496,69.0,6.858333333333333,17,110,-55.800337558822505,121,11,0,1,0,0,300.0,-6.429687625961378,-1.9956500032458275,-37.174999929615296,-10.199999999999996,51,1,121,0,de2b586f7a33898c22f2d8e2a23f3d0ad4e3154d85a8b586de1d61e68fb65cab
255,dqn,249,random,heavy,40.4264705882353,137.0,41.235,81,143,-166.55149614200423,306,163,0,5,0,0,300.0,-38.6578127599787,-32.71972503184297,-83.77395835018251,-11.399999999999991,57,0,306,0,25504fe6e5a06f93b238ee0d8549347d22ed482e31c141351c4387fb924ffaf5
256,dqn,12,random,left_heavy,30.626543209876544,111.5,16.543333333333333,37,116,-104.84919198502101,162,46,4,7,0,0,300.0,-15.509375303052366,-10.335649994991401,-67.20416668697726,-11.79999999999999,59,0,166,4,b8d2e9ca3c4b726f93b9df1de33b18813e46fc44c42e0299929d927fcae2f264
257,dqn,908,random,heavy,34.53294573643411,153.5,29.698333333333334,72,156,-142.98255451963348,258,102,0,2,0,0,300.0,-27.842187842121348,-19.61744997537753,-84.32291670213453,-11.199999999999992,56,1,258,0,dc130703ad34097ef9e5a605adaca0e298e21d633ec6d1c3f9c4fd5538ee7b9f
258,dqn,552,random,balanced,27.568464730290458,116.5,22.14666666666667,41,172,-124.97437936170827,241,69,0,2,0,0,300.0,-20.762500223470852,-12.135837473006536,-81.27604166523088,-10.799999999999994,54,2,241,0,7516b7068c82f1ee1f401a3b4f978cbe14bb213c55206e3859f1d1953eb52977
259,dqn,399,random,low,28.649224806201552,106.0,24.638333333333332,52,154,-129.00424593541754,258,104,0,2,0,0,300.0,-23.09843769262079,-15.225599932102334,-79.28020831069443,-11.399999999999991,57,0,258,0,29991776368f820f57f188855e057eeea4c16fabcf7f6de076687eede13b0041
260,dqn,597,random,heavy,21.213333333333335,98.5,10.606666666666667,31,117,-73.50312096228299,150,33,0,1,0,0,300.0,-9.943750182632357,-4.747912501529206,-48.21145827812143,-10.599999999999994,53,0,150,0,e468f75eaf327266caa37edef66a7b1f3ff8d8b49546dcb804e4a3793316c13f
261,dqn,375,random,ns_heavy,28.37686567164179,119.5,25.35,52,156,-128.3619210775228,268,112,0,4,0,0,300.0,-23.76562540465966,-15.759837469433844,-77.63645820342936,-11.199999999999992,56,0,268,0,4177d0d2747b66881571ee22ce1319b1698431305703d0bb7ce03adbd528ac78
262,dqn,395,random,ew_heavy,35.97017543859649,107.5,34.17166666666667,77,166,-132.73365855242372,285,119,0,2,0,0,300.0,-32.03593777876813,-21.211262542030447,-68.28645823162515,-11.199999999999992,56,1,285,0,38588a83b63e79fef804ca0e2cffce111180c1c4756753b4eeb0a5f2da342694
263,dqn,419,random,heavy,25.67632850241546,122.0,17.716666666666665,38,156,-95.93883783086135,207,51,0,2,0,0,300.0,-16.609375338768587,-8.845087494909963,-59.08437499718275,-11.399999999999991,57,0,207,0,d72e9cb29f2a56bbe97ee8fc0ac27ec97e8178c207908a023a235102c04db75b
264,dqn,892,random,left_heavy,34.64878048780488,136.0,23.68166666666667,49,124,-131.05328344807933,205,81,15,19,0,0,300.0,-22.201562673435546,-17.712137488792365,-80.3395832858514,-10.799999999999994,54,0,220,15,458ee46421dce99d0fd95fa0887853ec04c3beb3d94cc193ebce0878abbf08be
265,dqn,873,random,ns_heavy,29.96197718631179,158.0,26.266666666666666,74,150,-129.25128775096752,263,113,0,4,0,0,300.0,-24.62500025355257,-18.676287545820372,-75.14999995159451,-10.799999999999994,54,0,263,0,a0d47d3714c5c3db78ae35a53643d02a2255f354a3ee3b17c5d450909e5e2023
266,dqn,243,random,low,34.77522935779817,121.5,37.906666666666666,82,170,-149.30431273795105,327,157,0,3,0,0,300.0,-35.537500102305785,-26.46368750821711,-75.90312512742821,-11.399999999999991,57,0,327,0,53c132128a73a63731a804fff55d1d930685c44ef4546fd3030237b4e593c852
267,dqn,76,random,left_heavy,38.548034934497814,112.5,29.433333333333334,57,138,-132.26007136878107,229,91,18,24,0,0,300.0,-27.593750351690687,-20.879862498152207,-72.78645851893816,-10.999999999999993,55,1,247,18,16181ce00daa20604577eef8317c2822a957b7db97eac87aceaade5d802c1143
268,dqn,809,random,ew_heavy,27.582089552238806,82.5,12.32,43,90,-75.29395027220961,134,44,0,1,0,0,300.0,-11.550000194110908,-7.29395000959994,-47.050000068498775,-9.399999999999999,47,3,134,0,37f48cce4f717ccf1b801d4d0679c677345a880b80c10546a0689ba2102469dc
269,dqn,141,random,ew_heavy,28.011173184357542,86.5,16.713333333333335,42,117,-96.95242919171793,179,62,0,2,0,0,300.0,-15.668750161421485,-10.817012499804688,-59.866666530491784,-10.599999999999994,53,1,179,0,21b35628916d78935ef143220b7cfcbcbb846d302c84e82b31e089b3a8c93265
270,dqn,913,random,ns_heavy,24.942857142857143,113.0,14.55,36,140,-97.0568333641902,175,35,0,3,0,0,300.0,-13.640625120839104,-7.182875012913425,-65.43333323043771,-10.799999999999994,54,0,175,0,5792f899b6108202efd649742458ff84a92fae38378ca65d99344d8fb7ff3a28
271,dqn,79,random,balanced,30.7027027027027,87.0,15.146666666666667,36,89,-96.5922874475531,148,59,0,2,0,0,300.0,-14.200000093551353,-10.326662503921401,-61.66562485008035,-10.399999999999995,52,1,148,0,2ef4f61d5439a2806fbe666163d05f3218986253589c3de67b561c155d934d21
272,dqn,439,random,ew_heavy,34.81734317343174,121.5,31.453333333333333,75,155,-139.16621697678784,271,116,0,3,0,0,300.0,-29.48750034882687,-20.262050022777107,-78.81666660518385,-10.599999999999994,53,1,271,0,e32d6b50a70e0ba21a956f60082ae869ee6761b578bf1cdfa0a617256e64296a
273,dqn,596,random,heavy,32.95064377682404,111.5,25.591666666666665,55,162,-128.63622513212178,233,71,0,2,0,0,300.0,-23.992187683004886,-14.897162508511975,-79.1468749406049,-10.599999999999994,53,0,233,0,55f75d5e2d1b7a3b09bff4a787b5b4f1d2431ef17ca62bcfe2e4c5fe1e6b7152
274,dqn,42,random,balanced,31.190265486725664,118.5,23.496666666666666,54,156,-128.74338333279155,226,70,0,1,0,0,300.0,-22.028125175158493,-13.681924986264491,-82.63333317136858,-10.399999999999995,52,3,226,0,c59b4cda74a9ff082421aa4a6602efc18f2acf4344a7f7ee1201dbd18b21addf
275,dqn,38,random,ns_heavy,34.9272030651341,139.5,30.386666666666667,66,175,-149.05469208525247,261,86,0,2,0,0,300.0,-28.487500302144326,-19.750525002858925,-90.41666678024922,-10.399999999999995,52,2,261,0,2388acc5c3432b3e5970c4b63cc06b9859f8aceda0c1de37131005f630083129
276,dqn,577,random,ew_heavy,43.47986577181208,171.5,21.595,52,102,-143.45384203672074,149,47,0,1,0,0,300.0,-20.24531280330848,-20.660612520590796,-93.54791671282146,-9.0,45,1,149,0,bf503f8cbd8d84614a208caf3f9cd4b5b35429741a576577c06d1cc1131c79aa
277,dqn,479,random,heavy,34.799180327868854,118.5,28.303333333333335,55,151,-129.65785023903078,244,93,0,2,0,0,300.0,-26.53437520028092,-18.457849975955472,-74.06562506279442,-10.599999999999994,53,1,244,0,055f04cce56e893f7eedf0e5fc4fa4548f7ec1a1b42659217222e9eaa90b09f3
278,dqn,653,random,ns_heavy,32.61849710982659,112.0,18.811666666666667,45,118,-102.40081285556155,173,55,0,2,0,0,300.0,-17.635937722516246,-11.508625021077032,-62.25625011196826,-10.999999999999993,55,1,173,0,c0f25505544653358d94466601465eb138bdfd3449d3fc2f4ab8bdb5fba59b40
279,dqn,399,random,low,31.666666666666668,100.0,27.233333333333334,63,150,-123.62712532047807,258,108,0,2,0,0,300.0,-25.53125043527689,-15.948999979614015,-71.54687490558717,-10.599999999999994,53,1,258,0,29991776368f820f57f188855e057eeea4c16fabcf7f6de076687eede13b0041
280,dqn,950,random,low,26.831460674157302,98.5,15.92,33,136,-100.44970027087255,178,42,0,1,0,0,300.0,-14.92500027269125,-8.355950000323354,-67.16874999785796,-9.999999999999996,50,2,178,0,8efd5bbce89cd20756eabd05eeb4ee985be06fe871441aac976c24e1c8d84e8a
281,dqn,210,random,ns_heavy,39.978142076502735,127.0,24.386666666666667,50,118,-131.3986417873871,183,65,0,1,0,0,300.0,-22.862500213785097,-16.31635001426257,-81.4197915593395,-10.799999999999994,54,1,183,0,0745651311d54f9417f080fe4a0ae41aca0148d2fa86206345f58035dae267ce
282,dqn,873,random,ns_heavy,26.395437262357415,128.0,23.14,53,149,-118.8675376849198,263,114,0,3,0,0,300.0,-21.69375028088689,-14.301912482985795,-72.27187492104713,-10.599999999999994,53,2,263,0,a0d47d3714c5c3db78ae35a53643d02a2255f354a3ee3b17c5d450909e5e2023
283,dqn,442,random,left_heavy,32.107798165137616,93.5,23.335,50,145,-107.66726268860006,218,73,7,14,0,0,300.0,-21.876562675111927,-13.784449983383098,-61.606250030105,-10.399999999999995,52,1,225,7,3c815877c75ac3792b00c20d8e0ba86c81c6674cee8b56b16f338d25af9a65c9
284,dqn,452,random,left_heavy,39.93856655290102,144.0,39.00833333333333,70,157,-168.00378345977012,293,136,14,18,0,0,300.0,-36.57031264714897,-29.372012519063006,-90.6614582935581,-11.399999999999991,57,0,307,14,e31c2f8bbdec4b5d262bb13dfba5fa0e0af0ba5ce6b0a3eed8249a875eda34aa
285,dqn,342,random,heavy,24.64236111111111,78.0,11.828333333333333,32,115,-72.4802376833213,144,29,0,1,0,0,300.0,-11.089062736136839,-4.391174996893824,-46.99999995029066,-9.999999999999996,50,2,144,0,a8b413df3274accd97bded972664f6060ad6abcce287132692bbd373448fbe63
286,dqn,674,random,heavy,24.09009009009009,100.0,17.826666666666668,46,159,-92.47099600766883,222,63,0,1,0,0,300.0,-16.71250020188745,-8.737662492293016,-56.4208333134884,-10.599999999999994,53,1,222,0,4c23ae76a065fcf0bf936614d6710c1d1aef5ed93d892d7c9239ab316de91cf8
287,dqn,182,random,heavy,29.190954773869347,89.5,19.363333333333333,47,143,-96.6007335601703,199,56,0,1,0,0,300.0,-18.153125187032856,-9.001775003955851,-58.84583336918149,-10.599999999999994,53,1,199,0,986d11ffd694e2d94cf06e48fd0d6972873813b15fa6b2c1f9a5e39a5bda2a40
288,dqn,205,random,left_heavy,36.06808510638298,109.0,28.258333333333333,48,153,-123.57204205519149,235,82,19,23,0,0,300.0,-26.492187877302058,-17.56006249636048,-69.11979168152902,-10.399999999999995,52,1,254,19,89af6512ac5f388c5f51946375b1edc3904205886e6b5fc65b8893d1fc3de4ac
289,dqn,849,random,low,33.20949720670391,136.5,19.815,42,132,-120.49107099657199,179,47,0,1,0,0,300.0,-18.576562669244595,-11.3967999868306,-79.71770834049676,-10.799999999999994,54,1,179,0,e3b3f6f7262bdb42cf1563d012b38205c72140f9c1ff0b9589bc8f60ecc24cb6
290,dqn,656,random,balanced,31.57867132867133,94.0,30.105,63,158,-123.12601693806434,286,128,0,3,0,0,300.0,-28.22343787678983,-19.595287499699765,-64.50729156157468,-10.799999999999994,54,0,286,0,9b194753479a72f895b66521387ec901f19dba31ab1e51a6b4ce9254117bf0b5
291,dqn,560,random,heavy,22.11214953271028,77.5,7.886666666666667,19,91,-63.419666845640336,107,16,0,1,0,0,300.0,-7.393750216928311,-2.9811250056700396,-44.444791623041965,-8.600000000000001,43,3,107,0,edbb3fb0c1ec30cddb6233894620def9e56539d00bf858a81e31c37a03f5c171
292,dqn,784,random,low,19.702857142857145,70.0,11.493333333333334,26,138,-78.6344045386788,175,37,0,3,0,0,300.0,-10.77500029001385,-4.533362491885054,-52.32604175677989,-10.999999999999993,55,0,175,0,2412343e38240f1d9a072a7b95b0fa2accd949acd36c0a97405822e0106b755d
293,dqn,230,random,left_heavy,40.70950704225352,134.0,38.54333333333334,78,149,-158.90801709742598,284,135,7,12,0,0,300.0,-36.13437527476344,-28.40697493996776,-83.1666668826947,-11.199999999999992,56,1,291,7,dc2bebfe2ef611720134728504970cb2192ff0df2c267a905684710682285f5f
294,dqn,526,random,left_heavy,40.09411764705882,155.5,34.08166666666666,75,150,-159.6611420499823,255,105,22,25,0,0,300.0,-31.951562797650695,-28.183537540068933,-89.52604171226267,-9.999999999999996,50,3,277,22,e928675ea63ae8514607b0a544e279c9e046eb1e1eefb031cc7e2248a4caed0c
295,dqn,820,random,left_heavy,36.465250965250966,112.5,31.483333333333334,66,148,-129.845683433285,259,111,0,5,0,0,300.0,-29.515625152853318,-20.762349993951652,-68.96770828648005,-10.599999999999994,53,0,259,0,58729fb25cb5dbec7e672c7aa8124a38cee0b67ec6018e9763b9894cbe1a67f1
296,dqn,339,random,balanced,40.10436137071651,133.0,42.91166666666667,86,166,-161.68794613256247,321,155,0,2,0,0,300.0,-40.22968768561259,-30.35305001443849,-80.70520843251143,-10.399999999999995,52,1,321,0,1ab825ab2115f843b642b7b44f7907d842e1ff14368fe03e57aa282564120324
297,dqn,257,random,heavy,45.078590785907856,137.5,55.446666666666665,109,173,-182.8635294971315,369,196,0,2,0,0,300.0,-51.98125027352944,-40.94686253797474,-79.53541668562684,-10.399999999999995,52,2,369,0,a3e887b14dadf2dfea389dcd5dbfcb42653ea044ebf5504501aa9ff2303f02cf
298,dqn,38,random,ns_heavy,38.70498084291188,153.5,33.67333333333333,79,168,-155.67262096040292,261,93,0,2,0,0,300.0,-31.568750132923014,-25.142412504026296,-88.76145832345355,-10.199999999999996,51,1,261,0,2388acc5c3432b3e5970c4b63cc06b9859f8aceda0c1de37131005f630083129
299,dqn,869,random,left_heavy,33.806629834254146,93.5,20.398333333333333,42,108,-104.45268365225135,181,73,20,26,0,0,300.0,-19.123437819071114,-13.327162477037204,-62.002083356142975,-9.999999999999996,50,2,201,20,669dde01be600da2425b46495eb40602bb99322cb610fc14830cbdf8a0934380
300,dqn,443,random,ns_heavy,39.60515873015873,157.0,33.26833333333333,60,167,-152.76072917453644,252,85,0,2,0,0,300.0,-31.18906266207341,-26.16124994083004,-85.01041657163296,-10.399999999999995,52,2,252,0,c8955f5755f69e186fb434f293e477ad1d828e56827deecf501aa36b834ad1e1
301,dqn,139,random,ew_heavy,27.726190476190474,74.5,15.528333333333334,37,113,-86.5075753169556,168,55,0,1,0,0,300.0,-14.557812792016193,-7.399762503123201,-54.55000002181623,-9.999999999999996,50,1,168,0,cf2892173b4cc151b61325d1d5b06852b862fa746401066264d22457ced5f726
302,dqn,324,random,ew_heavy,31.449748743718594,107.5,20.861666666666668,46,141,-108.14197518033392,199,58,0,1,0,0,300.0,-19.55781272193417,-10.862287503266264,-67.12187495513353,-10.599999999999994,53,2,199,0,284cd4d299aaa70ea4c8bd5e8634732439118424dfeb963a80c5c7dc90ec09b9
303,dqn,62,random,ew_heavy,34.97570850202429,126.0,28.796666666666667,59,163,-134.70434607878414,247,84,0,2,0,0,300.0,-26.996875251992606,-16.20226247325628,-80.90520835353527,-10.599999999999994,53,2,247,0,0ef21fd0c5cce26e0980f2078b34877e4c4d0f030a8f750fff7277e39d20faad
304,dqn,905,random,left_heavy,31.56388888888889,97.0,18.946666666666665,36,126,-96.72220874560297,180,54,7,14,0,0,300.0,-17.7625003507128,-10.754499997745734,-58.60520839714445,-9.599999999999998,48,1,187,7,0f5d4bdd08deab02733df099d05802f86cba5267b6ada5cb7d94fc7455310686
305,dqn,747,random,balanced,40.00374531835206,115.5,35.60333333333333,77,158,-145.24949193872953,267,109,0,2,0,0,300.0,-33.37812533590477,-23.485950019643493,-77.78541658318136,-10.599999999999994,53,1,267,0,74804a03a548692a8ddd1973242a28705a0ba63383f6ecc59deb8eab0d2f0c21
306,dqn,198,random,ew_heavy,37.69457013574661,122.5,27.768333333333334,58,136,-127.40834611432294,221,85,0,2,0,0,300.0,-26.032812737859786,-16.707824984557387,-73.66770839190576,-10.999999999999993,55,1,221,0,58d676b18b5622d8ed6238888c4e1923cd8e708dd2bf250214a6cf88921a7a3e
307,dqn,950,random,low,28.575842696629213,109.0,16.955,41,135,-100.77780432290822,178,43,0,1,0,0,300.0,-15.895312743843533,-8.237699996628361,-65.8447915824363,-10.799999999999994,54,1,178,0,8efd5bbce89cd20756eabd05eeb4ee985be06fe871441aac976c24e1c8d84e8a
308,dqn,20,random,low,24.08125,89.0,12.843333333333334,30,129,-80.20377944333667,160,31,0,2,0,0,300.0,-12.040625235647894,-5.449612498220086,-52.7135417094687,-9.999999999999996,50,2,160,0,8d3b6ddf3c071813d242712b96e39f0c1e4031a9aa8f7893e5b53f17313f46aa
309,dqn,680,random,low,27.862433862433864,111.5,17.553333333333335,36,146,-93.40491685845262,189,43,0,1,0,0,300.0,-16.456250172108412,-7.785125002021229,-58.96354168432299,-10.199999999999996,51,2,189,0,657f77ce38a3debf797ccbb404ae23820a2fb872190e7b314376aea10d0d2adf
310,dqn,300,random,balanced,33.79399141630901,109.5,26.246666666666666,53,156,-118.42866274125475,233,77,0,2,0,0,300.0,-24.606250267359428,-14.922412489332055,-68.29999998456333,-10.599999999999994,53,2,233,0,fdaab5e29aa531c9014ba3c319748171b2dcb96e48497de301d95e570c40fd4b
311,dqn,665,random,low,18.175182481751825,79.0,8.3,21,128,-63.45687927812755,137,9,0,1,0,0,300.0,-7.781250147963874,-2.990212498926119,-43.885416631237604,-8.8,44,4,137,0,f8a15899a20d75b523db4416c44308e3bcfeb11cf89ce76f2d4fcefe99ca9f68
312,dqn,460,random,ns_heavy,41.096774193548384,128.5,38.22,74,168,-156.47395457060412,279,111,0,2,0,0,300.0,-35.831250328337774,-25.963537424950477,-84.27916681731585,-10.399999999999995,52,2,279,0,193042abca6c4ac65f7cd67cd4f8404afef5a8c7e3cf64485d2ff78581240b2b
313,dqn,962,random,ns_heavy,37.556768558951966,109.5,28.668333333333333,58,144,-132.81855436448305,229,85,0,2,0,0,300.0,-26.87656278675422,-19.700324954314418,-75.6416666234145,-10.599999999999994,53,2,229,0,084304cd4b537e3be3f565fc77f2e3f34b41187f9e43d8537947438ad258317f
314,dqn,268,random,heavy,36.11677631578947,158.0,36.598333333333336,74,175,-141.20138354650769,304,129,0,2,0,0,300.0,-34.31093776470516,-23.703987468127895,-72.38645831367467,-10.799999999999994,54,0,304,0,dafd59a73d6b138808b258f89a1c3c515ebd5447b7480a188af6f43809c45ebd
315,dqn,740,random,ns_heavy,40.59586466165413,154.0,35.995,70,154,-158.5749208823886,266,112,0,2,0,0,300.0,-33.74531249667052,-25.180650031763797,-89.44895835395437,-10.199999999999996,51,0,266,0,c82443eb8126937a9367e3677f313989fe4e4f90bd14a4cc52d948e7e373cd10
316,dqn,732,random,balanced,40.6025641025641,114.5,26.391666666666666,49,124,-127.26395015682864,195,71,0,2,0,0,300.0,-24.74218768835999,-18.424887511099968,-73.89687495736871,-10.199999999999996,51,1,195,0,870002afedfe01785bba24bf53e8ec1c1e8793ca7c50c1e6295716efade2d3b4
317,dqn,218,random,left_heavy,34.9377358490566,124.5,30.868333333333332,67,142,-134.03010017678676,265,123,17,24,0,0,300.0,-28.939062772435136,-20.944162509381563,-74.1468748949701,-9.999999999999996,50,1,282,17,b70dcca95b497f9fe78bdc166fbb1422602666c89c66af6d550332f47763bbea
318,dqn,326,random,ns_heavy,35.17321428571429,128.0,32.82833333333333,70,170,-137.2929918382193,280,110,0,2,0,0,300.0,-30.776562768383883,-19.427887458714395,-76.48854161112104,-10.599999999999994,53,1,280,0,e87bcb8923368989a35162a3ec8aaa232e911d5b0a2b623a606e5f543670b822
319,dqn,751,random,low,25.022292993630572,75.5,13.095,34,127,-71.16323769859882,157,30,0,1,0,0,300.0,-12.276562720071524,-4.802300002136326,-43.88437497639097,-10.199999999999996,51,2,157,0,7e286f9e2eaae60a2f33671fe09a55d143de77142360fd1454b9728c78eb6246
320,dqn,188,random,ew_heavy,36.91836734693877,115.0,36.18,81,172,-136.2398294064179,294,122,0,3,0,0,300.0,-33.918750294833444,-21.67003752225646,-70.65104158932809,-9.999999999999996,50,2,294,0,cd5e1cf1aa4de7cd5fc938361d98febf02194717de52bf1b2d090f8d7577d587
321,dqn,236,random,left_heavy,44.722044728434504,141.5,46.663333333333334,89,159,-175.71283395457814,313,154,18,23,0,0,300.0,-43.746875421726145,-36.79512501577624,-84.77083351707552,-10.399999999999995,52,1,331,18,ab1aab22b4ed6b318dca00230a5c2e9db3f1c33ba46a968d3113c4e276bc7bed
322,dqn,194,random,low,31.075688073394495,83.0,22.581666666666667,49,157,-95.78282938095289,218,61,0,2,0,0,300.0,-21.170312729780562,-11.436475017327021,-53.57604163384531,-9.599999999999998,48,2,218,0,a180e7f579d2a4443db5809f3931ff5ec3573a8019df47c03ab5945fb2d00ba5
323,dqn,41,random,left_heavy,39.03345724907063,111.0,35.001666666666665,81,153,-139.75225455827098,269,116,17,22,0,0,300.0,-32.81406288628932,-25.105900015412036,-71.63229165656958,-10.199999999999996,51,1,286,17,3ff86ecc65355b3fd986c570ea66b9dbf6bdcdbc1240e12a29baeeb3742ad7fb
324,dqn,815,random,low,43.323262839879156,116.5,47.8,96,171,-174.6567380388201,331,160,0,2,0,0,300.0,-44.812500462750904,-34.119237480119786,-85.52500009594951,-10.199999999999996,51,2,331,0,6f974eb5b68496665b90463eed9cd2e0b246a9c83e4a6c5a12cd120f14cc5a51
325,dqn,648,random,balanced,40.53512396694215,145.0,32.69833333333333,61,140,-147.36703770336027,242,102,0,2,0,0,300.0,-30.654687780654058,-22.343599967200127,-83.56874995550606,-10.799999999999994,54,2,242,0,a32a98b8d39e36e4e305e11c30525ee1c4159324b739e566d4b67a3b860b4a78
326,dqn,121,random,ns_heavy,42.46638655462185,161.0,33.69,70,152,-154.45442542641615,238,86,0,2,0,0,300.0,-31.584375358070247,-22.9981750152372,-90.07187505310867,-9.799999999999997,49,4,238,0,f26fa7cfb1c42991097d38025df60a345066782c83fdd5131c0158a8cea4c60e
327,dqn,18,random,low,40.119369369369366,103.5,29.688333333333333,60,119,-128.50094601461385,222,103,0,2,0,0,300.0,-27.832812618347816,-22.072299997375378,-67.99583339889068,-10.599999999999994,53,2,222,0,315cacc99785eb771aa3614df21b696f38eb706b497a3acae6a15bad25b9cf34
328,dqn,623,random,heavy,38.007168458781365,169.5,35.346666666666664,88,147,-164.50862511456222,279,132,0,1,0,0,300.0,-33.137500177370384,-24.96800002340897,-95.00312491378281,-11.399999999999991,57,0,279,0,7bfde1340a024efbb0f158de5007d437b3cdf0777f1b816dab693659b601ef19
329,dqn,671,random,ns_heavy,36.36052631578947,142.5,46.06166666666667,86,170,-169.4698418458757,380,210,0,7,0,0,300.0,-43.18281286850106,-33.132862473169375,-81.9541665042052,-11.199999999999992,56,0,380,0,706760fa2a1a3430f5af21515449a679c7fee18faac867d400ea146afa62a83a
330,dqn,504,random,low,38.45887445887446,153.0,29.613333333333333,69,135,-138.13840865764794,231,96,0,2,0,0,300.0,-27.76250030833762,-19.511325019593638,-80.0645833297167,-10.799999999999994,54,3,231,0,841ead57d2fd8680e6608855215f58601ae4809db6008e3900aaf5f4f0b013cb
331,dqn,211,random,balanced,28.31645569620253,86.0,14.913333333333334,34,122,-90.48217103891152,158,36,0,1,0,0,300.0,-13.981250257580541,-7.283212489635481,-59.81770829169545,-9.399999999999999,47,3,158,0,889655864cad64164cc118accb734b9841271c34c291130750687fd1004da0ac
332,dqn,297,random,ns_heavy,23.644444444444446,121.5,10.64,19,120,-90.10704195181825,135,15,0,1,0,0,300.0,-9.97500034130644,-4.593499996783065,-65.53854161372874,-9.999999999999996,50,2,135,0,57381bd6087324c23596565dab3d41bd4db9f6a89432ab63c08f3a30be44465c
333,dqn,630,random,ew_heavy,20.716216216216218,88.0,12.775,29,152,-77.11687942306231,185,33,0,2,0,0,300.0,-11.976562707219273,-4.833025006746902,-49.90729170909617,-10.399999999999995,52,1,185,0,ffd2b90972be11c63be1d744827f213f7c622deee401f3eff1b557237ff07980
334,dqn,832,random,heavy,43.87923728813559,132.5,34.51833333333333,75,138,-145.98620038758307,236,98,3,4,0,0,300.0,-32.36093763052486,-26.506512531841135,-76.91875022521708,-10.199999999999996,51,1,239,3,41b382d10cd33046b7276d363a90541ca7311fcac9cdcfafc915eae5b8e4b0a6
335,dqn,673,random,low,21.51904761904762,106.0,15.063333333333333,37,165,-91.66186684868308,210,45,0,2,0,0,300.0,-14.12187521206215,-6.923324995581063,-61.816666641039774,-8.8,44,5,210,0,eef8d318c687b8b56ed2f7a24273306fea342f6393aed40644a9028a1a005c37
336,dqn,670,random,ns_heavy,33.79520295202952,133.5,30.528333333333332,72,160,-136.6733421557809,271,111,0,1,0,0,300.0,-28.62031291250605,-18.695737515459033,-78.75729172781575,-10.599999999999994,53,2,271,0,4f665980d2331f9c5db4c6ecb30b4e93dd17fad03c5569f31b5741447069ec95
337,dqn,932,random,ns_heavy,31.01991150442478,110.0,23.368333333333332,53,161,-107.65450863696535,226,65,0,1,0,0,300.0,-21.907812751014717,-12.335237501495431,-63.01145838445518,-10.399999999999995,52,2,226,0,f0656e04c11bde5e78ef8fed9d64556e11cb70395092fc1ec3d0c7e874edbbfe
338,dqn,831,random,ns_heavy,35.1948051948052,132.0,18.066666666666666,46,111,-110.25445430526673,154,43,0,1,0,0,300.0,-16.93750013690442,-10.97528751142018,-72.1416666569421,-10.199999999999996,51,3,154,0,ab366162b1f82aec54ac7b254dac8a481899b21eb739ec667be82a6efb759fb4
339,dqn,269,random,low,38.125,132.0,21.86,44,118,-122.55031669717062,172,54,0,2,0,0,300.0,-20.49375008721836,-16.23364995207885,-75.42291665787343,-10.399999999999995,52,1,172,0,a92f759cf8df5ce533e44ba49037c99e566e08ef975e9d6d7fcb859912a7c5ec
340,dqn,316,random,balanced,37.2,172.0,25.42,49,139,-138.12910030911226,205,66,0,2,0,0,300.0,-23.831250330549665,-20.313474993812996,-83.98437498474959,-9.999999999999996,50,1,205,0,030155cd5e5f36be8c5ed20b1b9ec8cec81b4b0c98c0d021f324e62adf3b4ad8
341,dqn,615,random,low,24.61280487804878,80.0,13.455,30,135,-88.25852933973293,164,29,0,1,0,0,300.0,-12.614062722423114,-5.405924999855778,-60.03854161745403,-10.199999999999996,51,3,164,0,f0713c2b1049bc9496e07063e8e00e5a634b1964fc687d83aed7b9fc694551e1
342,dqn,746,random,left_heavy,27.090336134453782,88.0,21.493333333333332,45,160,-98.25848767949576,238,78,0,5,0,0,300.0,-20.150000189780258,-10.930362496490854,-57.17812499322463,-9.999999999999996,50,2,238,0,e5bd9d95d3e7469e395e7d2fc9feb2bc27d7ac0d145e7ac1eb90be4f6cf6aee8
343,dqn,452,random,left_heavy,40.552542372881355,112.0,39.88166666666667,80,159,-151.12690431206065,295,136,12,15,0,0,300.0,-37.38906280579977,-28.24617503763221,-74.69166646862868,-10.799999999999994,54,1,307,12,e31c2f8bbdec4b5d262bb13dfba5fa0e0af0ba5ce6b0a3eed8249a875eda34aa
344,dqn,519,random,heavy,31.56441717791411,77.5,17.15,39,116,-93.34567507521498,163,47,0,1,0,0,300.0,-16.078125177999027,-8.12380000578487,-59.14374989143107,-9.999999999999996,50,4,163,0,a3eec615fe21f5fae221d56ba665d013b9f28739b9a80ef6c92a81282dc6b9e5
345,dqn,625,random,ew_heavy,34.57738095238095,89.5,29.046666666666667,66,140,-112.50057098016768,252,112,0,2,0,0,300.0,-27.231250150944106,-15.957862512568687,-58.7114583166549,-10.599999999999994,53,1,252,0,80a38b5911c6d0a6bf280c6d478f40cdde452ac504b09960dfd8a66143adcf61
346,dqn,729,random,balanced,38.30952380952381,172.5,37.54333333333334,73,198,-165.047600063192,294,96,0,2,0,0,300.0,-35.19218757667113,-30.886662479419456,-89.96875000710133,-9.0,45,4,294,0,da8550020074e6762e0fddc3a4f5cdd0a85f1e5f3c8998cc429f961f722d6e51
347,dqn,75,random,left_heavy,44.3515625,146.5,47.31,105,156,-172.47214199923272,320,164,8,12,0,0,300.0,-44.35312527255155,-37.70860001162431,-80.01041671505664,-10.399999999999995,52,1,328,8,ccc520ebfde8f3f27ae285467bc833cc37cb7e52dab327cf602d4b95c07acba6
348,dqn,770,random,low,37.82156862745098,160.0,32.14833333333333,59,160,-158.91517515735976,255,95,0,2,0,0,300.0,-30.139062723494135,-25.885487529023525,-92.09062490484212,-10.799999999999994,54,2,255,0,2c9d1e591ce39f5287e0d81c3c2528500659c5fcbcd20b53a5ce28933e07174e
349,dqn,243,random,low,31.515290519877677,99.5,34.35166666666667,73,181,-127.79960448472555,327,146,0,6,0,0,300.0,-32.20468774368055,-20.328250006989403,-65.06666673405562,-10.199999999999996,51,1,327,0,53c132128a73a63731a804fff55d1d930685c44ef4546fd3030237b4e593c852
350,dqn,357,random,left_heavy,32.681372549019606,119.5,22.226666666666667,50,124,-110.71932509202091,204,80,0,5,0,0,300.0,-20.83750024868641,-14.959949996606879,-64.72187484672759,-10.199999999999996,51,1,204,0,d0cafe34eae2f38f6ae9c214d60a95598cb77f40d428c28ad83a9cafc40f7813
351,dqn,119,random,ew_heavy,36.76122448979592,138.0,30.02166666666667,60,162,-131.7039252492432,245,83,0,2,0,0,300.0,-28.145312744309194,-18.633612488333167,-74.32500001660082,-10.599999999999994,53,1,245,0,f0f1d292f9eedc42ef198b708aad62507e19d07235462f841afcafbfb2b35f95
352,dqn,603,random,balanced,20.333333333333332,62.0,8.743333333333334,23,107,-60.62073344433518,129,22,0,1,0,0,300.0,-8.19687515415717,-2.8811499992276355,-40.142708290950395,-9.399999999999999,47,3,129,0,091434f15f1d1302827824ef2c26f7c413507c353a297e5bca82add149ffa956
353,dqn,579,random,low,31.010416666666668,106.0,19.846666666666668,47,129,-102.11070856121592,192,63,0,1,0,0,300.0,-18.60625029820949,-11.005499998133022,-62.29895826487336,-10.199999999999996,51,3,192,0,5ebe6f4f7b3264f8eb379ab29028c02f52c58725adbdd7b6e724ed04c9185ff4
354,dqn,853,random,balanced,9.868421052631579,64.0,4.375,14,128,-40.59229173605199,133,5,0,1,0,0,300.0,-4.101562581490725,-0.8709374986436157,-27.619791655917652,-8.000000000000004,40,6,133,0,312df65e0593a2a4d5e9a53d43fed692d50c8c032db4e3f34a0ba395734f2cd8
355,dqn,41,random,left_heavy,33.022222222222226,121.5,29.723333333333333,57,161,-139.4395879551593,270,109,16,22,0,0,300.0,-27.865625412901863,-22.05521249881131,-79.1187500434462,-10.399999999999995,52,0,286,16,3ff86ecc65355b3fd986c570ea66b9dbf6bdcdbc1240e12a29baeeb3742ad7fb
356,dqn,100,random,heavy,28.701834862385322,85.5,20.856666666666666,55,146,-94.98506277939666,218,72,0,2,0,0,300.0,-19.55312527937349,-9.416312520023345,-55.41562497999985,-10.599999999999994,53,2,218,0,f42715a1f9c1f4532e86dcbcf2d6f67dc428b5bd3fe0bf0faa03ecde5cb39f64
357,dqn,638,random,low,31.15546218487395,106.0,24.716666666666665,68,159,-116.15862116629216,238,79,0,1,0,0,300.0,-23.171875337138772,-13.531537499832492,-69.65520832932089,-9.799999999999997,49,3,238,0,28a0a8056b29f521d29f748e7a4b5c827235820e108200200f8fd02caa338b2f
358,dqn,914,random,low,26.57027027027027,102.0,16.385,34,149,-90.8726001255033,185,36,0,2,0,0,300.0,-15.360937725636177,-6.636662496887586,-58.07499990297947,-10.799999999999994,54,1,185,0,7a5b95b2cf876b330c7e03d5f8f71c015958fc76d78c474072ba186babca6a3f
359,dqn,762,random,ew_heavy,23.505524861878452,85.5,14.181666666666667,43,143,-84.25960437332907,181,38,0,2,0,0,300.0,-13.295312789618038,-5.657000002392305,-54.707291581318714,-10.599999999999994,53,1,181,0,d2c486090fb6139f92af8623c33f36410ba043d3a3eb9b0f0f3e876e3b6d60d4
360,dqn,282,random,heavy,23.329896907216494,100.5,15.086666666666666,32,143,-82.92621688223521,194,51,0,1,0,0,300.0,-14.143750282586552,-6.531425002124889,-51.45104159752373,-10.799999999999994,54,1,194,0,05dac1079462d05a2135183386810ab94b73ab9665b18d6f52f769d79163ee8e
361,dqn,943,random,left_heavy,35.88709677419355,161.0,29.666666666666668,57,156,-133.89300436277915,248,92,0,3,0,0,300.0,-27.81250017497223,-18.960712537570366,-76.51979165023658,-10.599999999999994,53,1,248,0,98eefc3993a016b9fdb6fd910f3b9bb39f576319e2ffe2407a5ff1e9a07ab8bf
362,dqn,753,random,ns_heavy,26.574534161490682,80.0,14.261666666666667,30,123,-86.66297505157928,161,38,0,1,0,0,300.0,-13.370312624494545,-6.989537522056345,-56.10312490502838,-10.199999999999996,51,3,161,0,b7070ebcb0457fdd464e9dd40fe2fd57ca170fdf88e687a081559392cde9d8a8
363,dqn,839,random,heavy,24.3841059602649,78.0,12.273333333333333,32,121,-72.1529961011598,151,30,0,1,0,0,300.0,-11.506250259000808,-5.072787493280337,-45.37395834887866,-10.199999999999996,51,0,151,0,1c3011e96b4e9a35f254df33adb27574a666b1e9c9f3afae1fce317b66455751
364,dqn,184,random,ew_heavy,39.83653846153846,129.5,41.43,92,166,-150.77327109394682,312,146,0,2,0,0,300.0,-38.840625177603215,-28.489937546044548,-72.84270837029908,-10.599999999999994,53,2,312,0,739a8c2c86624d6fa1953f2e4f6d735297399b37f404605934aec59ccffa7402
365,dqn,825,random,ew_heavy,28.978632478632477,92.5,22.60333333333333,57,140,-97.68865027065254,234,94,0,3,0,0,300.0,-21.190625313553028,-12.332399999358302,-53.76562495774124,-10.399999999999995,52,2,234,0,c62968ea81fdd00e4835c0f5d840523798f9c457b39644cc0d6ec68401d7573d
366,dqn,982,random,left_heavy,32.29056603773585,96.0,28.526666666666667,60,148,-116.11576695156911,265,117,5,11,0,0,300.0,-26.743750256020576,-17.199099997535086,-61.77291669801343,-10.399999999999995,52,1,270,5,0600f734891fcd12257e7f2a96632317f78b548f1ae608b7d9f82325d53f1cb1
367,dqn,899,random,left_heavy,38.42045454545455,162.5,33.81666666666667,61,156,-156.2177793347845,264,108,18,22,0,0,300.0,-31.703125185798854,-22.751112438399293,-91.16354171058629,-10.599999999999994,53,1,282,18,1d22a47a4dbede514fbc7855d5f8223502a0ba38e3c58239a237d4bc878ff4e0
368,dqn,554,random,left_heavy,36.18441064638783,97.0,31.723333333333333,69,138,-128.30885043290112,263,125,12,19,0,0,300.0,-29.740625390899368,-22.29947493152357,-66.46875011047814,-9.799999999999997,49,1,275,12,1357acea26deba285d711896a9b91cedb2815e1276744ee5a2d0c94f1f8b40af
369,dqn,900,random,left_heavy,40.67617449664429,102.0,40.40833333333333,94,138,-150.37757085116823,298,160,0,9,0,0,300.0,-37.88281261303928,-31.064550025782225,-71.43020821234677,-9.999999999999996,50,4,298,0,16257c77551bae33ad06edc3822197a6de547bdafb56215ef583705cbab81701
370,dqn,50,random,heavy,40.219844357976655,126.0,34.455,67,147,-141.39032939613023,257,110,0,3,0,0,300.0,-32.30156270775478,-26.172099999395872,-71.9166666889796,-10.999999999999993,55,1,257,0,a97da7d4b8b56d8f0c7849f6dbbc2eb6f5db4aa6c780b640fe05eddd9c48f298
371,dqn,32,random,low,35.875,116.0,24.873333333333335,51,132,-118.80376700132763,208,76,0,2,0,0,300.0,-23.318750322563574,-15.124600000215286,-69.56041667854879,-10.799999999999994,54,2,208,0,761daac37bf13f4ba486534ad3de5d4d4a919b78cea23fa6ffb8d048d2b95e3f
372,dqn,399,random,low,30.25968992248062,90.0,26.023333333333333,61,149,-111.09622109018892,258,109,0,2,0,0,300.0,-24.39687534084078,-15.859762492297888,-60.03958325705025,-10.799999999999994,54,2,258,0,29991776368f820f57f188855e057eeea4c16fabcf7f6de076687eede13b0041
373,dqn,675,random,left_heavy,37.54618473895582,119.0,31.165,74,149,-133.16457517824088,249,100,9,12,0,0,300.0,-29.217187861911952,-21.631762502383935,-72.11562481394503,-10.199999999999996,51,2,258,9,a999d18fc567f149eacf9e8a3eea389dab6fcb3fe1077856f88928690c1e5089
374,dqn,637,random,balanced,29.131034482758622,83.0,14.08,33,104,-86.54751680372651,145,41,0,1,0,0,300.0,-13.20000016852282,-8.115225001358343,-56.23229163384531,-9.0,45,4,145,0,611928666c8211358cc60cc1eb99449e8918bf1c8a9dd97f2485a71856b526e6
375,dqn,248,random,left_heavy,38.46680497925311,129.0,30.906666666666666,64,136,-153.69041704186012,241,105,32,36,0,0,300.0,-28.975000180653296,-24.911250101446793,-89.60416675976012,-10.199999999999996,51,3,273,32,dd141f976319bd4b73fdf4247f113202e4aed763f9f0bacc7eea9039af219c68
376,dqn,688,random,balanced,32.81773399014779,108.5,22.206666666666667,52,137,-100.36551689118424,203,66,0,1,0,0,300.0,-20.81875023455359,-10.967599987441641,-57.979166669189,-10.599999999999994,53,1,203,0,85ae0ec7c80ed8590223509ab24d9914156d007ba7c04cae8211240b5a5e6b77
377,dqn,449,random,low,38.90291262135922,107.0,26.713333333333335,58,119,-129.53491267318532,206,87,0,1,0,0,300.0,-25.043750210432336,-20.163037524383252,-74.52812493836973,-9.799999999999997,49,2,206,0,4b8cb4795c248d46a0e6b7a5a6b05e2ea3de1a6debaa07f6a3c35c0619cc657b
378,dqn,336,random,ew_heavy,25.363387978142075,71.5,15.471666666666666,54,126,-77.01396273825306,183,57,0,2,0,0,300.0,-14.50468771404121,-8.071774977808674,-44.63750004640315,-9.799999999999997,49,3,183,0,51ec75921cc8c2e796542075e50c03c39467b8e9ac72a4316b41eaa6e3823fd3
379,dqn,430,random,balanced,36.882246376811594,135.0,33.931666666666665,76,150,-146.57763353585258,276,126,0,2,0,0,300.0,-31.810937672154978,-25.54586249190834,-78.0208333717892,-11.199999999999992,56,0,276,0,4eb5dde2aa37490fe197326854941b580f997feda81622c6997cc3e8fe1aff00
380,dqn,951,random,heavy,27.416030534351144,131.5,23.945,51,146,-115.68068355590874,262,116,0,4,0,0,300.0,-22.448437819024548,-12.72703751857698,-69.70520821830723,-10.799999999999994,54,1,262,0,dbd893b9af81a28c575bfda99f46c14d61c1274ceae8e10d4bd3c34f7b023257
381,dqn,360,random,low,38.76973684210526,143.0,39.28666666666667,72,180,-155.93316273402954,304,124,0,2,0,0,300.0,-36.831250300165266,-26.220662478730805,-82.48124995513353,-10.399999999999995,52,2,304,0,3ac84310f4670bdb914221cb8d2acef68e94ff1262e4805fd8d9ea613f2081e5
382,dqn,416,random,left_heavy,29.560606060606062,124.0,19.516666666666666,46,133,-118.42618352276106,198,65,0,6,0,0,300.0,-18.29687522200402,-11.745974988386296,-78.78333331237081,-9.599999999999998,48,1,198,0,05eb738634fb18cd6d445e1ee1563b42d90c4cb8de1596522fc512792662513e
383,dqn,254,random,ns_heavy,30.182978723404254,85.0,23.643333333333334,57,157,-97.54556288999301,235,78,0,2,0,0,300.0,-22.165625439956784,-11.820562486334532,-52.7593749637017,-10.799999999999994,54,2,235,0,9bf7758a6dcf0ff542cbe9677c323d374bf5017417f94938bcfddaa1ac7d0ed6
384,dqn,186,random,balanced,36.34863945578231,110.0,35.62166666666667,76,160,-133.07443806176656,294,134,0,2,0,0,300.0,-33.39531289949082,-20.429124989212873,-68.45000017306302,-10.799999999999994,54,1,294,0,537bc70cf66b225a15295c0ae796f794c2df44804e3cdb5fec58c920b55b125b
385,dqn,636,random,ns_heavy,28.566176470588236,93.0,12.95,35,104,-78.40597514206968,136,32,0,2,0,0,300.0,-12.140625213622116,-6.384099994338612,-50.28124993410893,-9.599999999999998,48,2,136,0,6c1fc46be2c7716d3de6fda3682d7a131b9405d19de6fce6c7b0aab1795c5d14
386,dqn,807,random,left_heavy,39.84749034749035,130.5,34.406666666666666,78,150,-146.1886751989929,259,109,13,17,0,0,300.0,-32.2562502482906,-23.523049953845483,-79.60937499685679,-10.799999999999994,54,0,272,13,18495bc49f47321300562cf1e93c23d6c1c0765b885c2d3d96d2bd2089e318ca
387,dqn,617,random,left_heavy,45.44047619047619,144.5,44.535,95,151,-171.8462672093076,294,143,15,18,0,0,300.0,-41.751562909572385,-36.12178756158171,-83.37291673815344,-10.599999999999994,53,1,309,15,08ba322e254c34962e79df05e986fa89c7f93514bb6336163781fa98c23012c2
388,dqn,936,random,heavy,34.8715953307393,130.0,29.873333333333335,57,168,-129.508745887968,257,89,0,1,0,0,300.0,-28.006250164471567,-18.61603750910071,-72.28645821439568,-10.599999999999994,53,1,257,0,edacc4545fa970a97c2ca37ead33660d2dee923af26469c1dd4769f22faaa98c
389,dqn,117,random,balanced,30.11081081081081,81.5,18.56833333333333,39,145,-87.15378769731832,185,40,0,1,0,0,300.0,-17.407812796649523,-7.217849978690358,-51.92812492197845,-10.599999999999994,53,2,185,0,7503aa03aec769da842fa75d86a1ea6aacf34d7e48f03362ca321bd432d5fa2f
390,dqn,721,random,left_heavy,47.16279069767442,145.0,54.09,92,167,-199.4276547684027,344,177,15,19,0,0,300.0,-50.709375458885916,-45.91098744544785,-91.80729186406825,-10.999999999999993,55,0,359,15,cc3ad764ddbdb9880659e92504901bb49d126eb571502690c8927b572619fc2e
391,dqn,506,random,left_heavy,34.381856540084385,105.5,27.166666666666668,56,152,-117.98171692510876,237,85,33,36,0,0,300.0,-25.468750381143764,-16.524424959293533,-65.58854158467147,-10.399999999999995,52,2,270,33,5850549723d34e5e210f162f4f47e5c6aac5b788736e6f1a189debdc4b3b8979
392,dqn,233,random,balanced,29.158227848101266,84.0,15.356666666666667,34,117,-82.89085428312465,158,41,0,2,0,0,300.0,-14.396875248872675,-6.761687477846135,-51.332291556405835,-10.399999999999995,52,3,158,0,4af62996debdab1aa3ea222acd0bc880dd16c7deba05674f73c7f8a8db56db77
393,dqn,114,random,balanced,33.645,110.5,22.43,44,151,-116.74478357059046,200,49,0,1,0,0,300.0,-21.028125298558734,-11.442700003805655,-73.27395826822612,-10.999999999999993,55,1,200,0,b590d370ce18877d6fbf4b2b3338f3ec117d833b14bf99e6ffae0eac7a90489f
394,dqn,308,random,left_heavy,35.418067226890756,107.0,28.105,52,153,-126.5652126331923,238,85,9,12,0,0,300.0,-26.348437741049565,-20.176150009279812,-69.2406248828629,-10.799999999999994,54,2,247,9,c84dc8f4f73a6dfff7e1721e7e9f92b3d31e3ab5aaf425b65088deea5a67f8ce
395,dqn,221,random,ew_heavy,36.64658634538153,109.5,30.416666666666668,64,152,-125.69291268511513,249,97,0,2,0,0,300.0,-28.515625137952156,-18.699162494310446,-68.07812505285256,-10.399999999999995,52,3,249,0,fc7fade8c82ced36b4951b9fb9b1e3b20d8294b108ef47c2a1df0eb2165530f4
396,dqn,743,random,left_heavy,29.864795918367346,119.5,19.516666666666666,40,131,-115.25897936083055,196,65,8,13,0,0,300.0,-18.29687526356429,-12.279812490243065,-74.68229160702322,-9.999999999999996,50,2,204,8,af3d3491f39fc948a42a6ef068548e2ef1a73df8abd6847e1c8f6477381d70b5
397,dqn,660,random,ew_heavy,28.1455938697318,129.5,24.486666666666668,55,168,-123.03544196960354,261,93,0,2,0,0,300.0,-22.956250291550532,-12.471899980877783,-77.60729169717524,-9.999999999999996,50,3,261,0,2ed79e64f524e5b7b8ab5f02f5934bd2a3de309d398f331ac9f1771fc1cdf4be
398,dqn,34,random,balanced,34.77220077220077,115.5,30.02,75,158,-129.24030448412879,259,101,0,2,0,0,300.0,-28.143750185146928,-17.126762494518335,-73.3697918044636,-10.599999999999994,53,2,259,0,f73a663e2568ed240bf11c9ed11b57ff90ac2b8da4d5ab4fbd9aafab6d5a041d
399,dqn,8,random,heavy,46.69604863221885,177.5,51.21333333333333,125,187,-181.2205501109614,329,142,9,14,0,0,300.0,-45.84375015622936,-36.34242500462714,-89.0343749501044,-9.999999999999996,50,3,338,9,7a60d19897b4203e62b38884cb3877f32c58f148fbbf3e5ef01cbf3bffa2af01
400,dqn,285,random,heavy,20.307486631016044,76.5,12.658333333333333,33,143,-71.62934603937245,187,44,0,3,0,0,300.0,-11.867187712225132,-5.491325001551741,-44.670833325595595,-9.599999999999998,48,2,187,0,f23c44c094b9f895f65717990a36be03fdb11e74dc9a69cc97dcd0531af545b5
401,dqn,708,random,ew_heavy,25.951680672268907,86.0,20.588333333333335,54,166,-90.41980016702364,238,72,0,2,0,0,300.0,-19.30156266805716,-8.63386248758107,-52.08437501138542,-10.399999999999995,52,1,238,0,466c5e932e25a716eba5189fe3f43c609cf8a659579ea01b68acc615d0f319cb
402,dqn,497,random,ns_heavy,41.21951219512195,139.0,39.43666666666667,69,156,-163.69054629364612,287,131,0,5,0,0,300.0,-36.97187535290141,-29.01658753691807,-86.70208340382669,-10.999999999999993,55,1,287,0,4dda8697133c89fbc4b8691f908a5599c6b3579f40490bc26c3c17c0853299b8
403,dqn,207,random,balanced,34.48627450980392,150.0,29.313333333333333,68,152,-143.21965862731528,255,103,0,2,0,0,300.0,-27.481250347336754,-17.995700029633742,-86.54270825034473,-11.199999999999992,56,1,255,0,8c03eeb155ed8fdf51b877ffe15244f207568615abf085b01bdcdb59c48db48d
404,dqn,161,random,low,24.90731707317073,110.0,17.02,40,152,-87.28865034590272,205,53,0,2,0,0,300.0,-15.956250331131741,-7.263649992582215,-53.66875002218876,-10.399999999999995,52,1,205,0,e7ddaa838673721e1cb01a08649d5299a2cdfd9fff826655f2e35102c00ce18f
405,dqn,976,random,ns_heavy,33.0125,90.5,22.008333333333333,52,131,-99.76427947509148,200,69,0,2,0,0,300.0,-20.6328128115274,-11.958549981289975,-56.37291668227408,-10.799999999999994,54,0,200,0,3ab555dd0a6952a67b71d0247cc7301af9df3bb6ddbc1a4cf2a170a4d759aabc
406,dqn,858,random,balanced,28.16532258064516,118.0,23.283333333333335,62,160,-110.41880433492695,248,88,0,3,0,0,300.0,-21.82812526077032,-11.870887494328052,-65.9197915798286,-10.799999999999994,54,1,248,0,f19cf88596ebefd71b3fa3ca381468cead43ba81f08bc25a5deb61e75d99071a
407,dqn,650,random,low,39.6900826446281,159.5,32.016666666666666,65,150,-149.7690920907662,242,92,0,2,0,0,300.0,-30.01562539988663,-22.927425024437984,-85.8260416664416,-10.999999999999993,55,0,242,0,e3db086946e9fb625013588cd1f967be4a4dfdf922403475760a3d068ea716b5
408,dqn,816,random,ns_heavy,34.17256637168141,152.0,25.743333333333332,57,158,-123.80744613508202,226,68,0,2,0,0,300.0,-24.134375310735777,-12.992862500240879,-75.68020832410548,-10.999999999999993,55,1,226,0,9fe063bac8a2dc7692c71fcd56aa9bb383e05d9aed360c7b1e5c5052348d5080
409,dqn,729,random,balanced,44.03061224489796,149.5,43.15,106,141,-170.32831260913161,294,153,0,2,0,0,300.0,-40.45312516356353,-31.190812461004683,-88.28437498456333,-10.399999999999995,52,2,294,0,da8550020074e6762e0fddc3a4f5cdd0a85f1e5f3c8998cc429f961f722d6e51
410,dqn,734,random,ns_heavy,35.838862559241704,122.5,25.206666666666667,51,140,-121.41254612793786,211,71,0,2,0,0,300.0,-23.63125031988602,-14.654212501455186,-71.92708330659661,-11.199999999999992,56,2,211,0,2e6b796466229044a6e58dd5d0dabd0d6030e417ff0924a5020e250098080618
411,dqn,476,random,heavy,33.73568281938326,131.5,25.526666666666667,53,139,-117.86411694213679,227,88,0,2,0,0,300.0,-23.93125032586977,-15.544325019208925,-67.38854159705807,-10.999999999999993,55,1,227,0,01df4fe4bef3728d7ac117fbc10f1662b9535b83f6da49c8ca1aeb5fa2736674
412,dqn,333,random,ns_heavy,37.549828178694156,107.5,36.42333333333333,86,161,-138.84435429822977,291,130,0,3,0,0,300.0,-34.14687522710301,-24.87456250182223,-68.82291656930465,-10.999999999999993,55,3,291,0,0180d743a81999f28379761a2626ea1e176d39e21570aabbfd38ee4294e4be79
413,dqn,909,random,balanced,34.81909547738694,100.0,23.096666666666668,47,146,-107.9662249923327,199,53,0,2,0,0,300.0,-21.653125216951594,-11.438099966651496,-63.874999808729626,-10.999999999999993,55,1,199,0,caed48faee592b6587c11a396611f88ce90a17e4d2714c565003d0db941a9e99
414,dqn,870,random,low,32.32462686567164,111.0,14.438333333333333,44,99,-94.25049601579444,134,35,0,1,0,0,300.0,-13.535937595297582,-8.59684999878882,-62.917708421708085,-9.2,46,4,134,0,85325f5f55a952933135b8fd0c6fdffd8ebc715b0c00c3050f2ecda054d46c6e
415,dqn,279,random,left_heavy,19.423357664233578,75.5,8.87,19,119,-63.755741780761284,137,18,0,2,0,0,300.0,-8.315625158254988,-2.592199995739065,-43.647916626767255,-9.2,46,2,137,0,9b081ad746759664a3bbfdab9e8316059c50f303a76e993bc95f0bd981d4a49a
416,dqn,782,random,balanced,31.872844827586206,119.5,24.648333333333333,47,136,-123.05080838911378,232,96,0,2,0,0,300.0,-23.10781265841797,-16.5284125213293,-72.21458320936654,-11.199999999999992,56,1,232,0,2f70f7d3e93bcbbf7d209f50c74cbb24789ab97696e462fdf2711e75ca027f3e
417,dqn,436,random,heavy,29.054054054054053,146.5,25.083333333333332,62,172,-139.07089611318295,259,87,0,2,0,0,300.0,-23.515625300002284,-16.828187507049734,-87.92708330613095,-10.799999999999994,54,1,259,0,20c205bdaee82bb23666523351fcb84dfd2e8ddb303e4580ed75b0b7beefb53d
418,dqn,499,random,heavy,21.374015748031496,72.0,9.048333333333334,23,109,-66.82169181249121,127,18,0,1,0,0,300.0,-8.482812654809095,-2.778462498504813,-45.76041665917728,-9.799999999999997,49,3,127,0,cd1e7bbcc53fe9e3f603ec53fb8eb51ebd71e311233ca9a526d86014ed6d8393
419,dqn,283,random,balanced,20.31168831168831,76.0,10.426666666666666,24,121,-72.93231683444323,154,33,0,2,0,0,300.0,-9.775000198394991,-4.628149989071245,-48.129166646976955,-10.399999999999995,52,2,154,0,61f5ab7cb234700a4cb9cf9939af3180316274c3566b352906800623549545e4
420,dqn,201,random,ns_heavy,37.276679841897234,133.5,31.436666666666667,76,151,-138.10149199861254,253,102,0,1,0,0,300.0,-29.471875294693746,-20.484825011959042,-77.94479169195984,-10.199999999999996,51,2,253,0,9acbc1a5e96c89711f386c6aba97838974e137960f15e42c74a6dda9ed0ed9e5
421,dqn,139,random,ew_heavy,27.333333333333332,83.5,15.306666666666667,39,109,-82.14839183271468,168,59,0,1,0,0,300.0,-14.350000205799006,-7.5942249960506185,-49.204166630865075,-10.999999999999993,55,1,168,0,cf2892173b4cc151b61325d1d5b06852b862fa746401066264d22457ced5f726
422,dqn,64,random,left_heavy,33.22018348623853,132.0,24.143333333333334,50,127,-135.776454550874,218,91,8,17,0,0,300.0,-22.63437542365864,-17.094162464312834,-85.44791666290257,-10.599999999999994,53,0,226,8,78170b0325ca5012e7ea383af3843a7742d5b7cd7e4b297199269f706fa27aea
423,dqn,50,random,heavy,38.50194552529183,163.0,32.983333333333334,60,155,-148.64681273742536,257,102,0,3,0,0,300.0,-30.921875266125426,-23.871812541125845,-82.85312493017409,-10.999999999999993,55,2,257,0,a97da7d4b8b56d8f0c7849f6dbbc2eb6f5db4aa6c780b640fe05eddd9c48f298
424,dqn,576,random,balanced,31.575289575289574,126.0,27.26,59,148,-121.19601678461991,259,111,0,3,0,0,300.0,-25.55625024472829,-15.379349976826779,-70.06041656306479,-10.199999999999996,51,2,259,0,98f0a1aa598913d7c08fea0eac23359114d68b055d1434c34dc6d09ee1ed8c6d
425,dqn,624,random,ns_heavy,19.119760479041915,64.0,10.643333333333333,31,139,-67.60351269622113,167,28,0,2,0,0,300.0,-9.978125202003866,-3.7410125025759027,-43.88437499164138,-9.999999999999996,50,3,167,0,94a11bf2d7252ac722ef0bfd76ed5bb2828e729d18e7d06f83d17250af5832c9
426,dqn,65,random,ns_heavy,32.94748858447488,120.5,24.051666666666666,46,155,-129.1658128423478,219,64,0,2,0,0,300.0,-22.54843782237731,-13.74237498772345,-81.87500003224704,-10.999999999999993,55,1,219,0,2f6620695537c5d4c628d16d3a167bd4d2b13ca118834fdc9137e318f517efd1
427,dqn,788,random,left_heavy,33.85294117647059,127.0,24.941666666666666,51,149,-127.12898770336106,221,72,5,9,0,0,300.0,-23.382812704192474,-16.98054996319625,-75.76562503597233,-10.999999999999993,55,1,226,5,44705813f6f7e5a7055446763803e7be36835fec1ae096d7c7d1add03bf0a272
428,dqn,573,random,heavy,24.511467889908257,86.0,17.811666666666667,42,150,-94.59179174907108,218,68,0,2,0,0,300.0,-16.698437710525468,-7.498562482465784,-59.79479155607987,-10.599999999999994,53,2,218,0,31ff004eff4deaa213bbd0fa65f23610e4b8b75288a03d389fa1a3d17530162e
429,dqn,587,random,low,34.34375,132.5,27.475,62,141,-135.70884579437416,240,99,0,2,0,0,300.0,-25.75781244598329,-19.38957496840594,-79.96145837998483,-10.599999999999994,53,2,240,0,d1f7065b1bfbf0e8bec30c1566e402ed7431a4a9686a28b5fd5e706b16615225
430,dqn,21,random,ns_heavy,33.18257261410788,178.0,26.656666666666666,56,148,-137.42916704843438,241,93,0,2,0,0,300.0,-24.99062539753504,-16.07500000103537,-84.96354164986406,-11.399999999999991,57,3,241,0,3660173dc164fa1364ff5e75c68a5eaa7401d80a3012b56f10f7425f8b254d13
431,dqn,475,random,ew_heavy,31.248927038626608,117.5,24.27166666666667,51,130,-121.82676280912268,233,103,0,2,0,0,300.0,-22.754687808686867,-16.556450005441732,-71.51562499499414,-10.999999999999993,55,1,233,0,38ce66eace428105135a40013f31aa6b3c558aa30156671ef8af512644f11c44
432,dqn,773,random,low,33.55905511811024,116.5,28.413333333333334,60,162,-116.56461679782151,254,92,0,2,0,0,300.0,-26.637500174692832,-17.77295002653627,-61.154166596592404,-10.999999999999993,55,2,254,0,df7200a9dac373bbcfc06f0594a303f5a021428f1ee15ca33c0395fea6150f43
433,dqn,327,random,ew_heavy,26.688953488372093,109.5,15.301666666666666,36,122,-87.34059180444821,172,50,0,2,0,0,300.0,-14.34531267278362,-7.881737481893655,-54.11354164977092,-10.999999999999993,55,1,172,0,3467bc0f21b9c701fe63a1cfd1e002335ad031bd7302bdcfb6b0257fc1d88879
434,dqn,878,random,low,29.236559139784948,101.5,18.126666666666665,48,135,-101.0680253225721,186,51,0,1,0,0,300.0,-16.993750208290294,-8.858649993186557,-64.41562512109522,-10.799999999999994,54,1,186,0,951cdc69d092f84fa4a17b5426485286bd1a9875f45ad7a180a7f27a41c6cccc
435,dqn,652,random,left_heavy,44.63385826771653,176.5,37.791666666666664,68,151,-169.6095126596883,254,103,25,27,0,0,300.0,-35.42968772200402,-33.820449976590325,-88.959374961094,-11.399999999999991,57,1,279,25,86c09604b7ab65b8cba1f44353c895b3e94156022cba51a43e414416ccc59735
436,dqn,848,random,balanced,8.840909090909092,43.5,2.5933333333333333,11,87,-28.146095905357647,88,1,0,1,0,0,300.0,-2.431250054971315,-0.4283875000175612,-16.286458350368775,-9.0,45,2,88,0,91ee3e01d94e54d057b608ed39661e72666243487c6e91ee96dc051a8fad0f0c
437,dqn,406,random,heavy,30.98014440433213,114.0,28.606666666666666,65,149,-135.75970043569325,277,128,0,5,0,0,300.0,-26.818750286125578,-21.56907501263995,-76.5718751369277,-10.799999999999994,54,3,277,0,a83a8ea8bbdb6b35a0d6847b65aef215fcc730f7d56bad2b7a801531da04e3c1
438,dqn,849,random,low,36.08100558659218,144.0,21.528333333333332,46,125,-120.9206877151947,179,54,0,1,0,0,300.0,-20.182812695624307,-12.291000045810502,-77.24687497375999,-11.199999999999992,56,1,179,0,e3b3f6f7262bdb42cf1563d012b38205c72140f9c1ff0b9589bc8f60ecc24cb6
439,dqn,948,random,left_heavy,25.125,84.0,13.405,30,110,-85.93416691714735,160,50,7,12,0,0,300.0,-12.567187754437327,-7.7565624966409805,-55.41041666606907,-10.199999999999996,51,1,167,7,6bddc68af6004c6f92bd2e67d06c542a52ee9edbe74da0d705266555a008a56f
440,dqn,679,random,left_heavy,14.08,56.5,7.041666666666667,15,119,-46.045308518700054,150,31,0,9,0,0,300.0,-6.601562676019967,-1.910412503300904,-29.53333333937917,-8.000000000000004,40,4,150,0,8da9a28253ea8377ab7e3782a50f72ccf79362b65bbec2973e612616dfdf68ae
441,dqn,402,random,heavy,38.65,154.5,32.208333333333336,69,142,-147.68880437206172,250,108,0,2,0,0,300.0,-30.195312708383426,-22.092450037283573,-84.20104162639473,-11.199999999999992,56,0,250,0,b4d3738f6a03ae53104a3ed6b4190a7681bbaf9751c2281a04491b807446e099
442,dqn,828,random,ns_heavy,19.906698564593302,89.5,13.868333333333334,45,139,-73.22744184819679,209,70,0,2,0,0,300.0,-13.001562757533975,-5.084212503080929,-43.54166658758186,-11.59999999999999,58,0,209,0,9c411d8d6c7369ab12b03a91e4c70571dec27596539d2b3d54a883f1da397be9
443,dqn,184,random,ew_heavy,38.092948717948715,115.5,39.61666666666667,74,161,-143.2167294965257,312,151,0,2,0,0,300.0,-37.14062527194619,-27.103187519581127,-67.77291670499835,-11.199999999999992,56,1,312,0,739a8c2c86624d6fa1953f2e4f6d735297399b37f404605934aec59ccffa7402
444,dqn,221,random,ew_heavy,35.95783132530121,145.5,29.845,58,157,-136.77240456077928,249,92,0,2,0,0,300.0,-27.979687936604023,-19.46667499182004,-78.72604163235519,-10.599999999999994,53,2,249,0,fc7fade8c82ced36b4951b9fb9b1e3b20d8294b108ef47c2a1df0eb2165530f4
445,dqn,948,random,left_heavy,24.736526946107784,79.0,13.77,33,117,-80.09666251287052,167,50,0,2,0,0,300.0,-12.909375144634396,-6.431037484255648,-50.95624988398049,-9.799999999999997,49,3,167,0,6bddc68af6004c6f92bd2e67d06c542a52ee9edbe74da0d705266555a008a56f
446,dqn,731,random,left_heavy,39.9847972972973,146.0,39.46,78,162,-156.1455211584187,296,134,14,17,0,0,300.0,-36.99375030386727,-29.246562509584304,-78.7052083449671,-11.199999999999992,56,1,310,14,7b1a9269dd8edfe3c1d1e48bc34a353b80f56befe9e2f839621f204538f17b09
447,dqn,20,random,low,26.321875,120.0,14.038333333333334,33,128,-93.92992934369472,160,32,0,2,0,0,300.0,-13.160937731852755,-6.677325005936291,-63.09166660590563,-10.999999999999993,55,1,160,0,8d3b6ddf3c071813d242712b96e39f0c1e4031a9aa8f7893e5b53f17313f46aa
448,dqn,713,random,ew_heavy,30.98181818181818,108.0,22.72,57,138,-113.70073774579205,220,82,0,2,0,0,300.0,-21.300000257091597,-13.135112506162832,-69.2656249825377,-9.999999999999996,50,2,220,0,cf06810f86bbfbf5d1fa75f3976f9dd809fd849b3398207e31c95efd63b068f0
449,dqn,667,random,left_heavy,41.58245614035088,132.0,39.51,90,153,-155.07515453453163,285,132,26,28,0,0,300.0,-37.04062536312267,-26.989737527132814,-80.24479164427612,-10.799999999999994,54,1,311,26,32c980a7205d1805667f2496501c38f85d741aff936f84f2113c9ea4d565cab1
450,dqn,546,random,ns_heavy,27.043181818181818,99.5,19.831666666666667,46,157,-100.44846274047593,220,63,0,1,0,0,300.0,-18.592187711736187,-10.353150006178481,-60.30312502256129,-11.199999999999992,56,1,220,0,3d67ec0cd17ba769454cdafa6a62d5b6bd58256b6f7748f96903e4ef50a4750b
451,dqn,130,random,heavy,35.715025906735754,121.5,22.976666666666667,51,133,-106.58897519598757,193,60,0,1,0,0,300.0,-21.540625378256664,-12.976475004530942,-61.471874813199975,-10.599999999999994,53,2,193,0,51b1e36fbfc2726b213e586673a5fe48716b975b8cacc99f3a3b6e9d70bcd7e8
452,dqn,470,random,low,26.116071428571427,80.5,9.75,28,95,-73.35532935624433,112,17,0,2,0,0,300.0,-9.140625255764462,-4.669912500720966,-50.9447915997589,-8.600000000000001,43,2,112,0,9eddc8a3400f077067ff2f698d67eaa8a3c2f16cbddc069f7d41f7e7b556de4f
453,dqn,572,random,left_heavy,39.4472049689441,150.5,42.34166666666667,77,157,-169.00389600493799,322,165,11,15,0,0,300.0,-39.69531279290095,-33.79712496038847,-84.91145825164858,-10.599999999999994,53,1,333,11,95aefbf8f6ade8b1ea2067f6459e407444e5d3b89299d105014b8645f7eedf14
454,dqn,704,random,left_heavy,43.55987055016181,153.0,44.873333333333335,87,165,-175.51382949084584,309,144,12,23,0,0,300.0,-42.068750344216824,-37.33466250086277,-86.11041664576624,-9.999999999999996,50,3,321,12,78ede428d382315c0dc057923d3e72030513cb5d6e92421e7309fff9c4e779e9
455,dqn,813,random,ew_heavy,31.86294416243655,122.5,20.923333333333332,39,125,-120.76899183777276,197,72,0,1,0,0,300.0,-19.615625180187635,-13.55232500024722,-76.80104165733792,-10.799999999999994,54,2,197,0,36c3c81ae1812a4a716c3fbff8df6a722e2933869db1de60b49c57c05c5dfea4
456,dqn,8,random,heavy,35.17307692307692,186.0,39.62833333333333,78,172,-173.65148770868325,338,166,0,3,0,0,300.0,-37.151562678511254,-30.112425021813394,-95.78750000835862,-10.599999999999994,53,2,338,0,7a60d19897b4203e62b38884cb3877f32c58f148fbbf3e5ef01cbf3bffa2af01
457,dqn,438,random,low,37.787974683544306,168.5,39.803333333333335,77,172,-161.0465002111531,316,144,0,4,0,0,300.0,-37.31562520423904,-28.377750029801255,-84.75312497711275,-10.599999999999994,53,2,316,0,77b18cdec4a1ceb582c0f00d3afcbf8b4cfa9d99a904da6975f98f611255d07e
458,dqn,191,random,balanced,27.827319587628867,106.5,17.995,38,141,-99.85338781423997,194,53,0,1,0,0,300.0,-16.870312810176983,-8.417450003853443,-63.36562500020955,-11.199999999999992,56,2,194,0,4d0957c9651ff85b55a9c15aa51319839b175dd0c513bf4017ab2d2aa6034de8
459,dqn,511,random,heavy,31.829268292682926,164.5,26.1,52,167,-133.08320426540666,246,79,0,1,0,0,300.0,-24.46875010454096,-16.932162506158782,-80.88229165470693,-10.799999999999994,54,2,246,0,470e97e6cfabb991fc50f9ee285e8e3a0481bb8d02b0d8e768f82303e865125e
460,dqn,352,random,ns_heavy,41.86443661971831,129.5,39.63166666666667,82,163,-153.3260712660886,284,121,0,2,0,0,300.0,-37.154687878792174,-26.581800016997295,-78.38958337029908,-11.199999999999992,56,1,284,0,550e14806aaf5da01382f132de42344e06650276809c1d55f9ec04e1003f749d
461,dqn,327,random,ew_heavy,25.401162790697676,125.5,14.563333333333333,35,120,-92.31346271305301,172,52,0,2,0,0,300.0,-13.6531252192799,-7.738462508464726,-60.521874985308386,-10.399999999999995,52,2,172,0,3467bc0f21b9c701fe63a1cfd1e002335ad031bd7302bdcfb6b0257fc1d88879
462,dqn,896,random,left_heavy,42.58710801393728,142.0,40.748333333333335,74,155,-171.1817169268084,287,132,10,15,0,0,300.0,-38.20156277914066,-34.81661247191297,-86.76354167575482,-11.399999999999991,57,1,297,10,7f4c4c5662e7293d786a0f1992f6a7b171c963ab4b60886e9738179fb962b533
463,dqn,243,random,low,31.418960244648318,100.0,34.24666666666667,75,165,-134.4170380560522,327,162,0,4,0,0,300.0,-32.10625049448572,-21.954537511624213,-69.15625004994217,-11.199999999999992,56,1,327,0,53c132128a73a63731a804fff55d1d930685c44ef4546fd3030237b4e593c852
464,dqn,517,random,left_heavy,35.94318181818182,140.0,26.365,54,123,-139.2554170617608,220,97,23,28,0,0,300.0,-24.717187830246985,-23.12468751664347,-80.01354171487037,-11.399999999999991,57,1,243,23,08afa3683e4385608022cb7e3b9497ecd327424c9624aa19a59326727d9d4912
465,dqn,382,random,balanced,38.90262172284644,173.0,34.623333333333335,76,161,-163.259075297381,267,106,0,3,0,0,300.0,-32.45937529660296,-27.024700001313605,-94.17499999946449,-9.599999999999998,48,3,267,0,ac4e266923b80c6a97cba4387090b49111df7b78f19acb31b8a3aee4fd62d53a
466,dqn,360,random,low,38.9983552631579,127.0,39.51833333333333,81,167,-152.81374601404326,304,137,0,2,0,0,300.0,-37.048437734367326,-25.928849943463135,-78.83645833621267,-10.999999999999993,55,2,304,0,3ac84310f4670bdb914221cb8d2acef68e94ff1262e4805fd8d9ea613f2081e5
467,dqn,447,random,ew_heavy,35.59423076923077,148.5,30.848333333333333,75,160,-135.91857536600517,260,100,0,2,0,0,300.0,-28.920312783448026,-18.54826251082195,-77.65000007173512,-10.799999999999994,54,1,260,0,454d144e27bc693fbec17011190ac0eeb328e1147ca57f151f5f7a4ad9dc8962
468,dqn,339,random,balanced,37.62305295950156,166.0,40.25666666666667,87,158,-156.19955009474435,321,163,0,2,0,0,300.0,-37.74062516330741,-27.974550011693644,-79.68437491974328,-10.799999999999994,54,1,321,0,1ab825ab2115f843b642b7b44f7907d842e1ff14368fe03e57aa282564120324
469,dqn,305,random,ns_heavy,25.931818181818183,111.5,17.115,38,154,-94.77040030163036,198,44,0,2,0,0,300.0,-16.04531282419339,-7.846962501441882,-60.67812497599516,-10.199999999999996,51,1,198,0,a5cfeab54eabbe4f2eb28a0126b21117f5f9dda276c76187262f940ef7dd3057
470,dqn,356,random,balanced,29.56,127.5,17.243333333333332,34,142,-116.01805865164718,175,33,0,1,0,0,300.0,-16.16562527359929,-10.850349983161863,-78.602083394886,-10.399999999999995,52,3,175,0,4e1e450d65bafd15a22d816917888b68e39a0008f8f8974151cbc660118185d0
471,dqn,957,random,left_heavy,37.552830188679245,144.0,33.175,77,143,-149.1936797295828,265,122,1,6,0,0,300.0,-31.101562967407517,-24.044200029609776,-83.2479167325655,-10.799999999999994,54,3,266,1,a769ffae74c0615d5c54de66947062c2abd1179efe4c8ee1854eb6b01241a98f
472,dqn,932,random,ns_heavy,32.030973451327434,128.0,24.13,61,150,-131.61528765701738,226,76,0,1,0,0,300.0,-22.621875250828452,-14.71216250446669,-83.88124990172219,-10.399999999999995,52,4,226,0,f0656e04c11bde5e78ef8fed9d64556e11cb70395092fc1ec3d0c7e874edbbfe
473,dqn,373,random,left_heavy,35.56679389312977,201.5,31.063333333333333,65,144,-163.75872929989865,262,118,9,14,0,0,300.0,-29.12187515455298,-23.607687517833252,-100.22916662751231,-10.799999999999994,54,3,271,9,b25ae643c885ad1fde8e3f2bd994bec487e3cdf5f908e9da9c35f3fbc142e448
474,dqn,49,random,balanced,35.134387351778656,144.5,29.63,65,163,-133.26316280115205,253,90,0,2,0,0,300.0,-27.778125383891165,-16.422537484851638,-77.86249993240926,-11.199999999999992,56,1,253,0,ce40379bc1b88af8d6013096b2d7539eb8838ebf4276b3eb87f97281156cf0d0
475,dqn,366,random,balanced,36.028169014084504,128.5,25.58,53,121,-134.3725127476958,213,92,0,1,0,0,300.0,-23.981250176555477,-18.54751252902133,-80.44375004211906,-11.399999999999991,57,1,213,0,78551331bd3510eddba1cf38bf24bea2943cdb4eefc800d52ad77e2130f849f8
476,dqn,399,random,low,27.67829457364341,112.0,23.803333333333335,61,155,-120.75347110284707,258,103,0,2,0,0,300.0,-22.315625196904875,-14.004512515154051,-73.23333339078818,-11.199999999999992,56,0,258,0,29991776368f820f57f188855e057eeea4c16fabcf7f6de076687eede13b0041
477,dqn,318,random,balanced,34.70750988142292,132.0,29.27,81,145,-122.47140847824124,253,108,0,2,0,0,300.0,-27.440625218790956,-16.903699964774564,-67.12708329467569,-10.999999999999993,55,1,253,0,bad8acf6ae8bf1d2e297303d4d97064ec72a24903ba76ed52b74cf34cd8221e0
478,dqn,865,random,balanced,38.10504201680672,106.5,30.23,64,151,-126.917729518962,238,87,0,1,0,0,300.0,-28.340625283424743,-18.516687462645503,-68.86041677289177,-11.199999999999992,56,1,238,0,4f36b8198aa83306e6e95cd8a3578d2885a75d34d68fb14d973810d563ba8cdf
479,dqn,838,random,ns_heavy,31.621076233183857,142.0,23.505,51,134,-120.70684190575923,223,89,0,2,0,0,300.0,-22.03593765536789,-15.713612520060996,-71.95729173033033,-10.999999999999993,55,2,223,0,ed962a61ca7e1a97d88e219db4252b78d920926829988e6376d3d3744e09b5d9
480,dqn,878,random,low,28.868279569892472,92.5,17.898333333333333,35,126,-87.31436687220047,186,60,0,1,0,0,300.0,-16.779687724774703,-9.158637509110125,-50.376041638315655,-10.999999999999993,55,1,186,0,951cdc69d092f84fa4a17b5426485286bd1a9875f45ad7a180a7f27a41c6cccc
481,dqn,977,random,heavy,34.98014440433213,131.5,32.29833333333333,73,168,-128.04915025819295,277,109,0,2,0,0,300.0,-30.279687730479054,-18.25383752526905,-68.51562500244472,-10.999999999999993,55,1,277,0,8c44976afab54d46686c7a0aeed299fbd08e91ce668dd0bebe01c0c15979d12d
482,dqn,40,random,left_heavy,40.308300395256914,107.0,33.995,78,136,-140.85425439545725,253,117,0,3,0,0,300.0,-31.870312762097456,-21.81727497231987,-76.16666666103993,-10.999999999999993,55,1,253,0,9fff2a1f8b5b9875558d6298c602dcd3de1e02f0d957361cd82f1335e91aab6b
483,dqn,825,random,ew_heavy,26.245726495726494,100.0,20.471666666666668,55,143,-108.20515469968444,234,91,0,2,0,0,300.0,-19.192187850596383,-12.496299995450679,-65.71666685363743,-10.799999999999994,54,2,234,0,c62968ea81fdd00e4835c0f5d840523798f9c457b39644cc0d6ec68401d7573d
484,dqn,326,random,ns_heavy,37.30535714285714,167.0,34.818333333333335,67,155,-154.5088794060045,280,125,0,2,0,0,300.0,-32.64218775636982,-23.51252497183086,-87.35416667780373,-10.999999999999993,55,3,280,0,e87bcb8923368989a35162a3ec8aaa232e911d5b0a2b623a606e5f543670b822
485,dqn,684,random,balanced,34.64888888888889,119.5,25.986666666666668,59,144,-120.90182107036013,225,81,0,2,0,0,300.0,-24.36250020447187,-15.327862516823364,-70.01145834906492,-11.199999999999992,56,1,225,0,d7c44b148cbb1a2bfbb98c0e4fcc9853f4cddbf2ff8822998a1c342e4fc3e6a0
486,dqn,43,random,left_heavy,36.37872340425532,143.5,28.5,62,142,-136.97582108496493,235,93,6,9,0,0,300.0,-26.718750219559297,-21.22998753084612,-77.82708333455957,-11.199999999999992,56,3,241,6,a88a78010f1855cb196fb49c2f38ef4a64f9ada54d39be44382ee5baa87686db
487,dqn,971,random,ns_heavy,31.1375,142.0,24.91,53,166,-131.836208820474,240,74,0,2,0,0,300.0,-23.353125396068208,-16.652875011149447,-81.03020841325633,-10.799999999999994,54,3,240,0,5927a1b8d7c3ea545e0337c496efa177bfef11f6f34431a87dee4ae13c2159a4
488,dqn,317,random,ns_heavy,32.9358407079646,130.5,24.811666666666667,63,137,-132.555558493048,226,89,0,3,0,0,300.0,-23.260937814600766,-19.717537462747714,-79.57708321569953,-9.999999999999996,50,3,226,0,cbe217d339231af89af1a775b5fe05fcbe921f7e17f5c2e09fdc68c8e22ee96f
489,dqn,42,random,balanced,36.67920353982301,122.0,27.631666666666668,61,145,-128.40045869958846,226,81,0,1,0,0,300.0,-25.904687805101275,-16.30931252046285,-75.18645837402437,-10.999999999999993,55,1,226,0,c59b4cda74a9ff082421aa4a6602efc18f2acf4344a7f7ee1201dbd18b21addf
490,dqn,355,random,ew_heavy,36.37899543378995,135.0,26.55666666666667,60,149,-119.37650036145862,219,70,0,2,0,0,300.0,-24.89687539834995,-14.045249995681655,-69.634374967427,-10.799999999999994,54,2,219,0,5293f30bc2385bd8d7d52ab1786ecc37a67840a2fa644a1a9defb7a36a9e19a3
491,dqn,934,random,left_heavy,36.91885964912281,149.0,28.058333333333334,57,141,-135.5163418715376,228,87,0,1,0,0,300.0,-26.304687766125426,-18.466862494104866,-79.3447916113073,-11.399999999999991,57,2,228,0,91d672bfcece7cb5254962a5667d6dac82c4360b7c8d1558019dcd0328f86672
492,dqn,179,random,low,32.76923076923077,99.0,31.241666666666667,70,146,-114.66792514545456,286,140,0,2,0,0,300.0,-29.289062778814696,-19.481987481914253,-54.89687488472555,-10.999999999999993,55,1,286,0,dd005d4ddddd10f98a84b3fba362bf43ac73f439c1a802364a3e50716a075303
493,dqn,299,random,heavy,26.53684210526316,110.5,16.80666666666667,40,142,-103.46780854741888,190,48,0,1,0,0,300.0,-15.75625029776711,-7.234475000052044,-69.47708324959967,-10.999999999999993,55,1,190,0,675fba78ba3e9d88fed99dbfe39e6bfc1a27751e425c58dc3905fcfdfa774678
494,dqn,976,random,ns_heavy,32.6575,115.0,21.77166666666667,56,136,-111.08560846339898,200,64,0,2,0,0,300.0,-20.410937732202,-13.781962488209684,-65.89270824298728,-10.999999999999993,55,1,200,0,3ab555dd0a6952a67b71d0247cc7301af9df3bb6ddbc1a4cf2a170a4d759aabc
495,dqn,504,random,low,35.06926406926407,177.0,27.003333333333334,54,150,-147.57155864501047,231,81,0,2,0,0,300.0,-25.31562522787135,-19.7444750097733,-91.11145840736572,-11.399999999999991,57,1,231,0,841ead57d2fd8680e6608855215f58601ae4809db6008e3900aaf5f4f0b013cb
496,dqn,23,random,balanced,26.291411042944784,104.5,14.285,34,112,-90.43383774778117,163,51,0,2,0,0,300.0,-13.392187774879858,-8.151025015905176,-58.09062495699618,-10.799999999999994,54,0,163,0,1608d8f38f55535d34068019ac898235e284684453ca4ae0e3780ced5f2056c0
497,dqn,506,random,left_heavy,35.661572052401745,125.0,27.233333333333334,68,150,-129.29817943295268,229,79,41,44,0,0,300.0,-25.531250299187377,-18.984637449256123,-74.38229168450925,-10.399999999999995,52,3,270,41,5850549723d34e5e210f162f4f47e5c6aac5b788736e6f1a189debdc4b3b8979
498,dqn,233,random,balanced,27.775316455696203,96.5,14.628333333333334,35,117,-90.20530010034487,158,41,0,2,0,0,300.0,-13.714062653365545,-7.659987495012319,-57.83124995196704,-10.999999999999993,55,1,158,0,4af62996debdab1aa3ea222acd0bc880dd16c7deba05674f73c7f8a8db56db77
499,dqn,732,random,balanced,37.97692307692308,113.0,24.685,50,117,-123.69686666729035,195,78,0,2,0,0,300.0,-23.142187572899275,-16.538012485644874,-73.01666660874616,-10.999999999999993,55,0,195,0,870002afedfe01785bba24bf53e8ec1c1e8793ca7c50c1e6295716efade2d3b4
500,dqn,654,random,ns_heavy,35.8503937007874,128.0,30.35333333333333,62,163,-122.99114615880247,254,91,0,1,0,0,300.0,-28.45625028118957,-17.648437508408097,-65.88645836920477,-10.999999999999993,55,1,254,0,766ff4111426a40427dbd142d1061bfbab5c451dad7ee5ad1a14ce8847c36e0a
501,dqn,694,random,low,33.41304347826087,106.0,25.616666666666667,54,156,-119.84509607652794,230,74,0,2,0,0,300.0,-24.01562525553163,-14.371137490185356,-70.458333330811,-10.999999999999993,55,2,230,0,37f6f13a3f50f5e60891bb84ced1f9707127e025e64c05f3b8b857c18870e800
502,dqn,502,random,ns_heavy,30.253086419753085,129.5,24.505,62,148,-120.56140866131683,243,95,0,2,0,0,300.0,-22.9734377656132,-13.698387520934194,-72.68958337476943,-11.199999999999992,56,2,243,0,587b6a738beee818c4ee8a05897de2582a50bdb2970cb67fcf263c1164006f3b
503,dqn,701,random,balanced,45.30845070422535,137.0,53.615,102,161,-183.08380034044646,355,194,0,2,0,0,300.0,-50.26406271161977,-40.719737487055625,-81.10000014177058,-10.999999999999993,55,1,355,0,46776f71aa7b179c0527bf0e8b87e8ee9e2fa52a8363adeea2edb0efe737b78d
504,dqn,595,random,low,41.59752321981424,102.0,44.788333333333334,95,149,-152.71989627956418,323,174,0,2,0,0,300.0,-41.98906283255201,-33.656875046165815,-65.67395840084646,-11.399999999999991,57,0,323,0,176365a0d053e45756d5ac52d18e237a4e8129ec1805e3ce86f335a362671275
505,dqn,721,random,left_heavy,50.976401179941,168.5,57.608333333333334,98,161,-211.92535845825185,339,178,20,22,0,0,300.0,-54.00781276647467,-50.4404624108842,-96.07708328089211,-11.399999999999991,57,1,359,20,cc3ad764ddbdb9880659e92504901bb49d126eb571502690c8927b572619fc2e
506,dqn,21,random,ns_heavy,33.69502074688797,166.5,27.06833333333333,54,155,-135.99605867341816,241,86,0,2,0,0,300.0,-25.376562808291055,-15.2080374907302,-84.2114583743969,-11.199999999999992,56,1,241,0,3660173dc164fa1364ff5e75c68a5eaa7401d80a3012b56f10f7425f8b254d13
507,dqn,129,random,left_heavy,39.08746355685131,133.0,44.693333333333335,91,164,-164.6692001960394,343,179,16,20,0,0,300.0,-41.90000019397121,-35.00670003221964,-76.56249996984843,-11.199999999999992,56,1,359,16,4073a805572b0b716bbf6c1b4450a7fa0f76d1fbf10053b5b89a7708e052f884
508,dqn,356,random,balanced,32.78,94.5,19.121666666666666,48,132,-97.54501704619832,175,43,0,1,0,0,300.0,-17.92656277155038,-9.595537508927375,-59.22291676572058,-10.799999999999994,54,1,175,0,4e1e450d65bafd15a22d816917888b68e39a0008f8f8974151cbc660118185d0
509,dqn,123,random,balanced,20.5,67.5,7.585,19,99,-59.282833452177115,111,12,0,1,0,0,300.0,-7.110937622608617,-2.3791875008995693,-39.39270832866896,-10.399999999999995,52,1,111,0,74a76abc2d6a01ae3d3b512783dfefc6cb6aacccd51deade644c6b990ea6c72c
510,dqn,514,random,low,34.13211382113821,133.5,27.988333333333333,70,151,-132.5886795185136,246,95,0,2,0,0,300.0,-26.212500240071677,-18.268887509741035,-76.90729176870082,-11.199999999999992,56,1,246,0,56d85f0c99e06724eb0f5e9ed76be1b08103135292fceb8102044b7cd2b46cc7
511,dqn,944,random,ns_heavy,42.214285714285715,139.0,44.325,87,174,-181.69171295587654,315,141,0,2,0,0,300.0,-41.554687806987204,-34.95264999519786,-94.38437515369151,-10.799999999999994,54,1,315,0,b34eaf78be38f6565163dd7d336bfcd8cc07003d3f67293b6234e3be9aaddc04
512,dqn,78,random,heavy,37.460344827586205,136.5,36.211666666666666,72,166,-161.7398168339298,290,124,0,3,0,0,300.0,-33.948437711340375,-27.937212571445713,-88.85416655114386,-10.999999999999993,55,1,290,0,3bcef3853123bf2b709c182b0f9c1accfbe4be9874d083ba04317cea7cbd9cb8
513,dqn,915,random,low,35.1825,138.0,23.455,47,142,-121.31792538597146,200,58,0,1,0,0,300.0,-21.98906280414667,-14.719487495561044,-73.60937508626375,-10.999999999999993,55,1,200,0,db06061a6a6a3432d05d68f771f72ec7959656ff74bd78012c28635048386852
514,dqn,319,random,low,37.450892857142854,124.0,27.963333333333335,64,148,-123.43635849649799,224,76,0,1,0,0,300.0,-26.21562521031592,-18.271774974556326,-67.74895831162576,-11.199999999999992,56,1,224,0,1b2d7499227e83629cd0efb27348fade0a15e6d9e7c602180079203a0c3a7d68
515,dqn,375,random,ns_heavy,28.82089552238806,122.0,25.746666666666666,54,162,-122.97167112857063,268,106,0,5,0,0,300.0,-24.137500309036113,-16.79458750865378,-70.8395833108807,-11.199999999999992,56,1,268,0,4177d0d2747b66881571ee22ce1319b1698431305703d0bb7ce03adbd528ac78
516,dqn,530,random,ns_heavy,34.06798245614035,143.0,25.891666666666666,61,148,-128.01485424834607,228,80,0,2,0,0,300.0,-24.27343760174699,-17.118499997852634,-75.62291664874647,-10.999999999999993,55,1,228,0,b4e97d1f42d1bfca3570171a665f9d877251593ee06cb0701d65e30d07eb070d
517,dqn,582,random,heavy,28.048484848484847,94.5,15.426666666666666,36,121,-85.77784172856991,165,44,0,2,0,0,300.0,-14.462500201305375,-8.664299978355848,-51.25104154890869,-11.399999999999991,57,1,165,0,6b3f6beeecf8005e52319f182d95721be07a749dbf0f0a5b685e0e21867d9849
518,dqn,457,random,ns_heavy,33.54639175257732,121.5,21.69333333333333,47,123,-113.6247877408328,194,71,0,2,0,0,300.0,-20.337500178371556,-14.652912509329333,-68.03437505313195,-10.599999999999994,53,1,194,0,ab2dfecb4efe52c69f34cc6aab3ec385c998550696e107b1a206be7548127c7f
519,dqn,532,random,heavy,16.31451612903226,140.5,10.115,37,137,-91.7347419094898,186,49,0,2,0,0,300.0,-9.482812692294829,-3.5415125023246237,-67.31041671487037,-11.399999999999991,57,1,186,0,2ce481a1553a1a1f21860e92aac187d5e48ed020eb25035556fd7685e589ee83
520,dqn,537,random,ns_heavy,31.769709543568464,143.5,25.52166666666667,50,164,-135.42793377411363,241,77,0,1,0,0,300.0,-23.926562899025157,-16.73366252676861,-83.36770834831987,-11.399999999999991,57,2,241,0,614c1262c62b992a1638349d5b9e1fb1108940c57714d81172bb150f1694ea7e
521,dqn,369,random,heavy,24.96273291925466,70.5,13.396666666666667,34,133,-79.00878345790917,161,28,0,1,0,0,300.0,-12.559375202050433,-5.328574994803783,-50.12083326105494,-10.999999999999993,55,1,161,0,67eeecdae59adbe12f4e9de7e3fac91ea4c1f6e9cd0b93d317efbd7baf1d2122
522,dqn,160,random,balanced,33.96610169491525,107.0,26.72,52,154,-119.02725835285742,236,82,0,2,0,0,300.0,-25.0500001515029,-15.59392497038134,-67.38333323097322,-10.999999999999993,55,1,236,0,51e3bd85434342ab1179601518c8b42cc512ff84b9ca7df5668244de04e5dc70
523,dqn,829,random,heavy,27.956043956043956,90.0,16.96,38,117,-89.10533349827239,182,65,0,1,0,0,300.0,-15.900000182562508,-9.275124981173576,-53.13020833453629,-10.799999999999994,54,1,182,0,9e046489f6908c896e19442aea230335002a8cd15c8b20c6e1b397ecff66f608
524,dqn,565,random,heavy,32.434306569343065,160.0,29.623333333333335,74,161,-137.84806276538504,274,113,0,3,0,0,300.0,-27.756250332458876,-17.457437465499247,-81.634374967427,-10.999999999999993,55,1,274,0,b3ab423e34ef4ee5ee422f75c38ca75860b42455f94d75d0dc22bcd33272d225
525,dqn,142,random,balanced,21.579166666666666,98.5,17.263333333333332,50,153,-85.49070449582365,240,87,0,1,0,0,300.0,-16.184375377255492,-7.758412507493633,-50.54791661107447,-10.999999999999993,55,1,240,0,681688fae9f3a326d2da3e32821f04c201ccf5711d55c0c2b9de444965c04eda
526,dqn,832,random,heavy,45.72478991596638,150.5,36.275,85,138,-154.61613315625948,238,100,1,2,0,0,300.0,-34.00781237985939,-28.95623752083992,-81.25208325556014,-10.399999999999995,52,2,239,1,41b382d10cd33046b7276d363a90541ca7311fcac9cdcfafc915eae5b8e4b0a6
527,dqn,497,random,ns_heavy,39.53146853146853,160.0,37.68833333333333,74,161,-166.272529412462,286,125,1,4,0,0,300.0,-35.332812780397944,-28.607425028952278,-90.73229160311166,-11.59999999999999,58,0,287,1,4dda8697133c89fbc4b8691f908a5599c6b3579f40490bc26c3c17c0853299b8
528,dqn,216,random,low,33.85294117647059,122.5,26.856666666666666,60,142,-124.49982106533936,238,96,0,2,0,0,300.0,-25.17812525120098,-16.172737472710285,-72.74895834142808,-10.399999999999995,52,1,238,0,5fedd7b79f7d369520e7ad335de9eaf9ccaaba94ed809313756cc6c05354fe12
529,dqn,283,random,balanced,26.09090909090909,111.5,13.393333333333333,29,125,-85.05090012330695,154,29,0,2,0,0,300.0,-12.55625013296958,-6.060274992362976,-55.43437499797437,-10.999999999999993,55,0,154,0,61f5ab7cb234700a4cb9cf9939af3180316274c3566b352906800623549545e4
530,dqn,476,random,heavy,29.429515418502202,118.5,22.268333333333334,49,157,-104.52484616253132,227,70,0,2,0,0,300.0,-20.876562815741636,-11.655575015233616,-61.99270833155606,-9.999999999999996,50,1,227,0,01df4fe4bef3728d7ac117fbc10f1662b9535b83f6da49c8ca1aeb5fa2736674
531,dqn,122,random,low,30.120192307692307,121.0,20.883333333333333,41,137,-110.36511682517666,208,71,0,2,0,0,300.0,-19.578125155880116,-12.320324984042237,-67.66666668525431,-10.799999999999994,54,1,208,0,2461fb49df5f6d65d9c65c8c207e72d42796930288b8df5e7e71104fa41d9c47
532,dqn,311,random,ew_heavy,42.53292181069959,152.0,34.45166666666667,86,141,-153.61169588459524,243,102,0,2,0,0,300.0,-32.298437679884955,-27.614299969918644,-82.49895823479164,-11.199999999999992,56,1,243,0,b0e9cc1145cc7d08d35bfa62e18ea8210a1fee990d2d22c1201b8b240d0269b5
533,dqn,895,random,left_heavy,33.74698795180723,110.0,28.013333333333332,58,132,-124.92737099185977,249,117,9,12,0,0,300.0,-26.262500248732977,-18.86278753389997,-68.00208320922684,-11.79999999999999,59,1,258,9,7c62d920ff8d88710b3138d1e6e26f4e3a7ed85309547d1fc56f0d87ecfaa114
534,dqn,199,random,ew_heavy,23.777439024390244,78.0,12.998333333333333,32,126,-82.74878346325208,164,38,0,1,0,0,300.0,-12.18593772384338,-6.063887496700775,-53.498958242707886,-10.999999999999993,55,0,164,0,98a58f09c6027321d14224f2df488058fe7c6afd1319358dd798446bdfff4a8e
535,dqn,54,random,ns_heavy,36.61038961038961,111.0,18.793333333333333,41,108,-110.16498335469441,154,46,0,1,0,0,300.0,-17.618750074645504,-12.678524985745751,-68.86770829430316,-10.999999999999993,55,1,154,0,9395a48f1d17c76df63bff72f793ebbae98bc7b314ce08ea33290a06dc26d9a7
536,dqn,944,random,ns_heavy,38.266666666666666,154.5,40.18,91,172,-169.0129587592027,315,143,0,2,0,0,300.0,-37.66875032836106,-26.714000015838977,-93.03020841500256,-11.59999999999999,58,0,315,0,b34eaf78be38f6565163dd7d336bfcd8cc07003d3f67293b6234e3be9aaddc04
537,dqn,965,random,left_heavy,37.757510729613735,119.5,29.331666666666667,57,140,-147.01027121501835,233,93,10,14,0,0,300.0,-27.498437664704397,-22.44099999300524,-85.47083355730865,-11.59999999999999,58,1,243,10,05943ccfb6a289b4935b0aa324a5949e21e3949b4c32463cf16383159d5c7c44
538,dqn,404,random,low,27.391414141414142,93.0,18.08,45,154,-101.5221294305717,198,44,0,2,0,0,300.0,-16.950000326614827,-10.23358748296378,-63.338541620993055,-10.999999999999993,55,1,198,0,a15773ee65a7070349d5ffffd03e96ad455e4dade19b01f5547cd93a9a77e597
539,dqn,481,random,left_heavy,37.388636363636365,136.5,27.42,59,143,-125.7696167694354,220,77,17,21,0,0,300.0,-25.70625029411167,-18.193574969954355,-70.46979150536936,-11.399999999999991,57,0,237,17,7531f6db3ddff49f695303af627f0cb41c358defa3e28d8ca807529551841c5a
540,dqn,11,random,balanced,24.936046511627907,65.0,14.296666666666667,35,129,-72.08651281043568,172,43,0,1,0,0,300.0,-13.403125262469985,-5.630262498954835,-42.45312504901085,-10.599999999999994,53,2,172,0,8b81aa5e93979d6487bff9e786dc2e11878edd86bf19b0e15e1de5063e5b17e3
541,dqn,330,random,left_heavy,40.57912457912458,181.0,40.175,70,164,-176.60243767814686,297,133,31,33,0,0,300.0,-37.664062700700015,-35.66337495935585,-91.67500001809094,-11.59999999999999,58,2,328,31,6957e43172dda788521429215769e45b2de9e989bb5e0f3843b7b1ed6cffa4bd
542,dqn,248,random,left_heavy,37.09012875536481,149.5,28.81,55,137,-147.04771685019506,233,96,40,43,0,0,300.0,-27.00937504437752,-23.652925024078275,-84.98541678173933,-11.399999999999991,57,0,273,40,dd141f976319bd4b73fdf4247f113202e4aed763f9f0bacc7eea9039af219c68
543,dqn,743,random,left_heavy,29.306878306878307,120.0,18.47,35,124,-114.79924182843094,189,65,15,18,0,0,300.0,-17.31562524428591,-13.00132498494495,-73.28229159920011,-11.199999999999992,56,1,204,15,af3d3491f39fc948a42a6ef068548e2ef1a73df8abd6847e1c8f6477381d70b5
544,dqn,137,random,ew_heavy,30.18717948717949,133.5,19.621666666666666,42,150,-120.79105446829122,195,45,0,1,0,0,300.0,-18.395312753040344,-9.3978250068998,-81.99791670835111,-10.999999999999993,55,1,195,0,700e203f244737cef7e4e1da13c1e0d345111c8466269382f22836cadf5cfd94
545,dqn,754,random,ew_heavy,37.034188034188034,149.0,28.886666666666667,53,149,-139.92193773978718,234,85,0,2,0,0,300.0,-27.081250180955976,-21.671937526584223,-79.96875003224704,-11.199999999999992,56,0,234,0,9a9a76e832211e8fc14169b8e8c6e16345458021e6e2394a91dcbf4762692fc1
546,dqn,170,random,heavy,40.14548494983278,145.5,40.01166666666666,91,150,-161.30141252776312,299,149,0,2,0,0,300.0,-37.51093765522819,-30.549849928577178,-81.84062494395766,-11.399999999999991,57,0,299,0,c511de3119b99e2c3c114ff4aa080fc9b8ff3486932f5da0192928afe3e5d566
547,dqn,404,random,low,31.724747474747474,100.5,20.938333333333333,48,145,-106.33260433011745,198,53,0,2,0,0,300.0,-19.629687787150033,-12.629999959297123,-62.8729165836703,-11.199999999999992,56,3,198,0,a15773ee65a7070349d5ffffd03e96ad455e4dade19b01f5547cd93a9a77e597
548,dqn,431,random,heavy,30.069327731092436,136.5,23.855,59,144,-109.07925871310943,238,94,0,2,0,0,300.0,-22.364062888082117,-13.188112479687689,-62.52708334533963,-10.999999999999993,55,4,238,0,98f181d827df4fb47be935db0bd3d0e8b73b61bda068872086183bd95418d3a2
549,dqn,156,random,low,17.144329896907216,74.5,5.543333333333333,14,93,-58.358141823896545,97,4,0,1,0,0,300.0,-5.196875166031532,-1.5321000024130629,-41.22916665545199,-10.399999999999995,52,1,97,0,a1ea2666482f410151a782cbc5b6cdecfa70b47b5b90ba8b3fe9cd1fead0935c
550,dqn,384,random,ns_heavy,39.193409742120345,111.0,45.598333333333336,92,164,-162.58765040545038,349,185,1,6,0,0,300.0,-42.74843780719675,-32.92046260856806,-75.5187499896856,-11.399999999999991,57,1,350,1,8d8a8b4fb03485d382b31964406299c024cd21309c23a73d23b1d23133c57d20
551,dqn,943,random,left_heavy,37.2530612244898,136.0,30.423333333333332,68,146,-138.70597960194942,245,99,3,7,0,0,300.0,-28.521875271573663,-20.20806252516706,-78.57604180520866,-11.399999999999991,57,1,248,3,98eefc3993a016b9fdb6fd910f3b9bb39f576319e2ffe2407a5ff1e9a07ab8bf
552,dqn,634,random,ew_heavy,37.255102040816325,143.5,30.425,62,153,-148.72219628798837,245,92,0,2,0,0,300.0,-28.523437878349796,-22.487299982296094,-86.31145842734259,-11.399999999999991,57,1,245,0,d06c9aa2627c238ec71553e90c221d91b9053ad0bec728c9cff51b888973e398
553,dqn,854,random,balanced,34.742553191489364,121.5,27.215,67,154,-136.48527116493207,235,81,0,1,0,0,300.0,-25.51406278507784,-19.009749985038074,-80.76145839481615,-11.199999999999992,56,0,235,0,85b912cf8ed8f0224859edeb60241bba335d001015ede9388a555d17aef28ffd
554,dqn,731,random,left_heavy,41.184300341296925,157.0,40.23,71,157,-176.88069187965803,293,136,17,20,0,0,300.0,-37.71562526084017,-33.4827750250195,-94.48229159379844,-11.199999999999992,56,2,310,17,7b1a9269dd8edfe3c1d1e48bc34a353b80f56befe9e2f839621f204538f17b09
555,dqn,889,random,ew_heavy,34.731308411214954,114.0,24.775,53,140,-109.80561691423567,214,74,0,1,0,0,300.0,-23.2265626542503,-15.396762503298673,-60.382291756686755,-10.799999999999994,54,1,214,0,a1a98b052f294ac14f609d5fb34acf9f62abebf383e8b679640fc015cd5f5e05
556,dqn,272,random,balanced,27.32819383259912,114.0,20.678333333333335,50,158,-110.65100457510049,227,69,0,1,0,0,300.0,-19.38593777769711,-10.664025004488208,-70.0010417929152,-10.599999999999994,53,2,227,0,1b45d8637e2e1a7335d3f328128db2d7ec559749a135c5972ad33e9407abe5f2
557,dqn,521,random,balanced,33.12690355329949,142.0,21.753333333333334,55,129,-125.08723764252863,197,68,0,2,0,0,300.0,-20.393750193296,-12.818487521107453,-81.07499992812518,-10.799999999999994,54,2,197,0,1ef62ee3ff97f5f91b656237ca49088016e08e37e93c157108bbf3d50042a566
558,dqn,191,random,balanced,24.579896907216494,133.0,15.895,39,150,-110.75303359969699,194,44,0,1,0,0,300.0,-14.901562786777504,-7.696262500711601,-77.15520831220783,-10.999999999999993,55,0,194,0,4d0957c9651ff85b55a9c15aa51319839b175dd0c513bf4017ab2d2aa6034de8
559,dqn,335,random,balanced,27.740425531914894,128.5,21.73,49,144,-116.82466277841088,235,91,0,2,0,0,300.0,-20.371875281096436,-11.937162520946734,-73.51562497636769,-10.999999999999993,55,1,235,0,1b96f8a71b7c38ae8deb9ccecf7d793f1c0cbbdf1913cfcb0fd99cc6082d5f1a
560,dqn,283,random,balanced,28.711038961038962,73.0,14.738333333333333,33,121,-84.66215855447956,154,33,0,2,0,0,300.0,-13.817187753738835,-6.811637502712257,-54.63333329802845,-9.399999999999999,47,1,154,0,61f5ab7cb234700a4cb9cf9939af3180316274c3566b352906800623549545e4
561,dqn,812,random,heavy,35.28947368421053,95.0,22.35,47,135,-100.7921879163601,190,55,0,1,0,0,300.0,-20.953125313739292,-11.123437511514203,-57.71562509110663,-10.999999999999993,55,2,190,0,087b88182c0947e5bba4054f675043e77d9e6f2afb1db7e32c53b4518c1177c1
562,dqn,369,random,heavy,19.642857142857142,83.0,10.543333333333333,28,145,-71.35525427357787,161,16,0,1,0,0,300.0,-9.884375228197314,-3.622962503619782,-48.24791654176079,-9.599999999999998,48,3,161,0,67eeecdae59adbe12f4e9de7e3fac91ea4c1f6e9cd0b93d317efbd7baf1d2122
563,dqn,340,random,balanced,33.769354838709674,151.5,34.895,86,171,-149.0118753602764,310,139,0,2,0,0,300.0,-32.71406279655639,-22.269687534453258,-82.62812502926681,-11.399999999999991,57,1,310,0,17f78fdc0f18b48fc2ad64e0f6f3db1ee51523cb0086bec6caddbea13d72e9af
564,dqn,261,random,ew_heavy,32.7718253968254,145.5,27.528333333333332,55,157,-141.2119045625331,252,95,0,2,0,0,300.0,-25.80781274184119,-18.12492499518047,-86.07916682551149,-11.199999999999992,56,2,252,0,c6bb8a955762a95391032403369559124e4db719b07ce9ff3966f8726e77b160
565,dqn,606,random,heavy,29.187116564417177,119.0,15.858333333333333,39,109,-101.66575016016795,163,54,0,1,0,0,300.0,-14.867187679046765,-7.832937497861714,-68.16562498325948,-10.799999999999994,54,3,163,0,d59b3830b094bd6e4a56c4984bcebfb7a69acc08fb4fc642feff5363592428e1
566,dqn,274,random,left_heavy,37.12624584717608,141.0,37.25333333333333,72,167,-154.35731279923277,301,134,5,12,0,0,300.0,-34.92500020342413,-27.91981262577393,-80.5124999700347,-10.999999999999993,55,1,306,5,464caeeb404ff5c07cb3f0b2eaea358d5af0fe0fefdda5d3dc1380375edae7cd
567,dqn,694,random,low,33.243478260869566,113.5,25.486666666666668,55,159,-130.51810865901786,230,71,0,2,0,0,300.0,-23.89375027467031,-15.225400012162575,-80.398958372185,-10.999999999999993,55,4,230,0,37f6f13a3f50f5e60891bb84ced1f9707127e025e64c05f3b8b857c18870e800
568,dqn,931,random,heavy,35.28894472361809,157.5,23.408333333333335,45,146,-144.32425440933073,199,53,0,1,0,0,300.0,-21.945312800933607,-17.1872749792783,-94.39166662911884,-10.799999999999994,54,3,199,0,00d0c25b4a0640b2e15c85a1025c6f770a8405455215fe2a98ac33a7cfb116ec
569,dqn,404,random,low,27.017676767676768,103.5,17.831666666666667,39,152,-100.60062945493551,198,46,0,2,0,0,300.0,-16.717187712551095,-9.113650001506903,-63.969791740877554,-10.799999999999994,54,3,198,0,a15773ee65a7070349d5ffffd03e96ad455e4dade19b01f5547cd93a9a77e597
570,dqn,93,random,low,28.97982062780269,160.5,21.541666666666668,45,156,-120.95196693586473,223,67,0,1,0,0,300.0,-20.19531282072421,-11.22436251209874,-78.53229160304181,-10.999999999999993,55,3,223,0,152d984021e1f7a679e1f66cf6f9b93abbb37cbd083936665e22d314a126b479
571,dqn,576,random,balanced,30.444015444015445,155.5,26.283333333333335,63,160,-140.82292107998654,259,99,0,3,0,0,300.0,-24.64062526903581,-15.723962447706443,-89.65833336324431,-10.799999999999994,54,4,259,0,98f0a1aa598913d7c08fea0eac23359114d68b055d1434c34dc6d09ee1ed8c6d
572,dqn,803,random,low,26.76818181818182,122.5,19.63,51,158,-108.25880435724028,220,62,0,2,0,0,300.0,-18.40312519215513,-9.017137485418786,-69.83854167966638,-10.999999999999993,55,3,220,0,e1fdabb92f5978647a9b43b726f84003aca81e21a1947469dac88f7f7953d5bd
573,dqn,920,random,left_heavy,32.99662162162162,135.5,32.56,71,152,-159.70470047548883,296,144,20,24,0,0,300.0,-30.52500046067871,-22.53594998654444,-95.44375002826564,-11.199999999999992,56,3,316,20,8394135b73f29564e93098ceca2b25f5797af08840c94cad56ac93a8066495b7
574,dqn,455,random,heavy,35.47457627118644,140.5,34.885,74,153,-154.449037937857,295,142,5,10,0,0,300.0,-32.70468783925753,-27.15372503766776,-83.19062506093178,-11.399999999999991,57,2,300,5,721668a27877f1223355b00d728bd161772e3e146134e7959fe1a672ea0bacb9
575,dqn,103,random,left_heavy,43.20318021201413,148.0,40.755,86,147,-170.70735857315813,283,136,10,12,0,0,300.0,-38.207812736858614,-33.9224625034396,-87.37708333285991,-11.199999999999992,56,1,293,10,18edb8d4168b60e66455d7b72d2ff4c754e225f7bb52ebfce3813ecc6d5cfdbd
576,dqn,575,random,low,40.03169014084507,148.5,37.89666666666667,80,161,-152.57927101820601,284,123,0,1,0,0,300.0,-35.52812527795322,-27.25843748562401,-78.39270825462881,-11.399999999999991,57,2,284,0,b0a88752af54cdd8ccb985b0a7aec74809045021b3b65a1b4351a3d98bf88ef8
577,dqn,97,random,balanced,34.55411255411256,154.5,26.606666666666666,58,152,-137.16973360284535,231,79,0,2,0,0,300.0,-24.943750284030102,-17.51139999694496,-83.5145833218703,-11.199999999999992,56,1,231,0,dac497eac3c931836afde4d5f93f5f82013ea692585b6ccb568f3995bebaa681
578,dqn,812,random,heavy,38.742105263157896,129.5,24.538333333333334,50,133,-137.48397126502317,190,57,0,1,0,0,300.0,-23.004687716951594,-16.492825017026192,-86.78645853104535,-11.199999999999992,56,0,190,0,087b88182c0947e5bba4054f675043e77d9e6f2afb1db7e32c53b4518c1177c1
579,dqn,54,random,ns_heavy,37.95454545454545,150.0,19.485,41,107,-123.13834176922023,154,47,0,1,0,0,300.0,-18.267187657067552,-13.691987487248117,-80.17916662490461,-10.999999999999993,55,0,154,0,9395a48f1d17c76df63bff72f793ebbae98bc7b314ce08ea33290a06dc26d9a7
580,dqn,451,random,heavy,38.83141762452107,166.5,33.78333333333333,66,161,-161.80146701338745,261,100,0,3,0,0,300.0,-31.671875311643817,-27.475424972344626,-91.254166729399,-11.399999999999991,57,2,261,0,27ca77e3e90cc2c533c09df0a26e05e8742ffc4190504310f752b3c73cf28e55
581,dqn,885,random,ns_heavy,31.41176470588235,106.5,19.58,38,145,-99.26520436487117,187,42,0,1,0,0,300.0,-18.356250201934017,-9.379787517170918,-60.329166645766236,-11.199999999999992,56,1,187,0,51ed19d21565410feebfac32eeb3a3b62c834675ad8999f607341a3e9e617f64
582,dqn,856,random,ew_heavy,35.380434782608695,110.0,27.125,53,142,-123.44242933865529,230,88,0,1,0,0,300.0,-25.42968770256266,-16.346075032794754,-70.66666660329793,-10.999999999999993,55,2,230,0,99abb64332df91843ef6542d2437b4676f52bc387d1c4cc5767060e30099c22e
583,dqn,881,random,ew_heavy,41.796551724137935,143.0,40.403333333333336,86,153,-162.02337517931363,290,137,0,2,0,0,300.0,-37.87812520132866,-28.98274997442278,-83.76250000356231,-11.399999999999991,57,0,290,0,2b3902fd23543fccd85de2bbc1dc8d80a9e22335bf21f81482ab5a3da9da54a9
584,dqn,273,random,balanced,37.39823008849557,184.5,42.26,82,169,-175.8568418808915,339,170,0,3,0,0,300.0,-39.61875025869813,-33.63079997493695,-91.00729164725635,-11.59999999999999,58,2,339,0,df3a6483493d411abea23c4b88ce3746670573c795cc44de897fb90e356c2eec
585,dqn,683,random,low,45.19436201780415,136.5,50.76833333333333,103,173,-194.36790037020006,337,164,0,3,0,0,300.0,-47.59531283727847,-40.69446247385197,-94.87812505906913,-11.199999999999992,56,2,337,0,b43f2bc30e09cc3cfaa1cbc85e5215cc26d36572619857bd43923a91622aaf16
586,dqn,659,random,low,35.12449799196787,130.5,29.153333333333332,66,153,-136.0411378187179,249,96,0,2,0,0,300.0,-27.331250354647636,-17.93488747517623,-79.57499998889398,-11.199999999999992,56,1,249,0,c90522d4a7d2c6f89c67489e38c17062eecc6660c66e5770812fad65a59e80d5
587,dqn,384,random,ns_heavy,39.22857142857143,138.5,45.77333333333333,89,168,-174.2775628213894,350,182,0,8,0,0,300.0,-42.91250026936177,-35.90256254660271,-84.26250000542495,-11.199999999999992,56,2,350,0,8d8a8b4fb03485d382b31964406299c024cd21309c23a73d23b1d23133c57d20
588,dqn,55,random,low,31.543181818181818,106.0,23.131666666666668,52,141,-110.18881685359881,220,79,0,2,0,0,300.0,-21.68593772838358,-13.420587504967264,-63.882291620248,-11.199999999999992,56,2,220,0,0723c88980d3191aef6ebeb946599b70cd3ed4610b86fee7c46d1423d6df8a19
589,dqn,747,random,balanced,41.58988764044944,151.5,37.015,85,150,-159.85838363118313,267,117,0,2,0,0,300.0,-34.70156275178306,-27.448487572244627,-86.30833330715541,-11.399999999999991,57,1,267,0,74804a03a548692a8ddd1973242a28705a0ba63383f6ecc59deb8eab0d2f0c21
590,dqn,435,random,left_heavy,26.798192771084338,87.0,14.831666666666667,34,120,-94.63070013114557,166,46,5,9,0,0,300.0,-13.904687701491639,-7.526012494264434,-61.999999935389496,-11.199999999999992,56,1,171,5,d173a13888e259843d14dd1f13d1d37de5ea09550aecc7ed3568f53545678d6a
591,dqn,98,random,ew_heavy,21.07986111111111,66.0,10.118333333333334,28,113,-60.311358444928935,144,31,0,2,0,0,300.0,-9.485937644494697,-3.5702125057585357,-37.455208294675685,-9.799999999999997,49,1,144,0,adc36b7b50e07eaf1a6370e65cb3e3bb1267bb0a29b8102015001a38b533320f
592,dqn,202,random,ns_heavy,35.485537190082646,109.0,28.625,65,151,-117.21848363913965,242,91,0,2,0,0,300.0,-26.835937913157977,-17.33983747908278,-61.84270824689884,-11.199999999999992,56,2,242,0,b1b92b0e169ef1042273d871ab06fb3dcd7d23a90e2b9fb1dc88e969babbfae4
593,dqn,11,random,balanced,16.197674418604652,71.5,9.286666666666667,24,148,-67.23529176330631,172,24,0,1,0,0,300.0,-8.706250142422505,-3.0967500000770114,-46.23229162080679,-9.2,46,3,172,0,8b81aa5e93979d6487bff9e786dc2e11878edd86bf19b0e15e1de5063e5b17e3
594,dqn,779,random,heavy,34.81496062992126,132.0,29.476666666666667,66,147,-143.31815837782128,254,107,0,1,0,0,300.0,-27.634375057765283,-19.7379500008632,-85.54583331919275,-10.399999999999995,52,1,254,0,e010864651df7ae38e15ff2883f3fce19930afd969c026375cd08e8f413b0a46
595,dqn,252,random,low,32.46506550218341,133.5,24.781666666666666,49,162,-135.27267113967025,229,67,0,2,0,0,300.0,-23.23281274572946,-15.412774980428356,-85.22708341351245,-11.399999999999991,57,4,229,0,94df5b4fc460b705fe437a07af4710a8f8e54c0aa03ce370f2fb70aa497ed0f8
596,dqn,814,random,ns_heavy,15.63076923076923,52.0,6.775,17,119,-52.00807101332832,130,11,0,1,0,0,300.0,-6.351562672760338,-1.7325499996986762,-34.523958340869285,-9.399999999999999,47,3,130,0,44fe3665691d26bacecaf1df9c2652941cad724b72f9b5c85a56d78a82db142e
597,dqn,160,random,balanced,28.266949152542374,130.0,22.236666666666668,47,164,-112.67477947548976,236,72,0,2,0,0,300.0,-20.846875255461782,-12.298737498079573,-68.12916672194842,-11.399999999999991,57,0,236,0,51e3bd85434342ab1179601518c8b42cc512ff84b9ca7df5668244de04e5dc70
598,dqn,865,random,balanced,37.752100840336134,122.5,29.95,61,159,-132.1396335754784,238,79,0,1,0,0,300.0,-28.07812526053749,-18.959425002011262,-74.10208331292961,-10.999999999999993,55,1,238,0,4f36b8198aa83306e6e95cd8a3578d2885a75d34d68fb14d973810d563ba8cdf
599,dqn,814,random,ns_heavy,20.45,62.5,8.861666666666666,21,111,-59.9596584535393,130,19,0,1,0,0,300.0,-8.30781264801044,-2.8091374968600573,-39.04270830866881,-9.799999999999997,49,1,130,0,44fe3665691d26bacecaf1df9c2652941cad724b72f9b5c85a56d78a82db142e
600,dqn,527,random,low,29.915,85.0,19.94333333333333,51,150,-90.30768357306587,200,50,0,2,0,0,300.0,-18.696875291178003,-9.0024750013683,-51.20833328051958,-11.399999999999991,57,1,200,0,849462797b3d041d53d03b5ddbc4d547f5c763347a26e013cb25a2cc94a015a4
601,dqn,82,random,heavy,38.453183520599254,138.0,34.223333333333336,70,146,-152.24846671643098,267,121,0,2,0,0,300.0,-32.08437514107209,-26.08804999906934,-83.27604157628957,-10.799999999999994,54,0,267,0,9e9d6a62a14fb39d95eda5ef31855973b349186e1baa48b575a989ff4f556812
602,dqn,407,random,ns_heavy,36.8775,130.0,24.586666666666666,52,128,-137.95509192794776,200,72,0,1,0,0,300.0,-23.050000233692117,-16.091549966439924,-88.41354172781575,-10.399999999999995,52,3,200,0,23741c2f533c30f2ab6b17c1003fd362b1bc97373460361f860bfe81db8daf7a
603,dqn,427,random,low,34.40983606557377,146.0,34.983333333333334,81,155,-152.76850020638298,305,150,0,2,0,0,300.0,-32.796875200700015,-24.46537500770864,-84.10624999797437,-11.399999999999991,57,0,305,0,65285e2993720af76d31a51992bfd4979a5d54dedaabf5b2a5d6200b3b7d24f9
604,dqn,454,random,ew_heavy,12.389705882352942,54.0,5.616666666666666,18,131,-44.737662539596215,136,5,0,1,0,0,300.0,-5.265625081141479,-1.2220375007833348,-29.04999995767139,-9.2,46,3,136,0,74cdfe1838081f107205170958ddc5096c9d450a1d4cdacea05845016a6e5287
605,dqn,912,random,left_heavy,36.78343949044586,123.0,19.258333333333333,53,93,-121.9171252372595,157,64,17,19,0,0,300.0,-18.054687684518285,-14.74056250736248,-78.52187504537869,-10.599999999999994,53,0,174,17,04fd2d4685c3d6d20efad9e3587391c6a07ad85941e8d1df362d19b56ba34bda
606,dqn,653,random,ns_heavy,32.384393063583815,107.5,18.675,45,113,-107.31690030924293,173,60,0,2,0,0,300.0,-17.50781269138679,-12.127837506353536,-66.8812501115026,-10.799999999999994,54,2,173,0,c0f25505544653358d94466601465eb138bdfd3449d3fc2f4ab8bdb5fba59b40
607,dqn,732,random,balanced,38.56923076923077,137.0,25.07,60,125,-131.5593459619158,195,70,0,2,0,0,300.0,-23.503125065471977,-18.488512461510986,-79.36770843493287,-10.199999999999996,51,3,195,0,870002afedfe01785bba24bf53e8ec1c1e8793ca7c50c1e6295716efade2d3b4
608,dqn,852,random,ns_heavy,38.926300578034684,163.0,44.905,91,165,-176.62914192029945,346,181,8,15,0,0,300.0,-42.09843772102613,-35.76091252109688,-87.76979167817626,-10.999999999999993,55,1,354,8,b715e90854fa60c064da66d6bbad42ef7493a7965e21cdc987e6eb760ed6e792
609,dqn,960,random,ew_heavy,14.4175,59.5,9.611666666666666,29,165,-54.93621266128176,200,35,0,2,0,0,300.0,-9.010937664657831,-2.5658999956693136,-33.759375000954606,-9.599999999999998,48,4,200,0,52978ccf146960f47420cdf655465656975e05da60510a373e8ebdac68bc22a0
610,dqn,315,random,left_heavy,37.254681647940075,140.0,33.16,73,146,-163.48937957250226,267,121,39,41,0,0,300.0,-31.087500309571624,-25.863337567245622,-95.53854169568513,-10.999999999999993,55,2,306,39,df55f184347ce5cf41c31c106d67c9bfc4f8d6bf11a2427649c16469c284653f
611,dqn,293,random,balanced,28.32758620689655,129.5,21.906666666666666,52,145,-112.5696712017387,232,87,0,2,0,0,300.0,-20.53750033234246,-11.870712490156444,-69.16145837923978,-10.999999999999993,55,2,232,0,3fe793f3c4d14e54ec4a366477322f692c6164bb900a707308554e26065eb495
612,dqn,974,random,left_heavy,37.54895104895105,151.0,35.79833333333333,79,156,-157.00409172365408,286,130,28,31,0,0,300.0,-33.560937705100514,-28.582737457723848,-83.66041656082962,-11.199999999999992,56,2,314,28,abaacb35f2a8ad89c6a8919e3632f72b0f76f64753dfdb3bc716f36d8368ef5f
613,dqn,108,random,balanced,25.0,93.0,14.333333333333334,37,138,-80.98524592439865,172,34,0,1,0,0,300.0,-13.437500155647285,-6.436287495309807,-51.31145827344153,-9.799999999999997,49,1,172,0,d48eee2da03c83692acaa5634d1638552c409350aaa30fee8ce63f224f1e7882
614,dqn,479,random,heavy,36.85245901639344,131.0,29.973333333333333,67,144,-140.10717942508415,244,100,0,2,0,0,300.0,-28.100000291713513,-20.14363747274984,-81.26354166062083,-10.599999999999994,53,1,244,0,055f04cce56e893f7eedf0e5fc4fa4548f7ec1a1b42659217222e9eaa90b09f3
615,dqn,538,random,balanced,14.717391304347826,48.5,11.283333333333333,40,204,-54.89555431900149,230,26,0,2,0,0,300.0,-10.578125161817297,-2.828887491953354,-32.08854166523088,-9.399999999999999,47,4,230,0,d02d3b3c0a8650f1791b65dbd14f015a3cee0fdb8abfe9630cbe0c838e9f1cb7
616,dqn,595,random,low,45.72136222910217,177.5,49.22833333333333,107,146,-180.46564610236499,323,177,0,2,0,0,300.0,-46.15156278794166,-36.527624999258094,-85.98645831516478,-11.79999999999999,59,2,323,0,176365a0d053e45756d5ac52d18e237a4e8129ec1805e3ce86f335a362671275
617,dqn,44,random,heavy,30.839805825242717,140.0,21.178333333333335,45,145,-118.81192944459625,206,61,0,2,0,0,300.0,-19.85468776745256,-12.396824994916093,-75.76041668222751,-10.799999999999994,54,2,206,0,be5356b26df6e1f543a3b33ea3a5ffe69caabefb3edd0045bae4de463cf2a196
618,dqn,26,random,low,24.15137614678899,132.5,17.55,50,140,-119.39847122405631,218,78,0,2,0,0,300.0,-16.453125244705006,-8.98701250018057,-82.75833347917069,-11.199999999999992,56,1,218,0,465ddbb95a36545c0936f7dfeae809c800295fd9d226a47c9708ce4fa9e5f480
619,dqn,762,random,ew_heavy,28.604972375690608,127.5,17.258333333333333,44,133,-115.60321693205114,181,48,0,2,0,0,300.0,-16.179687774158083,-9.509987489775083,-79.31354166811798,-10.599999999999994,53,3,181,0,d2c486090fb6139f92af8623c33f36410ba043d3a3eb9b0f0f3e876e3b6d60d4
620,dqn,224,random,heavy,34.013661202185794,117.5,20.748333333333335,41,136,-126.51750465518651,183,47,0,1,0,0,300.0,-19.451562893460505,-13.16177499805418,-82.30416676367167,-11.59999999999999,58,0,183,0,9b040871f9af2d06f96264f2d947276f00db4f17f1bc49b0778b55f992a1b132
621,dqn,282,random,heavy,24.11340206185567,94.0,15.593333333333334,36,138,-83.38328346102429,194,56,0,1,0,0,300.0,-14.618750215740874,-6.968700013751369,-50.795833231532015,-10.999999999999993,55,3,194,0,05dac1079462d05a2135183386810ab94b73ab9665b18d6f52f769d79163ee8e
622,dqn,608,random,ew_heavy,32.628787878787875,138.5,28.713333333333335,56,161,-138.5492878715966,264,103,0,2,0,0,300.0,-26.91875030833762,-18.399287525330873,-81.63125003792811,-11.59999999999999,58,1,264,0,928b1135c5956601902d0fbd9854528f3e563a12ac44cb113f11503328323a6a
623,dqn,252,random,low,32.52183406113537,123.0,24.825,50,157,-120.50810848502364,229,72,0,2,0,0,300.0,-23.27343770232983,-15.029462521918322,-70.80520826077554,-11.399999999999991,57,1,229,0,94df5b4fc460b705fe437a07af4710a8f8e54c0aa03ce370f2fb70aa497ed0f8
624,dqn,772,random,balanced,27.31590909090909,109.5,20.031666666666666,47,156,-108.74603784117129,220,64,0,1,0,0,300.0,-18.779687799862586,-10.831975051902557,-68.7343749894062,-10.399999999999995,52,2,220,0,9cd712ab07f30a75a07166f5ce69084fb96cb827400a8d804407af148ac02bef
625,dqn,844,random,ew_heavy,26.55069124423963,123.5,19.205,41,145,-114.1953377264791,217,72,0,1,0,0,300.0,-18.004687816253863,-10.228149987874344,-74.56249992235098,-11.399999999999991,57,0,217,0,747b89d9d0cb1ab18ed566d5909aa9620a2da301c1e25775ce2eb4ce4398447a
626,dqn,309,random,left_heavy,30.124087591240876,143.5,27.515,67,148,-128.94976683359198,274,126,23,27,0,0,300.0,-25.79531270964071,-19.006537510222554,-73.14791661372874,-10.999999999999993,55,3,297,23,88339736b9ea1f5fa3f386b80ee16586d4a1c8c64218327abb682118630a3a28
627,dqn,406,random,heavy,31.037906137184116,109.5,28.658333333333335,72,150,-127.78696670412832,277,127,0,4,0,0,300.0,-26.867187597905286,-18.984362518571285,-70.33541658765171,-11.59999999999999,58,0,277,0,a83a8ea8bbdb6b35a0d6847b65aef215fcc730f7d56bad2b7a801531da04e3c1
628,dqn,566,random,left_heavy,39.833333333333336,129.5,26.69,57,122,-137.9727792614801,201,79,11,14,0,0,300.0,-25.021875122911297,-19.95923750174333,-81.79166663682554,-11.199999999999992,56,3,212,11,98caf007411bf315a5073ef51e3fd29f044aa1f1bf04f59d2113b6f179de05bf
629,dqn,537,random,ns_heavy,34.74896265560166,130.5,27.915,58,154,-133.7897584984712,241,87,0,1,0,0,300.0,-26.170312735950574,-19.451737456669072,-76.76770830585156,-11.399999999999991,57,2,241,0,614c1262c62b992a1638349d5b9e1fb1108940c57714d81172bb150f1694ea7e
630,dqn,187,random,left_heavy,28.146341463414632,97.0,23.081666666666667,58,159,-103.00280024084425,246,87,22,26,0,0,300.0,-21.639062704867683,-12.579362506895995,-57.58437502908055,-11.199999999999992,56,5,268,22,4b86820ecf3a38973c0f72c83b8566703c3639d5201166426c99c7df9d8b098b
631,dqn,598,random,balanced,21.097701149425287,100.0,12.236666666666666,33,130,-71.11484179892356,174,44,0,2,0,0,300.0,-11.4718751948094,-4.920049987405215,-44.72291661670897,-9.999999999999996,50,3,174,0,230d80ee7308c74e184f699d69981693c74c88ca6ad6d9d3399f5efcc17a2be9
632,dqn,99,random,low,31.431102362204726,121.5,26.611666666666668,58,158,-114.7056419247885,254,96,0,2,0,0,300.0,-24.94843784335535,-14.199912544445395,-64.35729153698776,-11.199999999999992,56,1,254,0,4fb2282668c21a874e555847e3569a83d62d90bebe853d66d5ccf7453cc18271
633,dqn,874,random,left_heavy,25.529891304347824,80.0,15.663333333333334,35,121,-82.74705025104417,184,63,11,17,0,0,300.0,-14.684375240583904,-6.978300013975969,-50.08437499648426,-10.999999999999993,55,2,195,11,8a034b87719a465968a2661379ec51200d8ced9038ed0f2cbc840263386384d9
634,dqn,632,random,ew_heavy,29.176470588235293,87.0,18.186666666666667,38,136,-87.21257932412337,187,51,0,1,0,0,300.0,-17.050000222167,-8.602162468856115,-50.76041663310025,-10.799999999999994,54,3,187,0,c3496f4c81a099e629a6681ef543ec7f56bab4de23f1c2aca7c8564d32e80f4d
635,dqn,398,random,low,39.70518867924528,100.0,28.058333333333334,58,140,-116.84356267844194,212,72,0,1,0,0,300.0,-26.304687841795385,-17.163875025681776,-62.7749998109648,-10.599999999999994,53,1,212,0,879b1043e1005d62790cf5c13fd790223c510ce6b24450e11d51fc63651de7f0
636,dqn,566,random,left_heavy,36.31527093596059,102.0,24.576666666666668,47,126,-118.89585011354721,203,77,9,11,0,0,300.0,-23.0406251399545,-16.105225027027338,-68.74999994656537,-10.999999999999993,55,0,212,9,98caf007411bf315a5073ef51e3fd29f044aa1f1bf04f59d2113b6f179de05bf
637,dqn,752,random,ew_heavy,30.0,141.0,23.001666666666665,51,139,-115.29838358476268,230,91,0,2,0,0,300.0,-21.564062763471156,-14.39161251783807,-68.9427083034534,-10.399999999999995,52,1,230,0,0492930af127c87ad9af066e70d2973d4535549ce810171f2b314a35c103ea44
638,dqn,609,random,low,35.11864406779661,123.0,27.626666666666665,53,153,-131.17148779231792,236,83,0,1,0,0,300.0,-25.900000176858157,-18.858987507216806,-75.41250010824297,-10.999999999999993,55,1,236,0,ba74f1747b8941db543083c6775eff9c4ea9bb6ee7c75f935966a63180e8e919
639,dqn,987,random,balanced,22.51219512195122,71.5,15.383333333333333,44,149,-65.69031693103604,205,56,0,1,0,0,300.0,-14.421875229338184,-5.583024997607569,-35.48541670409031,-10.199999999999996,51,4,205,0,f334b2bf86f849827a07f242d1be8ba5ce46ba6c098d9d3c64e03b2faaa67c94
640,dqn,109,random,left_heavy,33.84243697478992,116.0,26.848333333333333,59,155,-134.7376211291826,238,83,14,17,0,0,300.0,-25.170312838628888,-17.777724945586673,-81.1895833449671,-10.599999999999994,53,2,252,14,4df1f8a3e283c6a13ea1cedfc4321b47328ade54db2354d5a5f21868dece9695
641,dqn,238,random,left_heavy,43.335443037974684,132.0,45.65,92,159,-168.3467837046898,316,157,15,18,0,0,300.0,-42.68750028510112,-34.8915750359716,-79.76770838361699,-10.999999999999993,55,2,331,15,f748d5f0bc5ea8004afb8c602b0504e79f0ec40fbfda428ed9c7783d9663c935
642,dqn,409,random,balanced,29.887283236994218,104.0,17.235,53,111,-104.5885211022578,173,62,0,1,0,0,300.0,-16.157812852528878,-9.57862501950076,-68.05208323022816,-10.799999999999994,54,1,173,0,5d91aaaf4c9bed09c07d22d4b70c9430a140fa2f0d4e3d9726389a1943ae0cc4
643,dqn,327,random,ew_heavy,30.34011627906977,92.5,17.395,43,112,-88.24456691325835,172,60,0,2,0,0,300.0,-16.307812782470137,-8.938837490051087,-52.397916640737094,-10.599999999999994,53,2,172,0,3467bc0f21b9c701fe63a1cfd1e002335ad031bd7302bdcfb6b0257fc1d88879
644,dqn,609,random,low,39.77542372881356,121.0,31.29,58,140,-138.63505415737603,236,96,0,1,0,0,300.0,-29.334375072736293,-23.78088745899003,-74.11979162564967,-11.399999999999991,57,0,236,0,ba74f1747b8941db543083c6775eff9c4ea9bb6ee7c75f935966a63180e8e919
645,dqn,776,random,heavy,30.964630225080384,113.0,32.1,73,171,-132.6018628070517,311,140,0,3,0,0,300.0,-30.093750268919393,-19.07373749266044,-72.43437504547182,-10.999999999999993,55,3,311,0,997b285c128fbdc57ecf24d671ca979018d8d652cd366c8bbf03762acef403c2
646,dqn,910,random,low,27.509316770186334,74.5,14.763333333333334,33,123,-79.04194608664476,161,38,0,1,0,0,300.0,-13.840625225682743,-7.086737495319545,-47.514583365642466,-10.599999999999994,53,2,161,0,96b3db5e2f8dabfa385af9ce481b8cc9e97ba79c6b712d3666f7d949baf4b42f
647,dqn,892,random,left_heavy,36.52427184466019,109.0,25.083333333333332,53,121,-131.59483346881174,206,85,14,17,0,0,300.0,-23.51562520128209,-18.230249991596782,-79.04895827593282,-10.799999999999994,54,2,220,14,458ee46421dce99d0fd95fa0887853ec04c3beb3d94cc193ebce0878abbf08be
648,dqn,187,random,left_heavy,29.987654320987655,110.5,24.296666666666667,56,155,-116.71610442715392,243,88,25,29,0,0,300.0,-22.778125373413786,-13.586937465715884,-69.75104158802424,-10.599999999999994,53,3,268,25,4b86820ecf3a38973c0f72c83b8566703c3639d5201166426c99c7df9d8b098b
649,dqn,302,random,heavy,29.640569395017792,113.5,27.768333333333334,56,169,-134.67025860903013,281,112,5,21,0,0,300.0,-26.032812735415064,-17.41348751151163,-80.82395836210344,-10.399999999999995,52,3,286,5,eec14e17fbbb1505206471291bfa0319e0b1832dae3cc63d76c5209d79589ed5
650,dqn,833,random,balanced,27.50337837837838,86.5,13.568333333333333,31,127,-89.61429171571433,148,21,0,1,0,0,300.0,-12.720312633784488,-5.886687501449342,-61.80729158048052,-9.2,46,4,148,0,0bb0cf82165322551744f0778fb6fd79a0b1386a9bb9937c8980594715e6733d
651,dqn,969,random,ns_heavy,24.480225988700564,66.5,14.443333333333333,33,143,-71.65802109684961,177,34,0,1,0,0,300.0,-13.540625289897434,-5.221562496816478,-42.69583331013564,-10.199999999999996,51,2,177,0,655003299a3c4c39f42d16c9122192517844012e61e415fd9ebc82eec81d9e74
652,dqn,792,random,heavy,32.832589285714285,85.5,24.515,67,143,-105.01683368399175,224,81,0,1,0,0,300.0,-22.982812848174945,-12.663187518789345,-57.97083331702743,-11.399999999999991,57,1,224,0,54500242c62b7769ae6349def75d9b5db7519d2a8dd36fe10a201447a687fcde
653,dqn,871,random,balanced,34.00367647058823,109.5,30.836666666666666,73,144,-132.9683960790055,272,128,6,13,0,0,300.0,-28.90937526046764,-20.7413124977851,-72.51770832075272,-10.799999999999994,54,3,278,6,a35a77512524efb380958e80a608831c48422649bee491464e4c6bf338251185
654,dqn,65,random,ns_heavy,31.184931506849313,79.5,22.765,50,150,-102.5266958978326,219,69,0,2,0,0,300.0,-21.342187713598832,-12.388674993027958,-57.99583319120575,-10.799999999999994,54,1,219,0,2f6620695537c5d4c628d16d3a167bd4d2b13ca118834fdc9137e318f517efd1
655,dqn,18,random,low,34.531531531531535,121.0,25.553333333333335,52,124,-137.19646267718124,222,98,0,2,0,0,300.0,-23.956250201212242,-17.452712486190283,-84.58749998977873,-11.199999999999992,56,0,222,0,315cacc99785eb771aa3614df21b696f38eb706b497a3acae6a15bad25b9cf34
656,dqn,700,random,ns_heavy,31.173758865248228,118.0,29.303333333333335,67,166,-129.72867109734145,282,116,0,2,0,0,300.0,-27.47187531925738,-19.50158747297756,-72.1552083051065,-10.599999999999994,53,1,282,0,f02480fb6796fb9a15a58968bdb1e4b9b032e885824f58b3c521bad874b23b26
657,dqn,314,random,ew_heavy,38.206,104.5,31.838333333333335,75,148,-121.68541273386948,250,102,0,2,0,0,300.0,-29.848437801003456,-19.53072497363464,-61.506249959231354,-10.799999999999994,54,0,250,0,74324db8fd4748d1c5272a4fc921124c572f7606d87c78ea2fe75be23b2c6ece
658,dqn,923,random,heavy,35.37179487179487,102.5,32.18833333333333,72,166,-128.13703784367473,273,107,0,2,0,0,300.0,-30.176562858512625,-23.01672495496385,-64.14375003019813,-10.799999999999994,54,1,273,0,4da4d59cbaa37e027cee3dd471560c0f2778c583db1a4f675e4a44a164b71166
659,dqn,117,random,balanced,24.997297297297298,98.0,15.415,30,154,-86.25627115935127,185,31,0,1,0,0,300.0,-14.451562806149013,-6.002625000039551,-54.80208335316274,-10.999999999999993,55,2,185,0,7503aa03aec769da842fa75d86a1ea6aacf34d7e48f03362ca321bd432d5fa2f
660,dqn,579,random,low,23.375,75.5,14.96,41,135,-75.27187099838702,192,57,0,1,0,0,300.0,-14.025000228895806,-6.797912504245325,-43.44895826524589,-10.999999999999993,55,2,192,0,5ebe6f4f7b3264f8eb379ab29028c02f52c58725adbdd7b6e724ed04c9185ff4
661,dqn,945,random,heavy,24.16774193548387,64.5,12.486666666666666,32,130,-73.66237104630932,155,25,0,1,0,0,300.0,-11.706250233226456,-4.744662508441982,-46.81145830464084,-10.399999999999995,52,3,155,0,606d141bf0543a08ade33eddf46543c422db0ee504e984233d4ad7d5c4e41238
662,dqn,437,random,left_heavy,30.031963470319635,105.0,21.926666666666666,47,133,-108.68688338580755,219,86,14,17,0,0,300.0,-20.55625020666048,-13.887924996323276,-63.042708182823844,-11.199999999999992,56,1,233,14,1903fc03bbd55c90fbf33e4d191d36eabd68c4b936cefe4faa5497c70225c7ea
663,dqn,830,random,ns_heavy,26.138513513513512,83.0,12.895,25,126,-88.15470847673643,148,22,0,1,0,0,300.0,-12.089062731713057,-5.304187501384151,-60.56145824363921,-10.199999999999996,51,4,148,0,3e9bbd08bf9d7bc18bd45618241c6e77e5df526a007f286867a156380418c8db
664,dqn,688,random,balanced,31.805418719211822,112.0,21.52166666666667,54,138,-98.48642109253053,203,65,0,1,0,0,300.0,-20.17656281637028,-9.360899987165615,-57.94895828899462,-10.999999999999993,55,1,203,0,85ae0ec7c80ed8590223509ab24d9914156d007ba7c04cae8211240b5a5e6b77
665,dqn,553,random,left_heavy,39.65,149.5,26.433333333333334,49,127,-142.79361279391375,200,73,13,15,0,0,300.0,-24.78125024714973,-20.852987523969933,-85.95937502279412,-11.199999999999992,56,1,213,13,c2e0f7214d1adbaa066701cb57a84cadf50b608d672db3fd6c024fd6bf95dd23
666,dqn,439,random,ew_heavy,34.047970479704794,113.0,30.756666666666668,72,158,-125.87212540177063,271,113,0,2,0,0,300.0,-28.834375401725993,-17.650249999090015,-68.5875000009546,-10.799999999999994,54,2,271,0,e32d6b50a70e0ba21a956f60082ae869ee6761b578bf1cdfa0a617256e64296a
667,dqn,64,random,left_heavy,30.04306220095694,115.0,20.933333333333334,43,121,-109.7407918514502,209,88,17,21,0,0,300.0,-19.625000288477167,-13.386624991712596,-66.32916657126043,-10.399999999999995,52,3,226,17,78170b0325ca5012e7ea383af3843a7742d5b7cd7e4b297199269f706fa27aea
668,dqn,545,random,ew_heavy,44.247838616714695,131.0,51.18,123,163,-175.8457543452047,347,184,0,2,0,0,300.0,-47.98125013883691,-35.98846248646804,-80.47604171989951,-11.399999999999991,57,0,347,0,f90bd8c6db0b763a055c7f04374d964a8727b10718f7d5e0639e6a5b58903f93
669,dqn,229,random,left_heavy,36.00824175824176,117.5,21.846666666666668,53,123,-116.74779172835773,182,59,10,12,0,0,300.0,-20.481250175391324,-14.06862501970391,-71.99791653326247,-10.199999999999996,51,2,192,10,7ae9585f8bd1735e1b0dfbeb1a34909c9965f63e394f0c889efc6cbb0d59b9ed
670,dqn,713,random,ew_heavy,33.46818181818182,120.5,24.543333333333333,52,130,-114.54986686343837,220,90,0,2,0,0,300.0,-23.00937522528693,-14.84882499033629,-66.09166664781515,-10.599999999999994,53,2,220,0,cf06810f86bbfbf5d1fa75f3976f9dd809fd849b3398207e31c95efd63b068f0
671,dqn,11,random,balanced,16.636627906976745,76.0,9.538333333333334,22,153,-68.68540421623184,172,19,0,1,0,0,300.0,-8.942187660839409,-3.2859249988236097,-47.257291556568816,-9.2,46,5,172,0,8b81aa5e93979d6487bff9e786dc2e11878edd86bf19b0e15e1de5063e5b17e3
672,dqn,317,random,ns_heavy,34.68805309734513,138.5,26.131666666666668,57,134,-137.08328357723798,226,92,0,3,0,0,300.0,-24.498437736416236,-18.464012516716313,-83.32083332410548,-10.799999999999994,54,2,226,0,cbe217d339231af89af1a775b5fe05fcbe921f7e17f5c2e09fdc68c8e22ee96f
673,dqn,556,random,ew_heavy,22.800595238095237,83.5,12.775,31,102,-84.44613759824497,168,66,0,8,0,0,300.0,-11.976562730618753,-7.850824993145218,-54.818749874481,-9.799999999999997,49,3,168,0,d2e0babe22c2fe9a7444df9afb30c9dc3b62dbd8afaa0a05bdb6d03369b837ac
674,dqn,218,random,left_heavy,39.824803149606296,135.0,33.721666666666664,67,135,-151.8012252801091,254,119,28,30,0,0,300.0,-31.61406266700942,-28.596537522924333,-80.59062509017531,-10.999999999999993,55,1,282,28,b70dcca95b497f9fe78bdc166fbb1422602666c89c66af6d550332f47763bbea
675,dqn,35,random,balanced,35.91856060606061,145.5,31.61,69,140,-145.10476287531054,264,124,0,4,0,0,300.0,-29.634375370340422,-25.079762485761606,-79.39062501920853,-10.999999999999993,55,2,264,0,c2a69d0e23f3672edef98435f069eddc1ea53385135fbd05b904f9ee8ddef9fe
676,dqn,348,random,ns_heavy,29.493951612903224,105.5,24.381666666666668,61,164,-110.95342939879258,248,84,0,2,0,0,300.0,-22.85781275422778,-12.86020000978824,-64.43541663477663,-10.799999999999994,54,1,248,0,9cdf569300831fb0b864fbc86a5106a8196701740ad1c54da344573fa4019309
677,dqn,385,random,low,34.8843537414966,165.0,34.18666666666667,83,163,-149.687729555845,294,131,0,2,0,0,300.0,-32.05000031751115,-22.446062537060794,-84.99166670127306,-10.199999999999996,51,2,294,0,0b8925119d2c6fccbc76f3474ec3d26d59ce5b4597b767803c16e29f97012a87
678,dqn,183,random,low,30.261363636363637,99.5,26.63,62,164,-104.93845018785869,264,100,0,2,0,0,300.0,-24.96562524139881,-13.716574983223841,-56.05624996323604,-10.199999999999996,51,2,264,0,475cb8dd272a12bc0e2297496e126032ba1c42481da64089f5815708a94ac15b
679,dqn,150,random,left_heavy,32.98615916955017,110.5,31.781666666666666,88,162,-130.4089001380468,289,127,7,11,0,0,300.0,-29.795312644797377,-18.7885875088723,-71.22499998437706,-10.599999999999994,53,3,296,7,9d17157e71213d5a818479d06a5453c56f8a15cbe0740ae7797064c166564464
680,dqn,854,random,balanced,35.3,106.5,27.651666666666667,60,144,-123.15962931759351,235,91,0,1,0,0,300.0,-25.923437694320455,-15.741399971360083,-70.69479165191296,-10.799999999999994,54,2,235,0,85b912cf8ed8f0224859edeb60241bba335d001015ede9388a555d17aef28ffd
681,dqn,369,random,heavy,23.37888198757764,86.0,12.546666666666667,31,136,-75.04112089953632,161,25,0,1,0,0,300.0,-11.76250016503036,-4.232787499155529,-48.64583323535044,-10.399999999999995,52,2,161,0,67eeecdae59adbe12f4e9de7e3fac91ea4c1f6e9cd0b93d317efbd7baf1d2122
682,dqn,424,random,ns_heavy,19.893364928909953,105.5,13.991666666666667,42,157,-76.34725437006924,211,54,0,3,0,0,300.0,-13.117187723168172,-5.744650001134868,-46.485416645766236,-10.999999999999993,55,1,211,0,19f2d2b6b7ef2d4215aa6d76aca703cd05e60910ace1c9df9725ab9c234affd4
683,dqn,922,random,low,18.782296650717704,91.5,13.085,33,132,-72.67080440974165,209,77,0,2,0,0,300.0,-12.267187790945172,-5.17444999333311,-44.029166625463404,-11.199999999999992,56,2,209,0,d21f4bcb7fe884a5b317792e90ee3eec015b623e383e3f1bad144bfc8d665446
684,dqn,39,random,low,29.208108108108107,95.5,18.011666666666667,41,129,-93.17304179455168,185,56,0,2,0,0,300.0,-16.88593763008248,-10.017312491880867,-55.269791672588326,-10.999999999999993,55,1,185,0,2c1e289bb2049af78d397c7cc434eec6e152400fa5221cfe77c5f803664d0870
685,dqn,507,random,heavy,34.8716577540107,109.0,21.736666666666668,44,125,-110.8587295026292,187,62,0,4,0,0,300.0,-20.378125341958366,-12.682687512669517,-67.19791664800141,-10.599999999999994,53,2,187,0,f0805999d3776909f2137178101023ddd9bbf324562138ab525543cee51929b5
686,dqn,720,random,low,25.53305785123967,82.0,10.298333333333334,23,105,-74.46397510318054,121,16,0,1,0,0,300.0,-9.654687726055272,-3.9905374998270426,-50.21874987729825,-10.599999999999994,53,1,121,0,a49d2d976d25dc9eb94dc5b27a20cef856a9e3e326d84e92081534ea7c1493e4
687,dqn,312,random,balanced,30.329113924050635,93.0,15.973333333333333,34,116,-86.56760027324557,158,42,0,2,0,0,300.0,-14.975000303122215,-7.792599998226069,-53.19999997189734,-10.599999999999994,53,4,158,0,db25a5370a231fd2140667f1ce8a29de4d65e3cd0ecf68a8db508d28d7d78995
688,dqn,879,random,ns_heavy,33.825,123.5,31.57,67,165,-151.9093792304273,280,115,0,4,0,0,300.0,-29.596875112620182,-21.32083753164551,-90.39166658616159,-10.599999999999994,53,2,280,0,d9cb4b363eda9d452fde08e51c6f016f2c03be577505eb70a06b22cc2cf37da0
689,dqn,879,random,ns_heavy,31.494642857142857,137.5,29.395,63,155,-147.14545422259033,280,125,0,4,0,0,300.0,-27.557812588405795,-20.1678499814334,-88.21979165275116,-11.199999999999992,56,1,280,0,d9cb4b363eda9d452fde08e51c6f016f2c03be577505eb70a06b22cc2cf37da0
690,dqn,772,random,balanced,32.086363636363636,108.5,23.53,55,142,-106.4375877696897,220,78,0,1,0,0,300.0,-22.05937524570618,-12.6813374932266,-60.69687503075693,-10.999999999999993,55,2,220,0,9cd712ab07f30a75a07166f5ce69084fb96cb827400a8d804407af148ac02bef
691,dqn,599,random,low,33.842013888888886,127.0,32.48833333333334,77,165,-129.44495029220047,288,123,0,2,0,0,300.0,-30.45781283499673,-19.02776246723879,-68.959374989965,-10.999999999999993,55,1,288,0,98db2c5f065a8c39fdb27fe79f003805a6ebf04c5ac4c93f7bbc4731d248004c
692,dqn,722,random,ew_heavy,37.555363321799305,142.0,36.178333333333335,75,171,-156.8986460566369,289,118,0,2,0,0,300.0,-33.91718769620638,-26.06687500559128,-85.91458335483912,-10.999999999999993,55,2,289,0,73942c428e4f026d6e8024b650a56f29d406737cde1d1b2c42fc963e7a590b54
693,dqn,787,random,heavy,28.502057613168724,162.0,23.086666666666666,47,173,-119.82563361083955,243,70,0,2,0,0,300.0,-21.64375027664937,-11.748549986987927,-75.43333334720228,-10.999999999999993,55,3,243,0,9f9fa368eff6808cd434e9a744e0f28ceb0716deda49b6c1ae9bc78d43ae8c25
694,dqn,324,random,ew_heavy,30.128140703517587,101.5,19.985,40,144,-106.17350842203085,199,55,0,1,0,0,300.0,-18.735937668010592,-10.185487502185424,-66.25208325183485,-10.999999999999993,55,1,199,0,284cd4d299aaa70ea4c8bd5e8634732439118424dfeb963a80c5c7dc90ec09b9
695,dqn,294,random,balanced,22.3938679245283,100.5,15.825,38,169,-92.55162107043728,212,43,0,2,0,0,300.0,-14.83593774214387,-6.30734999354754,-60.80833333474584,-10.599999999999994,53,5,212,0,c63a1e1b6911018719208495ffdae99a34e2f85aeaccb3ea9723a174e4ae0660
696,dqn,229,random,left_heavy,30.964673913043477,99.0,18.995,45,123,-99.93360029016979,184,61,8,11,0,0,300.0,-17.807812729966827,-10.585162524975743,-60.340625035227276,-11.199999999999992,56,1,192,8,7ae9585f8bd1735e1b0dfbeb1a34909c9965f63e394f0c889efc6cbb0d59b9ed
697,dqn,123,random,balanced,20.35135135135135,77.0,7.53,20,99,-62.836429264235605,111,12,0,1,0,0,300.0,-7.059375140233897,-2.729137498631462,-43.64791662537027,-9.399999999999999,47,4,111,0,74a76abc2d6a01ae3d3b512783dfefc6cb6aacccd51deade644c6b990ea6c72c
698,dqn,664,random,left_heavy,35.58951965065502,125.5,27.166666666666668,65,125,-127.41940855748614,229,104,9,14,0,0,300.0,-25.468750209081918,-17.120449969909536,-73.83020837849472,-10.999999999999993,55,1,238,9,6f63f329edaea415599792c5f8c1a4164a8d03c95523e70e1517e2d7bbf68580
699,dqn,320,random,ns_heavy,26.00952380952381,76.0,18.206666666666667,47,157,-78.02815022405625,210,53,0,2,0,0,300.0,-17.068750197649933,-7.550025005242057,-42.209375021164306,-11.199999999999992,56,2,210,0,369ce49c5cf015ff48b3b62a178d177f6836e84570e9aa472b9acda7f487140e
700,dqn,440,random,balanced,28.13081395348837,117.5,16.128333333333334,48,124,-98.83956681322817,172,48,0,2,0,0,300.0,-15.120312736253254,-7.493212483828393,-65.62604159314651,-10.599999999999994,53,2,172,0,6f2ca533aeccd40ed50287fb3c84cd0cf535d4faffd5cc80cd9f153f1259081f
701,dqn,867,random,left_heavy,28.634715025906736,91.0,18.43166666666667,41,121,-99.2556001171345,193,72,21,24,0,0,300.0,-17.279687671456486,-11.407162497343224,-59.36874994833488,-11.199999999999992,56,0,214,21,c4d6cd4df46d599ac84496afa0f1b452708e246f5d9f9b5bee7f02431165c973
702,dqn,46,random,left_heavy,44.20192307692308,123.5,38.31333333333333,82,135,-163.13537104115306,260,125,30,34,0,0,300.0,-35.91875018423889,-30.3364125398868,-86.08020831702743,-10.799999999999994,54,1,290,30,4c408e75356d0421411c730cec1a9914ee8cf2b789ed1a1d12a25760557920a0
703,dqn,352,random,ns_heavy,41.524647887323944,106.0,39.31,91,169,-147.11977527190982,284,115,0,2,0,0,300.0,-36.85312526137568,-25.926025033747276,-73.34062497678678,-10.999999999999993,55,1,284,0,550e14806aaf5da01382f132de42344e06650276809c1d55f9ec04e1003f749d
704,dqn,65,random,ns_heavy,33.518264840182646,85.5,24.468333333333334,58,142,-102.92797528623997,219,77,0,2,0,0,300.0,-22.939062821911648,-13.854537479439031,-55.13437498488929,-10.999999999999993,55,2,219,0,2f6620695537c5d4c628d16d3a167bd4d2b13ca118834fdc9137e318f517efd1
705,dqn,510,random,ns_heavy,31.791095890410958,93.0,15.473333333333333,38,115,-89.32196270760109,146,31,0,2,0,0,300.0,-14.506250169943087,-7.64071249907793,-57.17500003858004,-9.999999999999996,50,3,146,0,7fb25156e299554efc13d825561a78f2510c1aba9577b358175c1024058c2f29
706,dqn,498,random,ew_heavy,38.28918918918919,117.0,23.611666666666668,52,102,-118.91939194437512,185,83,0,1,0,0,300.0,-22.135937742656097,-16.766787499700882,-68.41666670201812,-11.59999999999999,58,0,185,0,79136ab87b1bdd037372a28e094bfc2fd7b5d4d80c2029386fbad40cdcd7f32f
707,dqn,512,random,ew_heavy,27.82704402515723,101.5,14.748333333333333,30,125,-95.94870013125986,159,34,0,1,0,0,300.0,-13.82656270568259,-6.825262513098278,-64.69687491247896,-10.599999999999994,53,0,159,0,c87a2bd55d730bda380661d0caad3f9440fc83abab40eb683676cdceea05e066
708,dqn,597,random,heavy,24.81,92.5,12.405,32,117,-76.1026084780526,150,33,0,1,0,0,300.0,-11.629687657346949,-5.239587499207846,-48.833333321497776,-10.399999999999995,52,2,150,0,e468f75eaf327266caa37edef66a7b1f3ff8d8b49546dcb804e4a3793316c13f
709,dqn,462,random,left_heavy,34.21266968325792,112.0,25.21,54,127,-121.94227960195134,221,94,29,33,0,0,300.0,-23.63437528675422,-17.369362481676212,-69.53854183352087,-11.399999999999991,57,1,250,29,7dd1ccc1207862660f47929096182011b946c7075353657c77db0e9bcbe0ce3b
710,dqn,432,random,heavy,30.237967914438503,114.5,18.848333333333333,41,125,-112.82204184868968,187,62,0,1,0,0,300.0,-17.670312765054405,-12.219437494493462,-71.73229158914182,-11.199999999999992,56,0,187,0,6fcec0592340d3a15c95ecc4fef2dd653cd1ce584fe407794f67f0c6ba56ebd0
711,dqn,201,random,ns_heavy,34.46442687747036,135.5,29.065,66,157,-125.10679610913142,253,96,0,1,0,0,300.0,-27.248437712085433,-17.19690003708455,-69.4614583599614,-11.199999999999992,56,1,253,0,9acbc1a5e96c89711f386c6aba97838974e137960f15e42c74a6dda9ed0ed9e5
712,dqn,903,random,heavy,35.09509202453988,154.0,38.13666666666666,99,183,-150.03884210772304,326,143,0,2,0,0,300.0,-35.75312536919955,-24.369050012477217,-78.71666672604624,-11.199999999999992,56,1,326,0,3a169d34a3c6bec02289d2317136e55992a52e8c30a5ac4c167f69f9e4e144ae
713,dqn,912,random,left_heavy,31.25465838509317,106.0,16.78,39,98,-106.09310032874119,161,63,13,16,0,0,300.0,-15.731250244774856,-11.027475015490918,-68.13437506847549,-11.199999999999992,56,2,174,13,04fd2d4685c3d6d20efad9e3587391c6a07ad85941e8d1df362d19b56ba34bda
714,dqn,26,random,low,20.33256880733945,87.0,14.776666666666667,45,147,-90.54759598474709,218,71,0,2,0,0,300.0,-13.85312525916379,-6.454887506530944,-60.23958321905229,-9.999999999999996,50,3,218,0,465ddbb95a36545c0936f7dfeae809c800295fd9d226a47c9708ce4fa9e5f480
715,dqn,443,random,ns_heavy,39.551587301587304,145.5,33.223333333333336,62,152,-143.89770428920093,252,100,0,2,0,0,300.0,-31.146875101723708,-23.577912497007492,-78.17291669046972,-10.999999999999993,55,1,252,0,c8955f5755f69e186fb434f293e477ad1d828e56827deecf501aa36b834ad1e1
716,dqn,469,random,balanced,39.19521912350598,116.5,32.79333333333334,85,144,-132.67932110668121,251,107,0,3,0,0,300.0,-30.65937525674235,-22.955362479406908,-68.26458337053191,-10.799999999999994,54,1,251,0,26e7585b4bc1e77a17851f4eb31aafe400dd998867a330b5cdedd7e58afc74b8
717,dqn,390,random,left_heavy,32.63181818181818,116.5,23.933333333333334,52,134,-114.82886682886534,220,86,19,22,0,0,300.0,-22.437500244821422,-13.902824988196521,-67.08854159584735,-11.399999999999991,57,1,239,19,13685e5a39c2777152cfdb3187b107934b09eaadacdf207b4e1e901cecd4c997
718,dqn,172,random,ew_heavy,24.947154471544714,76.0,20.456666666666667,52,166,-90.81200858804726,246,80,0,3,0,0,300.0,-19.1781252308283,-9.291174990924624,-51.54270836629439,-10.799999999999994,54,0,246,0,8bf7d195b7e42601618af3ce78707109dc25c6b0220edba410d818213a5d0b80
719,dqn,801,random,ew_heavy,31.548672566371682,104.0,23.766666666666666,55,150,-116.72644204200394,226,76,0,2,0,0,300.0,-22.281250203261152,-14.03790002552487,-69.20729181321803,-11.199999999999992,56,2,226,0,4aeafe605c46e0f0a55e18985125e7609a5316eaed48b516c247d4325e301b8a
720,dqn,736,random,ns_heavy,38.64225941422594,136.0,30.785,64,141,-133.06920020505265,239,98,0,2,0,0,300.0,-28.860937816556543,-20.842637482909055,-71.76562490558717,-11.59999999999999,58,0,239,0,7cbe8021828c5803b674e0f650964777d6315455bd0fb02950b8a3f557fbbf92
721,dqn,156,random,low,15.891752577319588,71.0,5.138333333333334,13,94,-55.73532084301771,97,3,0,1,0,0,300.0,-4.817187596578151,-1.5285499991681721,-38.789583247271366,-10.599999999999994,53,2,97,0,a1ea2666482f410151a782cbc5b6cdecfa70b47b5b90ba8b3fe9cd1fead0935c
722,dqn,183,random,low,29.3125,94.0,25.795,65,148,-111.45968787775348,264,116,0,2,0,0,300.0,-24.182812886312604,-14.745625008181385,-60.93124998325948,-11.59999999999999,58,1,264,0,475cb8dd272a12bc0e2297496e126032ba1c42481da64089f5815708a94ac15b
723,dqn,476,random,heavy,33.03964757709251,128.5,25.0,55,136,-121.39735471589441,227,91,0,2,0,0,300.0,-23.43750038149301,-15.318187519507044,-71.24166681489442,-11.399999999999991,57,1,227,0,01df4fe4bef3728d7ac117fbc10f1662b9535b83f6da49c8ca1aeb5fa2736674
724,dqn,271,random,low,33.65637860082305,96.5,27.261666666666667,64,147,-120.40140863157359,243,96,0,2,0,0,300.0,-25.557812778861262,-15.125887499083905,-68.3177083536284,-11.399999999999991,57,1,243,0,e3ee40347871f73ec5b88146877b9689ecc977dbdd8fc0e9a01f347929857420
725,dqn,766,random,low,37.431451612903224,114.0,30.94333333333333,67,147,-126.55081684572139,248,101,0,2,0,0,300.0,-29.009375222260132,-19.89352497750879,-66.2479166459525,-11.399999999999991,57,0,248,0,6c111e0866ea5f7769d29d8f5d14a78f26442cf78394c9cd4e89928df3a7421d
726,dqn,577,random,ew_heavy,37.4496644295302,108.0,18.6,38,104,-103.16462523156444,149,45,0,1,0,0,300.0,-17.43750026228372,-11.208375011911999,-63.31874995736871,-11.199999999999992,56,1,149,0,bf503f8cbd8d84614a208caf3f9cd4b5b35429741a576577c06d1cc1131c79aa
727,dqn,484,random,low,34.01470588235294,164.0,34.695,82,178,-140.77938796657114,306,128,0,2,0,0,300.0,-32.52656298968941,-19.587200052295525,-77.66562492458615,-10.999999999999993,55,3,306,0,66a06c324a08c2d91bd4e7d9150bcb3a6c8c0593a0d0672f70e79872c7f0df23
728,dqn,785,random,heavy,34.65271966527197,128.5,27.606666666666666,58,163,-127.46293366968389,239,76,0,2,0,0,300.0,-25.88125031092204,-16.985849982129732,-73.59583337663207,-10.999999999999993,55,2,239,0,64a17e3488396ca968ccbfff0bf9e717d029e9bfbce3ceb8cac7919535913d92
729,dqn,18,random,low,39.63513513513514,112.0,29.33,67,127,-129.58440436506135,222,95,0,2,0,0,300.0,-27.496875144192018,-20.11148751680229,-70.97604170406703,-10.999999999999993,55,0,222,0,315cacc99785eb771aa3614df21b696f38eb706b497a3acae6a15bad25b9cf34
730,dqn,76,random,left_heavy,40.18421052631579,122.0,30.546666666666667,58,131,-131.43330844826633,228,97,19,22,0,0,300.0,-28.6375001600245,-20.7280999388975,-70.46770834934432,-11.59999999999999,58,0,247,19,16181ce00daa20604577eef8317c2822a957b7db97eac87aceaade5d802c1143
731,dqn,180,random,ns_heavy,24.09375,80.0,15.42,36,163,-76.5963501084087,192,29,0,1,0,0,300.0,-14.456250121933408,-5.668224996323991,-45.471874990151264,-10.999999999999993,55,0,192,0,b9dbd91fe8a59c222a61f1749cf8b292bedcdb7614a339ef281aad10c5aac07f
732,dqn,363,random,balanced,39.93346774193548,109.0,33.01166666666666,73,139,-139.4503667264936,248,109,0,2,0,0,300.0,-30.94843750738073,-24.45401250740905,-72.84791671170387,-11.199999999999992,56,1,248,0,3424e6e045eeac004b83aab826b99ed358a68f25aa0497ce0ea300271416ac57
733,dqn,939,random,balanced,20.26222222222222,79.5,15.196666666666667,41,167,-86.04225019287043,225,58,0,2,0,0,300.0,-14.24687529366929,-6.182874997152976,-55.01249990204815,-10.599999999999994,53,2,225,0,981c65599a7ad62b552ff982648e7b4d10004d34f908543728cb90b15f1113b1
734,dqn,670,random,ns_heavy,36.747232472324725,154.0,33.195,65,165,-141.00472954053183,271,106,0,1,0,0,300.0,-31.120312914601527,-20.327124971223384,-78.75729165470693,-10.799999999999994,54,1,271,0,4f665980d2331f9c5db4c6ecb30b4e93dd17fad03c5569f31b5741447069ec95
735,dqn,215,random,low,35.939516129032256,115.0,29.71,57,130,-124.75815847151605,248,118,0,2,0,0,300.0,-27.85312517383136,-18.91232499295074,-67.19270830473397,-10.799999999999994,54,1,248,0,bf678b3241ca3fd07761d204298757116fc98dd81caac2e7a77f32d5f38d4254
736,dqn,302,random,heavy,26.135714285714286,96.0,24.398333333333333,55,169,-109.78652521888867,280,111,6,13,0,0,300.0,-22.873437852831557,-15.2630874934388,-60.849999872618355,-10.799999999999994,54,1,286,6,eec14e17fbbb1505206471291bfa0319e0b1832dae3cc63d76c5209d79589ed5
737,dqn,751,random,low,29.43312101910828,73.5,15.403333333333334,40,121,-81.81441692610896,157,36,0,1,0,0,300.0,-14.440625245100819,-6.622749998361539,-50.35104168264661,-10.399999999999995,52,1,157,0,7e286f9e2eaae60a2f33671fe09a55d143de77142360fd1454b9728c78eb6246
738,dqn,89,random,low,32.03347280334728,90.0,25.52,64,155,-107.58294200029124,239,84,0,2,0,0,300.0,-23.925000311690383,-14.972525019644673,-57.88541666895617,-10.799999999999994,54,3,239,0,80952ea77ad04adeba23ba0f608c640f7dc7003cdc2da1321fc69155ace8e900
739,dqn,745,random,heavy,39.708333333333336,123.5,42.885,89,156,-151.0782167898019,324,168,0,3,0,0,300.0,-40.204687777208164,-30.33811250615325,-69.13541650644038,-11.399999999999991,57,0,324,0,7791b71f2b418e7b93a1eb003b56873875330113366fc22ddfe3c13dad684cc7
740,dqn,569,random,ns_heavy,37.48479087452471,107.5,32.861666666666665,66,149,-135.20795032224336,263,114,0,3,0,0,300.0,-30.8078128361376,-22.031387485570306,-71.16875000053551,-11.199999999999992,56,1,263,0,d9ddf450c68fd7bcc1ae2ee7e1b73bf5751435549ce4079fd278f71a88afaae3
741,dqn,84,random,left_heavy,39.665529010238906,120.5,38.74,84,153,-145.27636677217163,293,140,0,3,0,0,300.0,-36.31875019345898,-27.209699985100453,-70.54791659361217,-11.199999999999992,56,0,293,0,bb30c30c3d85602e55b3964bfc5189f88f1a0db34181038425309aadbf94f8ab
742,dqn,473,random,ns_heavy,25.759375,107.0,13.738333333333333,29,131,-90.39246276921911,160,29,0,1,0,0,300.0,-12.879687789827585,-5.400274999647807,-60.312499979743734,-11.79999999999999,59,0,160,0,2246ffddde29ad3743e9d10824acfa5a038eb0ea18d0838e6338014d2b637e23
743,dqn,115,random,left_heavy,38.964285714285715,108.5,25.46,63,109,-118.00178343770754,196,87,6,9,0,0,300.0,-23.86875020118896,-20.49657502491682,-63.03645821160171,-10.599999999999994,53,0,202,6,df78e1dd319f4974a6bd0d90c6c4ebb2128214f73e034753fef6ae06df39ec65
744,dqn,138,random,left_heavy,44.57194244604317,131.0,41.305,81,144,-159.41643775910566,278,134,21,25,0,0,300.0,-38.72343776805792,-31.474249945389595,-78.61875004565809,-10.599999999999994,53,2,299,21,6ad1b02ff207613328c9aaf805a780899669394701afd47bf9ea255c00b3ed04
745,dqn,117,random,balanced,45.01081081081081,100.0,27.756666666666668,62,119,-124.67172534033818,185,66,0,1,0,0,300.0,-26.021875380771235,-17.381100038333532,-71.2687499212334,-9.999999999999996,50,1,185,0,7503aa03aec769da842fa75d86a1ea6aacf34d7e48f03362ca321bd432d5fa2f
746,dqn,555,random,ew_heavy,25.11855670103093,78.5,8.121666666666666,24,74,-65.33668349343058,97,23,0,1,0,0,300.0,-7.614062659209594,-4.1205375027348055,-43.40208333148621,-10.199999999999996,51,2,97,0,65de9e6e4b29a0ae1ad00d4e9bdfdb6d62d9a9d8eeeed6a9f8bdd3b820fc4caf
747,dqn,607,random,low,29.354077253218883,139.0,22.798333333333332,46,150,-123.09419609531837,233,83,0,2,0,0,300.0,-21.373437759000808,-12.937424995820766,-77.98333334049676,-10.799999999999994,54,2,233,0,1d73278c5e49081d296dfb2efbf2999a24520a7c0d5ff940cc282cc801fa9d49
748,dqn,518,random,ns_heavy,34.505836575875485,107.0,29.56,66,141,-122.7602834300764,257,116,0,3,0,0,300.0,-27.712500068475492,-19.901950022757227,-64.14583333884366,-10.999999999999993,55,1,257,0,678ff2126c9a95469b5d7f8ea607527e4ce5172454fabfe138e5191446511ff8
749,dqn,559,random,balanced,37.929429429429426,111.5,42.10166666666667,93,168,-156.19463362619348,333,165,0,2,0,0,300.0,-39.47031290573068,-28.256612439943268,-77.06770828051958,-11.399999999999991,57,1,333,0,55d2e41af3e2ff3daaab55836e5a7575f7ddddadb34bd467d399a210dafcf1b4
750,dqn,347,random,heavy,31.761904761904763,98.0,28.903333333333332,65,160,-107.11959609616456,273,113,0,2,0,0,300.0,-27.096875371178612,-15.208137507796348,-53.61458321718965,-11.199999999999992,56,0,273,0,73ec87c761e3e04e71dabb2ef86f53d3c657c856bd6d5b750c94695c9e5f1301
751,dqn,626,random,heavy,33.49526066350711,115.5,23.558333333333334,55,124,-109.367529433703,211,87,0,2,0,0,300.0,-22.085937844589353,-14.48680000849344,-61.39479158062022,-11.399999999999991,57,0,211,0,4d9a8962b3f07156427c2eb26335926f2f64fc447a49b232d8cf0857583dfc59
752,dqn,584,random,ns_heavy,31.304054054054053,126.0,23.165,55,151,-106.66219186725141,222,71,0,2,0,0,300.0,-21.71718780079391,-11.38771249445199,-61.95729157200549,-11.59999999999999,58,0,222,0,6447ff4f13ce69f234ff5ba742715fff353dc7a116d9ac071aefec3c27976de6
753,dqn,268,random,heavy,36.5921052631579,126.0,37.08,78,161,-134.82193781516693,304,143,0,2,0,0,300.0,-34.76250032999087,-23.940687479355265,-64.71875000582077,-11.399999999999991,57,0,304,0,dafd59a73d6b138808b258f89a1c3c515ebd5447b7480a188af6f43809c45ebd
754,dqn,954,random,low,40.0910780669145,137.0,35.94833333333333,77,141,-150.61803787797754,269,128,0,2,0,0,300.0,-33.70156270917505,-24.391475042957612,-81.12500012584496,-11.399999999999991,57,1,269,0,bd9ee9d004b4bc02af1a346d40f3d8449d10899c80c346c71b04b3c8760eaba6
755,dqn,860,random,low,37.08480565371025,101.0,34.983333333333334,80,163,-125.72829196096205,283,120,0,2,0,0,300.0,-32.79687528871,-20.858500038406792,-60.87291663384531,-11.199999999999992,56,3,283,0,a99b2c26ae828c6291e34272473d3da36547563b4230bf952ba8d10593381af9
