episode,controller,seed,traffic_scenario,realized_scenario,avg_waiting_time,max_waiting_time,avg_queue,max_queue,throughput,episode_reward,departed,unfinished,pending,max_pending,collisions,teleports,duration,reward_queue,reward_waiting,reward_max_waiting,reward_switching,phase_changes,forced_changes,scheduled,not_inserted,route_sha256
1,dqn,879,random,ns_heavy,51.510714285714286,149.0,48.07666666666667,107,166,-141.79705410460969,280,114,0,4,0,0,300.0,-100.53124994179234,-14.993929159441164,-19.87187500337604,-6.400000000000003,32,10,280,0,d9cb4b363eda9d452fde08e51c6f016f2c03be577505eb70a06b22cc2cf37da0
2,dqn,444,random,heavy,31.304780876494025,101.0,26.191666666666666,58,192,-92.34524232671102,251,59,0,2,0,0,300.0,-69.28125065891072,-4.334824996771929,-12.52916667102837,-6.200000000000003,31,8,251,0,ce33ce1144962693e1a066ec106f97caacb2d22b88aec8cddcb42b2b68d12425
3,dqn,381,random,heavy,46.9530303030303,161.0,51.64833333333333,122,208,-140.4971797385506,330,122,1,3,0,0,300.0,-106.950000571087,-11.293429166825796,-16.253750000637943,-6.000000000000003,30,9,331,1,180f20b176edf6b4ed2f72eabcb3f9b632d7da73643ee40b1e0cdd03582d6801
4,dqn,569,random,ns_heavy,36.950570342205324,168.0,32.39333333333333,66,199,-126.8059794085108,263,64,0,3,0,0,300.0,-94.80000025685877,-7.928270815942235,-17.87770833570977,-6.200000000000003,31,10,263,0,d9ddf450c68fd7bcc1ae2ee7e1b73bf5751435549ce4079fd278f71a88afaae3
5,dqn,831,random,ns_heavy,31.772727272727273,108.0,16.31,43,128,-78.0020175235659,154,26,0,1,0,0,300.0,-57.1312508569099,-2.7176416746420737,-12.15312499201392,-6.000000000000003,30,10,154,0,ab366162b1f82aec54ac7b254dac8a481899b21eb739ec667be82a6efb759fb4
6,dqn,909,random,balanced,31.660804020100503,181.5,21.001666666666665,46,167,-101.47419637040727,199,32,0,2,0,0,300.0,-73.85625053569674,-4.020029174508817,-16.997916660201728,-6.600000000000003,33,8,199,0,caed48faee592b6587c11a396611f88ce90a17e4d2714c565003d0db941a9e99
7,dqn,300,random,balanced,21.377682403433475,116.0,16.60333333333333,44,213,-79.48976741493608,233,20,0,2,0,0,300.0,-58.56875077448785,-2.3495583345407796,-12.971458305907445,-5.600000000000002,28,7,233,0,fdaab5e29aa531c9014ba3c319748171b2dcb96e48497de301d95e570c40fd4b
8,dqn,255,random,ns_heavy,31.59051724137931,141.0,24.43,48,188,-113.36446287023799,232,44,0,1,0,0,300.0,-86.51875037467107,-4.347795833874988,-16.097916661691844,-6.400000000000003,32,9,232,0,d1ac092e55db3fd7cee70059fc6e4c0b9d263761b59fcde7cb1e754fe44ac4ca
9,dqn,531,random,left_heavy,34.9863813229572,132.5,29.971666666666668,67,184,-109.86053389372383,257,73,0,7,0,0,300.0,-83.40000053728,-6.123658340830299,-14.136875015613613,-6.200000000000003,31,8,257,0,f6cdb3cdc26838ba2150ee64357a1965d7b89642e61be3bc70bc3027ec2ad0ed
10,dqn,589,random,ew_heavy,38.87896825396825,134.5,32.65833333333333,72,184,-116.08601321574463,252,68,0,3,0,0,300.0,-87.35625071031973,-6.792470839560699,-16.13729166586418,-5.8000000000000025,29,7,252,0,62d65a166e907d971f6276982d01baf19375edb011e55a71b13b62e13ac09031
11,dqn,253,random,left_heavy,34.74193548387097,102.5,21.541666666666668,48,140,-90.33783820550961,186,46,0,10,0,0,300.0,-63.60625072615221,-4.9413791711216595,-15.390208308235723,-6.400000000000003,32,7,186,0,3f3f35eac04a7eed607a0da3c1a926654efccba14366766d02899e11163e89fa
12,dqn,360,random,low,47.86842105263158,122.5,48.50833333333333,116,192,-146.1452882096107,304,112,0,2,0,0,300.0,-112.99375072214752,-11.179245814371823,-15.172291673091248,-6.800000000000003,34,6,304,0,3ac84310f4670bdb914221cb8d2acef68e94ff1262e4805fd8d9ea613f2081e5
13,dqn,928,random,balanced,29.321596244131456,117.5,20.81833333333333,59,169,-87.22700066462204,213,44,0,2,0,0,300.0,-64.72500065295026,-3.580749994009237,-12.721250017662534,-6.200000000000003,31,11,213,0,e371d07746a4fb9794d37e4ec1dede610eb54e0d2a1c2b07b07ba116767d7a4d
14,dqn,757,random,low,43.28142076502732,126.0,26.401666666666667,76,125,-93.76062581978545,183,58,0,2,0,0,300.0,-68.04375078715384,-5.754375009790967,-14.362500022840683,-5.600000000000002,28,10,183,0,8cd1f25f13e1fc6d3a3ce025176d9c847deb04b728ae1b2a12268ac440fa1b02
15,dqn,855,random,low,40.22260273972603,126.0,39.15,81,227,-146.19598829868838,292,65,0,2,0,0,300.0,-116.4375008023344,-7.435362500037446,-15.723124996316608,-6.600000000000003,33,8,292,0,1a83bafc74b7d8877a04d77ad70fc394799936ba190d468b8fa13e78da4a1a74
16,dqn,544,random,ns_heavy,45.26442307692308,124.0,31.383333333333333,78,158,-110.54598290327348,208,50,0,3,0,0,300.0,-80.16874958574772,-7.19619166171979,-16.7810416558059,-6.400000000000003,32,10,208,0,c797c45293170f28793d3e4c89d5238681875dd643237a5fefb1dc99b2ca1cb9
17,dqn,378,random,left_heavy,47.292307692307695,173.5,20.495,37,93,-84.35576769663533,130,37,18,23,0,0,300.0,-52.23750100750476,-6.979725011047415,-19.13854167808315,-6.000000000000003,30,6,148,18,11f26b6bb5460eb293f925aac53b935dbfacda00c95c2ca333cdfd4c66d5e470
18,dqn,203,random,ns_heavy,37.1198347107438,146.5,14.971666666666666,36,92,-76.8060340618096,121,29,0,1,0,0,300.0,-51.96875073341653,-3.070825002071071,-15.366458326322025,-6.400000000000003,32,8,121,0,de2b586f7a33898c22f2d8e2a23f3d0ad4e3154d85a8b586de1d61e68fb65cab
19,dqn,673,random,low,30.561904761904763,119.0,21.393333333333334,71,176,-89.52218322159096,210,34,0,2,0,0,300.0,-66.92499987734482,-3.496974995721394,-12.900208348524766,-6.200000000000003,31,6,210,0,eef8d318c687b8b56ed2f7a24273306fea342f6393aed40644a9028a1a005c37
20,dqn,517,random,left_heavy,47.03765690376569,152.0,37.473333333333336,80,136,-111.5502965846485,239,103,4,13,0,0,300.0,-79.04375075828284,-10.236129184152373,-15.470416642213234,-6.800000000000003,34,8,243,4,08afa3683e4385608022cb7e3b9497ecd327424c9624aa19a59326727d9d4912
21,dqn,416,random,left_heavy,31.958549222797927,103.5,20.563333333333333,46,137,-88.27589646363845,193,56,5,20,0,0,300.0,-62.168750665616244,-4.930687489712003,-14.576458308310245,-6.600000000000003,33,6,198,5,05eb738634fb18cd6d445e1ee1563b42d90c4cb8de1596522fc512792662513e
22,dqn,243,random,low,43.97859327217125,154.5,47.93833333333333,110,219,-157.266047119098,327,108,0,2,0,0,300.0,-121.13125128904358,-11.450004172237081,-17.48479165781756,-7.200000000000004,36,5,327,0,53c132128a73a63731a804fff55d1d930685c44ef4546fd3030237b4e593c852
23,dqn,508,random,left_heavy,37.05924170616114,129.5,26.065,52,137,-95.26377555301511,211,74,9,11,0,0,300.0,-68.24375054379925,-6.157525005001658,-14.662500004214236,-6.200000000000003,31,8,220,9,f08dda704df6a56edf0b962e2f7716dbc2e80b83707d254e54a5360840b1944d
24,dqn,50,random,heavy,43.18287937743191,138.5,36.99333333333333,71,176,-130.75196745782512,257,81,0,3,0,0,300.0,-96.72500079823658,-9.366549990446222,-18.060416669142434,-6.600000000000003,33,6,257,0,a97da7d4b8b56d8f0c7849f6dbbc2eb6f5db4aa6c780b640fe05eddd9c48f298
25,dqn,57,random,balanced,23.86214953271028,79.0,17.02166666666667,40,183,-74.26495480966766,214,31,0,1,0,0,300.0,-55.99375064112246,-2.237245836560761,-10.033958331984481,-6.000000000000003,30,5,214,0,fcbfa42875180135cbfd0f3b722b05530d758a33c681959b70cf37fa6e9fc12a
26,dqn,113,random,ns_heavy,20.851612903225806,74.0,10.773333333333333,24,144,-56.69882555315489,155,11,0,1,0,0,300.0,-40.387500561308116,-1.2425750017886463,-8.868749990058129,-6.200000000000003,31,10,155,0,bf4caa10621319b5a13ceb1fb946a751a7619841dc636677c5b9ad8917384e50
27,dqn,859,random,balanced,42.15964912280702,139.0,40.05166666666667,92,214,-122.49880984232797,285,71,0,2,0,0,300.0,-91.58125153183937,-8.509224999887373,-16.208333310601294,-6.200000000000003,31,6,285,0,ab3d7081a66f6ae15cff187b09fbe3eee3e1e018cc659850bfa2f8d0301b3fcd
28,dqn,343,random,balanced,15.592233009708737,71.5,5.3533333333333335,17,96,-34.02579630426408,103,7,0,1,0,0,300.0,-20.075000477489084,-0.5512124993540053,-7.399583327420994,-6.000000000000003,30,7,103,0,1b593db1dd080d638178dd85fa7f584adb57dba05c9a93f8075bf791fbe37b64
29,dqn,121,random,ns_heavy,33.50420168067227,107.5,26.58,55,196,-111.6926466754427,238,42,0,2,0,0,300.0,-85.92500084405765,-5.07431249977308,-13.893333331611945,-6.800000000000003,34,9,238,0,f26fa7cfb1c42991097d38025df60a345066782c83fdd5131c0158a8cea4c60e
30,dqn,16,random,left_heavy,30.876963350785342,133.0,19.658333333333335,39,142,-90.68197969522814,191,49,0,8,0,0,300.0,-62.33750052796677,-4.795937496293484,-16.948541670967835,-6.600000000000003,33,5,191,0,5a8ec888e3351b72032ef8e54a8be76ff9ff345db081c47bb65f15a4a3394e40
31,dqn,945,random,heavy,27.983870967741936,159.0,14.458333333333334,32,135,-78.6754051584481,155,20,0,1,0,0,300.0,-50.087500996887684,-2.733737492418005,-19.05416666914246,-6.800000000000003,34,5,155,0,606d141bf0543a08ade33eddf46543c422db0ee504e984233d4ad7d5c4e41238
32,dqn,773,random,low,42.12992125984252,124.0,35.67,72,184,-128.00841295866056,254,70,0,2,0,0,300.0,-100.04375047562644,-7.252995834455214,-14.311666648578834,-6.400000000000003,32,6,254,0,df7200a9dac373bbcfc06f0594a303f5a021428f1ee15ca33c0395fea6150f43
33,dqn,155,random,balanced,37.48863636363637,100.5,32.99,61,187,-109.17046710242505,264,77,0,4,0,0,300.0,-82.20625043753535,-6.171508325603645,-14.392708339286045,-6.400000000000003,32,6,264,0,eb7c482c1c640ecb278d3dcbccb2dfbdc60a8542225bc0c9394fdbd81b4b2f5f
34,dqn,804,random,ew_heavy,38.290393013100434,154.0,29.22833333333333,89,173,-103.62658388443879,229,56,0,3,0,0,300.0,-71.23125054780394,-8.288249994294164,-17.70708334234077,-6.400000000000003,32,5,229,0,cd3eda958b5c9d33c5a74c4d8df60a02518efc8e132ac235acde8df555ea4d5e
35,dqn,576,random,balanced,27.38030888030888,122.0,23.638333333333332,58,211,-92.37713389842907,259,48,0,3,0,0,300.0,-69.60625054873526,-3.9969250044472577,-12.973958345246505,-5.8000000000000025,29,8,259,0,98f0a1aa598913d7c08fea0eac23359114d68b055d1434c34dc6d09ee1ed8c6d
36,dqn,21,random,ns_heavy,30.645228215767634,130.0,24.618333333333332,52,186,-103.35185077301934,241,55,0,2,0,0,300.0,-75.23750075232238,-4.6393500129437575,-16.875000007753258,-6.600000000000003,33,7,241,0,3660173dc164fa1364ff5e75c68a5eaa7401d80a3012b56f10f7425f8b254d13
37,dqn,126,random,ns_heavy,36.820754716981135,149.5,26.02,70,143,-82.55948464051106,212,69,2,4,0,0,300.0,-52.75000129779801,-7.4507333334324315,-15.9587500092806,-6.400000000000003,32,4,214,2,4948c918ca2df16c0093025b831822601923b7f096d8741961703b8254d95164
38,dqn,527,random,low,35.8325,137.5,23.888333333333332,53,156,-95.40953377994957,200,44,0,2,0,0,300.0,-70.63125043734908,-5.05911666950924,-13.719166673091241,-6.000000000000003,30,6,200,0,849462797b3d041d53d03b5ddbc4d547f5c763347a26e013cb25a2cc94a015a4
39,dqn,703,random,low,26.18028846153846,105.0,18.15,34,184,-88.91888871572806,208,24,0,2,0,0,300.0,-64.181251199916,-2.9963875032532092,-14.341250012558874,-7.400000000000004,37,4,208,0,7c9eff2e9a5b10e246e73a5cb1d5e8ac2547735b2aff343eebcf707a57577bcd
40,dqn,432,random,heavy,26.545454545454547,96.5,16.546666666666667,37,155,-74.60626715369362,187,32,0,1,0,0,300.0,-53.318750503472984,-2.581891668134631,-11.705624982086016,-7.0000000000000036,35,8,187,0,6fcec0592340d3a15c95ecc4fef2dd653cd1ce584fe407794f67f0c6ba56ebd0
41,dqn,150,random,left_heavy,45.604729729729726,105.0,44.99666666666667,103,183,-150.20258840258407,296,113,0,5,0,0,300.0,-118.93125089025125,-9.32654582027972,-15.344791692052967,-6.600000000000003,33,8,296,0,9d17157e71213d5a818479d06a5453c56f8a15cbe0740ae7797064c166564464
42,dqn,402,random,heavy,29.738,114.0,24.781666666666666,55,192,-107.95015471330048,250,58,0,2,0,0,300.0,-81.76875058142468,-4.533070829246569,-15.248333302629176,-6.400000000000003,32,6,250,0,b4d3738f6a03ae53104a3ed6b4190a7681bbaf9751c2281a04491b807446e099
43,dqn,857,random,low,34.04398148148148,98.5,24.511666666666667,60,156,-94.36165905032902,216,60,0,2,0,0,300.0,-69.82500072428957,-4.752699997780293,-12.98395832825917,-6.800000000000003,34,4,216,0,6a2edb5df814ece24a2e2c271be596928aeb7e99e7547466c5fa893114fdf20f
44,dqn,72,random,low,37.18791946308725,115.5,18.47,53,100,-75.09418868288846,149,49,0,1,0,0,300.0,-51.325001201126724,-3.9758541712908486,-12.79333331047092,-7.0000000000000036,35,6,149,0,10854c7c8a17c02865d82b0cd83483ae3896be3c3591c30c10cfec6832127267
45,dqn,641,random,heavy,35.64259259259259,116.0,32.07833333333333,57,201,-115.59970493952653,270,69,0,2,0,0,300.0,-88.99375079199672,-5.963245837999417,-13.84270830953029,-6.800000000000003,34,8,270,0,90094cde7db2a3714e78a6463d6778ef266c9f15dbb6e5fcadbe07dd529a4cf4
46,dqn,941,random,ns_heavy,33.60262008733624,105.5,25.65,78,168,-94.45678017522076,229,61,0,1,0,0,300.0,-68.69375102827325,-5.202195836867759,-14.160833310079767,-6.400000000000003,32,5,229,0,303b273411aa78898a359ba8fef23502c87b9e10b177aaf6dfbbe2268506d5ae
47,dqn,623,random,heavy,48.42652329749104,146.0,45.03666666666667,111,161,-139.8283004144824,279,118,0,1,0,0,300.0,-104.04375041276217,-10.630799995121908,-18.35375000659846,-6.800000000000003,34,7,279,0,7bfde1340a024efbb0f158de5007d437b3cdf0777f1b816dab693659b601ef19
48,dqn,297,random,ns_heavy,22.466666666666665,89.5,10.11,25,126,-55.58094625359156,135,9,0,1,0,0,300.0,-37.912500438746065,-1.1817791697125353,-9.486666645132935,-7.0000000000000036,35,6,135,0,57381bd6087324c23596565dab3d41bd4db9f6a89432ab63c08f3a30be44465c
49,dqn,233,random,balanced,24.287974683544302,79.5,12.791666666666666,24,134,-66.21408002442115,158,24,0,2,0,0,300.0,-46.887500857468694,-1.5405375010137512,-9.986041665938679,-7.800000000000004,39,6,158,0,4af62996debdab1aa3ea222acd0bc880dd16c7deba05674f73c7f8a8db56db77
50,dqn,933,random,heavy,23.377551020408163,73.5,19.091666666666665,51,204,-84.02577186521592,245,41,0,1,0,0,300.0,-64.70000103861094,-2.55243750162408,-9.973333324980937,-6.800000000000003,34,6,245,0,3ee66c6171dc292133fb6e0d11328d6cd4530cd132db67cbac01f136fbb19544
51,dqn,663,random,low,33.06969696969697,105.0,18.188333333333333,37,141,-85.9232506060412,165,24,0,1,0,0,300.0,-63.662500605452806,-2.95429166808244,-12.306458332506002,-7.0000000000000036,35,7,165,0,3b5ee66c7f41b9833dc6deced150cab7482bfe1f5c66c422adf9764a1378d989
52,dqn,404,random,low,29.060606060606062,105.0,19.18,48,172,-84.50876752166447,198,26,0,2,0,0,300.0,-61.28750087507069,-3.2641833336827397,-12.557083312910992,-7.400000000000004,37,3,198,0,a15773ee65a7070349d5ffffd03e96ad455e4dade19b01f5547cd93a9a77e597
53,dqn,106,random,left_heavy,44.094,167.0,36.74666666666667,96,157,-130.17268905868767,250,93,11,19,0,0,300.0,-94.0062515665777,-10.717270807209566,-18.84916668490042,-6.600000000000003,33,5,261,11,dc620d35bff553b52dcc05711ac3b564c1f8978c6ff60092f35eb7cd673970e4
54,dqn,210,random,ns_heavy,27.87704918032787,112.5,17.005,35,147,-82.29970084229426,183,36,0,1,0,0,300.0,-60.38125085644424,-2.5515749983111164,-11.96687498753892,-7.400000000000004,37,7,183,0,0745651311d54f9417f080fe4a0ae41aca0148d2fa86206345f58035dae267ce
55,dqn,455,random,heavy,40.251666666666665,127.5,40.251666666666665,82,197,-129.466575838731,300,103,0,3,0,0,300.0,-100.25000084144995,-8.094908351533379,-14.321666645747612,-6.800000000000003,34,7,300,0,721668a27877f1223355b00d728bd161772e3e146134e7959fe1a672ea0bacb9
56,dqn,252,random,low,26.799126637554586,108.0,20.456666666666667,42,205,-98.61248483380989,229,24,0,2,0,0,300.0,-74.50000151246786,-3.003316667585022,-13.509166653757001,-7.600000000000004,38,6,229,0,94df5b4fc460b705fe437a07af4710a8f8e54c0aa03ce370f2fb70aa497ed0f8
57,dqn,257,random,heavy,42.02845528455285,116.0,51.695,120,244,-165.46596386315136,369,125,0,2,0,0,300.0,-132.31875137239695,-11.042212504719647,-15.704999986034817,-6.400000000000003,32,6,369,0,a3e887b14dadf2dfea389dcd5dbfcb42653ea044ebf5504501aa9ff2303f02cf
58,dqn,248,random,left_heavy,40.232,100.5,33.528333333333336,71,162,-121.49987629109455,250,88,23,32,0,0,300.0,-93.76875130133703,-7.449874993738921,-13.881249996018584,-6.400000000000003,32,4,273,23,dd141f976319bd4b73fdf4247f113202e4aed763f9f0bacc7eea9039af219c68
59,dqn,192,random,heavy,30.043715846994534,119.0,18.326666666666668,50,138,-86.43244226513268,183,45,0,2,0,0,300.0,-60.80625058198348,-3.77827500371568,-15.447916679433558,-6.400000000000003,32,6,183,0,5b8aaa9bfb59d24a509c5e250e86f7980d8fff57c472d3c2e7cc7fa7483f7e4a
60,dqn,805,random,ns_heavy,18.216101694915253,65.0,7.165,15,106,-41.78903398035688,118,12,0,1,0,0,300.0,-26.868750658351928,-0.632574999184726,-7.48770832282026,-6.800000000000003,34,7,118,0,7428892fe51292db1d2d4da7c24f51316373fa2e9eef35907d9e002fac91de7e
61,dqn,487,random,left_heavy,34.91555555555556,125.0,26.188333333333333,64,169,-103.89093389431149,225,56,27,41,0,0,300.0,-72.91250057891011,-7.031350002639375,-17.147083312761996,-6.800000000000003,34,5,252,27,1fb513a2492574e780bdfcee52484cc9139cd2e58c28ce715e2670244ddaaf98
62,dqn,830,random,ns_heavy,27.864864864864863,127.5,13.746666666666666,32,118,-73.77530485015961,148,30,0,1,0,0,300.0,-49.95625069271773,-2.1817624984694697,-13.637291658972387,-8.000000000000004,40,5,148,0,3e9bbd08bf9d7bc18bd45618241c6e77e5df526a007f286867a156380418c8db
63,dqn,665,random,low,24.784671532846716,93.5,11.318333333333333,33,128,-60.305738131229745,137,9,0,1,0,0,300.0,-40.456250654067844,-1.5724041654430052,-11.277083311718895,-7.0000000000000036,35,3,137,0,f8a15899a20d75b523db4416c44308e3bcfeb11cf89ce76f2d4fcefe99ca9f68
64,dqn,809,random,ew_heavy,14.421641791044776,79.5,6.441666666666666,21,118,-39.705483994855605,134,16,0,1,0,0,300.0,-24.106250673066825,-0.68131666676054,-8.317916655028244,-6.600000000000003,33,6,134,0,37f48cce4f717ccf1b801d4d0679c677345a880b80c10546a0689ba2102469dc
65,dqn,665,random,low,18.521897810218977,86.0,8.458333333333334,21,127,-50.09480905522582,137,10,0,1,0,0,300.0,-31.718750708270818,-1.052099999100755,-10.523958347854208,-6.800000000000003,34,3,137,0,f8a15899a20d75b523db4416c44308e3bcfeb11cf89ce76f2d4fcefe99ca9f68
66,dqn,267,random,left_heavy,33.36585365853659,140.5,22.805,51,148,-94.51162620154575,205,57,27,29,0,0,300.0,-64.65625119721517,-5.950999997955658,-17.30437500637491,-6.600000000000003,33,6,232,27,b11aa8f8af945c8fc3efd6877741e84d3cda64004dd0208daa9bac4163f7560a
67,dqn,281,random,left_heavy,34.0219512195122,148.0,23.248333333333335,47,156,-98.9537379842178,205,49,7,15,0,0,300.0,-70.13750047516078,-5.263737513932574,-16.35249999512451,-7.200000000000004,36,6,212,7,8bd6c65a86de86842b30c33d09877b6eaaa011887dd182df5ec0c24cf5f61732
68,dqn,296,random,balanced,18.398692810457515,68.0,9.385,21,146,-51.84471334676053,153,7,0,1,0,0,300.0,-35.19375083083287,-0.921587501357135,-8.52937501457054,-7.200000000000004,36,1,153,0,18ac3daa428889b51750b3716f1954a6eba603a86b1e1cf651f77288b01be37c
69,dqn,214,random,balanced,20.472772277227723,213.5,13.785,30,184,-78.1318716159556,202,18,0,2,0,0,300.0,-50.38125078007579,-2.581870837043972,-19.16874999883586,-6.000000000000003,30,7,202,0,ea84b8d4230180cc085458867f689ad098223fd699b396071e378272b68d77b8
70,dqn,538,random,balanced,23.693478260869565,120.0,18.165,44,183,-79.79366291588164,230,47,0,2,0,0,300.0,-58.23750042496249,-2.5234541692909267,-12.03270832162816,-7.0000000000000036,35,7,230,0,d02d3b3c0a8650f1791b65dbd14f015a3cee0fdb8abfe9630cbe0c838e9f1cb7
71,dqn,952,random,left_heavy,36.03181818181818,119.5,26.426666666666666,59,160,-109.39360886172729,220,60,10,14,0,0,300.0,-82.23750049201772,-5.518191679109441,-14.437916690600103,-7.200000000000004,36,5,230,10,5dc33c77602798114bcd6f9e1fb69bd3fb03f87e31bbeb6af2220b044a9a1f4c
72,dqn,712,random,balanced,18.593434343434343,74.5,12.271666666666667,28,175,-63.452955035844234,198,23,0,2,0,0,300.0,-45.943750876002014,-1.3717041653137128,-9.537499994528481,-6.600000000000003,33,7,198,0,1abc6bf7d04fc5f83503de1ed7c0fd4ce6d34f36734b6322147d44c4d3ab81dc
73,dqn,795,random,heavy,29.792349726775956,106.0,18.173333333333332,41,141,-80.9506220276387,183,42,0,1,0,0,300.0,-59.43750118371099,-2.897495841203636,-12.015625002724125,-6.600000000000003,33,6,183,0,201e0f3e93fe22f26ba8519814e1c4e61d754732577eb37c713d636bcc9d7e68
74,dqn,707,random,ns_heavy,14.872222222222222,103.5,8.923333333333334,23,168,-50.59515485965678,180,12,0,1,0,0,300.0,-33.462500697467476,-0.9645291677399657,-9.168124994449325,-7.0000000000000036,35,5,180,0,54b0c223084411f3dcb4e460f5d6523f059559c49a65a389efc2c5f9d3259c50
75,dqn,360,random,low,33.11513157894737,124.0,33.556666666666665,73,243,-128.83793420384538,304,61,0,2,0,0,300.0,-100.19375086855143,-6.385850003458474,-15.45833333183546,-6.800000000000003,34,7,304,0,3ac84310f4670bdb914221cb8d2acef68e94ff1262e4805fd8d9ea613f2081e5
76,dqn,843,random,low,21.189473684210526,63.5,6.71,18,82,-39.64271312390552,95,13,0,0,0,0,300.0,-24.631250634789467,-0.7262541657742987,-7.685208323341798,-6.600000000000003,33,5,95,0,72ac29430eafd1ca7fa1b4968e2db08a8089d67120ed3c051e1a21a625462e5c
77,dqn,270,random,left_heavy,32.25945945945946,126.0,19.895,51,140,-84.48908344618978,185,45,8,14,0,0,300.0,-59.37500010803342,-4.427000005869194,-14.28708333228715,-6.400000000000003,32,7,193,8,bbbc3af943cbcd65d0a6648c14110c33d2597fb24c3cdf3aadb5f5d9ea28298e
78,dqn,765,random,low,30.01158301158301,113.5,25.911666666666665,61,201,-105.6868764137245,259,58,0,2,0,0,300.0,-80.2625014227815,-4.629999988814962,-12.994375002128075,-7.800000000000004,39,3,259,0,289470c55722048a8d03584d7dc81c240083454999921505762960f14c61eceb
79,dqn,41,random,left_heavy,35.42910447761194,182.5,31.651666666666667,70,216,-121.84101782031429,268,52,18,20,0,0,300.0,-88.26250113733113,-8.517266687262602,-17.86124999572058,-7.200000000000004,36,5,286,18,3ff86ecc65355b3fd986c570ea66b9dbf6bdcdbc1240e12a29baeeb3742ad7fb
80,dqn,515,random,balanced,40.052434456928836,104.5,35.64666666666667,73,185,-126.06142584971607,267,82,0,2,0,0,300.0,-97.06875085318461,-7.2151750021519545,-15.377499994379447,-6.400000000000003,32,6,267,0,705714917e1199776ba8faa67f8b7141c7f21d0b6c9a92901d9f911008bac674
81,dqn,665,random,low,23.55109489051095,82.5,10.755,25,126,-59.15744228196637,137,11,0,1,0,0,300.0,-40.33125062379986,-1.2155666655751705,-10.41062499259133,-7.200000000000004,36,4,137,0,f8a15899a20d75b523db4416c44308e3bcfeb11cf89ce76f2d4fcefe99ca9f68
82,dqn,693,random,heavy,26.34186046511628,130.0,18.878333333333334,56,183,-90.55662136092792,215,32,0,2,0,0,300.0,-65.38750051753595,-3.002870829715538,-15.566250013676463,-6.600000000000003,33,7,215,0,33b98272e1ac1b8d3769a606e592b12777cf35e0537f326e6aff8bc234ac86bc
83,dqn,103,random,left_heavy,45.16901408450704,186.0,42.76,98,177,-149.6683012042303,284,107,9,10,0,0,300.0,-111.17500122683123,-11.728091655286692,-19.365208322112476,-7.400000000000004,37,4,293,9,18edb8d4168b60e66455d7b72d2ff4c754e225f7bb52ebfce3813ecc6d5cfdbd
84,dqn,765,random,low,24.457528957528957,82.0,21.115,49,213,-89.67967978539455,259,46,0,2,0,0,300.0,-68.63750060414895,-2.916345831640501,-11.125833349605095,-7.0000000000000036,35,3,259,0,289470c55722048a8d03584d7dc81c240083454999921505762960f14c61eceb
85,dqn,40,random,left_heavy,29.879446640316207,128.0,25.198333333333334,49,192,-110.38322553018155,253,61,0,2,0,0,300.0,-80.15625053318217,-5.301766667752967,-16.925208329246388,-8.000000000000004,40,5,253,0,9fff2a1f8b5b9875558d6298c602dcd3de1e02f0d957361cd82f1335e91aab6b
86,dqn,193,random,left_heavy,24.908256880733944,89.0,18.101666666666667,46,171,-79.75078418900885,218,47,5,15,0,0,300.0,-57.66250086016953,-2.8001583358382054,-11.288124993001112,-8.000000000000004,40,5,223,5,23a6e56f6b35e98849363d4d5f5b452d4253eb6d467352feb685c582e2382a6c
87,dqn,72,random,low,24.12751677852349,81.0,11.983333333333333,35,135,-61.517025627634546,149,14,0,1,0,0,300.0,-43.25000061513856,-1.6653583361265187,-10.201666676369499,-6.400000000000003,32,8,149,0,10854c7c8a17c02865d82b0cd83483ae3896be3c3591c30c10cfec6832127267
88,dqn,979,random,low,14.56280193236715,83.5,10.048333333333334,32,195,-54.39007568334855,207,12,0,2,0,0,300.0,-37.35000069346279,-0.934033332403487,-8.306041657482275,-7.800000000000004,39,5,207,0,602e7c1cec9051e7be11c844781794916887ad52463311b80e61d2b68f1b0378
89,dqn,505,random,heavy,24.10759493670886,69.5,19.045,47,213,-84.46487182017226,237,24,0,2,0,0,300.0,-66.45625098980963,-2.2259124987693197,-9.38270833159332,-6.400000000000003,32,6,237,0,06ccb621074e0eeb4a367963810c8a9dea30337a4521f0d76fe391fe999b8703
90,dqn,539,random,ns_heavy,21.91902834008097,114.5,18.048333333333332,42,205,-86.6887094078207,247,42,0,2,0,0,300.0,-64.28750105621293,-2.6505833383736883,-13.150625013234105,-6.600000000000003,33,4,247,0,728120cc01ea7d8517ede201f39b3a5f2ed1a8f6bdde01e117fc965068cb0233
91,dqn,466,random,left_heavy,26.44139194139194,89.0,24.061666666666667,58,204,-97.0621089683074,273,69,1,11,0,0,300.0,-76.43750063981861,-3.8475249944181993,-10.577083334070633,-6.200000000000003,31,5,274,1,beecee49f95ee8638999c741c79f5cc23b0180608a66dfb5e2e48e6ed1c06d8a
92,dqn,636,random,ns_heavy,15.033088235294118,56.0,6.815,23,129,-38.720458944899285,136,7,0,2,0,0,300.0,-25.218750608619303,-0.6040000006447374,-6.297708335635251,-6.600000000000003,33,6,136,0,6c1fc46be2c7716d3de6fda3682d7a131b9405d19de6fce6c7b0aab1795c5d14
93,dqn,214,random,balanced,26.212871287128714,146.0,17.65,44,174,-87.14560888942796,202,28,0,2,0,0,300.0,-61.16250057052821,-2.9337333312258145,-15.649374987673943,-7.400000000000004,37,6,202,0,ea84b8d4230180cc085458867f689ad098223fd699b396071e378272b68d77b8
94,dqn,672,random,low,24.827800829875518,160.5,19.945,48,205,-94.41891375870985,241,36,0,2,0,0,300.0,-68.82500124908984,-2.877037497657147,-15.516875011962822,-7.200000000000004,36,6,241,0,a287fe145fe6972f4bf922a8aae0a64d7d1c4944aeefaad8cb62b799bf68e18f
95,dqn,423,random,left_heavy,33.811418685121104,146.5,32.575,63,213,-128.92314252677681,289,76,6,8,0,0,300.0,-99.0937508624047,-6.652099995676691,-15.37729166869539,-7.800000000000004,39,7,295,6,7ebde6556ac9d12daeaa662cd34947ec6f62dbde121f4341f4ad2716fd368f6f
96,dqn,709,random,heavy,26.781690140845072,104.0,19.015,46,169,-88.0704381015378,213,44,0,2,0,0,300.0,-63.73125058924779,-3.1083541594438433,-12.830833352846083,-8.400000000000002,42,5,213,0,d175ab3820c4f9a4ea683f098ea0c3b51c71400227b08411ab250c8fd5b47be3
97,dqn,557,random,left_heavy,38.095477386934675,172.5,25.27166666666667,46,156,-105.98631751804571,199,43,3,4,0,0,300.0,-73.6875008745119,-6.654858329654236,-17.84395831387956,-7.800000000000004,39,5,202,3,49e1b49a9a4f54d757d29874b8ce60c4f4e80e7186c7db0dc94eabb6d3148bd0
98,dqn,88,random,left_heavy,32.53862660944206,185.0,25.278333333333332,48,190,-104.72952933083712,233,43,33,37,0,0,300.0,-67.93750018347055,-8.718279142705436,-20.273750004661306,-7.800000000000004,39,4,266,33,b11ba89cca25825aa4072334a7b64271fb7adf6774b2f617145738bae3644642
99,dqn,452,random,left_heavy,27.841216216216218,115.5,27.473333333333333,64,236,-115.50980066420244,296,60,11,14,0,0,300.0,-87.36250067688525,-5.551674999792154,-15.595624987524934,-7.0000000000000036,35,4,307,11,e31c2f8bbdec4b5d262bb13dfba5fa0e0af0ba5ce6b0a3eed8249a875eda34aa
100,dqn,77,random,balanced,10.840764331210192,94.5,5.673333333333333,17,157,-38.8423171458526,157,0,0,2,0,0,300.0,-21.27500047115609,-0.5706499996122143,-8.996666675084276,-8.000000000000004,40,4,157,0,66769b7d63048d7023c157e0e9dd6c3c726a13196b688d44967bb0ff52f5df1b
101,dqn,728,random,heavy,13.690944881889763,127.0,11.591666666666667,28,233,-64.59491309301157,254,21,0,2,0,0,300.0,-42.59375058161095,-1.38345416862212,-13.81770834277849,-6.800000000000003,34,5,254,0,43ea3f1b84773fcee4de73cff87914fcf5899870b85b9e76d2e739cca3aa2dbd
102,dqn,300,random,balanced,23.126609442060087,192.5,17.961666666666666,35,211,-95.20628448413835,233,22,0,2,0,0,300.0,-63.925001146271825,-4.312950001784337,-19.168333336082288,-7.800000000000004,39,4,233,0,fdaab5e29aa531c9014ba3c319748171b2dcb96e48497de301d95e570c40fd4b
103,dqn,999,random,heavy,18.18075117370892,86.0,12.908333333333333,28,192,-68.62249238770823,213,21,0,3,0,0,300.0,-48.34375071153045,-1.7356166658726573,-11.343125010305087,-7.200000000000004,36,2,213,0,9b1373578232abf7038b7421cdf74ba225d19a88f8091da68014255f39c45f4b
104,dqn,133,random,left_heavy,28.854978354978353,154.5,22.22,47,179,-96.5753802462292,231,52,12,18,0,0,300.0,-65.47500111721456,-6.361629163617908,-17.73874996539669,-7.0000000000000036,35,6,243,12,43673fc64261f39d23d7c390ffa4b0fb2b4a4d333cc76561576199d7ec76fcfd
105,dqn,552,random,balanced,15.5,142.0,12.451666666666666,23,223,-73.72981334248834,241,18,0,2,0,0,300.0,-46.69375085365027,-1.9446041660550692,-17.291458322782997,-7.800000000000004,39,3,241,0,7516b7068c82f1ee1f401a3b4f978cbe14bb213c55206e3859f1d1953eb52977
106,dqn,747,random,balanced,22.99812734082397,118.0,20.468333333333334,42,230,-96.57620499039982,267,37,0,2,0,0,300.0,-71.2812508312054,-3.184537497316341,-15.11041666187812,-7.0000000000000036,35,3,267,0,74804a03a548692a8ddd1973242a28705a0ba63383f6ecc59deb8eab0d2f0c21
107,dqn,480,random,heavy,18.106,134.5,15.088333333333333,40,215,-80.71817199138097,250,35,0,2,0,0,300.0,-56.58125117467716,-2.4396291598175592,-13.897291656886223,-7.800000000000004,39,5,250,0,607001744f58565ca621b3cc0e30242ecb8254de1206709d6c5cb73462df74d7
108,dqn,473,random,ns_heavy,8.503125,58.5,4.535,11,155,-31.71213368802054,160,5,0,1,0,0,300.0,-17.00625036424026,-0.3396333335964298,-6.366249990183862,-8.000000000000004,40,2,160,0,2246ffddde29ad3743e9d10824acfa5a038eb0ea18d0838e6338014d2b637e23
109,dqn,729,random,balanced,29.93027210884354,171.5,29.331666666666667,55,231,-126.03072950612186,294,63,0,2,0,0,300.0,-91.51875032903627,-7.1361458321371165,-19.375833344948518,-8.000000000000004,40,6,294,0,da8550020074e6762e0fddc3a4f5cdd0a85f1e5f3c8998cc429f961f722d6e51
110,dqn,182,random,heavy,12.032663316582914,86.5,7.9816666666666665,18,182,-48.54052148102271,199,17,0,1,0,0,300.0,-29.931250658351928,-0.7298958351086187,-9.27937498756219,-8.600000000000001,43,3,199,0,986d11ffd694e2d94cf06e48fd0d6972873813b15fa6b2c1f9a5e39a5bda2a40
111,dqn,769,random,left_heavy,21.179591836734694,100.0,17.296666666666667,36,188,-81.19684254858728,245,57,1,20,0,0,300.0,-59.51875089108944,-2.853716663118393,-11.624374994379476,-7.200000000000004,36,5,246,1,1f426b43257a4e26cab91b666d84973f22ab1d0840bf5cf39ad9a07cd5db45f1
112,dqn,404,random,low,12.232323232323232,91.0,8.073333333333334,20,190,-47.25399660936311,198,8,0,2,0,0,300.0,-30.275000776164234,-0.7285791667200101,-8.450416666478844,-7.800000000000004,39,3,198,0,a15773ee65a7070349d5ffffd03e96ad455e4dade19b01f5547cd93a9a77e597
113,dqn,41,random,left_heavy,29.768953068592058,121.5,27.486666666666668,50,226,-110.57589233164826,277,51,9,12,0,0,300.0,-80.46875067753717,-6.3327666582416,-17.174374995869595,-6.600000000000003,33,6,286,9,3ff86ecc65355b3fd986c570ea66b9dbf6bdcdbc1240e12a29baeeb3742ad7fb
114,dqn,197,random,low,12.185589519650655,91.0,9.301666666666666,26,216,-53.727742371163174,229,13,0,1,0,0,300.0,-34.88125069765374,-0.90295000249971,-10.343541671009742,-7.600000000000004,38,3,229,0,f485eeea53bee24114151e420dd84f955ddc36922f59531405b1c8e776352c29
115,dqn,458,random,ns_heavy,13.410493827160494,95.0,7.241666666666666,16,149,-45.562321428399436,162,13,0,1,0,0,300.0,-27.15625059651211,-0.7350291656133776,-10.671041666273952,-7.0000000000000036,35,5,162,0,e28e34093a41cfdf12a88829347bf4f08e1a67cf3c6b0f781bef3ebc433a2b11
116,dqn,749,random,ns_heavy,18.056603773584907,106.0,9.57,23,148,-54.72184653046644,159,11,0,1,0,0,300.0,-35.887500690761954,-1.1514291657098519,-10.68291667399463,-7.0000000000000036,35,4,159,0,47a5bc88d92633c978a45789d4d7219d8d6e6ea482004432208da809ffeb1fc1
117,dqn,710,random,ew_heavy,19.078125,151.0,14.245,34,186,-74.30807561531329,224,38,0,2,0,0,300.0,-50.21250062203035,-2.1524500024890596,-14.94312499079386,-7.0000000000000036,35,6,224,0,fed5a0f707d810ea30eec60bc4d9ba8951a789b47f972f906f572adb3414363f
118,dqn,401,random,ew_heavy,14.464435146443515,92.5,11.523333333333333,33,221,-62.19857176466685,239,18,0,2,0,0,300.0,-43.156250935047865,-1.1494041651611042,-9.892916664457877,-8.000000000000004,40,4,239,0,6484a516f5fb9d85b9df0ec9b8c93bc6d465dc5b65be19b597c32b52f1f814c5
119,dqn,540,random,ns_heavy,15.617256637168142,125.5,11.765,27,210,-64.75461755973593,226,16,0,2,0,0,300.0,-43.03125089779496,-1.3133666646092028,-12.209999997331765,-8.200000000000003,41,6,226,0,641bbeac33ced2d8835af27435682d6676b78b921aa2a2916ef47525eeeb2301
120,dqn,853,random,balanced,6.511278195488722,51.5,2.8866666666666667,10,131,-22.828546084689872,133,2,0,1,0,0,300.0,-10.825000244192779,-0.18521250041012544,-4.818333340086973,-7.0000000000000036,35,5,133,0,312df65e0593a2a4d5e9a53d43fed692d50c8c032db4e3f34a0ba395734f2cd8
121,dqn,921,random,ns_heavy,18.01396648044693,99.5,10.748333333333333,24,168,-59.10986337423308,179,11,0,1,0,0,300.0,-40.23750087991357,-1.1636124977048896,-10.908749996614647,-6.800000000000003,34,6,179,0,31ffab7d7ade79cd231b87ddd490382ae7c5d25e47fa150df0d2073d6239584d
122,dqn,710,random,ew_heavy,20.102678571428573,137.0,15.01,36,185,-67.76788856824062,224,39,0,2,0,0,300.0,-45.193751072045416,-2.527887496926269,-13.646249999268909,-6.400000000000003,32,8,224,0,fed5a0f707d810ea30eec60bc4d9ba8951a789b47f972f906f572adb3414363f
123,dqn,584,random,ns_heavy,15.1509009009009,107.5,11.211666666666666,24,198,-64.13285902086714,222,24,0,2,0,0,300.0,-42.0437506926246,-1.2932749993873585,-12.59583332885522,-8.200000000000003,41,3,222,0,6447ff4f13ce69f234ff5ba742715fff353dc7a116d9ac071aefec3c27976de6
124,dqn,465,random,ns_heavy,10.912280701754385,59.5,6.22,16,164,-38.94561721363428,171,7,0,1,0,0,300.0,-23.325000546872616,-0.46561666589550466,-6.9550000008661375,-8.200000000000003,41,1,171,0,071ce8d8b764837e42942758684fc4f62d7fec87702be585d690e0e77d49daea
125,dqn,517,random,left_heavy,29.64957264957265,138.0,23.128333333333334,50,170,-95.7526799313411,234,64,9,16,0,0,300.0,-66.7500007650815,-6.044970845562781,-15.957708320696817,-7.0000000000000036,35,6,243,9,08afa3683e4385608022cb7e3b9497ecd327424c9624aa19a59326727d9d4912
126,dqn,575,random,low,23.035211267605632,90.0,21.80666666666667,49,237,-98.82197593115777,284,47,0,1,0,0,300.0,-76.18750092992559,-2.8521833322760375,-11.582291668956184,-8.200000000000003,41,2,284,0,b0a88752af54cdd8ccb985b0a7aec74809045021b3b65a1b4351a3d98bf88ef8
127,dqn,925,random,ns_heavy,28.242214532871973,103.0,27.206666666666667,72,227,-105.1792588431249,289,62,0,2,0,0,300.0,-78.61250052088872,-4.706758339665974,-14.859999982570304,-7.0000000000000036,35,5,289,0,1400ca180edf0a45a7ef775b2600615cfb1d13ce8f412e7c9817851ceb5a3358
128,dqn,999,random,heavy,15.974178403755868,80.5,11.341666666666667,25,195,-60.99898036608432,213,18,0,3,0,0,300.0,-42.53125122375786,-1.2052291646548838,-10.062499977671552,-7.200000000000004,36,3,213,0,9b1373578232abf7038b7421cdf74ba225d19a88f8091da68014255f39c45f4b
129,dqn,887,random,low,7.414179104477612,61.5,3.3116666666666665,15,132,-24.59942114411897,134,2,0,1,0,0,300.0,-12.418750310316682,-0.23212916597767627,-5.348541667824613,-6.600000000000003,33,7,134,0,9087c2372ee15534ced63c71443cb1f742e1470de67ee652784e2e8367b58c2d
130,dqn,721,random,left_heavy,38.96561604584527,146.5,45.333333333333336,85,257,-159.30022529707426,349,92,10,17,0,0,300.0,-124.03125031525269,-11.055224996680769,-18.613749985140775,-5.600000000000002,28,7,359,10,cc3ad764ddbdb9880659e92504901bb49d126eb571502690c8927b572619fc2e
131,dqn,25,random,left_heavy,12.355172413793104,65.0,5.971666666666667,14,137,-35.64093382726715,145,8,0,1,0,0,300.0,-22.393750499468297,-0.4617666666425069,-6.185416661156342,-6.600000000000003,33,7,145,0,84dc4fa978fb8a57a33a4a357f4325abdabb70a377b1d153487e8df969b336f0
132,dqn,426,random,balanced,7.143382352941177,61.5,3.2383333333333333,10,132,-25.54635852556604,136,4,0,2,0,0,300.0,-12.143750196322799,-0.2680249997640204,-6.7345833294792135,-6.400000000000003,32,7,136,0,ccdd5923dd04d22642880b69de58248e8c73a4a3d15045c688e9205ce86a3ba3
133,dqn,765,random,low,19.38030888030888,94.0,16.731666666666666,35,222,-83.59461347971448,259,37,0,2,0,0,300.0,-61.96875100256875,-2.2546125006476356,-12.971249976498076,-6.400000000000003,32,2,259,0,289470c55722048a8d03584d7dc81c240083454999921505762960f14c61eceb
134,dqn,395,random,ew_heavy,22.321052631578947,130.0,21.205,56,232,-99.43175529128858,285,53,0,2,0,0,300.0,-73.98750111600384,-3.2673791691333456,-14.57687500615138,-7.600000000000004,38,3,285,0,38588a83b63e79fef804ca0e2cffce111180c1c4756753b4eeb0a5f2da342694
135,dqn,658,random,ew_heavy,19.337606837606838,86.5,15.083333333333334,32,205,-70.24941744920729,234,29,0,2,0,0,300.0,-51.75625080475584,-1.8529583298826757,-10.040208314568742,-6.600000000000003,33,2,234,0,0ff30e07b66e194fa34a0174c3e7b944208de53793b23484d7a75621353e3357
136,dqn,852,random,ns_heavy,32.63841807909605,185.0,38.513333333333335,84,265,-144.58065074371044,354,89,0,5,0,0,300.0,-111.90000073052943,-8.357525020589673,-18.92312499259134,-5.400000000000002,27,7,354,0,b715e90854fa60c064da66d6bbad42ef7493a7965e21cdc987e6eb760ed6e792
137,dqn,478,random,ns_heavy,11.22905027932961,99.0,6.7,20,171,-43.870154643189,179,8,0,1,0,0,300.0,-25.12500049173832,-0.5678624998916352,-10.177291651559058,-8.000000000000004,40,6,179,0,dfa7fa02fc82a2fe0de5e00deef8c87e7516c1273d00579ebfd98af746207585
138,dqn,630,random,ew_heavy,10.108108108108109,63.5,6.233333333333333,16,172,-38.22935471203455,185,13,0,2,0,0,300.0,-23.37500056019053,-0.5024791672993162,-7.151874984544702,-7.200000000000004,36,7,185,0,ffd2b90972be11c63be1d744827f213f7c622deee401f3eff1b557237ff07980
139,dqn,614,random,heavy,17.535087719298247,116.0,13.326666666666666,26,202,-71.64450098988814,228,26,0,2,0,0,300.0,-49.975000999867916,-1.9332499965348697,-12.736249993485416,-7.0000000000000036,35,4,228,0,5f6afc00399cb94289175238e2fc6f2c37f5dd6d1c12da6b8a12bd3c15c994dd
140,dqn,695,random,balanced,23.598540145985403,136.5,21.553333333333335,44,231,-106.51445931007838,274,43,0,2,0,0,300.0,-77.33125095441937,-3.8821666714291494,-18.301041684229872,-7.0000000000000036,35,4,274,0,94ca6bda60dde2e09ad14b2ddac97f5f443cc9a34eeca695a2c59311bf52ee38
141,dqn,274,random,left_heavy,29.77124183006536,113.5,30.366666666666667,76,224,-122.17425091022011,306,82,0,9,0,0,300.0,-95.65000091213733,-5.775708327860049,-13.548541670222768,-7.200000000000004,36,4,306,0,464caeeb404ff5c07cb3f0b2eaea358d5af0fe0fefdda5d3dc1380375edae7cd
142,dqn,161,random,low,9.46829268292683,81.5,6.47,16,196,-42.85055459754513,205,9,0,2,0,0,300.0,-24.262500435113907,-0.5601375005251608,-9.627916661906054,-8.400000000000002,42,3,205,0,e7ddaa838673721e1cb01a08649d5299a2cdfd9fff826655f2e35102c00ce18f
143,dqn,264,random,balanced,14.717261904761905,62.0,8.241666666666667,19,160,-46.63921317851277,168,8,0,3,0,0,300.0,-30.875000681728125,-0.8192124989778671,-7.944999997806734,-7.0000000000000036,35,4,168,0,73f329d58f7a00b8f2ce80b4a30402bdce9261a445fee5bf30baf2bae844c535
144,dqn,444,random,heavy,15.362549800796813,136.0,12.853333333333333,25,230,-71.38345480906646,251,21,0,2,0,0,300.0,-48.20000064186752,-1.6276208360526656,-14.355833331146268,-7.200000000000004,36,4,251,0,ce33ce1144962693e1a066ec106f97caacb2d22b88aec8cddcb42b2b68d12425
145,dqn,936,random,heavy,17.169260700389106,78.0,14.708333333333334,28,231,-73.18700075318564,257,26,0,1,0,0,300.0,-55.06250074831769,-1.556791665581842,-9.767708339286038,-6.800000000000003,34,4,257,0,edacc4545fa970a97c2ca37ead33660d2dee923af26469c1dd4769f22faaa98c
146,dqn,17,random,heavy,8.537162162162161,52.5,4.211666666666667,11,147,-29.258575227090503,148,1,0,1,0,0,300.0,-15.793750237673521,-0.2973250001457927,-5.767499989271168,-7.400000000000004,37,3,148,0,2eff2af0c12cfb2480e3d6c0691b366ff4fdb48e75c2b144f5d01e7863a95103
147,dqn,727,random,balanced,20.00769230769231,101.0,13.005,26,171,-68.77526333490246,195,24,0,2,0,0,300.0,-46.39375084498897,-2.222554167800992,-13.75895832211245,-6.400000000000003,32,5,195,0,a1ca146bf4a66843d8c7fcfa7a463c9b68010a599153c25ad52c8095269ddba0
148,dqn,537,random,ns_heavy,19.53734439834025,103.0,15.695,38,219,-80.24491330113885,241,22,0,1,0,0,300.0,-57.9687508023344,-2.179079161152913,-12.89708333765157,-7.200000000000004,36,6,241,0,614c1262c62b992a1638349d5b9e1fb1108940c57714d81172bb150f1694ea7e
149,dqn,711,random,ew_heavy,24.63274336283186,96.5,18.55666666666667,36,191,-84.66465970679926,226,35,0,2,0,0,300.0,-64.44375139242038,-2.5065333335594926,-11.31437498081941,-6.400000000000003,32,4,226,0,ecd8d68f35661f79bc1aa36ac5f2031e9bee8f9f925b4c4659e510798ffd416a
150,dqn,21,random,ns_heavy,18.96473029045643,80.0,15.235,28,203,-76.60544667323481,241,38,0,2,0,0,300.0,-56.287500836886466,-1.663570834443816,-10.454375001904568,-8.200000000000003,41,3,241,0,3660173dc164fa1364ff5e75c68a5eaa7401d80a3012b56f10f7425f8b254d13
151,dqn,52,random,low,15.340540540540541,70.5,9.46,21,168,-51.38849211815031,185,17,0,1,0,0,300.0,-35.475000475067645,-0.9118250001476548,-7.601666642935016,-7.400000000000004,37,1,185,0,75e73a14d8c3db5e1847137b89cb5e961f772f8f00c7a9ba203bcecc5553251c
152,dqn,651,random,low,19.285714285714285,145.0,17.55,38,234,-90.5957721253406,273,39,0,2,0,0,300.0,-63.906251274980605,-2.9705625015325503,-15.918958348827418,-7.800000000000004,39,6,273,0,8c50855487b777d8a74ec1694ec6c4517767c9b33941b1adfa4ff5022570e939
153,dqn,205,random,left_heavy,27.84567901234568,96.0,22.555,53,196,-95.3125924281587,243,47,11,16,0,0,300.0,-70.30625079013407,-4.221341670704715,-12.984999967319869,-7.800000000000004,39,5,254,11,89af6512ac5f388c5f51946375b1edc3904205886e6b5fc65b8893d1fc3de4ac
154,dqn,146,random,low,23.558189655172413,109.0,18.218333333333334,34,195,-91.12989678530512,232,37,0,2,0,0,300.0,-66.35625096503645,-2.5173958294653844,-14.256249990803196,-8.000000000000004,40,5,232,0,ffaf29ca8651762fd31032234c7453e37d15f731ff060ae8251ffd308b6fc2bd
155,dqn,382,random,balanced,18.473782771535582,103.0,16.441666666666666,32,233,-83.19584254375008,267,34,0,3,0,0,300.0,-61.13125089928508,-2.1510499991643877,-13.113541645300568,-6.800000000000003,34,3,267,0,ac4e266923b80c6a97cba4387090b49111df7b78f19acb31b8a3aee4fd62d53a
156,dqn,75,random,left_heavy,30.115873015873017,176.0,31.626666666666665,62,239,-124.42260962082212,315,76,13,18,0,0,300.0,-86.88125130534172,-10.564899992734713,-19.37645832274577,-7.600000000000004,38,3,328,13,ccc520ebfde8f3f27ae285467bc833cc37cb7e52dab327cf602d4b95c07acba6
157,dqn,634,random,ew_heavy,19.16122448979592,153.5,15.648333333333333,30,219,-84.65472192056697,245,26,0,2,0,0,300.0,-57.050001102965325,-2.814304165148495,-17.79041665245312,-7.0000000000000036,35,6,245,0,d06c9aa2627c238ec71553e90c221d91b9053ad0bec728c9cff51b888973e398
158,dqn,165,random,left_heavy,26.37668918918919,148.0,26.028333333333332,49,245,-112.62494281442346,296,51,15,22,0,0,300.0,-79.13125110045075,-7.449525007353803,-18.844166706618882,-7.200000000000004,36,3,311,15,1c7ae3683120b7d3050b469acfbe6f13e5e620cd52d7ed0cb8d7c6ae4983f121
159,dqn,257,random,heavy,35.34417344173442,108.5,43.473333333333336,98,277,-157.28608436909713,369,92,0,2,0,0,300.0,-126.96875103376806,-8.786916656552052,-15.330416678776976,-6.200000000000003,31,6,369,0,a3e887b14dadf2dfea389dcd5dbfcb42653ea044ebf5504501aa9ff2303f02cf
160,dqn,418,random,left_heavy,27.706521739130434,137.5,21.246666666666666,43,186,-89.55869620158268,230,44,25,28,0,0,300.0,-60.418750358279794,-5.388070831191001,-16.351875012111844,-7.400000000000004,37,5,255,25,4e09c798d6527f1d560e9828eb0d30c88179c1ad637cd6d038f651b13a88effb
161,dqn,610,random,ew_heavy,9.451456310679612,50.5,3.245,9,100,-24.13636698261179,103,3,0,1,0,0,300.0,-12.168750314041972,-0.2182416661344178,-4.749375002435409,-7.0000000000000036,35,7,103,0,6a2102d9ca988596d7fd8391e5bb86062705bbd6b6c3cf833262cbf095738e21
162,dqn,490,random,left_heavy,21.28769841269841,147.0,17.883333333333333,34,210,-88.27000115687768,252,42,0,4,0,0,300.0,-62.40625116135925,-3.161458336508805,-15.502291659009636,-7.200000000000004,36,6,252,0,56a8fc536c965e35de2f55975f1ef3d478f676bc619d966108c4b6c2852075e0
163,dqn,646,random,left_heavy,21.741935483870968,102.0,11.233333333333333,24,132,-60.82828408183053,155,23,0,1,0,0,300.0,-41.26875075744465,-1.5020333347747512,-11.057499989611095,-7.0000000000000036,35,7,155,0,b9cc9fb72717adfd257743e4536596ccd7e4b5edc363ac71236c5883961d72a8
164,dqn,252,random,low,15.831877729257641,113.5,12.085,23,214,-69.69542571592689,229,15,0,2,0,0,300.0,-45.318750709760934,-1.521883334639278,-14.654791671526617,-8.200000000000003,41,3,229,0,94df5b4fc460b705fe437a07af4710a8f8e54c0aa03ce370f2fb70aa497ed0f8
165,dqn,616,random,ew_heavy,21.703557312252965,138.0,18.303333333333335,40,207,-90.92105933807244,253,46,0,2,0,0,300.0,-63.00625098962337,-3.633350002252701,-16.281458346196438,-8.000000000000004,40,5,253,0,3a4a14d9a7d278ef3f4905d025b586ccb37f619cd3d025d04582ce9615d52e28
166,dqn,624,random,ns_heavy,5.955089820359281,53.0,3.315,11,166,-24.871316973259674,167,1,0,2,0,0,300.0,-12.431250302586704,-0.19069166672416035,-4.849375003948809,-7.400000000000004,37,6,167,0,94a11bf2d7252ac722ef0bfd76ed5bb2828e729d18e7d06f83d17250af5832c9
167,dqn,220,random,heavy,21.354771784232366,152.0,17.155,38,205,-86.92960101228309,241,36,0,2,0,0,300.0,-59.51250101486221,-3.327308332823305,-16.889791664597567,-7.200000000000004,36,5,241,0,cf330d3355edc1217b54389faa613f0e8645c24178fbbb582448f329b37ea4c3
168,dqn,608,random,ew_heavy,21.744318181818183,162.0,19.135,39,226,-95.00330492190184,264,38,0,2,0,0,300.0,-67.1812507561408,-4.089762492148295,-16.732291673612764,-7.0000000000000036,35,5,264,0,928b1135c5956601902d0fbd9854528f3e563a12ac44cb113f11503328323a6a
169,dqn,287,random,low,17.96153846153846,98.5,13.231666666666667,30,190,-68.26294221834031,221,31,0,2,0,0,300.0,-48.98125054547563,-1.7579416652231887,-10.523750007641505,-7.0000000000000036,35,4,221,0,1e498703ed468e425a3fddc465a7c807aa95864943e952eb9cef5e7b2f38f21c
170,dqn,215,random,low,21.824596774193548,126.0,18.041666666666668,48,199,-81.72344214868869,248,49,0,2,0,0,300.0,-58.63750050263479,-2.561358335117257,-13.924583310936566,-6.600000000000003,33,4,248,0,bf678b3241ca3fd07761d204298757116fc98dd81caac2e7a77f32d5f38d4254
171,dqn,604,random,ns_heavy,8.595588235294118,60.5,3.8966666666666665,14,132,-26.825187918220035,136,4,0,1,0,0,300.0,-14.612500420305878,-0.26581250021918085,-5.746874997694979,-6.200000000000003,31,9,136,0,8dae6e9ada55413df9f9f2a5fe648dfecf231c8516928aa8a5c8e0feea02a882
172,dqn,383,random,ns_heavy,23.866319444444443,92.0,22.911666666666665,51,237,-100.4415714916984,288,51,0,2,0,0,300.0,-79.27500066859648,-3.290945830613056,-11.075624992488878,-6.800000000000003,34,4,288,0,32dfa3e108c7b2b1f347ddffd3e06e6af888b9a34712f4ec915ba6a3d987b169
173,dqn,554,random,left_heavy,22.675675675675677,151.0,19.581666666666667,42,217,-91.55665473665208,259,42,16,24,0,0,300.0,-61.581250618677586,-6.029570813892498,-16.945833304082054,-7.0000000000000036,35,5,275,16,1357acea26deba285d711896a9b91cedb2815e1276744ee5a2d0c94f1f8b40af
174,dqn,932,random,ns_heavy,16.212389380530972,111.0,12.213333333333333,26,206,-67.32409268368717,226,20,0,1,0,0,300.0,-45.5937510416843,-1.5065916663988912,-13.023749975604021,-7.200000000000004,36,4,226,0,f0656e04c11bde5e78ef8fed9d64556e11cb70395092fc1ec3d0c7e874edbbfe
175,dqn,922,random,low,11.272727272727273,96.5,7.8533333333333335,24,183,-45.79680481270406,209,26,0,2,0,0,300.0,-29.11875065183267,-0.7913875007441675,-8.88666666012723,-7.0000000000000036,35,5,209,0,d21f4bcb7fe884a5b317792e90ee3eec015b623e383e3f1bad144bfc8d665446
176,dqn,495,random,balanced,17.108695652173914,108.5,15.74,34,245,-82.23227992583051,276,31,0,2,0,0,300.0,-58.375000776257366,-2.197279164581414,-14.059999984991737,-7.600000000000004,38,5,276,0,18fc813500b7b88232832ddc200e22591481bd579faa6bf65b73cb724a09f9b1
177,dqn,212,random,balanced,11.57361963190184,83.0,6.288333333333333,17,157,-41.625763073666874,163,6,0,1,0,0,300.0,-23.58125058049336,-0.564304167647788,-9.280208325525745,-8.200000000000003,41,4,163,0,c9fc0d8c4dc8bf92610f5cc8c4dca6b6072a52866b528ed588d79e755810ffd8
178,dqn,815,random,low,27.522658610271904,153.0,30.366666666666667,60,269,-140.74339232131243,331,62,0,2,0,0,300.0,-108.36250065080822,-6.644016650047707,-19.13687502045649,-6.600000000000003,33,7,331,0,6f974eb5b68496665b90463eed9cd2e0b246a9c83e4a6c5a12cd120f14cc5a51
179,dqn,318,random,balanced,19.606719367588934,129.0,16.535,49,198,-75.93077206950912,253,55,0,3,0,0,300.0,-54.82500123092905,-2.7313958363774873,-11.374375002202582,-7.0000000000000036,35,4,253,0,bad8acf6ae8bf1d2e297303d4d97064ec72a24903ba76ed52b74cf34cd8221e0
180,dqn,683,random,low,29.8486646884273,140.5,33.531666666666666,72,277,-138.03789618578668,337,60,0,3,0,0,300.0,-108.50625035865232,-7.197687497617879,-15.933958329516456,-6.400000000000003,32,10,337,0,b43f2bc30e09cc3cfaa1cbc85e5215cc26d36572619857bd43923a91622aaf16
181,dqn,115,random,left_heavy,25.043367346938776,115.5,16.361666666666668,42,157,-70.24382150093079,196,39,6,12,0,0,300.0,-47.35625066747889,-3.303820834788348,-12.583749998663546,-7.0000000000000036,35,7,202,6,df78e1dd319f4974a6bd0d90c6c4ebb2128214f73e034753fef6ae06df39ec65
182,dqn,653,random,ns_heavy,15.277456647398845,113.5,8.81,23,164,-52.404692315222235,173,9,0,2,0,0,300.0,-32.98125067027286,-0.9692749987174462,-11.254166646231903,-7.200000000000004,36,4,173,0,c0f25505544653358d94466601465eb138bdfd3449d3fc2f4ab8bdb5fba59b40
183,dqn,463,random,heavy,14.134387351778656,112.5,11.92,25,228,-63.968730225190676,253,25,0,2,0,0,300.0,-44.69375105528161,-1.3249791649497633,-11.350000004959291,-6.600000000000003,33,5,253,0,631e202584a83d427c8284f7678f0175dedb62c23821fdd45737ccaf3769d157
184,dqn,884,random,ew_heavy,22.630662020905923,77.0,21.65,45,253,-97.06950548485985,287,34,0,2,0,0,300.0,-77.3625013246201,-2.6357541703306175,-10.271249989909135,-6.800000000000003,34,4,287,0,0dab51862f3b4475719cdf8c0f7875cc7553adb15be8a640b2b9f22d1792a543
185,dqn,176,random,ns_heavy,19.540856031128406,98.5,16.741666666666667,39,223,-79.60625542141142,257,34,0,2,0,0,300.0,-57.52500126045197,-2.3222958348422247,-13.358958326117147,-6.400000000000003,32,4,257,0,bdf88e828a2cbc961f159d573e616bd3cfbc6993bab18c0dd6d0902ee4ad2219
186,dqn,44,random,heavy,13.631067961165048,83.5,9.36,20,188,-52.19073402658756,206,18,0,2,0,0,300.0,-35.10000068228692,-0.9674000010658345,-9.323333343234843,-6.800000000000003,34,3,206,0,be5356b26df6e1f543a3b33ea3a5ffe69caabefb3edd0045bae4de463cf2a196
187,dqn,488,random,low,17.488425925925927,102.5,12.591666666666667,44,183,-61.65910016862399,216,33,0,2,0,0,300.0,-42.98750018887222,-1.5407666650899043,-10.33083331466187,-6.800000000000003,34,4,216,0,f4f3e7519ea4b6edb2071c47320adce1c10a4dbd6edf63f9a3cd58606a5b50e4
188,dqn,552,random,balanced,13.609958506224066,108.0,10.933333333333334,22,227,-61.80478816163377,241,14,0,2,0,0,300.0,-40.937500667758286,-1.2979124996403704,-12.569374994235115,-7.0000000000000036,35,4,241,0,7516b7068c82f1ee1f401a3b4f978cbe14bb213c55206e3859f1d1953eb52977
189,dqn,385,random,low,25.83503401360544,162.5,25.31833333333333,54,234,-109.34220888441266,294,60,0,2,0,0,300.0,-79.04375054966658,-4.676999987487946,-18.821458347258133,-6.800000000000003,34,6,294,0,0b8925119d2c6fccbc76f3474ec3d26d59ce5b4597b767803c16e29f97012a87
190,dqn,896,random,left_heavy,32.83859649122807,199.0,31.2,66,221,-120.53778819437574,285,64,12,18,0,0,300.0,-83.98750071413815,-9.307579155107668,-20.04270832512996,-7.200000000000004,36,5,297,12,7f4c4c5662e7293d786a0f1992f6a7b171c963ab4b60886e9738179fb962b533
191,dqn,790,random,balanced,19.554585152838428,180.5,14.926666666666666,36,199,-82.04033408716717,229,30,0,2,0,0,300.0,-54.70000073639676,-2.8922083336852653,-17.448125017085072,-7.0000000000000036,35,6,229,0,66fb49dd741d6d624559d448eadd06ca9e9f162bfd9125da43b4ee79408ca8d3
192,dqn,551,random,ns_heavy,10.576315789473684,88.0,6.698333333333333,15,178,-41.558233969123805,190,12,0,2,0,0,300.0,-25.11875064158812,-0.6351083323366763,-8.60437499519903,-7.200000000000004,36,3,190,0,c82af9c3f3a0fc4c4e3cf99bbbf98c952d3923fcbd7f3d715a104b4d71d690ab
193,dqn,372,random,left_heavy,29.023255813953487,181.5,20.8,48,167,-86.71645464105605,215,48,22,23,0,0,300.0,-54.78125048428774,-6.45603749374932,-18.07916666301898,-7.400000000000004,37,6,237,22,6b5831900879c4868efc5846ef037e7ec27ff6c22570a9de11effff528e972bd
194,dqn,17,random,heavy,10.800675675675675,77.5,5.328333333333333,15,137,-36.28378787822148,148,11,0,1,0,0,300.0,-19.981250379700214,-0.4846208332251988,-8.217916665296078,-7.600000000000004,38,3,148,0,2eff2af0c12cfb2480e3d6c0691b366ff4fdb48e75c2b144f5d01e7863a95103
195,dqn,123,random,balanced,5.252252252252252,40.0,1.9433333333333334,6,108,-16.964754336200706,111,3,0,1,0,0,300.0,-7.287500161677599,-0.11996249990916112,-2.9572916746139546,-6.600000000000003,33,4,111,0,74a76abc2d6a01ae3d3b512783dfefc6cb6aacccd51deade644c6b990ea6c72c
196,dqn,940,random,left_heavy,18.435344827586206,99.0,14.256666666666666,29,204,-72.28252956385617,232,28,0,3,0,0,300.0,-52.76875041052699,-1.648987497718919,-10.664791655610314,-7.200000000000004,36,4,232,0,356e2795385ec654d3d4d42251b47e2b1417ae61d03cf7b18e0f560ddf8969e7
197,dqn,723,random,heavy,9.871508379888269,68.0,5.89,12,172,-37.342279558377776,179,7,0,2,0,0,300.0,-22.087500390131027,-0.45582083343106217,-7.398958334815689,-7.400000000000004,37,4,179,0,4abf4b44750d94c4486b109d33de84b328493aeccec99f5c6bf369cbbe4a7841
198,dqn,741,random,left_heavy,18.515873015873016,86.5,11.665,27,159,-61.541796785857876,189,30,0,3,0,0,300.0,-43.187500956933945,-1.45200416353473,-10.10229166538921,-6.800000000000003,34,6,189,0,142fdfa34f62d7c23ec2e881d528b789f632320690fb9af0464a881b73f4b87b
199,dqn,648,random,balanced,15.297520661157025,102.5,12.34,29,218,-66.58733419729616,242,24,0,2,0,0,300.0,-46.243750867433846,-1.4758749980268484,-11.867708331835457,-7.0000000000000036,35,4,242,0,a32a98b8d39e36e4e305e11c30525ee1c4159324b739e566d4b67a3b860b4a78
200,dqn,380,random,left_heavy,30.68882175226586,165.0,33.86,68,250,-133.07225941717263,331,81,33,37,0,0,300.0,-98.20000109542161,-9.226633328172463,-18.64562499357854,-7.0000000000000036,35,5,364,33,78c787be44bd489724dc7339cdbb5f107feb0e2cf3b377cdc29afd2205df385e
201,dqn,788,random,left_heavy,19.008849557522122,81.0,14.32,37,191,-67.21223423861444,226,35,0,2,0,0,300.0,-47.906250913627446,-1.6907749974729083,-10.215208327514128,-7.400000000000004,37,5,226,0,44705813f6f7e5a7055446763803e7be36835fec1ae096d7c7d1add03bf0a272
202,dqn,182,random,heavy,12.030150753768844,84.0,7.98,22,186,-46.41172971897686,199,13,0,1,0,0,300.0,-29.925000560004264,-0.6456874996649278,-8.441041659307668,-7.400000000000004,37,2,199,0,986d11ffd694e2d94cf06e48fd0d6972873813b15fa6b2c1f9a5e39a5bda2a40
203,dqn,814,random,ns_heavy,6.926923076923077,54.5,3.0016666666666665,8,128,-22.975262776856106,130,2,0,1,0,0,300.0,-11.256250272970647,-0.19255416661108035,-4.726458337274379,-6.800000000000003,34,6,130,0,44fe3665691d26bacecaf1df9c2652941cad724b72f9b5c85a56d78a82db142e
204,dqn,22,random,heavy,11.53631284916201,81.5,6.883333333333334,15,176,-42.55632149956583,179,3,0,2,0,0,300.0,-25.812500660773367,-0.6327791668933058,-9.31104167189915,-6.800000000000003,34,4,179,0,414d8d9a7520942d3e158b7941d414cc579f5f07b2ceae3d2c2f3ca8e6a86e02
205,dqn,123,random,balanced,8.18918918918919,49.5,3.03,8,107,-22.134479433607343,111,4,0,1,0,0,300.0,-11.362500258721411,-0.19427083319242233,-3.9777083416935066,-6.600000000000003,33,5,111,0,74a76abc2d6a01ae3d3b512783dfefc6cb6aacccd51deade644c6b990ea6c72c
206,dqn,931,random,heavy,13.736180904522612,73.5,9.111666666666666,19,186,-51.4680297138366,199,13,0,1,0,0,300.0,-34.16875056410208,-0.8771958321296555,-9.422083317604857,-7.0000000000000036,35,5,199,0,00d0c25b4a0640b2e15c85a1025c6f770a8405455215fe2a98ac33a7cfb116ec
207,dqn,738,random,left_heavy,32.41481481481482,159.0,29.173333333333332,58,213,-115.26984713544155,270,57,9,19,0,0,300.0,-82.73750129947439,-7.5915125027160695,-19.140833333251088,-5.8000000000000025,29,7,279,9,76907cd7e7e2b0759999660518020597fa9ad954390d9d055b572315093f0859
208,dqn,835,random,heavy,11.025139664804469,88.0,6.578333333333333,18,174,-40.57802944837094,179,5,0,1,0,0,300.0,-24.66875028796494,-0.5761541673629836,-8.333124993043022,-7.0000000000000036,35,6,179,0,f44ab6f5c93995380facc61389d23c1c4118a1ea3c0f44bc2fef25fe60e1a07c
209,dqn,650,random,low,19.93388429752066,82.0,16.08,30,210,-80.21284261375477,242,32,0,2,0,0,300.0,-59.58750095637515,-2.1265916689233566,-11.49874998845628,-7.0000000000000036,35,4,242,0,e3db086946e9fb625013588cd1f967be4a4dfdf922403475760a3d068ea716b5
210,dqn,127,random,left_heavy,34.453917050691246,161.5,24.925,49,163,-98.50477604124897,217,54,21,22,0,0,300.0,-68.00000101421028,-6.94790000702924,-16.556875020009446,-7.0000000000000036,35,5,238,21,64074d339fa9975167c4aa42744ac2164638804e325f69571e0f8376ddeaa629
211,dqn,217,random,heavy,17.985507246376812,115.0,16.546666666666667,38,250,-82.93482158266636,276,26,0,2,0,0,300.0,-61.787500753067434,-2.0641958308980977,-12.483124998700822,-6.600000000000003,33,5,276,0,ef77270ba31ebdc2fd2e16f8603233975b84a3fed569188187a0c24f7c1d9633
212,dqn,162,random,left_heavy,27.132478632478634,103.0,21.166666666666668,50,195,-93.65467556361035,234,39,0,7,0,0,300.0,-67.41875058226287,-5.025299997696859,-14.810624983650598,-6.400000000000003,32,5,234,0,c386d88f10736dfea8583ec879dac340a33edf87aa13849215872051e3a70cdd
213,dqn,344,random,ns_heavy,28.934343434343436,105.0,28.645,61,245,-102.53003441978645,297,52,0,3,0,0,300.0,-78.63750110007823,-5.019408339480287,-12.473124980228013,-6.400000000000003,32,6,297,0,a2bd168242605747b22fe5ee06cf71c94a7e31639b4072effb9ec28b84ec71a5
214,dqn,710,random,ew_heavy,17.470982142857142,75.5,13.045,36,187,-58.542742573958094,224,37,0,2,0,0,300.0,-42.21875089220703,-1.491491669322568,-8.432500012428513,-6.400000000000003,32,9,224,0,fed5a0f707d810ea30eec60bc4d9ba8951a789b47f972f906f572adb3414363f
215,dqn,432,random,heavy,14.48663101604278,74.0,9.03,19,175,-49.76650493107005,187,12,0,1,0,0,300.0,-33.862500781193376,-0.8756708329936372,-8.828333316883079,-6.200000000000003,31,4,187,0,6fcec0592340d3a15c95ecc4fef2dd653cd1ce584fe407794f67f0c6ba56ebd0
216,dqn,140,random,left_heavy,23.252118644067796,119.0,18.295,40,193,-82.86303023970898,236,43,16,24,0,0,300.0,-57.49375106906518,-4.116779175519332,-13.852499995124539,-7.400000000000004,37,4,252,16,a828061f091f1640a077b31cdd7c46c867deaff786d78e2f94d31d0fa0f60041
217,dqn,457,random,ns_heavy,11.675257731958762,91.5,7.55,17,185,-44.432521283148496,194,9,0,2,0,0,300.0,-28.312500446569175,-0.6287708326584837,-8.49125000392087,-7.0000000000000036,35,4,194,0,ab2dfecb4efe52c69f34cc6aab3ec385c998550696e107b1a206be7548127c7f
218,dqn,571,random,low,11.416666666666666,62.5,7.763333333333334,23,188,-44.40852136640679,204,16,0,2,0,0,300.0,-29.112500535789877,-0.6526875016126725,-7.443333329004233,-7.200000000000004,36,4,204,0,e0542ac0898f128937ff393e88f79352dc0cd44c6d9aabad0f54a8577c43ccc7
219,dqn,102,random,ew_heavy,13.922268907563025,85.0,11.045,25,226,-61.82922991927477,238,12,0,2,0,0,300.0,-41.418750774580985,-1.238187502173242,-11.572291642520577,-7.600000000000004,38,4,238,0,0a94fd57d5e955edbd6ab03c5bc9359f090c1468f83f0d4207b47755743da6bc
220,dqn,363,random,balanced,24.717741935483872,190.5,20.433333333333334,39,213,-96.59922589325939,248,35,0,2,0,0,300.0,-67.7187509057112,-4.124224998980206,-18.556249988568013,-6.200000000000003,31,10,248,0,3424e6e045eeac004b83aab826b99ed358a68f25aa0497ce0ea300271416ac57
221,dqn,843,random,low,7.294736842105263,47.5,2.31,7,93,-19.00475850428847,95,2,0,0,0,0,300.0,-8.66250016586855,-0.12788333352582412,-3.2143750048941,-7.0000000000000036,35,8,95,0,72ac29430eafd1ca7fa1b4968e2db08a8089d67120ed3c051e1a21a625462e5c
222,dqn,577,random,ew_heavy,17.71812080536913,82.5,8.8,21,146,-49.912655024444405,149,3,0,1,0,0,300.0,-33.00000085728243,-0.9353624999566813,-8.977291667205279,-7.0000000000000036,35,3,149,0,bf503f8cbd8d84614a208caf3f9cd4b5b35429741a576577c06d1cc1131c79aa
223,dqn,894,random,ew_heavy,11.736401673640167,95.0,9.35,18,224,-54.77248782935568,239,15,0,2,0,0,300.0,-35.06250033527613,-1.011029165969376,-11.898958328110163,-6.800000000000003,34,5,239,0,ea4080d54d0b2007c5908d0cc9a071c307d8b2de0d15c0101d2d7b51bca71341
224,dqn,644,random,left_heavy,22.472549019607843,119.5,19.106666666666666,50,201,-92.0075003992628,255,54,4,10,0,0,300.0,-66.43125038174912,-3.4477083373443738,-14.5285416801693,-7.600000000000004,38,5,259,4,39e6523d0e586ce27988166a4cdb8ee700344fac847e5cc60220dc3a1a8b2d06
225,dqn,610,random,ew_heavy,9.733009708737864,51.0,3.341666666666667,10,103,-23.75204189569267,103,0,0,1,0,0,300.0,-12.531250222586095,-0.2301666670296983,-4.390625006076881,-6.600000000000003,33,6,103,0,6a2102d9ca988596d7fd8391e5bb86062705bbd6b6c3cf833262cbf095738e21
226,dqn,301,random,ns_heavy,11.513274336283185,120.0,8.673333333333334,19,214,-53.62132985342981,226,12,0,1,0,0,300.0,-32.525000678841025,-0.8944541658296656,-13.201875008759087,-7.0000000000000036,35,4,226,0,9dbc89037759de63558948d1e18f226df49b2439b1cd0b0d4351f53d80e347f7
227,dqn,424,random,ns_heavy,13.075829383886257,104.0,9.196666666666667,20,202,-53.24298396942831,211,9,0,3,0,0,300.0,-34.48750063823536,-1.1296499975134788,-10.825833333679483,-6.800000000000003,34,5,211,0,19f2d2b6b7ef2d4215aa6d76aca703cd05e60910ace1c9df9725ab9c234affd4
228,dqn,301,random,ns_heavy,14.238938053097344,120.0,10.726666666666667,24,211,-63.27250500856105,226,15,0,1,0,0,300.0,-40.22500084899366,-1.2152124976892082,-13.632291661878122,-8.200000000000003,41,4,226,0,9dbc89037759de63558948d1e18f226df49b2439b1cd0b0d4351f53d80e347f7
229,dqn,657,random,ns_heavy,20.656794425087107,91.5,19.761666666666667,39,258,-93.75117596056006,287,29,0,1,0,0,300.0,-71.78125100117177,-2.6026333295849318,-12.367291629803363,-7.0000000000000036,35,3,287,0,73a6ef24cc3fe187e460186d9e2815836177a8c4bcbcdd1310379f0923040612
230,dqn,188,random,ew_heavy,22.627551020408163,141.5,22.175,51,243,-103.82076336071258,294,51,0,3,0,0,300.0,-75.75000085961074,-3.9438875015628585,-17.32687499953899,-6.800000000000003,34,6,294,0,cd5e1cf1aa4de7cd5fc938361d98febf02194717de52bf1b2d090f8d7577d587
231,dqn,809,random,ew_heavy,7.955223880597015,57.0,3.5533333333333332,10,128,-25.831446134908017,134,6,0,1,0,0,300.0,-13.325000299140811,-0.24602916723015364,-5.260416668537074,-7.0000000000000036,35,6,134,0,37f48cce4f717ccf1b801d4d0679c677345a880b80c10546a0689ba2102469dc
232,dqn,959,random,ns_heavy,16.48784722222222,176.5,15.828333333333333,33,252,-86.70708010371013,288,36,0,2,0,0,300.0,-59.16875094966963,-2.463954168252531,-17.47437498578799,-7.600000000000004,38,5,288,0,e86a526b3b04f54e585acefc9df10dd628637343249122a882796ed8cf8c0d39
233,dqn,270,random,left_heavy,19.93782383419689,81.5,12.826666666666666,34,158,-60.379563211675105,193,35,0,5,0,0,300.0,-41.41250073444098,-1.9641458348392915,-9.802916642394866,-7.200000000000004,36,5,193,0,bbbc3af943cbcd65d0a6648c14110c33d2597fb24c3cdf3aadb5f5d9ea28298e
234,dqn,442,random,left_heavy,21.905405405405407,113.5,16.21,35,177,-78.86878437316268,222,45,3,9,0,0,300.0,-55.12500105751678,-2.8348250022878347,-13.508958313358024,-7.400000000000004,37,4,225,3,3c815877c75ac3792b00c20d8e0ba86c81c6674cee8b56b16f338d25af9a65c9
235,dqn,747,random,balanced,24.93632958801498,92.5,22.19333333333333,51,229,-93.6445094403658,267,38,0,2,0,0,300.0,-71.81875109765679,-3.314508330969694,-12.11125001173933,-6.400000000000003,32,4,267,0,74804a03a548692a8ddd1973242a28705a0ba63383f6ecc59deb8eab0d2f0c21
236,dqn,65,random,ns_heavy,14.623287671232877,77.5,10.676666666666666,25,198,-59.14562982217102,219,21,0,2,0,0,300.0,-40.03750067669898,-1.075629166291765,-9.832499979180293,-8.200000000000003,41,4,219,0,2f6620695537c5d4c628d16d3a167bd4d2b13ca118834fdc9137e318f517efd1
237,dqn,843,random,low,5.826315789473684,39.5,1.845,8,93,-17.103266811203508,95,2,0,0,0,0,300.0,-6.918750137556344,-0.10368333316437217,-3.0808333404827866,-7.0000000000000036,35,7,95,0,72ac29430eafd1ca7fa1b4968e2db08a8089d67120ed3c051e1a21a625462e5c
238,dqn,495,random,balanced,13.990942028985508,61.5,12.871666666666666,31,253,-64.61025083986387,276,23,0,2,0,0,300.0,-47.49375083250925,-1.2079583351202012,-8.70854167223442,-7.200000000000004,36,4,276,0,18fc813500b7b88232832ddc200e22591481bd579faa6bf65b73cb724a09f9b1
239,dqn,343,random,balanced,6.174757281553398,36.5,2.12,8,102,-17.373883484485116,103,1,0,1,0,0,300.0,-7.95000014686957,-0.10346666688055856,-2.7204166707349953,-6.600000000000003,33,5,103,0,1b593db1dd080d638178dd85fa7f584adb57dba05c9a93f8075bf791fbe37b64
240,dqn,651,random,low,20.523809523809526,143.0,18.676666666666666,53,232,-91.61969219677188,273,41,0,2,0,0,300.0,-66.1750005199574,-3.118650006181997,-15.126041670632528,-7.200000000000004,36,6,273,0,8c50855487b777d8a74ec1694ec6c4517767c9b33941b1adfa4ff5022570e939
241,dqn,648,random,balanced,20.60330578512397,121.0,16.62,35,214,-82.85857597843498,242,28,0,2,0,0,300.0,-60.00000098068267,-2.401283336060442,-14.457291661691853,-6.000000000000003,30,5,242,0,a32a98b8d39e36e4e305e11c30525ee1c4159324b739e566d4b67a3b860b4a78
242,dqn,891,random,heavy,12.564935064935066,107.5,9.675,22,228,-55.43039643332232,231,3,0,3,0,0,300.0,-36.281250616535544,-1.1053958341792172,-11.643749982607554,-6.400000000000003,32,7,231,0,ddda5081c43c10e2f2cf92b3587480639dfa64bc1f4b9cda7ae75fa053e3703a
243,dqn,201,random,ns_heavy,18.104743083003953,91.0,15.268333333333333,38,222,-76.6667674520511,253,31,0,1,0,0,300.0,-56.481250788550824,-1.89635000356866,-10.689166659931658,-7.600000000000004,38,1,253,0,9acbc1a5e96c89711f386c6aba97838974e137960f15e42c74a6dda9ed0ed9e5
244,dqn,326,random,ns_heavy,18.276785714285715,114.0,17.058333333333334,37,246,-85.1145924163975,280,34,0,2,0,0,300.0,-63.406250747386366,-2.291258335089515,-12.81708333392162,-6.600000000000003,33,5,280,0,e87bcb8923368989a35162a3ec8aaa232e911d5b0a2b623a606e5f543670b822
245,dqn,999,random,heavy,15.692488262910798,86.5,11.141666666666667,22,196,-59.21160083497745,213,17,0,3,0,0,300.0,-41.78125085495412,-1.2128500014390726,-9.617499978584247,-6.600000000000003,33,1,213,0,9b1373578232abf7038b7421cdf74ba225d19a88f8091da68014255f39c45f4b
246,dqn,787,random,heavy,12.059670781893004,129.0,9.768333333333333,20,233,-59.20015060261138,243,10,0,2,0,0,300.0,-36.6312506259419,-1.1095249992773468,-14.059374977392139,-7.400000000000004,37,5,243,0,9f9fa368eff6808cd434e9a744e0f28ceb0716deda49b6c1ae9bc78d43ae8c25
247,dqn,356,random,balanced,10.88,65.5,6.346666666666667,16,172,-39.452638043894034,175,3,0,1,0,0,300.0,-23.80000054370612,-0.503262501035351,-6.949374999152497,-8.200000000000003,41,3,175,0,4e1e450d65bafd15a22d816917888b68e39a0008f8f8974151cbc660118185d0
248,dqn,670,random,ns_heavy,17.994464944649447,148.0,16.255,35,248,-83.75038798114628,271,23,0,1,0,0,300.0,-59.75000048847869,-2.2439291653769025,-15.156458327290592,-6.600000000000003,33,5,271,0,4f665980d2331f9c5db4c6ecb30b4e93dd17fad03c5569f31b5741447069ec95
249,dqn,528,random,balanced,18.228310502283104,105.0,13.306666666666667,31,202,-69.77238408063644,219,17,0,2,0,0,300.0,-49.30625074869022,-1.838216667199595,-12.427916664746602,-6.200000000000003,31,5,219,0,a003bd08af6f7d5da229367724204451196b57275ca89263b077eaad1149ee9e
250,dqn,929,random,ns_heavy,23.816326530612244,125.5,19.45,41,213,-92.85457574880057,245,32,0,1,0,0,300.0,-68.4312507584691,-2.9741583270377303,-14.449166663293722,-7.0000000000000036,35,2,245,0,d48f50c6fa3bb045ccec665368436929f18911df8bf3875923baf3765bb1fb0b
251,dqn,15,random,low,14.896907216494846,91.5,9.633333333333333,22,186,-55.712567495900295,194,8,0,2,0,0,300.0,-36.12500084610656,-1.1379833304752538,-11.449583319318473,-7.0000000000000036,35,4,194,0,cabf4192916bc2404dd1bb5fe3e23be13423c7bb57f8c58240deccb4a48ae5d2
252,dqn,335,random,balanced,17.017021276595745,90.5,13.33,39,200,-69.6919799950141,235,35,0,2,0,0,300.0,-48.37500086193904,-1.6034374959701383,-12.513541637104955,-7.200000000000004,36,4,235,0,1b96f8a71b7c38ae8deb9ccecf7d793f1c0cbbdf1913cfcb0fd99cc6082d5f1a
253,dqn,439,random,ew_heavy,17.400369003690038,90.0,15.718333333333334,38,233,-71.59667565184644,271,38,0,2,0,0,300.0,-52.268750636372715,-2.0795916682109232,-10.84833334726281,-6.400000000000003,32,4,271,0,e32d6b50a70e0ba21a956f60082ae869ee6761b578bf1cdfa0a617256e64296a
254,dqn,203,random,ns_heavy,13.272727272727273,63.0,5.3533333333333335,19,117,-33.775312866662716,121,4,0,1,0,0,300.0,-20.07500037131831,-0.4667708332148322,-5.833541662129574,-7.400000000000004,37,5,121,0,de2b586f7a33898c22f2d8e2a23f3d0ad4e3154d85a8b586de1d61e68fb65cab
255,dqn,249,random,heavy,38.673202614379086,160.0,39.446666666666665,87,213,-129.22119195131384,306,93,0,2,0,0,300.0,-92.40625030035153,-10.832233318530786,-19.182708332431524,-6.800000000000003,34,10,306,0,25504fe6e5a06f93b238ee0d8549347d22ed482e31c141351c4387fb924ffaf5
256,dqn,12,random,left_heavy,13.924698795180722,72.5,7.705,18,156,-43.172688021635985,166,10,0,2,0,0,300.0,-28.893750510178506,-0.6574791669234399,-7.021458344534046,-6.600000000000003,33,6,166,0,b8d2e9ca3c4b726f93b9df1de33b18813e46fc44c42e0299929d927fcae2f264
257,dqn,908,random,heavy,23.343023255813954,98.0,20.075,43,221,-87.163234454138,258,37,0,2,0,0,300.0,-67.18125113938004,-2.7405249966548584,-10.641458318103112,-6.600000000000003,33,5,258,0,dc130703ad34097ef9e5a605adaca0e298e21d633ec6d1c3f9c4fd5538ee7b9f
258,dqn,552,random,balanced,15.068464730290456,129.5,12.105,24,228,-69.33522187749846,241,13,0,2,0,0,300.0,-45.3937510419637,-1.7495958302773937,-15.191875005257318,-7.0000000000000036,35,5,241,0,7516b7068c82f1ee1f401a3b4f978cbe14bb213c55206e3859f1d1953eb52977
259,dqn,399,random,low,17.12015503875969,78.0,14.723333333333333,33,222,-71.96112177471589,258,36,0,2,0,0,300.0,-53.34375095879659,-1.7740375014436718,-10.643333314475619,-6.200000000000003,31,5,258,0,29991776368f820f57f188855e057eeea4c16fabcf7f6de076687eede13b0041
260,dqn,597,random,heavy,8.79,95.0,4.395,15,142,-31.17673380137203,150,8,0,1,0,0,300.0,-16.481250474229455,-0.37985833326602003,-6.9156249938765555,-7.400000000000004,37,4,150,0,e468f75eaf327266caa37edef66a7b1f3ff8d8b49546dcb804e4a3793316c13f
261,dqn,375,random,ns_heavy,16.85634328358209,123.0,15.058333333333334,31,241,-78.05005941475679,268,27,0,2,0,0,300.0,-55.168751074932516,-2.1467250019399216,-14.734583337884397,-6.000000000000003,30,8,268,0,4177d0d2747b66881571ee22ce1319b1698431305703d0bb7ce03adbd528ac78
262,dqn,395,random,ew_heavy,24.48421052631579,118.5,23.26,46,236,-102.40299635707852,285,49,0,1,0,0,300.0,-79.63750050170347,-3.1159124950783745,-13.249583360296679,-6.400000000000003,32,4,285,0,38588a83b63e79fef804ca0e2cffce111180c1c4756753b4eeb0a5f2da342694
263,dqn,419,random,heavy,11.86231884057971,80.0,8.185,18,195,-47.45144238658615,207,12,0,2,0,0,300.0,-30.693750729318708,-0.7445666662220902,-8.813124991045331,-7.200000000000004,36,5,207,0,d72e9cb29f2a56bbe97ee8fc0ac27ec97e8178c207908a023a235102c04db75b
264,dqn,892,random,left_heavy,29.870454545454546,146.5,21.905,46,159,-98.24635092836907,220,61,0,4,0,0,300.0,-73.38750093849376,-3.949266662957234,-14.109583326918063,-6.800000000000003,34,3,220,0,458ee46421dce99d0fd95fa0887853ec04c3beb3d94cc193ebce0878abbf08be
265,dqn,873,random,ns_heavy,19.35551330798479,142.5,16.968333333333334,53,217,-74.35896324211718,263,46,0,2,0,0,300.0,-50.5812507388182,-2.7666708334487327,-14.211041669850234,-6.800000000000003,34,6,263,0,a0d47d3714c5c3db78ae35a53643d02a2255f354a3ee3b17c5d450909e5e2023
266,dqn,243,random,low,24.80581039755352,122.0,27.038333333333334,66,255,-105.7448007678192,327,72,0,2,0,0,300.0,-80.24375075194985,-4.449383342200598,-14.251666673668668,-6.800000000000003,34,9,327,0,53c132128a73a63731a804fff55d1d930685c44ef4546fd3030237b4e593c852
267,dqn,76,random,left_heavy,25.44939271255061,122.5,20.956666666666667,37,197,-94.03478849293822,247,50,0,8,0,0,300.0,-69.85000096680596,-3.265620831061823,-14.319166695070448,-6.600000000000003,33,5,247,0,16181ce00daa20604577eef8317c2822a957b7db97eac87aceaade5d802c1143
268,dqn,809,random,ew_heavy,8.212686567164178,47.0,3.6683333333333334,11,128,-25.018104485872747,134,6,0,1,0,0,300.0,-13.756250316277146,-0.2535208339882956,-4.608333335607314,-6.400000000000003,32,7,134,0,37f48cce4f717ccf1b801d4d0679c677345a880b80c10546a0689ba2102469dc
269,dqn,141,random,ew_heavy,12.315642458100559,76.5,7.348333333333334,21,163,-42.235854550604586,179,16,0,2,0,0,300.0,-27.55625039106235,-0.6210625003463066,-7.658541659195908,-6.400000000000003,32,4,179,0,21b35628916d78935ef143220b7cfcbcbb846d302c84e82b31e089b3a8c93265
270,dqn,913,random,ns_heavy,4.814285714285714,52.0,2.808333333333333,8,173,-22.6893835572213,175,2,0,3,0,0,300.0,-10.53125022072345,-0.16209166626576924,-4.396041670232079,-7.600000000000004,38,4,175,0,5792f899b6108202efd649742458ff84a92fae38378ca65d99344d8fb7ff3a28
271,dqn,79,random,balanced,12.912162162162161,55.5,6.37,17,144,-37.05745060434347,148,4,0,2,0,0,300.0,-23.88750060647726,-0.5199499990536423,-6.2499999988125685,-6.400000000000003,32,6,148,0,2ef4f61d5439a2806fbe666163d05f3218986253589c3de67b561c155d934d21
272,dqn,439,random,ew_heavy,19.230627306273064,101.5,17.371666666666666,44,232,-83.11548391635881,271,39,0,2,0,0,300.0,-60.525000588502735,-2.6098583320563202,-12.580624995799722,-7.400000000000004,37,5,271,0,e32d6b50a70e0ba21a956f60082ae869ee6761b578bf1cdfa0a617256e64296a
273,dqn,596,random,heavy,16.90557939914163,129.5,13.13,28,212,-70.3566592391275,233,21,0,2,0,0,300.0,-48.15000090561807,-1.707283331306826,-13.499375002202592,-7.0000000000000036,35,4,233,0,55f75d5e2d1b7a3b09bff4a787b5b4f1d2431ef17ca62bcfe2e4c5fe1e6b7152
274,dqn,42,random,balanced,14.65929203539823,85.5,11.045,23,206,-59.46293840956279,226,20,0,1,0,0,300.0,-41.41875091800466,-1.2831458323249536,-8.961041659233159,-7.800000000000004,39,3,226,0,c59b4cda74a9ff082421aa4a6602efc18f2acf4344a7f7ee1201dbd18b21addf
275,dqn,38,random,ns_heavy,18.547892720306514,96.5,16.136666666666667,36,229,-82.55488844278811,261,32,0,2,0,0,300.0,-60.23750097537413,-2.316762502911297,-13.400624964502638,-6.600000000000003,33,4,261,0,2388acc5c3432b3e5970c4b63cc06b9859f8aceda0c1de37131005f630083129
276,dqn,577,random,ew_heavy,14.765100671140939,58.5,7.333333333333333,21,145,-42.54185897983698,149,4,0,1,0,0,300.0,-27.37500064400956,-0.6922750004901892,-7.474583335337234,-7.0000000000000036,35,5,149,0,bf503f8cbd8d84614a208caf3f9cd4b5b35429741a576577c06d1cc1131c79aa
277,dqn,479,random,heavy,19.239754098360656,174.0,15.648333333333333,36,217,-80.58367997257807,244,27,0,2,0,0,300.0,-54.606250788550824,-2.9705541689305393,-16.60687501509671,-6.400000000000003,32,7,244,0,055f04cce56e893f7eedf0e5fc4fa4548f7ec1a1b42659217222e9eaa90b09f3
278,dqn,653,random,ns_heavy,14.803468208092486,116.5,8.536666666666667,21,158,-51.71340902253796,173,15,0,2,0,0,300.0,-31.94375070137903,-1.1121583321066295,-11.457499989052307,-7.200000000000004,36,6,173,0,c0f25505544653358d94466601465eb138bdfd3449d3fc2f4ab8bdb5fba59b40
279,dqn,399,random,low,17.30426356589147,143.0,14.881666666666666,31,226,-78.29860903173245,258,32,0,2,0,0,300.0,-54.625000700354576,-2.017150004529685,-15.456458326848217,-6.200000000000003,31,4,258,0,29991776368f820f57f188855e057eeea4c16fabcf7f6de076687eede13b0041
280,dqn,950,random,low,9.129213483146067,84.5,5.416666666666667,18,175,-34.78917547347306,178,3,0,1,0,0,300.0,-20.31250046659261,-0.43646666567583453,-7.240208341204556,-6.800000000000003,34,4,178,0,8efd5bbce89cd20756eabd05eeb4ee985be06fe871441aac976c24e1c8d84e8a
281,dqn,210,random,ns_heavy,14.844262295081966,66.0,9.055,21,177,-48.73802168067777,183,6,0,1,0,0,300.0,-33.95625085150823,-0.8117708317120559,-7.769999997457489,-6.200000000000003,31,6,183,0,0745651311d54f9417f080fe4a0ae41aca0148d2fa86206345f58035dae267ce
282,dqn,873,random,ns_heavy,16.897338403041825,137.0,14.813333333333333,46,220,-69.48260931694682,263,43,0,2,0,0,300.0,-48.04375097621232,-2.159691670637404,-12.679166670097029,-6.600000000000003,33,4,263,0,a0d47d3714c5c3db78ae35a53643d02a2255f354a3ee3b17c5d450909e5e2023
283,dqn,442,random,left_heavy,21.832579185520363,97.0,16.083333333333332,42,184,-71.24902180586287,221,37,4,13,0,0,300.0,-48.425001009367406,-3.40797916140218,-12.61604163509328,-6.800000000000003,34,5,225,4,3c815877c75ac3792b00c20d8e0ba86c81c6674cee8b56b16f338d25af9a65c9
284,dqn,452,random,left_heavy,28.914715719063544,113.5,28.81833333333333,62,230,-119.2855887269405,299,69,8,13,0,0,300.0,-91.79375123698264,-5.499337492002087,-15.19249999795575,-6.800000000000003,34,6,307,8,e31c2f8bbdec4b5d262bb13dfba5fa0e0af0ba5ce6b0a3eed8249a875eda34aa
285,dqn,342,random,heavy,11.166666666666666,71.5,5.36,12,137,-34.960854664617365,144,7,0,1,0,0,300.0,-20.100000508129597,-0.42418749989956256,-7.036666656588212,-7.400000000000004,37,2,144,0,a8b413df3274accd97bded972664f6060ad6abcce287132692bbd373448fbe63
286,dqn,674,random,heavy,11.5,80.0,8.51,18,213,-48.57564652737567,222,9,0,1,0,0,300.0,-31.91250069765374,-0.8612708319524244,-8.801874997769483,-7.0000000000000036,35,5,222,0,4c23ae76a065fcf0bf936614d6710c1d1aef5ed93d892d7c9239ab316de91cf8
287,dqn,182,random,heavy,12.675879396984925,78.5,8.408333333333333,15,188,-47.47446723921821,199,11,0,1,0,0,300.0,-31.53125057928264,-0.6788416664501713,-7.864374993485409,-7.400000000000004,37,2,199,0,986d11ffd694e2d94cf06e48fd0d6972873813b15fa6b2c1f9a5e39a5bda2a40
288,dqn,205,random,left_heavy,23.631799163179917,107.5,18.831666666666667,37,203,-81.90632178421949,239,36,15,23,0,0,300.0,-58.037500941660255,-3.8990291618916673,-13.569791680667544,-6.400000000000003,32,3,254,15,89af6512ac5f388c5f51946375b1edc3904205886e6b5fc65b8893d1fc3de4ac
289,dqn,849,random,low,13.03631284916201,95.0,7.778333333333333,19,172,-46.88722135703719,179,7,0,1,0,0,300.0,-29.16875053429976,-0.7455541681003522,-10.1729166546371,-6.800000000000003,34,2,179,0,e3b3f6f7262bdb42cf1563d012b38205c72140f9c1ff0b9589bc8f60ecc24cb6
290,dqn,656,random,balanced,21.50874125874126,92.0,20.505,45,219,-83.49086755375103,286,67,0,2,0,0,300.0,-62.31875089323148,-2.9035750048999027,-10.468541655619651,-7.800000000000004,39,6,286,0,9b194753479a72f895b66521387ec901f19dba31ab1e51a6b4ce9254117bf0b5
291,dqn,560,random,heavy,9.85981308411215,42.5,3.5166666666666666,8,104,-24.389041955285922,107,3,0,1,0,0,300.0,-13.187500293832272,-0.20945833351579504,-4.392083327937872,-6.600000000000003,33,5,107,0,edbb3fb0c1ec30cddb6233894620def9e56539d00bf858a81e31c37a03f5c171
292,dqn,784,random,low,8.888571428571428,90.5,5.185,14,168,-34.50308807679319,175,7,0,3,0,0,300.0,-19.443750569131225,-0.38746249990872483,-7.671875007753267,-7.0000000000000036,35,5,175,0,2412343e38240f1d9a072a7b95b0fa2accd949acd36c0a97405822e0106b755d
293,dqn,230,random,left_heavy,24.57388316151203,128.5,23.836666666666666,50,233,-99.66308800044571,291,58,0,5,0,0,300.0,-74.743750479538,-4.383087504698052,-14.136250016209672,-6.400000000000003,32,3,291,0,dc2bebfe2ef611720134728504970cb2192ff0df2c267a905684710682285f5f
294,dqn,526,random,left_heavy,25.105058365758754,158.0,21.508333333333333,45,222,-89.17967570530529,257,35,20,21,0,0,300.0,-59.15000071329996,-5.929466662852066,-17.50020832915325,-6.600000000000003,33,3,277,20,e928675ea63ae8514607b0a544e279c9e046eb1e1eefb031cc7e2248a4caed0c
295,dqn,820,random,left_heavy,24.362934362934364,154.5,21.033333333333335,44,205,-95.86714641495922,259,54,0,2,0,0,300.0,-67.69375057797879,-4.5073541748788575,-16.666041662101616,-7.0000000000000036,35,6,259,0,58729fb25cb5dbec7e672c7aa8124a38cee0b67ec6018e9763b9894cbe1a67f1
296,dqn,339,random,balanced,28.766355140186917,143.5,30.78,66,248,-132.94080929905687,321,73,0,3,0,0,300.0,-103.25000096624717,-5.821225010958007,-18.2695833218517,-5.600000000000002,28,7,321,0,1ab825ab2115f843b642b7b44f7907d842e1ff14368fe03e57aa282564120324
297,dqn,257,random,heavy,30.60840108401084,158.5,37.64833333333333,82,281,-148.3363631846012,369,88,0,2,0,0,300.0,-117.61250068899244,-8.173862513001222,-16.149999982607543,-6.400000000000003,32,5,369,0,a3e887b14dadf2dfea389dcd5dbfcb42653ea044ebf5504501aa9ff2303f02cf
298,dqn,38,random,ns_heavy,17.84865900383142,93.0,15.528333333333334,35,235,-77.79867586664407,261,26,0,2,0,0,300.0,-57.41875087749213,-1.9947166650650616,-11.385208324086836,-7.0000000000000036,35,5,261,0,2388acc5c3432b3e5970c4b63cc06b9859f8aceda0c1de37131005f630083129
299,dqn,869,random,left_heavy,24.29353233830846,97.0,16.276666666666667,40,141,-70.72726729872588,201,60,0,10,0,0,300.0,-52.168750647455454,-2.5403916743998685,-10.218124976870593,-5.8000000000000025,29,7,201,0,669dde01be600da2425b46495eb40602bb99322cb610fc14830cbdf8a0934380
300,dqn,443,random,ns_heavy,20.878968253968253,116.0,17.538333333333334,36,223,-89.29021766245059,252,29,0,2,0,0,300.0,-65.43125101644546,-2.853549998730162,-14.605416647274975,-6.400000000000003,32,2,252,0,c8955f5755f69e186fb434f293e477ad1d828e56827deecf501aa36b834ad1e1
301,dqn,139,random,ew_heavy,14.449404761904763,76.5,8.091666666666667,20,150,-47.86568405096111,168,18,0,1,0,0,300.0,-30.1812507272698,-0.9108916668796155,-9.973541656811722,-6.800000000000003,34,6,168,0,cf2892173b4cc151b61325d1d5b06852b862fa746401066264d22457ced5f726
302,dqn,324,random,ew_heavy,13.673366834170855,71.5,9.07,20,184,-51.856804747587006,199,15,0,1,0,0,300.0,-34.012500575743616,-0.8524291666559294,-8.991875005187469,-8.000000000000004,40,2,199,0,284cd4d299aaa70ea4c8bd5e8634732439118424dfeb963a80c5c7dc90ec09b9
303,dqn,62,random,ew_heavy,16.012145748987855,91.0,13.183333333333334,24,226,-69.0978840427488,247,21,0,2,0,0,300.0,-49.43750074226409,-1.5066333318842227,-10.953749968600466,-7.200000000000004,36,1,247,0,0ef21fd0c5cce26e0980f2078b34877e4c4d0f030a8f750fff7277e39d20faad
304,dqn,905,random,left_heavy,22.732620320855617,80.0,14.175,38,154,-63.094038680449735,187,33,0,10,0,0,300.0,-42.98125118110329,-2.6375791541744524,-10.675208345172019,-6.800000000000003,34,3,187,0,0f5d4bdd08deab02733df099d05802f86cba5267b6ada5cb7d94fc7455310686
305,dqn,747,random,balanced,22.04681647940075,129.0,19.621666666666666,40,231,-95.18508437160276,267,36,0,2,0,0,300.0,-70.83125105407089,-3.1398750022366584,-14.413958315295158,-6.800000000000003,34,3,267,0,74804a03a548692a8ddd1973242a28705a0ba63383f6ecc59deb8eab0d2f0c21
306,dqn,198,random,ew_heavy,15.44343891402715,115.0,11.376666666666667,31,201,-64.2191881489962,221,20,0,2,0,0,300.0,-41.950000659096986,-1.671062501033157,-13.198124988866045,-7.400000000000004,37,3,221,0,58d676b18b5622d8ed6238888c4e1923cd8e708dd2bf250214a6cf88921a7a3e
307,dqn,950,random,low,10.870786516853933,81.0,6.45,16,167,-40.58440900229181,178,11,0,1,0,0,300.0,-24.18750066217035,-0.5302416676960998,-8.266666672425346,-7.600000000000004,38,2,178,0,8efd5bbce89cd20756eabd05eeb4ee985be06fe871441aac976c24e1c8d84e8a
308,dqn,20,random,low,10.175,59.5,5.426666666666667,16,156,-33.48863801167027,160,4,0,2,0,0,300.0,-20.350000514183193,-0.3515541666201896,-5.587083330866882,-7.200000000000004,36,5,160,0,8d3b6ddf3c071813d242712b96e39f0c1e4031a9aa8f7893e5b53f17313f46aa
309,dqn,680,random,low,10.174603174603174,65.5,6.41,16,185,-38.074187927323536,189,4,0,1,0,0,300.0,-24.03750041872263,-0.44585416703775993,-6.390833341563128,-7.200000000000004,36,2,189,0,657f77ce38a3debf797ccbb404ae23820a2fb872190e7b314376aea10d0d2adf
310,dqn,300,random,balanced,15.581545064377682,117.0,12.101666666666667,28,222,-67.34065104558758,233,11,0,2,0,0,300.0,-45.12500104494393,-1.4954416678396232,-14.12020833280404,-6.600000000000003,33,4,233,0,fdaab5e29aa531c9014ba3c319748171b2dcb96e48497de301d95e570c40fd4b
311,dqn,665,random,low,7.901459854014599,50.5,3.6083333333333334,13,137,-25.207866932528127,137,0,0,1,0,0,300.0,-13.53125027101487,-0.22245000014736444,-4.0541666613658895,-7.400000000000004,37,4,137,0,f8a15899a20d75b523db4416c44308e3bcfeb11cf89ce76f2d4fcefe99ca9f68
312,dqn,460,random,ns_heavy,22.444444444444443,153.5,20.873333333333335,39,247,-100.86297178938618,279,32,0,2,0,0,300.0,-70.72500094911084,-4.624845832186838,-18.71312500808854,-6.800000000000003,34,6,279,0,193042abca6c4ac65f7cd67cd4f8404afef5a8c7e3cf64485d2ff78581240b2b
313,dqn,962,random,ns_heavy,18.934497816593886,89.5,14.453333333333333,35,214,-72.46301758615223,229,15,0,2,0,0,300.0,-52.45000092918053,-1.7676000003462833,-11.645416656625459,-6.600000000000003,33,5,229,0,084304cd4b537e3be3f565fc77f2e3f34b41187f9e43d8537947438ad258317f
314,dqn,268,random,heavy,21.59375,104.0,21.883333333333333,52,265,-100.48744235758419,304,39,0,2,0,0,300.0,-78.20625067595392,-3.269108327363938,-12.812083354266354,-6.200000000000003,31,6,304,0,dafd59a73d6b138808b258f89a1c3c515ebd5447b7480a188af6f43809c45ebd
315,dqn,740,random,ns_heavy,21.101503759398497,192.0,18.71,39,241,-93.86623017405,266,25,0,2,0,0,300.0,-64.7875010012649,-4.095604168659338,-18.78312500412577,-6.200000000000003,31,5,266,0,c82443eb8126937a9367e3677f313989fe4e4f90bd14a4cc52d948e7e373cd10
316,dqn,732,random,balanced,24.353846153846153,70.5,15.83,34,171,-75.79640928244629,195,24,0,2,0,0,300.0,-57.33125099632889,-2.134741664290778,-10.73041662182661,-5.600000000000002,28,6,195,0,870002afedfe01785bba24bf53e8ec1c1e8793ca7c50c1e6295716efade2d3b4
317,dqn,218,random,left_heavy,29.781496062992126,192.5,25.22,50,209,-96.07328873566944,254,45,28,29,0,0,300.0,-64.0625011944212,-7.7076625302819615,-18.103125010966323,-6.200000000000003,31,8,282,28,b70dcca95b497f9fe78bdc166fbb1422602666c89c66af6d550332f47763bbea
318,dqn,326,random,ns_heavy,19.119642857142857,129.0,17.845,37,248,-91.52740902161382,280,32,0,2,0,0,300.0,-66.80000067548826,-2.711783331480544,-15.815625014645045,-6.200000000000003,31,5,280,0,e87bcb8923368989a35162a3ec8aaa232e911d5b0a2b623a606e5f543670b822
319,dqn,751,random,low,9.359872611464969,64.5,4.898333333333333,18,152,-32.236171364787864,157,5,0,1,0,0,300.0,-18.368750538211316,-0.38033749999376587,-6.0870833265828,-7.400000000000004,37,6,157,0,7e286f9e2eaae60a2f33671fe09a55d143de77142360fd1454b9728c78eb6246
320,dqn,188,random,ew_heavy,23.299319727891156,82.5,22.833333333333332,64,239,-101.89895917274622,294,55,0,3,0,0,300.0,-79.26875081146136,-3.233749998566782,-12.796458362718125,-6.600000000000003,33,6,294,0,cd5e1cf1aa4de7cd5fc938361d98febf02194717de52bf1b2d090f8d7577d587
321,dqn,236,random,left_heavy,34.155660377358494,124.5,36.205,74,234,-130.75630473867864,318,84,13,19,0,0,300.0,-103.13750055897981,-7.154637491780886,-14.664166687917891,-5.8000000000000025,29,6,331,13,ab1aab22b4ed6b318dca00230a5c2e9db3f1c33ba46a968d3113c4e276bc7bed
322,dqn,194,random,low,15.704128440366972,103.5,11.411666666666667,27,193,-61.58460079268842,218,25,0,2,0,0,300.0,-41.71250081108883,-1.39022499723651,-11.2818749843631,-7.200000000000004,36,5,218,0,a180e7f579d2a4443db5809f3931ff5ec3573a8019df47c03ab5945fb2d00ba5
323,dqn,41,random,left_heavy,30.05576923076923,183.5,26.051666666666666,48,221,-103.55389737001904,260,39,26,27,0,0,300.0,-69.05625152913854,-8.939312499359222,-19.758333341521237,-5.8000000000000025,29,9,286,26,3ff86ecc65355b3fd986c570ea66b9dbf6bdcdbc1240e12a29baeeb3742ad7fb
324,dqn,815,random,low,27.63141993957704,118.0,30.486666666666668,70,271,-130.99613441571924,331,60,0,2,0,0,300.0,-102.08125109039247,-5.395716663038909,-16.91916666228789,-6.600000000000003,33,6,331,0,6f974eb5b68496665b90463eed9cd2e0b246a9c83e4a6c5a12cd120f14cc5a51
325,dqn,648,random,balanced,17.301652892561982,143.0,13.956666666666667,27,219,-75.22228461839482,242,23,0,2,0,0,300.0,-51.987501284107566,-2.094783331712098,-14.940000002575111,-6.200000000000003,31,6,242,0,a32a98b8d39e36e4e305e11c30525ee1c4159324b739e566d4b67a3b860b4a78
326,dqn,121,random,ns_heavy,15.745798319327731,78.5,12.491666666666667,28,217,-62.948721713314455,238,21,0,2,0,0,300.0,-46.712500888854265,-1.2216374985851863,-8.614583325874992,-6.400000000000003,32,3,238,0,f26fa7cfb1c42991097d38025df60a345066782c83fdd5131c0158a8cea4c60e
327,dqn,18,random,low,30.93918918918919,88.0,22.895,47,182,-88.44505498570871,222,40,0,2,0,0,300.0,-65.76250081695616,-3.879220836991589,-12.803333331760955,-6.000000000000003,30,6,222,0,315cacc99785eb771aa3614df21b696f38eb706b497a3acae6a15bad25b9cf34
328,dqn,623,random,heavy,22.962365591397848,121.0,21.355,47,235,-99.50323857352636,279,44,0,1,0,0,300.0,-71.81250105518848,-4.341154175177508,-17.149583343160344,-6.200000000000003,31,8,279,0,7bfde1340a024efbb0f158de5007d437b3cdf0777f1b816dab693659b601ef19
329,dqn,671,random,ns_heavy,25.178947368421053,190.5,31.893333333333334,79,289,-142.77245446018563,380,91,0,3,0,0,300.0,-108.33125030389056,-7.774329150479027,-19.666875005816134,-7.0000000000000036,35,4,380,0,706760fa2a1a3430f5af21515449a679c7fee18faac867d400ea146afa62a83a
330,dqn,504,random,low,14.415584415584416,90.0,11.1,28,211,-59.69417573398531,231,20,0,2,0,0,300.0,-41.6125007243827,-1.301674997374358,-10.380000012228269,-6.400000000000003,32,5,231,0,841ead57d2fd8680e6608855215f58601ae4809db6008e3900aaf5f4f0b013cb
331,dqn,211,random,balanced,11.132911392405063,151.5,5.863333333333333,18,154,-43.20735476608023,158,4,0,1,0,0,300.0,-21.987500607501715,-0.6927708334485941,-13.527083325129919,-7.0000000000000036,35,4,158,0,889655864cad64164cc118accb734b9841271c34c291130750687fd1004da0ac
332,dqn,297,random,ns_heavy,7.851851851851852,45.0,3.533333333333333,10,132,-25.0241253053762,135,3,0,1,0,0,300.0,-13.250000303145498,-0.2153750003773894,-4.758750001853332,-6.800000000000003,34,3,135,0,57381bd6087324c23596565dab3d41bd4db9f6a89432ab63c08f3a30be44465c
333,dqn,630,random,ew_heavy,10.127027027027028,70.0,6.245,14,177,-37.613592171054215,185,8,0,2,0,0,300.0,-23.41875051194802,-0.5108833332684298,-7.083958325837741,-6.600000000000003,33,6,185,0,ffd2b90972be11c63be1d744827f213f7c622deee401f3eff1b557237ff07980
334,dqn,832,random,heavy,33.27196652719665,106.5,26.506666666666668,47,183,-107.8714378453711,239,56,0,2,0,0,300.0,-79.97500037122518,-5.903520832272624,-16.792916641873287,-5.200000000000002,26,8,239,0,41b382d10cd33046b7276d363a90541ca7311fcac9cdcfafc915eae5b8e4b0a6
335,dqn,673,random,low,8.39047619047619,57.0,5.873333333333333,16,201,-36.12912540938922,210,9,0,2,0,0,300.0,-22.0250004096888,-0.41495833338922256,-6.289166666311208,-7.400000000000004,37,5,210,0,eef8d318c687b8b56ed2f7a24273306fea342f6393aed40644a9028a1a005c37
336,dqn,670,random,ns_heavy,17.24169741697417,163.0,15.575,32,250,-82.39740097973478,271,21,0,1,0,0,300.0,-58.287500956095755,-2.1726083352368732,-16.13729168840216,-5.8000000000000025,29,6,271,0,4f665980d2331f9c5db4c6ecb30b4e93dd17fad03c5569f31b5741447069ec95
337,dqn,932,random,ns_heavy,13.039823008849558,109.0,9.823333333333334,21,215,-57.61472152536663,226,11,0,1,0,0,300.0,-36.83750068722293,-1.20180416654257,-12.775416671601132,-6.800000000000003,34,3,226,0,f0656e04c11bde5e78ef8fed9d64556e11cb70395092fc1ec3d0c7e874edbbfe
338,dqn,831,random,ns_heavy,10.269480519480519,56.0,5.2716666666666665,15,153,-33.235021306743846,154,1,0,1,0,0,300.0,-19.76875047199428,-0.3883541666036764,-5.877916668145916,-7.200000000000004,36,2,154,0,ab366162b1f82aec54ac7b254dac8a481899b21eb739ec667be82a6efb759fb4
339,dqn,269,random,low,16.075581395348838,85.5,9.216666666666667,21,162,-52.12665097476347,172,10,0,2,0,0,300.0,-34.562500978820026,-1.0210250011914468,-9.343124994752001,-7.200000000000004,36,3,172,0,a92f759cf8df5ce533e44ba49037c99e566e08ef975e9d6d7fcb859912a7c5ec
340,dqn,316,random,balanced,17.458536585365852,87.0,11.93,28,188,-61.746288242973236,205,17,0,2,0,0,300.0,-43.81250075669959,-1.3319125017289484,-10.801874984544709,-5.8000000000000025,29,4,205,0,030155cd5e5f36be8c5ed20b1b9ec8cec81b4b0c98c0d021f324e62adf3b4ad8
341,dqn,615,random,low,9.350609756097562,58.5,5.111666666666666,14,154,-32.384883781176896,164,10,0,1,0,0,300.0,-19.168750451877713,-0.3563416671044251,-5.859791662194771,-7.0000000000000036,35,4,164,0,f0713c2b1049bc9496e07063e8e00e5a634b1964fc687d83aed7b9fc694551e1
342,dqn,746,random,left_heavy,24.747899159663866,99.5,19.633333333333333,45,189,-85.42570071152223,238,49,0,3,0,0,300.0,-64.42500072764233,-2.862574998888159,-11.938124984991738,-6.200000000000003,31,9,238,0,e5bd9d95d3e7469e395e7d2fc9feb2bc27d7ac0d145e7ac1eb90be4f6cf6aee8
343,dqn,452,random,left_heavy,26.093023255813954,122.0,26.18,51,234,-109.5330089573712,301,67,6,12,0,0,300.0,-83.45625064475462,-4.679674994173546,-14.997083318443034,-6.400000000000003,32,5,307,6,e31c2f8bbdec4b5d262bb13dfba5fa0e0af0ba5ce6b0a3eed8249a875eda34aa
344,dqn,519,random,heavy,11.319018404907975,60.0,6.15,18,155,-36.89882552061537,163,8,0,1,0,0,300.0,-23.062500528991222,-0.4648666659260926,-6.571458325698044,-6.800000000000003,34,4,163,0,a3eec615fe21f5fae221d56ba665d013b9f28739b9a80ef6c92a81282dc6b9e5
345,dqn,625,random,ew_heavy,15.317460317460318,84.5,12.866666666666667,33,226,-64.26258400219011,252,26,0,2,0,0,300.0,-46.65000068908557,-1.4817500019817094,-9.930833311122854,-6.200000000000003,31,7,252,0,80a38b5911c6d0a6bf280c6d478f40cdde452ac504b09960dfd8a66143adcf61
346,dqn,729,random,balanced,27.010204081632654,131.0,26.47,54,247,-103.7626722591267,294,47,0,2,0,0,300.0,-75.5062514138408,-5.7778791680968435,-16.678541677189056,-5.8000000000000025,29,4,294,0,da8550020074e6762e0fddc3a4f5cdd0a85f1e5f3c8998cc429f961f722d6e51
347,dqn,75,random,left_heavy,31.938291139240505,198.0,33.64333333333333,62,247,-125.58922492664564,316,69,12,15,0,0,300.0,-91.9937499370426,-9.524849998352876,-18.670624991250236,-5.400000000000002,27,9,328,12,ccc520ebfde8f3f27ae285467bc833cc37cb7e52dab327cf602d4b95c07acba6
348,dqn,770,random,low,22.725490196078432,153.5,19.316666666666666,38,228,-97.57258830452555,255,27,0,2,0,0,300.0,-70.01875081053004,-4.011754170504719,-17.54208332349078,-6.000000000000003,30,4,255,0,2c9d1e591ce39f5287e0d81c3c2528500659c5fcbcd20b53a5ce28933e07174e
349,dqn,243,random,low,22.388379204892967,108.5,24.403333333333332,56,269,-99.01271722233074,327,58,0,2,0,0,300.0,-75.57500057248399,-3.7395916714114703,-13.698124978435244,-6.000000000000003,30,9,327,0,53c132128a73a63731a804fff55d1d930685c44ef4546fd3030237b4e593c852
350,dqn,357,random,left_heavy,25.66089108910891,141.5,17.283333333333335,40,164,-77.6707886980694,202,38,2,9,0,0,300.0,-50.681251167319715,-4.2172458418725,-15.972291688877146,-6.800000000000003,34,5,204,2,d0cafe34eae2f38f6ae9c214d60a95598cb77f40d428c28ad83a9cafc40f7813
351,dqn,119,random,ew_heavy,20.00408163265306,100.5,16.336666666666666,39,218,-78.44012604463134,245,27,0,2,0,0,300.0,-57.637501031626016,-2.0763750032776436,-11.72625000972767,-7.0000000000000036,35,4,245,0,f0f1d292f9eedc42ef198b708aad62507e19d07235462f841afcafbfb2b35f95
352,dqn,603,random,balanced,8.054263565891473,71.5,3.4633333333333334,9,120,-24.836379415736147,129,9,0,1,0,0,300.0,-12.987500246148556,-0.25325416655614386,-5.395625003031458,-6.200000000000003,31,4,129,0,091434f15f1d1302827824ef2c26f7c413507c353a297e5bca82add149ffa956
353,dqn,579,random,low,8.408854166666666,61.0,5.381666666666667,17,185,-33.25252545159819,192,7,0,1,0,0,300.0,-20.181250461377203,-0.400441666208644,-5.870833324012347,-6.800000000000003,34,6,192,0,5ebe6f4f7b3264f8eb379ab29028c02f52c58725adbdd7b6e724ed04c9185ff4
354,dqn,853,random,balanced,7.451127819548872,59.0,3.3033333333333332,10,127,-24.15766284989297,133,6,0,1,0,0,300.0,-12.387500343844295,-0.22912083332994362,-4.941041672718713,-6.600000000000003,33,5,133,0,312df65e0593a2a4d5e9a53d43fed692d50c8c032db4e3f34a0ba395734f2cd8
355,dqn,41,random,left_heavy,25.564638783269963,162.0,22.416666666666668,48,228,-90.90332140381733,263,35,23,25,0,0,300.0,-60.037500598002225,-6.931862482771247,-17.733958323043773,-6.200000000000003,31,5,286,23,3ff86ecc65355b3fd986c570ea66b9dbf6bdcdbc1240e12a29baeeb3742ad7fb
356,dqn,100,random,heavy,13.832568807339449,110.0,10.051666666666666,22,195,-59.286700558463735,218,23,0,2,0,0,300.0,-37.4937505684793,-1.2087833323159425,-13.784166657668539,-6.800000000000003,34,5,218,0,f42715a1f9c1f4532e86dcbcf2d6f67dc428b5bd3fe0bf0faa03ecde5cb39f64
357,dqn,638,random,low,16.491596638655462,129.0,13.083333333333334,30,222,-71.90941727694803,238,16,0,1,0,0,300.0,-49.06250060675666,-1.9504583359717806,-14.096458334219635,-6.800000000000003,34,2,238,0,28a0a8056b29f521d29f748e7a4b5c827235820e108200200f8fd02caa338b2f
358,dqn,914,random,low,9.67027027027027,70.5,5.963333333333333,14,182,-36.32320460732518,185,3,0,2,0,0,300.0,-22.362500437069684,-0.3967458337261632,-6.163958336529324,-7.400000000000004,37,4,185,0,7a5b95b2cf876b330c7e03d5f8f71c015958fc76d78c474072ba186babca6a3f
359,dqn,762,random,ew_heavy,9.773480662983426,83.5,5.8966666666666665,15,173,-39.467842070265746,181,8,0,2,0,0,300.0,-22.112500412855297,-0.5453416670170551,-9.009999990393409,-7.800000000000004,39,2,181,0,d2c486090fb6139f92af8623c33f36410ba043d3a3eb9b0f0f3e876e3b6d60d4
360,dqn,282,random,heavy,12.904639175257731,82.0,8.345,21,182,-47.75797987203478,194,12,0,1,0,0,300.0,-31.293750701937824,-0.8552708346665893,-9.60895833543036,-6.000000000000003,30,6,194,0,05dac1079462d05a2135183386810ab94b73ab9665b18d6f52f769d79163ee8e
361,dqn,943,random,left_heavy,19.74798387096774,143.0,16.325,38,218,-81.50245970911848,248,30,0,2,0,0,300.0,-57.381251386366785,-2.4122499967277693,-15.308958326024005,-6.400000000000003,32,5,248,0,98eefc3993a016b9fdb6fd910f3b9bb39f576319e2ffe2407a5ff1e9a07ab8bf
362,dqn,753,random,ns_heavy,10.419254658385093,72.5,5.591666666666667,16,155,-36.07803793917627,161,6,0,1,0,0,300.0,-20.962500441353768,-0.4667874991217104,-7.648749998700812,-7.0000000000000036,35,4,161,0,b7070ebcb0457fdd464e9dd40fe2fd57ca170fdf88e687a081559392cde9d8a8
363,dqn,839,random,heavy,11.639072847682119,76.0,5.858333333333333,14,145,-37.213875403530984,151,6,0,1,0,0,300.0,-21.968750407453626,-0.562625000505796,-8.082499995571567,-6.600000000000003,33,3,151,0,1c3011e96b4e9a35f254df33adb27574a666b1e9c9f3afae1fce317b66455751
364,dqn,184,random,ew_heavy,24.362179487179485,143.0,25.336666666666666,53,263,-111.84336776177084,312,49,0,2,0,0,300.0,-83.03750106412917,-4.711283341517265,-17.894583356124343,-6.200000000000003,31,6,312,0,739a8c2c86624d6fa1953f2e4f6d735297399b37f404605934aec59ccffa7402
365,dqn,825,random,ew_heavy,11.673076923076923,95.5,9.105,26,223,-50.4102880668099,234,11,0,2,0,0,300.0,-34.143750588875264,-0.9179958312277449,-9.34854164670687,-6.000000000000003,30,7,234,0,c62968ea81fdd00e4835c0f5d840523798f9c457b39644cc0d6ec68401d7573d
366,dqn,982,random,left_heavy,22.84200743494424,177.5,20.481666666666666,64,210,-92.21369252416267,269,59,1,6,0,0,300.0,-63.600000851321965,-3.9109833378759506,-17.5027083349647,-7.200000000000004,36,8,270,1,0600f734891fcd12257e7f2a96632317f78b548f1ae608b7d9f82325d53f1cb1
367,dqn,899,random,left_heavy,21.5970695970696,98.0,19.655,47,225,-86.79901340128997,273,48,9,19,0,0,300.0,-64.85625089332461,-3.294637504943239,-12.448125003022149,-6.200000000000003,31,3,282,9,1d22a47a4dbede514fbc7855d5f8223502a0ba38e3c58239a237d4bc878ff4e0
368,dqn,554,random,left_heavy,24.448616600790515,158.5,20.62,47,216,-83.76505127958588,253,37,22,28,0,0,300.0,-51.581251276191324,-7.2690083235233045,-18.514791679871294,-6.400000000000003,32,8,275,22,1357acea26deba285d711896a9b91cedb2815e1276744ee5a2d0c94f1f8b40af
369,dqn,900,random,left_heavy,32.718430034129696,139.0,31.955,66,210,-114.70556750790641,293,83,5,11,0,0,300.0,-82.98125086352229,-8.343899973639784,-16.98041667074431,-6.400000000000003,32,7,298,5,16257c77551bae33ad06edc3822197a6de547bdafb56215ef583705cbab81701
370,dqn,50,random,heavy,22.90661478599222,134.5,19.623333333333335,45,221,-94.31314707177593,257,36,0,3,0,0,300.0,-71.14375121658668,-2.908145829293789,-14.861250025895416,-5.400000000000002,27,7,257,0,a97da7d4b8b56d8f0c7849f6dbbc2eb6f5db4aa6c780b640fe05eddd9c48f298
371,dqn,32,random,low,16.915865384615383,123.0,11.728333333333333,27,200,-65.84806724657761,208,8,0,2,0,0,300.0,-43.92500056605786,-1.4801500013934854,-13.842916679126214,-6.600000000000003,33,5,208,0,761daac37bf13f4ba486534ad3de5d4d4a919b78cea23fa6ffb8d048d2b95e3f
372,dqn,399,random,low,15.627906976744185,102.0,13.44,28,227,-69.54881721809578,258,31,0,2,0,0,300.0,-50.187500551808625,-1.5823583306519136,-11.378958335635254,-6.400000000000003,32,4,258,0,29991776368f820f57f188855e057eeea4c16fabcf7f6de076687eede13b0041
373,dqn,675,random,left_heavy,29.546413502109704,178.0,23.343333333333334,53,192,-94.97955468675575,237,45,21,22,0,0,300.0,-61.262500503100455,-8.098304177950924,-18.81875000570438,-6.800000000000003,34,9,258,21,a999d18fc567f149eacf9e8a3eea389dab6fcb3fe1077856f88928690c1e5089
374,dqn,637,random,balanced,6.337931034482758,41.5,3.0633333333333335,8,143,-23.171091880082546,145,2,0,1,0,0,300.0,-11.487500214483589,-0.17400833332576443,-4.30958333227318,-7.200000000000004,36,3,145,0,611928666c8211358cc60cc1eb99449e8918bf1c8a9dd97f2485a71856b526e6
375,dqn,248,random,left_heavy,29.653361344537814,164.0,23.525,48,194,-94.18599233222122,238,44,35,36,0,0,300.0,-63.71250067045912,-6.82807498203983,-17.445416679722246,-6.200000000000003,31,6,273,35,dd141f976319bd4b73fdf4247f113202e4aed763f9f0bacc7eea9039af219c68
376,dqn,688,random,balanced,13.630541871921181,95.0,9.223333333333333,28,187,-51.36284233786863,203,16,0,1,0,0,300.0,-34.57500067073852,-0.8828416666830887,-8.705000000447034,-7.200000000000004,36,4,203,0,85ae0ec7c80ed8590223509ab24d9914156d007ba7c04cae8211240b5a5e6b77
377,dqn,449,random,low,28.04126213592233,96.0,19.255,53,159,-78.03116295621653,206,47,0,1,0,0,300.0,-56.38125043641776,-3.819495841883327,-12.030416677915468,-5.8000000000000025,29,8,206,0,4b8cb4795c248d46a0e6b7a5a6b05e2ea3de1a6debaa07f6a3c35c0619cc657b
378,dqn,336,random,ew_heavy,9.797814207650273,72.0,5.976666666666667,15,175,-37.75366305166752,183,8,0,2,0,0,300.0,-22.41250055236742,-0.5519958335244155,-7.989166665775704,-6.800000000000003,34,2,183,0,51ec75921cc8c2e796542075e50c03c39467b8e9ac72a4316b41eaa6e3823fd3
379,dqn,430,random,balanced,19.143115942028984,133.0,17.611666666666668,37,250,-86.64370115196796,276,26,0,2,0,0,300.0,-63.91875117365271,-2.795783329638653,-13.729166648676618,-6.200000000000003,31,6,276,0,4eb5dde2aa37490fe197326854941b580f997feda81622c6997cc3e8fe1aff00
380,dqn,951,random,heavy,18.314885496183205,124.5,15.995,47,225,-79.71826298608427,262,37,0,2,0,0,300.0,-56.00625047739595,-2.4084708363421687,-14.903541672346174,-6.400000000000003,32,6,262,0,dbd893b9af81a28c575bfda99f46c14d61c1274ceae8e10d4bd3c34f7b023257
381,dqn,360,random,low,20.120065789473685,115.0,20.388333333333332,41,261,-97.54309282268004,304,43,0,2,0,0,300.0,-75.25000117020682,-2.7872583304073504,-12.505833322065879,-7.0000000000000036,35,3,304,0,3ac84310f4670bdb914221cb8d2acef68e94ff1262e4805fd8d9ea613f2081e5
382,dqn,416,random,left_heavy,19.255050505050505,118.0,12.708333333333334,32,165,-62.88375097558238,198,33,0,3,0,0,300.0,-43.5062509807758,-1.677500000278088,-11.299999994528477,-6.400000000000003,32,7,198,0,05eb738634fb18cd6d445e1ee1563b42d90c4cb8de1596522fc512792662513e
383,dqn,254,random,ns_heavy,12.006382978723405,131.0,9.405,20,224,-58.12708402772185,235,11,0,2,0,0,300.0,-35.268750697374344,-1.2720833353720082,-14.786249994975512,-6.800000000000003,34,4,235,0,9bf7758a6dcf0ff542cbe9677c323d374bf5017417f94938bcfddaa1ac7d0ed6
384,dqn,186,random,balanced,18.23639455782313,133.0,17.871666666666666,51,245,-85.73962542197036,294,49,0,2,0,0,300.0,-61.53750042710453,-3.088583334012218,-14.713541660853663,-6.400000000000003,32,5,294,0,537bc70cf66b225a15295c0ae796f794c2df44804e3cdb5fec58c920b55b125b
385,dqn,636,random,ns_heavy,8.477941176470589,73.5,3.8433333333333333,11,133,-27.702387831363733,136,3,0,2,0,0,300.0,-14.412500338628888,-0.3036374996219823,-5.786249993112866,-7.200000000000004,36,7,136,0,6c1fc46be2c7716d3de6fda3682d7a131b9405d19de6fce6c7b0aab1795c5d14
386,dqn,807,random,left_heavy,30.65650406504065,180.5,25.14,52,195,-96.37734202343488,246,51,26,26,0,0,300.0,-64.17500036815181,-8.152758328886557,-17.44958332639652,-6.600000000000003,33,6,272,26,18495bc49f47321300562cf1e93c23d6c1c0765b885c2d3d96d2bd2089e318ca
387,dqn,617,random,left_heavy,27.74915824915825,132.5,27.473333333333333,62,241,-114.61570871910229,297,56,12,14,0,0,300.0,-87.88125037029386,-5.254041662976671,-15.080416685831727,-6.400000000000003,32,4,309,12,08ba322e254c34962e79df05e986fa89c7f93514bb6336163781fa98c23012c2
388,dqn,936,random,heavy,17.299610894941633,99.0,14.82,30,227,-74.50998018126923,257,30,0,1,0,0,300.0,-54.493751029949635,-1.8316458311070156,-11.184583320212537,-7.0000000000000036,35,3,257,0,edacc4545fa970a97c2ca37ead33660d2dee923af26469c1dd4769f22faaa98c
389,dqn,117,random,balanced,10.0,83.0,6.166666666666667,13,181,-39.57541712553137,185,4,0,1,0,0,300.0,-23.125000457279384,-0.5360416673160214,-8.914375000935985,-7.0000000000000036,35,5,185,0,7503aa03aec769da842fa75d86a1ea6aacf34d7e48f03362ca321bd432d5fa2f
390,dqn,721,random,left_heavy,43.46927374301676,128.5,51.875,97,247,-162.0209299732268,358,111,1,11,0,0,300.0,-128.95625078724697,-11.763429180722595,-16.301250005257316,-5.000000000000002,25,10,359,1,cc3ad764ddbdb9880659e92504901bb49d126eb571502690c8927b572619fc2e
391,dqn,506,random,left_heavy,21.677419354838708,95.5,17.92,43,204,-75.98629238310305,248,44,22,31,0,0,300.0,-52.33750072354451,-4.054000008553703,-12.794791651004903,-6.800000000000003,34,4,270,22,5850549723d34e5e210f162f4f47e5c6aac5b788736e6f1a189debdc4b3b8979
392,dqn,233,random,balanced,12.082278481012658,57.0,6.363333333333333,15,143,-37.965146286707736,158,15,0,2,0,0,300.0,-23.86250046128407,-0.5261875004427565,-6.976458324980924,-6.600000000000003,33,4,158,0,4af62996debdab1aa3ea222acd0bc880dd16c7deba05674f73c7f8a8db56db77
393,dqn,114,random,balanced,11.5775,53.5,7.718333333333334,19,188,-43.41430061078647,200,12,0,1,0,0,300.0,-28.943750611506402,-0.5680500013615528,-6.502499997918496,-7.400000000000004,37,3,200,0,b590d370ce18877d6fbf4b2b3338f3ec117d833b14bf99e6ffae0eac7a90489f
394,dqn,308,random,left_heavy,23.25413223140496,108.0,18.76,43,201,-82.61940865344735,242,41,5,16,0,0,300.0,-55.725000326987356,-4.703574999146079,-15.39083332731391,-6.800000000000003,34,6,247,5,c84dc8f4f73a6dfff7e1721e7e9f92b3d31e3ab5aaf425b65088deea5a67f8ce
395,dqn,221,random,ew_heavy,22.568273092369477,108.0,18.731666666666666,51,211,-82.77372168350776,249,38,0,2,0,0,300.0,-59.650000866968185,-3.0308041647011112,-13.292916651838473,-6.800000000000003,34,4,249,0,fc7fade8c82ced36b4951b9fb9b1e3b20d8294b108ef47c2a1df0eb2165530f4
396,dqn,743,random,left_heavy,22.423857868020306,124.0,14.726666666666667,38,164,-63.89905935216883,197,33,7,12,0,0,300.0,-40.27500100526959,-3.597183333576685,-13.626875013322572,-6.400000000000003,32,4,204,7,af3d3491f39fc948a42a6ef068548e2ef1a73df8abd6847e1c8f6477381d70b5
397,dqn,660,random,ew_heavy,15.477011494252874,103.0,13.463333333333333,33,231,-71.38056306311702,261,30,0,2,0,0,300.0,-50.250000558793545,-1.6418124991127114,-13.088750005210757,-6.400000000000003,32,5,261,0,2ed79e64f524e5b7b8ab5f02f5934bd2a3de309d398f331ac9f1771fc1cdf4be
398,dqn,34,random,balanced,17.30888030888031,113.5,14.943333333333333,31,238,-73.42297986542908,259,21,0,2,0,0,300.0,-52.600000717677176,-1.7733958352786423,-12.449583312473262,-6.600000000000003,33,5,259,0,f73a663e2568ed240bf11c9ed11b57ff90ac2b8da4d5ab4fbd9aafab6d5a041d
399,dqn,8,random,heavy,28.252958579881657,186.5,31.831666666666667,66,264,-127.33078361780065,338,74,0,2,0,0,300.0,-96.78125029243529,-5.76786667090055,-18.981666654464778,-5.8000000000000025,29,6,338,0,7a60d19897b4203e62b38884cb3877f32c58f148fbbf3e5ef01cbf3bffa2af01
400,dqn,285,random,heavy,12.248663101604278,77.0,7.635,22,179,-43.48860877993648,187,8,0,3,0,0,300.0,-28.631250453181565,-0.7058999980486993,-7.951458328706214,-6.200000000000003,31,5,187,0,f23c44c094b9f895f65717990a36be03fdb11e74dc9a69cc97dcd0531af545b5
401,dqn,708,random,ew_heavy,13.659663865546218,70.5,10.836666666666666,23,216,-56.90935086074533,238,22,0,2,0,0,300.0,-40.443750869017094,-1.055183332527667,-8.610416659200572,-6.800000000000003,34,5,238,0,466c5e932e25a716eba5189fe3f43c609cf8a659579ea01b68acc615d0f319cb
402,dqn,497,random,ns_heavy,23.451219512195124,147.5,22.436666666666667,48,230,-104.86513390139956,287,57,0,2,0,0,300.0,-75.02500055963174,-5.330341667931499,-17.309791673836276,-7.200000000000004,36,2,287,0,4dda8697133c89fbc4b8691f908a5599c6b3579f40490bc26c3c17c0853299b8
403,dqn,207,random,balanced,14.882352941176471,102.0,12.65,29,224,-66.33848819673513,255,31,0,2,0,0,300.0,-47.34375068778172,-1.3151541655322943,-10.279583343421116,-7.400000000000004,37,2,255,0,8c03eeb155ed8fdf51b877ffe15244f207568615abf085b01bdcdb59c48db48d
404,dqn,161,random,low,11.641463414634146,67.5,7.955,20,191,-45.39825054690372,205,14,0,2,0,0,300.0,-29.83125054044649,-0.650333334334573,-7.91666667212267,-7.0000000000000036,35,3,205,0,e7ddaa838673721e1cb01a08649d5299a2cdfd9fff826655f2e35102c00ce18f
405,dqn,976,random,ns_heavy,16.9075,80.5,11.271666666666667,30,178,-56.590863095960984,200,22,0,2,0,0,300.0,-37.618750599212945,-1.4908625037096492,-10.481249993038377,-7.0000000000000036,35,3,200,0,3ab555dd0a6952a67b71d0247cc7301af9df3bb6ddbc1a4cf2a170a4d759aabc
406,dqn,858,random,balanced,12.161290322580646,76.5,10.053333333333333,25,222,-52.79330081444276,248,26,0,3,0,0,300.0,-36.96250081760809,-0.9430916678677019,-8.287708328966987,-6.600000000000003,33,3,248,0,f19cf88596ebefd71b3fa3ca381468cead43ba81f08bc25a5deb61e75d99071a
407,dqn,650,random,low,22.985537190082646,93.0,18.541666666666668,40,206,-87.36358822492696,242,36,0,2,0,0,300.0,-65.51875074626878,-2.921920836896607,-12.922916641761544,-6.000000000000003,30,5,242,0,e3db086946e9fb625013588cd1f967be4a4dfdf922403475760a3d068ea716b5
408,dqn,816,random,ns_heavy,11.119469026548673,113.5,8.376666666666667,23,217,-50.22638404888351,226,9,0,2,0,0,300.0,-31.412500732578337,-0.7851333333623186,-10.82874998294283,-7.200000000000004,36,3,226,0,9fe063bac8a2dc7692c71fcd56aa9bb383e05d9aed360c7b1e5c5052348d5080
409,dqn,729,random,balanced,28.212585034013607,136.0,27.648333333333333,55,237,-108.10675061657459,294,57,0,2,0,0,300.0,-78.08125060470775,-6.058416679435322,-17.367083332431495,-6.600000000000003,33,4,294,0,da8550020074e6762e0fddc3a4f5cdd0a85f1e5f3c8998cc429f961f722d6e51
410,dqn,734,random,ns_heavy,15.419431279620854,112.0,10.845,27,205,-57.86910894592509,211,6,0,2,0,0,300.0,-38.518750614952296,-1.212024999621644,-11.538333331351163,-6.600000000000003,33,4,211,0,2e6b796466229044a6e58dd5d0dabd0d6030e417ff0924a5020e250098080618
411,dqn,476,random,heavy,16.777533039647576,87.0,12.695,31,202,-65.61540918876344,227,25,0,2,0,0,300.0,-47.29375087749213,-1.5518666652256798,-10.569791646045642,-6.200000000000003,31,2,227,0,01df4fe4bef3728d7ac117fbc10f1662b9535b83f6da49c8ca1aeb5fa2736674
412,dqn,333,random,ns_heavy,19.61512027491409,97.0,19.026666666666667,41,245,-89.1061589971381,291,46,0,3,0,0,300.0,-67.08750067604706,-2.3351166680418824,-11.883541653049177,-7.800000000000004,39,5,291,0,0180d743a81999f28379761a2626ea1e176d39e21570aabbfd38ee4294e4be79
413,dqn,909,random,balanced,12.293969849246231,68.0,8.155,22,193,-46.25155891886825,199,6,0,2,0,0,300.0,-30.58125057723373,-0.7178083334714761,-8.152500008163042,-6.800000000000003,34,3,199,0,caed48faee592b6587c11a396611f88ce90a17e4d2714c565003d0db941a9e99
414,dqn,870,random,low,8.947761194029852,58.5,3.9966666666666666,12,133,-26.78783783277833,134,1,0,1,0,0,300.0,-14.987500337418169,-0.26200416643041535,-4.738333328929729,-6.800000000000003,34,3,134,0,85325f5f55a952933135b8fd0c6fdffd8ebc715b0c00c3050f2ecda054d46c6e
415,dqn,279,random,left_heavy,10.094890510948906,66.5,4.61,12,132,-30.122379550418543,137,5,0,2,0,0,300.0,-17.287500381935388,-0.3677958329782996,-6.267083335504868,-6.200000000000003,31,6,137,0,9b081ad746759664a3bbfdab9e8316059c50f303a76e993bc95f0bd981d4a49a
416,dqn,782,random,balanced,17.23060344827586,88.0,13.325,33,205,-67.70032611468196,232,27,0,2,0,0,300.0,-48.30000112298876,-1.5263666624654435,-12.073958329227759,-5.8000000000000025,29,7,232,0,2f70f7d3e93bcbbf7d209f50c74cbb24789ab97696e462fdf2711e75ca027f3e
417,dqn,436,random,heavy,15.907335907335908,116.5,13.733333333333333,40,245,-71.06737150641496,259,14,0,2,0,0,300.0,-50.69375069392845,-1.8042458327101487,-12.969374979776326,-5.600000000000002,28,5,259,0,20c205bdaee82bb23666523351fcb84dfd2e8ddb303e4580ed75b0b7beefb53d
418,dqn,499,random,heavy,7.5984251968503935,39.5,3.216666666666667,9,122,-22.71402532151187,127,5,0,1,0,0,300.0,-12.062500319909304,-0.18131666684275846,-3.87020833475981,-6.600000000000003,33,5,127,0,cd1e7bbcc53fe9e3f603ec53fb8eb51ebd71e311233ca9a526d86014ed6d8393
419,dqn,283,random,balanced,9.863636363636363,43.0,5.0633333333333335,13,148,-31.325100443976392,154,6,0,2,0,0,300.0,-18.987500452902168,-0.3505166666334843,-4.987083324440758,-7.0000000000000036,35,2,154,0,61f5ab7cb234700a4cb9cf9939af3180316274c3566b352906800623549545e4
420,dqn,201,random,ns_heavy,20.100790513833992,90.0,16.951666666666668,42,214,-81.7407043739826,253,39,0,1,0,0,300.0,-62.58125020004809,-2.0192458324039775,-10.540208341530521,-6.600000000000003,33,5,253,0,9acbc1a5e96c89711f386c6aba97838974e137960f15e42c74a6dda9ed0ed9e5
421,dqn,139,random,ew_heavy,14.119047619047619,73.0,7.906666666666666,22,154,-44.929888061077484,168,14,0,1,0,0,300.0,-29.543750565499067,-0.8328041669839877,-8.153333328594453,-6.400000000000003,32,4,168,0,cf2892173b4cc151b61325d1d5b06852b862fa746401066264d22457ced5f726
422,dqn,64,random,left_heavy,28.114485981308412,135.5,20.05666666666667,48,173,-78.02414256900735,214,41,12,13,0,0,300.0,-53.937500906642526,-4.507474999927945,-13.779166662436909,-5.8000000000000025,29,6,226,12,78170b0325ca5012e7ea383af3843a7742d5b7cd7e4b297199269f706fa27aea
423,dqn,50,random,heavy,20.560311284046694,84.0,17.613333333333333,40,232,-81.7479344103318,257,25,0,3,0,0,300.0,-62.10625107772648,-2.0685583361955637,-11.373124996409755,-6.200000000000003,31,5,257,0,a97da7d4b8b56d8f0c7849f6dbbc2eb6f5db4aa6c780b640fe05eddd9c48f298
424,dqn,576,random,balanced,15.252895752895753,107.0,13.17,28,234,-69.74587159669679,259,25,0,3,0,0,300.0,-49.268750787712634,-1.6679541707802856,-12.209166638203902,-6.600000000000003,33,6,259,0,98f0a1aa598913d7c08fea0eac23359114d68b055d1434c34dc6d09ee1ed8c6d
425,dqn,624,random,ns_heavy,7.449101796407185,54.0,4.1466666666666665,18,163,-27.20240459947307,167,4,0,2,0,0,300.0,-15.550000433344394,-0.25594583374841023,-4.796458332380281,-6.600000000000003,33,5,167,0,94a11bf2d7252ac722ef0bfd76ed5bb2828e729d18e7d06f83d17250af5832c9
426,dqn,65,random,ns_heavy,13.470319634703197,80.5,9.836666666666666,23,207,-54.32625491961589,219,12,0,2,0,0,300.0,-36.88750075129792,-0.9045875015224739,-9.93416666679551,-6.600000000000003,33,4,219,0,2f6620695537c5d4c628d16d3a167bd4d2b13ca118834fdc9137e318f517efd1
427,dqn,788,random,left_heavy,17.586283185840706,95.0,13.248333333333333,31,196,-66.83955093637121,226,30,0,5,0,0,300.0,-46.87500094156712,-1.967466668631096,-11.197083326173024,-6.800000000000003,34,5,226,0,44705813f6f7e5a7055446763803e7be36835fec1ae096d7c7d1add03bf0a272
428,dqn,573,random,heavy,11.073394495412844,101.0,8.046666666666667,20,210,-48.47291739482244,218,8,0,2,0,0,300.0,-30.175000744406134,-0.9020833328300791,-10.99583331758622,-6.400000000000003,32,6,218,0,31ff004eff4deaa213bbd0fa65f23610e4b8b75288a03d389fa1a3d17530162e
429,dqn,587,random,low,22.710416666666667,136.0,18.168333333333333,39,204,-70.83229228127024,240,36,0,2,0,0,300.0,-48.17500060517341,-3.4799999980881693,-13.377291678008614,-5.8000000000000025,29,8,240,0,d1f7065b1bfbf0e8bec30c1566e402ed7431a4a9686a28b5fd5e706b16615225
430,dqn,21,random,ns_heavy,16.744813278008298,138.5,13.453333333333333,31,214,-71.53644293238538,241,27,0,2,0,0,300.0,-49.72500127740204,-1.6326916636586257,-13.378749991324728,-6.800000000000003,34,4,241,0,3660173dc164fa1364ff5e75c68a5eaa7401d80a3012b56f10f7425f8b254d13
431,dqn,475,random,ew_heavy,20.963519313304722,110.0,16.281666666666666,41,204,-78.9957424555541,233,29,0,2,0,0,300.0,-57.86875078547746,-2.206991664819362,-12.520000005257316,-6.400000000000003,32,6,233,0,38ce66eace428105135a40013f31aa6b3c558aa30156671ef8af512644f11c44
432,dqn,773,random,low,18.976377952755904,97.5,16.066666666666666,40,221,-72.95748458009837,254,33,0,2,0,0,300.0,-53.75625124853104,-2.3679000016876657,-10.033333329879698,-6.800000000000003,34,7,254,0,df7200a9dac373bbcfc06f0594a303f5a021428f1ee15ca33c0395fea6150f43
433,dqn,327,random,ew_heavy,12.078488372093023,75.0,6.925,23,162,-40.797650597248825,172,10,0,2,0,0,300.0,-25.868750595487654,-0.6318166661585565,-8.097083335602656,-6.200000000000003,31,4,172,0,3467bc0f21b9c701fe63a1cfd1e002335ad031bd7302bdcfb6b0257fc1d88879
434,dqn,878,random,low,12.204301075268818,68.5,7.566666666666666,16,180,-42.402459015398165,186,6,0,1,0,0,300.0,-28.375000682193786,-0.6105833350251486,-7.216874998179263,-6.200000000000003,31,6,186,0,951cdc69d092f84fa4a17b5426485286bd1a9875f45ad7a180a7f27a41c6cccc
435,dqn,652,random,left_heavy,29.687007874015748,170.5,25.138333333333332,52,204,-103.97318847301,254,50,25,28,0,0,300.0,-72.3125009755604,-7.090895829797224,-18.369791667652326,-6.200000000000003,31,7,279,25,86c09604b7ab65b8cba1f44353c895b3e94156022cba51a43e414416ccc59735
436,dqn,848,random,balanced,7.369318181818182,46.5,2.1616666666666666,8,87,-17.837295989826817,88,1,0,1,0,0,300.0,-8.106250158976763,-0.14042083338790695,-3.7906249974621464,-5.8000000000000025,29,6,88,0,91ee3e01d94e54d057b608ed39661e72666243487c6e91ee96dc051a8fad0f0c
437,dqn,406,random,heavy,22.47292418772563,101.5,20.75,56,215,-76.86978815574332,277,62,0,3,0,0,300.0,-57.47500066226348,-3.09874584043064,-9.696041653049178,-6.600000000000003,33,6,277,0,a83a8ea8bbdb6b35a0d6847b65aef215fcc730f7d56bad2b7a801531da04e3c1
438,dqn,849,random,low,12.315642458100559,71.5,7.348333333333334,15,172,-42.420325548474665,179,7,0,1,0,0,300.0,-27.556250555440784,-0.6728249991014305,-7.591249993932435,-6.600000000000003,33,3,179,0,e3b3f6f7262bdb42cf1563d012b38205c72140f9c1ff0b9589bc8f60ecc24cb6
439,dqn,948,random,left_heavy,21.84131736526946,92.0,12.158333333333333,31,134,-52.818117371534754,167,33,0,6,0,0,300.0,-33.35625068284571,-2.337283332466904,-10.524583356222125,-6.600000000000003,33,5,167,0,6bddc68af6004c6f92bd2e67d06c542a52ee9edbe74da0d705266555a008a56f
440,dqn,679,random,left_heavy,14.56,78.5,7.28,23,129,-42.4448883728488,150,21,0,2,0,0,300.0,-26.268750882241875,-0.7082208333435122,-8.667916657263415,-6.800000000000003,34,6,150,0,8da9a28253ea8377ab7e3782a50f72ccf79362b65bbec2973e612616dfdf68ae
441,dqn,402,random,heavy,21.742,101.5,18.118333333333332,36,208,-84.9611591175526,250,42,0,2,0,0,300.0,-64.91875079227611,-2.4315750002955614,-11.210833324980925,-6.400000000000003,32,4,250,0,b4d3738f6a03ae53104a3ed6b4190a7681bbaf9751c2281a04491b807446e099
442,dqn,828,random,ns_heavy,8.966507177033494,90.5,6.248333333333333,19,199,-39.348329583095634,209,10,0,2,0,0,300.0,-23.431250425055623,-0.5314541662635747,-8.78562499177643,-6.600000000000003,33,6,209,0,9c411d8d6c7369ab12b03a91e4c70571dec27596539d2b3d54a883f1da397be9
443,dqn,184,random,ew_heavy,21.891025641025642,143.5,22.766666666666666,47,260,-105.61886730935802,312,52,0,2,0,0,300.0,-77.6312506524846,-4.604491657986363,-17.18312499888708,-6.200000000000003,31,5,312,0,739a8c2c86624d6fa1953f2e4f6d735297399b37f404605934aec59ccffa7402
444,dqn,221,random,ew_heavy,19.53012048192771,116.5,16.21,37,217,-80.25071733562146,249,32,0,2,0,0,300.0,-57.46875067614019,-2.2959250013656844,-14.486041658115587,-6.000000000000003,30,5,249,0,fc7fade8c82ced36b4951b9fb9b1e3b20d8294b108ef47c2a1df0eb2165530f4
445,dqn,948,random,left_heavy,13.365269461077844,63.0,7.44,21,142,-41.63870480834305,167,25,0,2,0,0,300.0,-26.625000652391464,-0.7822458322698367,-7.03145832368173,-7.200000000000004,36,3,167,0,6bddc68af6004c6f92bd2e67d06c542a52ee9edbe74da0d705266555a008a56f
446,dqn,731,random,left_heavy,26.57641196013289,143.0,26.665,53,247,-111.3444801968588,301,54,9,13,0,0,300.0,-82.62500099418685,-6.05572916388701,-16.66375003878492,-6.000000000000003,30,3,310,9,7b1a9269dd8edfe3c1d1e48bc34a353b80f56befe9e2f839621f204538f17b09
447,dqn,20,random,low,12.240625,59.0,6.528333333333333,20,157,-38.336588006107135,160,3,0,2,0,0,300.0,-24.481250521726906,-0.5401291665519236,-6.71520831782837,-6.600000000000003,33,4,160,0,8d3b6ddf3c071813d242712b96e39f0c1e4031a9aa8f7893e5b53f17313f46aa
448,dqn,713,random,ew_heavy,16.745454545454546,82.0,12.28,27,202,-64.20499650627968,220,18,0,2,0,0,300.0,-45.6812506923452,-1.469995836393355,-10.453749977541163,-6.600000000000003,33,4,220,0,cf06810f86bbfbf5d1fa75f3976f9dd809fd849b3398207e31c95efd63b068f0
449,dqn,667,random,left_heavy,26.77177700348432,167.0,25.615,53,242,-96.94505124079372,287,45,24,25,0,0,300.0,-67.0625012461096,-6.871924999485053,-15.610624995199004,-7.400000000000004,37,5,311,24,32c980a7205d1805667f2496501c38f85d741aff936f84f2113c9ea4d565cab1
450,dqn,546,random,ns_heavy,9.815909090909091,91.0,7.198333333333333,25,214,-44.19914205515089,220,6,0,1,0,0,300.0,-26.993750408757478,-0.6945583340784653,-9.710833312314936,-6.800000000000003,34,3,220,0,3d67ec0cd17ba769454cdafa6a62d5b6bd58256b6f7748f96903e4ef50a4750b
451,dqn,130,random,heavy,10.82642487046632,79.5,6.965,16,184,-41.30139231431966,193,9,0,1,0,0,300.0,-26.118750636000186,-0.6099333328122154,-7.572708345507276,-7.0000000000000036,35,3,193,0,51b1e36fbfc2726b213e586673a5fe48716b975b8cacc99f3a3b6e9d70bcd7e8
452,dqn,470,random,low,5.696428571428571,40.0,2.1266666666666665,6,112,-18.059904346429537,112,0,0,2,0,0,300.0,-7.975000176113099,-0.11302916689382991,-3.17187500342261,-6.800000000000003,34,4,112,0,9eddc8a3400f077067ff2f698d67eaa8a3c2f16cbddc069f7d41f7e7b556de4f
453,dqn,572,random,left_heavy,38.95727848101266,198.0,41.038333333333334,84,226,-141.8352713400855,316,90,17,22,0,0,300.0,-103.01250052265823,-13.24860414749782,-18.774166669929407,-6.800000000000003,34,6,333,17,95aefbf8f6ade8b1ea2067f6459e407444e5d3b89299d105014b8645f7eedf14
454,dqn,704,random,left_heavy,29.4828125,117.0,31.45,70,247,-126.7232548534019,320,73,1,10,0,0,300.0,-100.81875067111105,-5.731379173820461,-13.57312500847037,-6.600000000000003,33,5,321,1,78ede428d382315c0dc057923d3e72030513cb5d6e92421e7309fff9c4e779e9
455,dqn,813,random,ew_heavy,18.512690355329948,90.5,12.156666666666666,34,177,-61.63530510084454,197,20,0,1,0,0,300.0,-44.18750094808638,-1.357179163817636,-9.490624988940546,-6.600000000000003,33,5,197,0,36c3c81ae1812a4a716c3fbff8df6a722e2933869db1de60b49c57c05c5dfea4
456,dqn,8,random,heavy,27.800295857988164,187.5,31.321666666666665,73,261,-128.65026736970398,338,77,0,2,0,0,300.0,-97.23750072205439,-6.262558315888599,-19.150208331760968,-6.000000000000003,30,7,338,0,7a60d19897b4203e62b38884cb3877f32c58f148fbbf3e5ef01cbf3bffa2af01
457,dqn,438,random,low,27.180379746835442,158.0,28.63,52,267,-122.21126370687485,316,49,0,4,0,0,300.0,-93.31250119255856,-4.9552208402565165,-17.943541674059826,-6.000000000000003,30,7,316,0,77b18cdec4a1ceb582c0f00d3afcbf8b4cfa9d99a904da6975f98f611255d07e
458,dqn,191,random,balanced,9.24742268041237,79.0,5.98,14,190,-37.353542133821634,194,4,0,1,0,0,300.0,-22.425000477116555,-0.4470833325809509,-7.681458324124109,-6.800000000000003,34,4,194,0,4d0957c9651ff85b55a9c15aa51319839b175dd0c513bf4017ab2d2aa6034de8
459,dqn,511,random,heavy,14.16260162601626,74.5,11.613333333333333,23,232,-60.49777195001438,246,14,0,1,0,0,300.0,-43.55000110855326,-1.143812502473157,-9.80395833898802,-6.000000000000003,30,5,246,0,470e97e6cfabb991fc50f9ee285e8e3a0481bb8d02b0d8e768f82303e865125e
460,dqn,352,random,ns_heavy,19.130281690140844,78.0,18.11,41,252,-85.34929677838147,284,32,0,2,0,0,300.0,-66.33750094706193,-2.1503374968764555,-10.26145833444317,-6.600000000000003,33,4,284,0,550e14806aaf5da01382f132de42344e06650276809c1d55f9ec04e1003f749d
461,dqn,327,random,ew_heavy,11.453488372093023,85.0,6.566666666666666,17,162,-39.51208806685757,172,10,0,2,0,0,300.0,-24.625000581145287,-0.609379166556755,-8.077708319155503,-6.200000000000003,31,4,172,0,3467bc0f21b9c701fe63a1cfd1e002335ad031bd7302bdcfb6b0257fc1d88879
462,dqn,896,random,left_heavy,29.83614864864865,160.0,29.438333333333333,55,243,-118.32455079960485,296,53,1,11,0,0,300.0,-88.42500077094883,-6.522050005219352,-17.777500023436737,-5.600000000000002,28,7,297,1,7f4c4c5662e7293d786a0f1992f6a7b171c963ab4b60886e9738179fb962b533
463,dqn,243,random,low,26.146788990825687,86.5,28.5,75,256,-96.89318799740732,327,71,0,2,0,0,300.0,-75.00000050012022,-4.804437496500034,-10.888750000786985,-6.200000000000003,31,7,327,0,53c132128a73a63731a804fff55d1d930685c44ef4546fd3030237b4e593c852
464,dqn,517,random,left_heavy,32.03679653679654,184.0,24.67,51,174,-95.5296929356642,231,57,12,14,0,0,300.0,-66.48125125980005,-6.782608337840066,-16.26583333802407,-6.000000000000003,30,9,243,12,08afa3683e4385608022cb7e3b9497ecd327424c9624aa19a59326727d9d4912
465,dqn,382,random,balanced,16.844569288389515,98.5,14.991666666666667,35,237,-75.08853430889062,267,30,0,3,0,0,300.0,-55.35000096121803,-1.8412416676896104,-11.097291679983035,-6.800000000000003,34,2,267,0,ac4e266923b80c6a97cba4387090b49111df7b78f19acb31b8a3aee4fd62d53a
466,dqn,360,random,low,16.84375,90.5,17.06833333333333,35,272,-82.40665059798269,304,32,0,2,0,0,300.0,-63.5750006204471,-1.9639416623242134,-10.467708315211343,-6.400000000000003,32,4,304,0,3ac84310f4670bdb914221cb8d2acef68e94ff1262e4805fd8d9ea613f2081e5
467,dqn,447,random,ew_heavy,17.282692307692308,139.5,14.978333333333333,30,230,-79.1912679936875,260,30,0,2,0,0,300.0,-54.96250132378191,-2.0260583319606673,-15.002708337944911,-7.200000000000004,36,4,260,0,454d144e27bc693fbec17011190ac0eeb328e1147ca57f151f5f7a4ad9dc8962
468,dqn,339,random,balanced,26.881619937694705,118.0,28.763333333333332,58,253,-111.20611695321061,321,68,0,2,0,0,300.0,-86.52500028628856,-4.650074993374438,-14.031041673547604,-6.000000000000003,30,7,321,0,1ab825ab2115f843b642b7b44f7907d842e1ff14368fe03e57aa282564120324
469,dqn,305,random,ns_heavy,9.787878787878787,62.0,6.46,15,196,-38.85149647812285,198,2,0,2,0,0,300.0,-24.225000652950257,-0.5019125006387185,-7.524583324533887,-6.600000000000003,33,2,198,0,a5cfeab54eabbe4f2eb28a0126b21117f5f9dda276c76187262f940ef7dd3057
470,dqn,356,random,balanced,12.651428571428571,68.5,7.38,17,171,-41.76872554900256,175,4,0,1,0,0,300.0,-27.675000553019345,-0.6126833351016101,-7.081041660881604,-6.400000000000003,32,3,175,0,4e1e450d65bafd15a22d816917888b68e39a0008f8f8974151cbc660118185d0
471,dqn,957,random,left_heavy,21.851503759398497,101.0,19.375,48,215,-85.13754638366007,266,51,0,3,0,0,300.0,-64.38750055991113,-3.0831708333462298,-11.266874990402732,-6.400000000000003,32,4,266,0,a769ffae74c0615d5c54de66947062c2abd1179efe4c8ee1854eb6b01241a98f
472,dqn,932,random,ns_heavy,16.41592920353982,103.5,12.366666666666667,25,209,-65.66212137493937,226,17,0,1,0,0,300.0,-46.01250054361299,-1.54149583486069,-12.108124996465648,-6.000000000000003,30,5,226,0,f0656e04c11bde5e78ef8fed9d64556e11cb70395092fc1ec3d0c7e874edbbfe
473,dqn,373,random,left_heavy,32.542435424354245,144.5,29.398333333333333,61,185,-112.36900846604108,271,86,0,10,0,0,300.0,-81.84375012759119,-6.706925002367645,-18.218333336082306,-5.600000000000002,28,6,271,0,b25ae643c885ad1fde8e3f2bd994bec487e3cdf5f908e9da9c35f3fbc142e448
474,dqn,49,random,balanced,13.65810276679842,98.5,11.518333333333333,25,238,-61.74954233725804,253,15,0,2,0,0,300.0,-43.193750685080886,-1.1453749986809263,-11.010416653496215,-6.400000000000003,32,3,253,0,ce40379bc1b88af8d6013096b2d7539eb8838ebf4276b3eb87f97281156cf0d0
475,dqn,366,random,balanced,19.800469483568076,87.5,14.06,34,195,-65.25591327191142,213,18,0,1,0,0,300.0,-46.681250773370266,-1.9157041683727594,-10.858958330168393,-5.8000000000000025,29,4,213,0,78551331bd3510eddba1cf38bf24bea2943cdb4eefc800d52ad77e2130f849f8
476,dqn,399,random,low,14.583333333333334,87.0,12.543333333333333,39,225,-62.87880915447682,258,33,0,2,0,0,300.0,-44.92500084312633,-1.2688083323191675,-10.484999979031278,-6.200000000000003,31,6,258,0,29991776368f820f57f188855e057eeea4c16fabcf7f6de076687eede13b0041
477,dqn,318,random,balanced,19.154150197628457,133.5,16.153333333333332,44,218,-74.53631327612231,253,35,0,2,0,0,300.0,-53.350000774953514,-2.6429791621761978,-11.943333338992666,-6.600000000000003,33,7,253,0,bad8acf6ae8bf1d2e297303d4d97064ec72a24903ba76ed52b74cf34cd8221e0
478,dqn,865,random,balanced,16.40126050420168,97.0,13.011666666666667,25,220,-66.26793400102764,238,18,0,1,0,0,300.0,-46.41875068144873,-1.8139749996596957,-11.235208319919193,-6.800000000000003,34,5,238,0,4f36b8198aa83306e6e95cd8a3578d2885a75d34d68fb14d973810d563ba8cdf
479,dqn,838,random,ns_heavy,17.426008968609864,105.0,12.953333333333333,27,196,-65.10761323144109,223,27,0,2,0,0,300.0,-46.9562507099472,-1.6213625012562267,-10.730000020237643,-5.8000000000000025,29,7,223,0,ed962a61ca7e1a97d88e219db4252b78d920926829988e6376d3d3744e09b5d9
480,dqn,878,random,low,11.596774193548388,71.5,7.19,16,177,-42.156200723900824,186,9,0,1,0,0,300.0,-26.96250073146075,-0.6555749992527128,-7.938124993187378,-6.600000000000003,33,5,186,0,951cdc69d092f84fa4a17b5426485286bd1a9875f45ad7a180a7f27a41c6cccc
481,dqn,977,random,heavy,13.944043321299638,101.5,12.875,28,262,-66.835292574975,277,15,0,2,0,0,300.0,-48.162500930484384,-1.3290416678435568,-11.343749976647086,-6.000000000000003,30,5,277,0,8c44976afab54d46686c7a0aeed299fbd08e91ce668dd0bebe01c0c15979d12d
482,dqn,40,random,left_heavy,22.31422924901186,147.0,18.81833333333333,36,210,-94.75599274656632,253,43,0,2,0,0,300.0,-67.76250108610839,-2.974950005583378,-17.218541654874546,-6.800000000000003,34,6,253,0,9fff2a1f8b5b9875558d6298c602dcd3de1e02f0d957361cd82f1335e91aab6b
483,dqn,825,random,ew_heavy,12.688034188034187,110.0,9.896666666666667,22,221,-57.783667471174,234,13,0,3,0,0,300.0,-37.11250079283491,-1.3174166697615874,-12.753750008577477,-6.600000000000003,33,6,234,0,c62968ea81fdd00e4835c0f5d840523798f9c457b39644cc0d6ec68401d7573d
484,dqn,326,random,ns_heavy,16.151785714285715,98.5,15.075,29,252,-77.0070716510287,280,28,0,2,0,0,300.0,-56.41250083921477,-1.7801958332296632,-12.414374978584235,-6.400000000000003,32,2,280,0,e87bcb8923368989a35162a3ec8aaa232e911d5b0a2b623a606e5f543670b822
485,dqn,684,random,balanced,15.506666666666666,65.5,11.63,24,200,-59.48016748656444,225,25,0,2,0,0,300.0,-43.543750829063356,-1.1816249997580597,-8.154791657743038,-6.600000000000003,33,1,225,0,d7c44b148cbb1a2bfbb98c0e4fcc9853f4cddbf2ff8822998a1c342e4fc3e6a0
486,dqn,43,random,left_heavy,25.6931330472103,212.5,19.958333333333332,37,195,-81.0710966469153,233,38,8,10,0,0,300.0,-49.50000079581514,-6.58172083749814,-18.189375013601964,-6.800000000000003,34,6,241,8,a88a78010f1855cb196fb49c2f38ef4a64f9ada54d39be44382ee5baa87686db
487,dqn,971,random,ns_heavy,14.98125,85.5,11.985,29,224,-59.628413288284314,240,16,0,2,0,0,300.0,-43.68750078557059,-1.0844541650156316,-8.45645833769813,-6.400000000000003,32,6,240,0,5927a1b8d7c3ea545e0337c496efa177bfef11f6f34431a87dee4ae13c2159a4
488,dqn,317,random,ns_heavy,19.82300884955752,88.0,14.933333333333334,42,190,-69.10070507910932,226,36,0,3,0,0,300.0,-50.9375009178184,-1.7911208362354945,-9.972083325055433,-6.400000000000003,32,5,226,0,cbe217d339231af89af1a775b5fe05fcbe921f7e17f5c2e09fdc68c8e22ee96f
489,dqn,42,random,balanced,17.438053097345133,74.0,13.136666666666667,30,208,-65.91718420171377,226,18,0,1,0,0,300.0,-49.09375088196248,-1.3540583329900977,-9.46937498676126,-6.000000000000003,30,3,226,0,c59b4cda74a9ff082421aa4a6602efc18f2acf4344a7f7ee1201dbd18b21addf
490,dqn,355,random,ew_heavy,11.80593607305936,60.5,8.62,20,210,-47.68952980298127,219,9,0,2,0,0,300.0,-32.325000640936196,-0.7253624994591525,-7.639166662585928,-7.0000000000000036,35,2,219,0,5293f30bc2385bd8d7d52ab1786ecc37a67840a2fa644a1a9defb7a36a9e19a3
491,dqn,934,random,left_heavy,18.37938596491228,103.5,13.968333333333334,30,207,-71.66546718164679,228,21,0,1,0,0,300.0,-51.71250053914264,-1.757341663454282,-11.595624979049903,-6.600000000000003,33,3,228,0,91d672bfcece7cb5254962a5667d6dac82c4360b7c8d1558019dcd0328f86672
492,dqn,179,random,low,21.643356643356643,109.0,20.633333333333333,54,236,-88.39658873211452,286,50,0,2,0,0,300.0,-65.55000121332705,-3.293045840108244,-13.353541678679184,-6.200000000000003,31,7,286,0,dd005d4ddddd10f98a84b3fba362bf43ac73f439c1a802364a3e50716a075303
493,dqn,299,random,heavy,8.947368421052632,56.5,5.666666666666667,15,188,-34.842333877282385,190,2,0,1,0,0,300.0,-21.25000053877011,-0.38795833372059857,-6.204375004791662,-7.0000000000000036,35,3,190,0,675fba78ba3e9d88fed99dbfe39e6bfc1a27751e425c58dc3905fcfdfa774678
494,dqn,976,random,ns_heavy,11.2375,58.5,7.491666666666666,21,195,-40.990996424791234,200,5,0,2,0,0,300.0,-27.987500592134893,-0.5493291664941353,-6.254166666162208,-6.200000000000003,31,3,200,0,3ab555dd0a6952a67b71d0247cc7301af9df3bb6ddbc1a4cf2a170a4d759aabc
495,dqn,504,random,low,17.158008658008658,83.5,13.213333333333333,26,213,-66.4492510102842,231,18,0,2,0,0,300.0,-48.71250103786588,-1.4382083344193235,-10.098541637999022,-6.200000000000003,31,2,231,0,841ead57d2fd8680e6608855215f58601ae4809db6008e3900aaf5f4f0b013cb
496,dqn,23,random,balanced,6.815950920245399,64.5,3.703333333333333,13,158,-26.122104521419534,163,5,0,2,0,0,300.0,-13.887500351294875,-0.23835416643196358,-4.996250003692695,-7.0000000000000036,35,4,163,0,1608d8f38f55535d34068019ac898235e284684453ca4ae0e3780ced5f2056c0
497,dqn,506,random,left_heavy,19.390946502057613,88.5,15.711666666666666,35,205,-74.34212576768837,243,38,27,37,0,0,300.0,-52.45625075791031,-3.276291667586338,-11.409583342191773,-7.200000000000004,36,2,270,27,5850549723d34e5e210f162f4f47e5c6aac5b788736e6f1a189debdc4b3b8979
498,dqn,233,random,balanced,9.354430379746836,68.5,4.926666666666667,10,151,-32.228421232282564,158,7,0,2,0,0,300.0,-18.4750004010275,-0.3232125003043621,-5.6302083309507,-7.800000000000004,39,2,158,0,4af62996debdab1aa3ea222acd0bc880dd16c7deba05674f73c7f8a8db56db77
499,dqn,732,random,balanced,19.58974358974359,81.5,12.733333333333333,30,174,-65.0384967426151,195,21,0,2,0,0,300.0,-47.425000918097794,-1.679745832559274,-10.333749991958037,-5.600000000000002,28,5,195,0,870002afedfe01785bba24bf53e8ec1c1e8793ca7c50c1e6295716efade2d3b4
500,dqn,654,random,ns_heavy,17.358267716535433,103.0,14.696666666666667,28,228,-77.50445904385637,254,26,0,1,0,0,300.0,-55.11250072205439,-1.8548749989444344,-13.53708332285751,-7.0000000000000036,35,4,254,0,766ff4111426a40427dbd142d1061bfbab5c451dad7ee5ad1a14ce8847c36e0a
